<local-root>/miniconda3/lib/python3.13/site-packages/torch/cuda/__init__.py:61: FutureWarning: The pynvml package is deprecated. Please install nvidia-ml-py instead. If you did not install pynvml directly, please report this to the maintainers of the package that installed pynvml for you.
  import pynvml  # type: ignore[import]
Skipping import of cpp extensions due to incompatible torch version. Please upgrade to torch >= 2.11.0 (found 2.7.1+cu118).

Loading weights:   0%|                                                                                    | 0/148 [00:00<?, ?it/s]
Loading weights: 100%|████████████████████████████████████████████████████████████████████████| 148/148 [00:00<00:00, 9502.89it/s]
[RANK 0] Detected kernel version 5.4.0, which is below the recommended minimum of 5.5.0; this can cause the process to hang. It is recommended to upgrade the kernel to the minimum version or higher.

  0%|                                                                                                     | 0/600 [00:00<?, ?it/s][transformers] `loss_type=None` was set in the config but it is unrecognized. Using the default loss: `ForCausalLMLoss`.

  0%|▏                                                                                            | 1/600 [00:00<03:12,  3.12it/s]
  0%|▍                                                                                            | 3/600 [00:00<01:35,  6.25it/s]
  1%|▊                                                                                            | 5/600 [00:00<01:14,  8.04it/s]
  1%|█                                                                                            | 7/600 [00:00<01:05,  8.99it/s]
  2%|█▍                                                                                           | 9/600 [00:01<01:01,  9.57it/s]
  2%|█▋                                                                                          | 11/600 [00:01<00:59,  9.90it/s]
  2%|█▉                                                                                          | 13/600 [00:01<00:58, 10.10it/s]
  2%|██▎                                                                                         | 15/600 [00:01<00:56, 10.28it/s]
  3%|██▌                                                                                         | 17/600 [00:01<00:56, 10.39it/s]
  3%|██▉                                                                                         | 19/600 [00:02<00:55, 10.50it/s]
  4%|███▏                                                                                        | 21/600 [00:02<00:54, 10.55it/s]
  4%|███▌                                                                                        | 23/600 [00:02<00:54, 10.60it/s]
  4%|███▊                                                                                        | 25/600 [00:02<00:54, 10.64it/s]
                                                                                                                                  

  4%|███▊                                                                                        | 25/600 [00:02<00:54, 10.64it/s]
  4%|████▏                                                                                       | 27/600 [00:02<00:53, 10.63it/s]
  5%|████▍                                                                                       | 29/600 [00:02<00:53, 10.65it/s]{'loss': '3.807', 'grad_norm': '7.347', 'learning_rate': '3.667e-05', 'epoch': '0.8475'}


Writing model shards:   0%|                                                                                 | 0/1 [00:00<?, ?it/s][A

Writing model shards: 100%|█████████████████████████████████████████████████████████████████████████| 1/1 [00:00<00:00,  1.52it/s][A
Writing model shards: 100%|█████████████████████████████████████████████████████████████████████████| 1/1 [00:00<00:00,  1.52it/s]

  5%|████▊                                                                                       | 31/600 [00:04<03:12,  2.96it/s]
  6%|█████                                                                                       | 33/600 [00:04<02:29,  3.79it/s]
  6%|█████▎                                                                                      | 35/600 [00:05<02:00,  4.70it/s]
  6%|█████▋                                                                                      | 37/600 [00:05<01:39,  5.63it/s]
  6%|█████▉                                                                                      | 39/600 [00:05<01:25,  6.57it/s]
  7%|██████▎                                                                                     | 41/600 [00:05<01:15,  7.44it/s]
  7%|██████▌                                                                                     | 43/600 [00:05<01:07,  8.20it/s]
  8%|██████▉                                                                                     | 45/600 [00:06<01:03,  8.79it/s]
  8%|███████▏                                                                                    | 47/600 [00:06<00:59,  9.28it/s]
  8%|███████▌                                                                                    | 49/600 [00:06<00:56,  9.68it/s]
                                                                                                                                  

  8%|███████▋                                                                                    | 50/600 [00:06<00:56,  9.68it/s]
  8%|███████▊                                                                                    | 51/600 [00:06<00:55,  9.96it/s]
  9%|████████▏                                                                                   | 53/600 [00:06<00:53, 10.19it/s]
  9%|████████▍                                                                                   | 55/600 [00:07<00:52, 10.35it/s]
 10%|████████▋                                                                                   | 57/600 [00:07<00:51, 10.47it/s]
 10%|█████████                                                                                   | 59/600 [00:07<00:51, 10.54it/s]{'loss': '2.262', 'grad_norm': '7.054', 'learning_rate': '4.86e-05', 'epoch': '1.678'}


Writing model shards:   0%|                                                                                 | 0/1 [00:00<?, ?it/s][A

Writing model shards: 100%|█████████████████████████████████████████████████████████████████████████| 1/1 [00:00<00:00,  1.64it/s][A
Writing model shards: 100%|█████████████████████████████████████████████████████████████████████████| 1/1 [00:00<00:00,  1.64it/s]

 10%|█████████▎                                                                                  | 61/600 [00:09<03:00,  2.98it/s]
 10%|█████████▋                                                                                  | 63/600 [00:09<02:21,  3.80it/s]
 11%|█████████▉                                                                                  | 65/600 [00:09<01:53,  4.72it/s]
 11%|██████████▎                                                                                 | 67/600 [00:09<01:34,  5.65it/s]
 12%|██████████▌                                                                                 | 69/600 [00:09<01:20,  6.59it/s]
 12%|██████████▉                                                                                 | 71/600 [00:10<01:10,  7.45it/s]
 12%|███████████▏                                                                                | 73/600 [00:10<01:04,  8.19it/s]
 12%|███████████▌                                                                                | 75/600 [00:10<00:59,  8.80it/s]
                                                                                                                                  

 12%|███████████▌                                                                                | 75/600 [00:10<00:59,  8.80it/s]
 13%|███████████▊                                                                                | 77/600 [00:10<00:56,  9.31it/s]
 13%|████████████                                                                                | 79/600 [00:10<00:53,  9.69it/s]
 14%|████████████▍                                                                               | 81/600 [00:11<00:52,  9.92it/s]
 14%|████████████▋                                                                               | 83/600 [00:11<00:50, 10.16it/s]
 14%|█████████████                                                                               | 85/600 [00:11<00:49, 10.33it/s]
 14%|█████████████▎                                                                              | 87/600 [00:11<00:49, 10.45it/s]
 15%|█████████████▋                                                                              | 89/600 [00:11<00:48, 10.54it/s]{'loss': '1.801', 'grad_norm': '7.045', 'learning_rate': '4.649e-05', 'epoch': '2.508'}


Writing model shards:   0%|                                                                                 | 0/1 [00:00<?, ?it/s][A

Writing model shards: 100%|█████████████████████████████████████████████████████████████████████████| 1/1 [00:00<00:00,  1.53it/s][A
Writing model shards: 100%|█████████████████████████████████████████████████████████████████████████| 1/1 [00:00<00:00,  1.53it/s]

 15%|█████████████▉                                                                              | 91/600 [00:14<03:26,  2.47it/s]
 16%|██████████████▎                                                                             | 93/600 [00:14<02:38,  3.21it/s]
 16%|██████████████▌                                                                             | 95/600 [00:14<02:04,  4.06it/s]
 16%|██████████████▊                                                                             | 97/600 [00:14<01:40,  4.99it/s]
 16%|███████████████▏                                                                            | 99/600 [00:14<01:24,  5.95it/s]
                                                                                                                                  

 17%|███████████████▏                                                                           | 100/600 [00:14<01:24,  5.95it/s]
 17%|███████████████▎                                                                           | 101/600 [00:14<01:12,  6.87it/s]
 17%|███████████████▌                                                                           | 103/600 [00:15<01:04,  7.69it/s]
 18%|███████████████▉                                                                           | 105/600 [00:15<00:58,  8.41it/s]
 18%|████████████████▏                                                                          | 107/600 [00:15<00:54,  9.00it/s]
 18%|████████████████▌                                                                          | 109/600 [00:15<00:51,  9.46it/s]
 18%|████████████████▊                                                                          | 111/600 [00:15<00:49,  9.81it/s]
 19%|█████████████████▏                                                                         | 113/600 [00:16<00:48, 10.08it/s]
 19%|█████████████████▍                                                                         | 115/600 [00:16<00:47, 10.27it/s]
 20%|█████████████████▋                                                                         | 117/600 [00:16<00:46, 10.41it/s]
 20%|██████████████████                                                                         | 119/600 [00:16<00:45, 10.51it/s]{'loss': '1.578', 'grad_norm': '7.314', 'learning_rate': '4.43e-05', 'epoch': '3.339'}


Writing model shards:   0%|                                                                                 | 0/1 [00:00<?, ?it/s][A

Writing model shards: 100%|█████████████████████████████████████████████████████████████████████████| 1/1 [00:00<00:00,  1.64it/s][A
Writing model shards: 100%|█████████████████████████████████████████████████████████████████████████| 1/1 [00:00<00:00,  1.63it/s]

 20%|██████████████████▎                                                                        | 121/600 [00:18<02:57,  2.70it/s]
 20%|██████████████████▋                                                                        | 123/600 [00:18<02:17,  3.48it/s]
 21%|██████████████████▉                                                                        | 125/600 [00:19<01:48,  4.36it/s]
                                                                                                                                  

 21%|██████████████████▉                                                                        | 125/600 [00:19<01:48,  4.36it/s]
 21%|███████████████████▎                                                                       | 127/600 [00:19<01:29,  5.31it/s]
 22%|███████████████████▌                                                                       | 129/600 [00:19<01:15,  6.26it/s]
 22%|███████████████████▊                                                                       | 131/600 [00:19<01:05,  7.12it/s]
 22%|████████████████████▏                                                                      | 133/600 [00:19<00:58,  7.92it/s]
 22%|████████████████████▍                                                                      | 135/600 [00:19<00:54,  8.59it/s]
 23%|████████████████████▊                                                                      | 137/600 [00:20<00:50,  9.15it/s]
 23%|█████████████████████                                                                      | 139/600 [00:20<00:48,  9.58it/s]
 24%|█████████████████████▍                                                                     | 141/600 [00:20<00:46,  9.90it/s]
 24%|█████████████████████▋                                                                     | 143/600 [00:20<00:45, 10.14it/s]
 24%|█████████████████████▉                                                                     | 145/600 [00:20<00:44, 10.31it/s]
 24%|██████████████████████▎                                                                    | 147/600 [00:21<00:43, 10.43it/s]
 25%|██████████████████████▌                                                                    | 149/600 [00:21<00:42, 10.51it/s]
                                                                                                                                  

 25%|██████████████████████▊                                                                    | 150/600 [00:21<00:42, 10.51it/s]{'loss': '1.484', 'grad_norm': '8.134', 'learning_rate': '4.211e-05', 'epoch': '4.169'}
{'loss': '1.382', 'grad_norm': '24.26', 'learning_rate': '3.991e-05', 'epoch': '5'}


Writing model shards:   0%|                                                                                 | 0/1 [00:00<?, ?it/s][A

Writing model shards: 100%|█████████████████████████████████████████████████████████████████████████| 1/1 [00:00<00:00,  1.48it/s][A
Writing model shards: 100%|█████████████████████████████████████████████████████████████████████████| 1/1 [00:00<00:00,  1.48it/s]

 25%|██████████████████████▉                                                                    | 151/600 [00:23<02:45,  2.71it/s]
 26%|███████████████████████▏                                                                   | 153/600 [00:23<02:08,  3.49it/s]
 26%|███████████████████████▌                                                                   | 155/600 [00:23<01:41,  4.37it/s]
 26%|███████████████████████▊                                                                   | 157/600 [00:23<01:23,  5.29it/s]
 26%|████████████████████████                                                                   | 159/600 [00:24<01:10,  6.24it/s]
 27%|████████████████████████▍                                                                  | 161/600 [00:24<01:01,  7.14it/s]
 27%|████████████████████████▋                                                                  | 163/600 [00:24<00:55,  7.93it/s]
 28%|█████████████████████████                                                                  | 165/600 [00:24<00:50,  8.59it/s]
 28%|█████████████████████████▎                                                                 | 167/600 [00:24<00:47,  9.13it/s]
 28%|█████████████████████████▋                                                                 | 169/600 [00:25<00:45,  9.56it/s]
 28%|█████████████████████████▉                                                                 | 171/600 [00:25<00:43,  9.89it/s]
 29%|██████████████████████████▏                                                                | 173/600 [00:25<00:42, 10.13it/s]
 29%|██████████████████████████▌                                                                | 175/600 [00:25<00:41, 10.31it/s]
                                                                                                                                  

 29%|██████████████████████████▌                                                                | 175/600 [00:25<00:41, 10.31it/s]
 30%|██████████████████████████▊                                                                | 177/600 [00:25<00:40, 10.42it/s]
 30%|███████████████████████████▏                                                               | 179/600 [00:25<00:40, 10.51it/s]{'loss': '1.3', 'grad_norm': '8.074', 'learning_rate': '3.772e-05', 'epoch': '5.847'}


Writing model shards:   0%|                                                                                 | 0/1 [00:00<?, ?it/s][A

Writing model shards: 100%|█████████████████████████████████████████████████████████████████████████| 1/1 [00:00<00:00,  1.73it/s][A
Writing model shards: 100%|█████████████████████████████████████████████████████████████████████████| 1/1 [00:00<00:00,  1.73it/s]

 30%|███████████████████████████▍                                                               | 181/600 [00:28<02:58,  2.34it/s]
 30%|███████████████████████████▊                                                               | 183/600 [00:28<02:16,  3.06it/s]
 31%|████████████████████████████                                                               | 185/600 [00:28<01:46,  3.89it/s]
 31%|████████████████████████████▎                                                              | 187/600 [00:28<01:25,  4.81it/s]
 32%|████████████████████████████▋                                                              | 189/600 [00:29<01:11,  5.77it/s]
 32%|████████████████████████████▉                                                              | 191/600 [00:29<01:01,  6.69it/s]
 32%|█████████████████████████████▎                                                             | 193/600 [00:29<00:54,  7.54it/s]
 32%|█████████████████████████████▌                                                             | 195/600 [00:29<00:49,  8.26it/s]
 33%|█████████████████████████████▉                                                             | 197/600 [00:29<00:45,  8.86it/s]
 33%|██████████████████████████████▏                                                            | 199/600 [00:30<00:42,  9.34it/s]
                                                                                                                                  

 33%|██████████████████████████████▎                                                            | 200/600 [00:30<00:42,  9.34it/s]
 34%|██████████████████████████████▍                                                            | 201/600 [00:30<00:41,  9.72it/s]
 34%|██████████████████████████████▊                                                            | 203/600 [00:30<00:39, 10.01it/s]
 34%|███████████████████████████████                                                            | 205/600 [00:30<00:38, 10.22it/s]
 34%|███████████████████████████████▍                                                           | 207/600 [00:30<00:37, 10.37it/s]
 35%|███████████████████████████████▋                                                           | 209/600 [00:30<00:37, 10.49it/s]{'loss': '1.257', 'grad_norm': '6.669', 'learning_rate': '3.553e-05', 'epoch': '6.678'}


Writing model shards:   0%|                                                                                 | 0/1 [00:00<?, ?it/s][A

Writing model shards: 100%|█████████████████████████████████████████████████████████████████████████| 1/1 [00:00<00:00,  1.47it/s][A
Writing model shards: 100%|█████████████████████████████████████████████████████████████████████████| 1/1 [00:00<00:00,  1.47it/s]

 35%|████████████████████████████████                                                           | 211/600 [00:32<02:22,  2.73it/s]
 36%|████████████████████████████████▎                                                          | 213/600 [00:33<01:50,  3.50it/s]
 36%|████████████████████████████████▌                                                          | 215/600 [00:33<01:27,  4.39it/s]
 36%|████████████████████████████████▉                                                          | 217/600 [00:33<01:11,  5.34it/s]
 36%|█████████████████████████████████▏                                                         | 219/600 [00:33<01:00,  6.28it/s]
 37%|█████████████████████████████████▌                                                         | 221/600 [00:33<00:52,  7.17it/s]
 37%|█████████████████████████████████▊                                                         | 223/600 [00:34<00:47,  7.96it/s]
 38%|██████████████████████████████████▏                                                        | 225/600 [00:34<00:43,  8.63it/s]
                                                                                                                                  

 38%|██████████████████████████████████▏                                                        | 225/600 [00:34<00:43,  8.63it/s]
 38%|██████████████████████████████████▍                                                        | 227/600 [00:34<00:40,  9.16it/s]
 38%|██████████████████████████████████▋                                                        | 229/600 [00:34<00:38,  9.58it/s]
 38%|███████████████████████████████████                                                        | 231/600 [00:34<00:37,  9.91it/s]
 39%|███████████████████████████████████▎                                                       | 233/600 [00:35<00:36, 10.12it/s]
 39%|███████████████████████████████████▋                                                       | 235/600 [00:35<00:35, 10.30it/s]
 40%|███████████████████████████████████▉                                                       | 237/600 [00:35<00:34, 10.42it/s]
 40%|████████████████████████████████████▏                                                      | 239/600 [00:35<00:34, 10.51it/s]{'loss': '1.135', 'grad_norm': '5.942', 'learning_rate': '3.333e-05', 'epoch': '7.508'}


Writing model shards:   0%|                                                                                 | 0/1 [00:00<?, ?it/s][A

Writing model shards: 100%|█████████████████████████████████████████████████████████████████████████| 1/1 [00:00<00:00,  1.78it/s][A
Writing model shards: 100%|█████████████████████████████████████████████████████████████████████████| 1/1 [00:00<00:00,  1.77it/s]

 40%|████████████████████████████████████▌                                                      | 241/600 [00:37<02:09,  2.78it/s]
 40%|████████████████████████████████████▋                                                      | 242/600 [00:37<01:52,  3.18it/s]
 41%|█████████████████████████████████████                                                      | 244/600 [00:37<01:25,  4.16it/s]
 41%|█████████████████████████████████████▎                                                     | 246/600 [00:38<01:08,  5.19it/s]
 41%|█████████████████████████████████████▌                                                     | 248/600 [00:38<00:56,  6.20it/s]
 42%|█████████████████████████████████████▉                                                     | 250/600 [00:38<00:48,  7.14it/s]
                                                                                                                                  

 42%|█████████████████████████████████████▉                                                     | 250/600 [00:38<00:48,  7.14it/s]
 42%|██████████████████████████████████████▏                                                    | 252/600 [00:38<00:43,  7.96it/s]
 42%|██████████████████████████████████████▌                                                    | 254/600 [00:38<00:40,  8.64it/s]
 43%|██████████████████████████████████████▊                                                    | 256/600 [00:38<00:37,  9.19it/s]
 43%|███████████████████████████████████████▏                                                   | 258/600 [00:39<00:35,  9.61it/s]
 43%|███████████████████████████████████████▍                                                   | 260/600 [00:39<00:34,  9.92it/s]
 44%|███████████████████████████████████████▋                                                   | 262/600 [00:39<00:33, 10.16it/s]
 44%|████████████████████████████████████████                                                   | 264/600 [00:39<00:32, 10.32it/s]
 44%|████████████████████████████████████████▎                                                  | 266/600 [00:39<00:32, 10.42it/s]
 45%|████████████████████████████████████████▋                                                  | 268/600 [00:40<00:31, 10.51it/s]
 45%|████████████████████████████████████████▉                                                  | 270/600 [00:40<00:28, 11.63it/s]{'loss': '1.174', 'grad_norm': '7.496', 'learning_rate': '3.114e-05', 'epoch': '8.339'}


Writing model shards:   0%|                                                                                 | 0/1 [00:00<?, ?it/s][A

Writing model shards: 100%|█████████████████████████████████████████████████████████████████████████| 1/1 [00:00<00:00,  1.77it/s][A
Writing model shards: 100%|█████████████████████████████████████████████████████████████████████████| 1/1 [00:00<00:00,  1.77it/s]

 45%|█████████████████████████████████████████▎                                                 | 272/600 [00:42<02:28,  2.21it/s]
 46%|█████████████████████████████████████████▍                                                 | 273/600 [00:42<02:07,  2.56it/s]
 46%|█████████████████████████████████████████▋                                                 | 275/600 [00:43<01:34,  3.44it/s]
                                                                                                                                  

 46%|█████████████████████████████████████████▋                                                 | 275/600 [00:43<01:34,  3.44it/s]
 46%|██████████████████████████████████████████                                                 | 277/600 [00:43<01:13,  4.40it/s]
 46%|██████████████████████████████████████████▎                                                | 279/600 [00:43<00:59,  5.41it/s]
 47%|██████████████████████████████████████████▌                                                | 281/600 [00:43<00:49,  6.40it/s]
 47%|██████████████████████████████████████████▉                                                | 283/600 [00:43<00:43,  7.31it/s]
 48%|███████████████████████████████████████████▏                                               | 285/600 [00:44<00:38,  8.10it/s]
 48%|███████████████████████████████████████████▌                                               | 287/600 [00:44<00:35,  8.75it/s]
 48%|███████████████████████████████████████████▊                                               | 289/600 [00:44<00:33,  9.25it/s]
 48%|████████████████████████████████████████████▏                                              | 291/600 [00:44<00:31,  9.66it/s]
 49%|████████████████████████████████████████████▍                                              | 293/600 [00:44<00:30,  9.97it/s]
 49%|████████████████████████████████████████████▋                                              | 295/600 [00:44<00:29, 10.19it/s]
 50%|█████████████████████████████████████████████                                              | 297/600 [00:45<00:29, 10.35it/s]
 50%|█████████████████████████████████████████████▎                                             | 299/600 [00:45<00:28, 10.42it/s]
                                                                                                                                  

 50%|█████████████████████████████████████████████▌                                             | 300/600 [00:45<00:28, 10.42it/s]{'loss': '1.065', 'grad_norm': '5.88', 'learning_rate': '2.895e-05', 'epoch': '9.169'}
{'loss': '1.078', 'grad_norm': '20.6', 'learning_rate': '2.675e-05', 'epoch': '10'}


Writing model shards:   0%|                                                                                 | 0/1 [00:00<?, ?it/s][A

Writing model shards: 100%|█████████████████████████████████████████████████████████████████████████| 1/1 [00:00<00:00,  1.74it/s][A
Writing model shards: 100%|█████████████████████████████████████████████████████████████████████████| 1/1 [00:00<00:00,  1.74it/s]

 50%|█████████████████████████████████████████████▋                                             | 301/600 [00:47<01:49,  2.73it/s]
 50%|█████████████████████████████████████████████▉                                             | 303/600 [00:47<01:24,  3.50it/s]
 51%|██████████████████████████████████████████████▎                                            | 305/600 [00:47<01:07,  4.38it/s]
 51%|██████████████████████████████████████████████▌                                            | 307/600 [00:47<00:55,  5.32it/s]
 52%|██████████████████████████████████████████████▊                                            | 309/600 [00:48<00:46,  6.27it/s]
 52%|███████████████████████████████████████████████▏                                           | 311/600 [00:48<00:40,  7.16it/s]
 52%|███████████████████████████████████████████████▍                                           | 313/600 [00:48<00:36,  7.96it/s]
 52%|███████████████████████████████████████████████▊                                           | 315/600 [00:48<00:33,  8.62it/s]
 53%|████████████████████████████████████████████████                                           | 317/600 [00:48<00:30,  9.16it/s]
 53%|████████████████████████████████████████████████▍                                          | 319/600 [00:49<00:29,  9.58it/s]
 54%|████████████████████████████████████████████████▋                                          | 321/600 [00:49<00:28,  9.91it/s]
 54%|████████████████████████████████████████████████▉                                          | 323/600 [00:49<00:27, 10.15it/s]
 54%|█████████████████████████████████████████████████▎                                         | 325/600 [00:49<00:26, 10.32it/s]
                                                                                                                                  

 54%|█████████████████████████████████████████████████▎                                         | 325/600 [00:49<00:26, 10.32it/s]
 55%|█████████████████████████████████████████████████▌                                         | 327/600 [00:49<00:26, 10.44it/s]
 55%|█████████████████████████████████████████████████▉                                         | 329/600 [00:49<00:25, 10.52it/s]{'loss': '1.015', 'grad_norm': '5.158', 'learning_rate': '2.456e-05', 'epoch': '10.85'}


Writing model shards:   0%|                                                                                 | 0/1 [00:00<?, ?it/s][A

Writing model shards: 100%|█████████████████████████████████████████████████████████████████████████| 1/1 [00:00<00:00,  1.59it/s][A
Writing model shards: 100%|█████████████████████████████████████████████████████████████████████████| 1/1 [00:00<00:00,  1.59it/s]

 55%|██████████████████████████████████████████████████▏                                        | 331/600 [00:51<01:39,  2.71it/s]
 55%|██████████████████████████████████████████████████▎                                        | 332/600 [00:52<01:26,  3.11it/s]
 56%|██████████████████████████████████████████████████▋                                        | 334/600 [00:52<01:05,  4.06it/s]
 56%|██████████████████████████████████████████████████▉                                        | 336/600 [00:52<00:51,  5.08it/s]
 56%|███████████████████████████████████████████████████▎                                       | 338/600 [00:52<00:43,  6.09it/s]
 57%|███████████████████████████████████████████████████▌                                       | 340/600 [00:52<00:36,  7.04it/s]
 57%|███████████████████████████████████████████████████▊                                       | 342/600 [00:53<00:32,  7.87it/s]
 57%|████████████████████████████████████████████████████▏                                      | 344/600 [00:53<00:29,  8.57it/s]
 58%|████████████████████████████████████████████████████▍                                      | 346/600 [00:53<00:27,  9.13it/s]
 58%|████████████████████████████████████████████████████▊                                      | 348/600 [00:53<00:26,  9.56it/s]
 58%|█████████████████████████████████████████████████████                                      | 350/600 [00:53<00:25,  9.87it/s]
                                                                                                                                  

 58%|█████████████████████████████████████████████████████                                      | 350/600 [00:53<00:25,  9.87it/s]
 59%|█████████████████████████████████████████████████████▍                                     | 352/600 [00:53<00:24, 10.08it/s]
 59%|█████████████████████████████████████████████████████▋                                     | 354/600 [00:54<00:23, 10.27it/s]
 59%|█████████████████████████████████████████████████████▉                                     | 356/600 [00:54<00:23, 10.42it/s]
 60%|██████████████████████████████████████████████████████▎                                    | 358/600 [00:54<00:23, 10.52it/s]
 60%|██████████████████████████████████████████████████████▌                                    | 360/600 [00:54<00:20, 11.64it/s]{'loss': '0.9627', 'grad_norm': '6.458', 'learning_rate': '2.237e-05', 'epoch': '11.68'}


Writing model shards:   0%|                                                                                 | 0/1 [00:00<?, ?it/s][A

Writing model shards: 100%|█████████████████████████████████████████████████████████████████████████| 1/1 [00:00<00:00,  1.70it/s][A
Writing model shards: 100%|█████████████████████████████████████████████████████████████████████████| 1/1 [00:00<00:00,  1.70it/s]

 60%|██████████████████████████████████████████████████████▉                                    | 362/600 [00:56<01:27,  2.73it/s]
 61%|███████████████████████████████████████████████████████▏                                   | 364/600 [00:56<01:07,  3.52it/s]
 61%|███████████████████████████████████████████████████████▌                                   | 366/600 [00:57<00:53,  4.41it/s]
 61%|███████████████████████████████████████████████████████▊                                   | 368/600 [00:57<00:43,  5.35it/s]
 62%|████████████████████████████████████████████████████████                                   | 370/600 [00:57<00:36,  6.30it/s]
 62%|████████████████████████████████████████████████████████▍                                  | 372/600 [00:57<00:31,  7.18it/s]
 62%|████████████████████████████████████████████████████████▋                                  | 374/600 [00:57<00:28,  7.96it/s]
                                                                                                                                  

 62%|████████████████████████████████████████████████████████▉                                  | 375/600 [00:57<00:28,  7.96it/s]
 63%|█████████████████████████████████████████████████████████                                  | 376/600 [00:57<00:25,  8.63it/s]
 63%|█████████████████████████████████████████████████████████▎                                 | 378/600 [00:58<00:24,  9.17it/s]
 63%|█████████████████████████████████████████████████████████▋                                 | 380/600 [00:58<00:22,  9.59it/s]
 64%|█████████████████████████████████████████████████████████▉                                 | 382/600 [00:58<00:22,  9.90it/s]
 64%|██████████████████████████████████████████████████████████▏                                | 384/600 [00:58<00:22,  9.79it/s]
 64%|██████████████████████████████████████████████████████████▌                                | 386/600 [00:58<00:21, 10.05it/s]
 65%|██████████████████████████████████████████████████████████▊                                | 388/600 [00:59<00:20, 10.25it/s]
 65%|███████████████████████████████████████████████████████████▏                               | 390/600 [00:59<00:18, 11.41it/s]{'loss': '0.96', 'grad_norm': '5.807', 'learning_rate': '2.018e-05', 'epoch': '12.51'}


Writing model shards:   0%|                                                                                 | 0/1 [00:00<?, ?it/s][A

Writing model shards: 100%|█████████████████████████████████████████████████████████████████████████| 1/1 [00:00<00:00,  1.62it/s][A
Writing model shards: 100%|█████████████████████████████████████████████████████████████████████████| 1/1 [00:00<00:00,  1.62it/s]

 65%|███████████████████████████████████████████████████████████▍                               | 392/600 [01:01<01:20,  2.60it/s]
 66%|███████████████████████████████████████████████████████████▊                               | 394/600 [01:01<01:01,  3.36it/s]
 66%|████████████████████████████████████████████████████████████                               | 396/600 [01:01<00:48,  4.23it/s]
 66%|████████████████████████████████████████████████████████████▎                              | 398/600 [01:01<00:39,  5.16it/s]
 67%|████████████████████████████████████████████████████████████▋                              | 400/600 [01:02<00:32,  6.12it/s]
                                                                                                                                  

 67%|████████████████████████████████████████████████████████████▋                              | 400/600 [01:02<00:32,  6.12it/s]
 67%|████████████████████████████████████████████████████████████▉                              | 402/600 [01:02<00:28,  7.02it/s]
 67%|█████████████████████████████████████████████████████████████▎                             | 404/600 [01:02<00:24,  7.84it/s]
 68%|█████████████████████████████████████████████████████████████▌                             | 406/600 [01:02<00:22,  8.53it/s]
 68%|█████████████████████████████████████████████████████████████▉                             | 408/600 [01:02<00:21,  9.09it/s]
 68%|██████████████████████████████████████████████████████████████▏                            | 410/600 [01:03<00:19,  9.53it/s]
 69%|██████████████████████████████████████████████████████████████▍                            | 412/600 [01:03<00:19,  9.86it/s]
 69%|██████████████████████████████████████████████████████████████▊                            | 414/600 [01:03<00:18, 10.04it/s]
 69%|███████████████████████████████████████████████████████████████                            | 416/600 [01:03<00:17, 10.24it/s]
 70%|███████████████████████████████████████████████████████████████▍                           | 418/600 [01:03<00:17, 10.35it/s]
 70%|███████████████████████████████████████████████████████████████▋                           | 420/600 [01:03<00:15, 11.50it/s]{'loss': '0.9215', 'grad_norm': '5.019', 'learning_rate': '1.798e-05', 'epoch': '13.34'}


Writing model shards:   0%|                                                                                 | 0/1 [00:00<?, ?it/s][A

Writing model shards: 100%|█████████████████████████████████████████████████████████████████████████| 1/1 [00:00<00:00,  1.51it/s][A
Writing model shards: 100%|█████████████████████████████████████████████████████████████████████████| 1/1 [00:00<00:00,  1.51it/s]

 70%|████████████████████████████████████████████████████████████████                           | 422/600 [01:06<01:06,  2.66it/s]
 71%|████████████████████████████████████████████████████████████████▎                          | 424/600 [01:06<00:51,  3.43it/s]
                                                                                                                                  

 71%|████████████████████████████████████████████████████████████████▍                          | 425/600 [01:06<00:50,  3.43it/s]
 71%|████████████████████████████████████████████████████████████████▌                          | 426/600 [01:06<00:40,  4.31it/s]
 71%|████████████████████████████████████████████████████████████████▉                          | 428/600 [01:06<00:32,  5.25it/s]
 72%|█████████████████████████████████████████████████████████████████▏                         | 430/600 [01:06<00:27,  6.20it/s]
 72%|█████████████████████████████████████████████████████████████████▌                         | 432/600 [01:06<00:23,  7.11it/s]
 72%|█████████████████████████████████████████████████████████████████▊                         | 434/600 [01:07<00:20,  7.91it/s]
 73%|██████████████████████████████████████████████████████████████████▏                        | 436/600 [01:07<00:19,  8.59it/s]
 73%|██████████████████████████████████████████████████████████████████▍                        | 438/600 [01:07<00:17,  9.14it/s]
 73%|██████████████████████████████████████████████████████████████████▋                        | 440/600 [01:07<00:16,  9.57it/s]
 74%|███████████████████████████████████████████████████████████████████                        | 442/600 [01:07<00:15,  9.88it/s]
 74%|███████████████████████████████████████████████████████████████████▎                       | 444/600 [01:08<00:15, 10.13it/s]
 74%|███████████████████████████████████████████████████████████████████▋                       | 446/600 [01:08<00:14, 10.30it/s]
 75%|███████████████████████████████████████████████████████████████████▉                       | 448/600 [01:08<00:14, 10.43it/s]
 75%|████████████████████████████████████████████████████████████████████▎                      | 450/600 [01:08<00:12, 11.56it/s]
                                                                                                                                  

 75%|████████████████████████████████████████████████████████████████████▎                      | 450/600 [01:08<00:12, 11.56it/s]{'loss': '0.9199', 'grad_norm': '5.296', 'learning_rate': '1.579e-05', 'epoch': '14.17'}
{'loss': '0.8613', 'grad_norm': '24.86', 'learning_rate': '1.36e-05', 'epoch': '15'}


Writing model shards:   0%|                                                                                 | 0/1 [00:00<?, ?it/s][A

Writing model shards: 100%|█████████████████████████████████████████████████████████████████████████| 1/1 [00:00<00:00,  1.66it/s][A
Writing model shards: 100%|█████████████████████████████████████████████████████████████████████████| 1/1 [00:00<00:00,  1.66it/s]

 75%|████████████████████████████████████████████████████████████████████▌                      | 452/600 [01:10<00:51,  2.88it/s]
 76%|████████████████████████████████████████████████████████████████████▊                      | 454/600 [01:10<00:39,  3.69it/s]
 76%|█████████████████████████████████████████████████████████████████████▏                     | 456/600 [01:10<00:31,  4.59it/s]
 76%|█████████████████████████████████████████████████████████████████████▍                     | 458/600 [01:11<00:25,  5.54it/s]
 77%|█████████████████████████████████████████████████████████████████████▊                     | 460/600 [01:11<00:21,  6.47it/s]
 77%|██████████████████████████████████████████████████████████████████████                     | 462/600 [01:11<00:18,  7.34it/s]
 77%|██████████████████████████████████████████████████████████████████████▎                    | 464/600 [01:11<00:16,  8.11it/s]
 78%|██████████████████████████████████████████████████████████████████████▋                    | 466/600 [01:11<00:15,  8.76it/s]
 78%|██████████████████████████████████████████████████████████████████████▉                    | 468/600 [01:12<00:14,  9.05it/s]
 78%|███████████████████████████████████████████████████████████████████████▎                   | 470/600 [01:12<00:13,  9.40it/s]
 79%|███████████████████████████████████████████████████████████████████████▌                   | 472/600 [01:12<00:13,  9.77it/s]
 79%|███████████████████████████████████████████████████████████████████████▉                   | 474/600 [01:12<00:12, 10.02it/s]
                                                                                                                                  

 79%|████████████████████████████████████████████████████████████████████████                   | 475/600 [01:12<00:12, 10.02it/s]
 79%|████████████████████████████████████████████████████████████████████████▏                  | 476/600 [01:12<00:12, 10.17it/s]
 80%|████████████████████████████████████████████████████████████████████████▍                  | 478/600 [01:12<00:11, 10.31it/s]
 80%|████████████████████████████████████████████████████████████████████████▊                  | 480/600 [01:13<00:10, 11.44it/s]{'loss': '0.8749', 'grad_norm': '4.9', 'learning_rate': '1.14e-05', 'epoch': '15.85'}


Writing model shards:   0%|                                                                                 | 0/1 [00:00<?, ?it/s][A

Writing model shards: 100%|█████████████████████████████████████████████████████████████████████████| 1/1 [00:00<00:00,  1.80it/s][A
Writing model shards: 100%|█████████████████████████████████████████████████████████████████████████| 1/1 [00:00<00:00,  1.80it/s]

 80%|█████████████████████████████████████████████████████████████████████████                  | 482/600 [01:15<00:41,  2.84it/s]
 81%|█████████████████████████████████████████████████████████████████████████▍                 | 484/600 [01:15<00:31,  3.63it/s]
 81%|█████████████████████████████████████████████████████████████████████████▋                 | 486/600 [01:15<00:25,  4.52it/s]
 81%|██████████████████████████████████████████████████████████████████████████                 | 488/600 [01:15<00:20,  5.46it/s]
 82%|██████████████████████████████████████████████████████████████████████████▎                | 490/600 [01:15<00:17,  6.41it/s]
 82%|██████████████████████████████████████████████████████████████████████████▌                | 492/600 [01:15<00:14,  7.30it/s]
 82%|██████████████████████████████████████████████████████████████████████████▉                | 494/600 [01:16<00:13,  8.06it/s]
 83%|███████████████████████████████████████████████████████████████████████████▏               | 496/600 [01:16<00:11,  8.72it/s]
 83%|███████████████████████████████████████████████████████████████████████████▌               | 498/600 [01:16<00:11,  9.23it/s]
 83%|███████████████████████████████████████████████████████████████████████████▊               | 500/600 [01:16<00:10,  9.57it/s]
                                                                                                                                  

 83%|███████████████████████████████████████████████████████████████████████████▊               | 500/600 [01:16<00:10,  9.57it/s]
 84%|████████████████████████████████████████████████████████████████████████████▏              | 502/600 [01:16<00:09,  9.82it/s]
 84%|████████████████████████████████████████████████████████████████████████████▍              | 504/600 [01:17<00:09,  9.97it/s]
 84%|████████████████████████████████████████████████████████████████████████████▋              | 506/600 [01:17<00:09, 10.18it/s]
 85%|█████████████████████████████████████████████████████████████████████████████              | 508/600 [01:17<00:08, 10.30it/s]
 85%|█████████████████████████████████████████████████████████████████████████████▎             | 510/600 [01:17<00:07, 11.42it/s]{'loss': '0.8468', 'grad_norm': '4.936', 'learning_rate': '9.211e-06', 'epoch': '16.68'}


Writing model shards:   0%|                                                                                 | 0/1 [00:00<?, ?it/s][A

Writing model shards: 100%|█████████████████████████████████████████████████████████████████████████| 1/1 [00:00<00:00,  1.64it/s][A
Writing model shards: 100%|█████████████████████████████████████████████████████████████████████████| 1/1 [00:00<00:00,  1.64it/s]

 85%|█████████████████████████████████████████████████████████████████████████████▋             | 512/600 [01:19<00:31,  2.83it/s]
 86%|█████████████████████████████████████████████████████████████████████████████▉             | 514/600 [01:19<00:23,  3.62it/s]
 86%|██████████████████████████████████████████████████████████████████████████████▎            | 516/600 [01:19<00:18,  4.52it/s]
 86%|██████████████████████████████████████████████████████████████████████████████▌            | 518/600 [01:20<00:14,  5.47it/s]
 87%|██████████████████████████████████████████████████████████████████████████████▊            | 520/600 [01:20<00:12,  6.41it/s]
 87%|███████████████████████████████████████████████████████████████████████████████▏           | 522/600 [01:20<00:10,  7.28it/s]
 87%|███████████████████████████████████████████████████████████████████████████████▍           | 524/600 [01:20<00:09,  8.03it/s]
                                                                                                                                  

 88%|███████████████████████████████████████████████████████████████████████████████▋           | 525/600 [01:20<00:09,  8.03it/s]
 88%|███████████████████████████████████████████████████████████████████████████████▊           | 526/600 [01:20<00:08,  8.68it/s]
 88%|████████████████████████████████████████████████████████████████████████████████           | 528/600 [01:21<00:07,  9.18it/s]
 88%|████████████████████████████████████████████████████████████████████████████████▍          | 530/600 [01:21<00:07,  9.59it/s]
 89%|████████████████████████████████████████████████████████████████████████████████▋          | 532/600 [01:21<00:06,  9.91it/s]
 89%|████████████████████████████████████████████████████████████████████████████████▉          | 534/600 [01:21<00:06, 10.08it/s]
 89%|█████████████████████████████████████████████████████████████████████████████████▎         | 536/600 [01:21<00:06, 10.25it/s]
 90%|█████████████████████████████████████████████████████████████████████████████████▌         | 538/600 [01:22<00:06, 10.23it/s]
 90%|█████████████████████████████████████████████████████████████████████████████████▉         | 540/600 [01:22<00:05, 11.38it/s]{'loss': '0.8055', 'grad_norm': '5.069', 'learning_rate': '7.018e-06', 'epoch': '17.51'}


Writing model shards:   0%|                                                                                 | 0/1 [00:00<?, ?it/s][A

Writing model shards: 100%|█████████████████████████████████████████████████████████████████████████| 1/1 [00:00<00:00,  1.73it/s][A
Writing model shards: 100%|█████████████████████████████████████████████████████████████████████████| 1/1 [00:00<00:00,  1.73it/s]

 90%|██████████████████████████████████████████████████████████████████████████████████▏        | 542/600 [01:24<00:21,  2.75it/s]
 91%|██████████████████████████████████████████████████████████████████████████████████▌        | 544/600 [01:24<00:15,  3.54it/s]
 91%|██████████████████████████████████████████████████████████████████████████████████▊        | 546/600 [01:24<00:12,  4.42it/s]
 91%|███████████████████████████████████████████████████████████████████████████████████        | 548/600 [01:24<00:09,  5.34it/s]
 92%|███████████████████████████████████████████████████████████████████████████████████▍       | 550/600 [01:24<00:07,  6.29it/s]
                                                                                                                                  

 92%|███████████████████████████████████████████████████████████████████████████████████▍       | 550/600 [01:24<00:07,  6.29it/s]
 92%|███████████████████████████████████████████████████████████████████████████████████▋       | 552/600 [01:25<00:06,  7.18it/s]
 92%|████████████████████████████████████████████████████████████████████████████████████       | 554/600 [01:25<00:05,  7.98it/s]
 93%|████████████████████████████████████████████████████████████████████████████████████▎      | 556/600 [01:25<00:05,  8.63it/s]
 93%|████████████████████████████████████████████████████████████████████████████████████▋      | 558/600 [01:25<00:04,  9.18it/s]
 93%|████████████████████████████████████████████████████████████████████████████████████▉      | 560/600 [01:25<00:04,  9.61it/s]
 94%|█████████████████████████████████████████████████████████████████████████████████████▏     | 562/600 [01:26<00:03,  9.93it/s]
 94%|█████████████████████████████████████████████████████████████████████████████████████▌     | 564/600 [01:26<00:03, 10.17it/s]
 94%|█████████████████████████████████████████████████████████████████████████████████████▊     | 566/600 [01:26<00:03, 10.33it/s]
 95%|██████████████████████████████████████████████████████████████████████████████████████▏    | 568/600 [01:26<00:03, 10.44it/s]
 95%|██████████████████████████████████████████████████████████████████████████████████████▍    | 570/600 [01:26<00:02, 11.57it/s]{'loss': '0.8542', 'grad_norm': '4.904', 'learning_rate': '4.825e-06', 'epoch': '18.34'}


Writing model shards:   0%|                                                                                 | 0/1 [00:00<?, ?it/s][A

Writing model shards: 100%|█████████████████████████████████████████████████████████████████████████| 1/1 [00:00<00:00,  1.67it/s][A
Writing model shards: 100%|█████████████████████████████████████████████████████████████████████████| 1/1 [00:00<00:00,  1.67it/s]

 95%|██████████████████████████████████████████████████████████████████████████████████████▊    | 572/600 [01:28<00:10,  2.73it/s]
 96%|███████████████████████████████████████████████████████████████████████████████████████    | 574/600 [01:28<00:07,  3.52it/s]
                                                                                                                                  

 96%|███████████████████████████████████████████████████████████████████████████████████████▏   | 575/600 [01:29<00:07,  3.52it/s]
 96%|███████████████████████████████████████████████████████████████████████████████████████▎   | 576/600 [01:29<00:05,  4.40it/s]
 96%|███████████████████████████████████████████████████████████████████████████████████████▋   | 578/600 [01:29<00:04,  5.35it/s]
 97%|███████████████████████████████████████████████████████████████████████████████████████▉   | 580/600 [01:29<00:03,  6.28it/s]
 97%|████████████████████████████████████████████████████████████████████████████████████████▎  | 582/600 [01:29<00:02,  7.17it/s]
 97%|████████████████████████████████████████████████████████████████████████████████████████▌  | 584/600 [01:29<00:02,  7.95it/s]
 98%|████████████████████████████████████████████████████████████████████████████████████████▉  | 586/600 [01:30<00:01,  8.61it/s]
 98%|█████████████████████████████████████████████████████████████████████████████████████████▏ | 588/600 [01:30<00:01,  9.16it/s]
 98%|█████████████████████████████████████████████████████████████████████████████████████████▍ | 590/600 [01:30<00:01,  9.50it/s]
 99%|█████████████████████████████████████████████████████████████████████████████████████████▊ | 592/600 [01:30<00:00,  9.85it/s]
 99%|██████████████████████████████████████████████████████████████████████████████████████████ | 594/600 [01:30<00:00, 10.11it/s]
 99%|██████████████████████████████████████████████████████████████████████████████████████████▍| 596/600 [01:31<00:00, 10.30it/s]
100%|██████████████████████████████████████████████████████████████████████████████████████████▋| 598/600 [01:31<00:00, 10.43it/s]
100%|███████████████████████████████████████████████████████████████████████████████████████████| 600/600 [01:31<00:00, 11.56it/s]
                                                                                                                                  

100%|███████████████████████████████████████████████████████████████████████████████████████████| 600/600 [01:31<00:00, 11.56it/s]{'loss': '0.7942', 'grad_norm': '4.78', 'learning_rate': '2.632e-06', 'epoch': '19.17'}
{'loss': '0.8427', 'grad_norm': '23.61', 'learning_rate': '4.386e-07', 'epoch': '20'}


Writing model shards:   0%|                                                                                 | 0/1 [00:00<?, ?it/s][A

Writing model shards: 100%|█████████████████████████████████████████████████████████████████████████| 1/1 [00:00<00:00,  1.70it/s][A
Writing model shards: 100%|█████████████████████████████████████████████████████████████████████████| 1/1 [00:00<00:00,  1.70it/s]

                                                                                                                                  

100%|███████████████████████████████████████████████████████████████████████████████████████████| 600/600 [01:33<00:00, 11.56it/s]
100%|███████████████████████████████████████████████████████████████████████████████████████████| 600/600 [01:33<00:00,  6.44it/s]
{'train_runtime': '93.14', 'train_samples_per_second': '99.85', 'train_steps_per_second': '6.442', 'train_loss': '1.249', 'epoch': '20'}

  0%|                                                                                                       | 0/9 [00:00<?, ?it/s]
 89%|████████████████████████████████████████████████████████████████████████████████████▍          | 8/9 [00:00<00:00, 76.08it/s]
100%|███████████████████████████████████████████████████████████████████████████████████████████████| 9/9 [00:00<00:00, 72.87it/s]

Writing model shards:   0%|                                                                                 | 0/1 [00:00<?, ?it/s]
Writing model shards: 100%|█████████████████████████████████████████████████████████████████████████| 1/1 [00:00<00:00,  1.63it/s]
Writing model shards: 100%|█████████████████████████████████████████████████████████████████████████| 1/1 [00:00<00:00,  1.63it/s]

Loading weights:   0%|                                                                                    | 0/148 [00:00<?, ?it/s]
Loading weights: 100%|████████████████████████████████████████████████████████████████████████| 148/148 [00:00<00:00, 2319.30it/s]

Loading weights:   0%|                                                                                    | 0/148 [00:00<?, ?it/s]
Loading weights: 100%|████████████████████████████████████████████████████████████████████████| 148/148 [00:00<00:00, 2347.00it/s]
<local-root>/miniconda3/lib/python3.13/site-packages/torch/cuda/__init__.py:61: FutureWarning: The pynvml package is deprecated. Please install nvidia-ml-py instead. If you did not install pynvml directly, please report this to the maintainers of the package that installed pynvml for you.
  import pynvml  # type: ignore[import]

Loading weights:   0%|                                                                                    | 0/148 [00:00<?, ?it/s]
Loading weights:  39%|█████████████████████████████                                             | 58/148 [00:00<00:00, 549.20it/s]
Loading weights:  76%|███████████████████████████████████████████████████████▋                 | 113/148 [00:00<00:00, 526.42it/s]
Loading weights: 100%|█████████████████████████████████████████████████████████████████████████| 148/148 [00:00<00:00, 493.19it/s]

Loading weights:   0%|                                                                                    | 0/148 [00:00<?, ?it/s]
Loading weights: 100%|████████████████████████████████████████████████████████████████████████| 148/148 [00:00<00:00, 1600.35it/s]
Warning: You are sending unauthenticated requests to the HF Hub. Please set a HF_TOKEN to enable higher rate limits and faster downloads.

Loading weights:   0%|                                                                                    | 0/389 [00:00<?, ?it/s]
Loading weights: 100%|███████████████████████████████████████████████████████████████████████| 389/389 [00:00<00:00, 37591.51it/s]
[RANK 0] Detected kernel version 5.4.0, which is below the recommended minimum of 5.5.0; this can cause the process to hang. It is recommended to upgrade the kernel to the minimum version or higher.

  0%|                                                                                                     | 0/540 [00:00<?, ?it/s]
  0%|▏                                                                                            | 1/540 [00:00<01:53,  4.75it/s]
  0%|▎                                                                                            | 2/540 [00:00<01:37,  5.55it/s]
  1%|▌                                                                                            | 3/540 [00:00<01:31,  5.89it/s]
  1%|▋                                                                                            | 4/540 [00:00<01:27,  6.12it/s]
  1%|▊                                                                                            | 5/540 [00:00<01:26,  6.22it/s]
  1%|█                                                                                            | 6/540 [00:00<01:25,  6.27it/s]
  1%|█▏                                                                                           | 7/540 [00:01<01:24,  6.32it/s]
  1%|█▍                                                                                           | 8/540 [00:01<01:23,  6.36it/s]
  2%|█▌                                                                                           | 9/540 [00:01<01:23,  6.39it/s]
  2%|█▋                                                                                          | 10/540 [00:01<01:22,  6.40it/s]
  2%|█▊                                                                                          | 11/540 [00:01<01:22,  6.41it/s]
  2%|██                                                                                          | 12/540 [00:01<01:22,  6.41it/s]
  2%|██▏                                                                                         | 13/540 [00:02<01:22,  6.42it/s]
  3%|██▍                                                                                         | 14/540 [00:02<01:22,  6.41it/s]
  3%|██▌                                                                                         | 15/540 [00:02<01:21,  6.42it/s]
  3%|██▋                                                                                         | 16/540 [00:02<01:21,  6.43it/s]
  3%|██▉                                                                                         | 17/540 [00:02<01:21,  6.44it/s]
  3%|███                                                                                         | 18/540 [00:02<01:20,  6.45it/s]
  4%|███▏                                                                                        | 19/540 [00:03<01:20,  6.45it/s]
  4%|███▍                                                                                        | 20/540 [00:03<01:20,  6.45it/s]
  4%|███▌                                                                                        | 21/540 [00:03<01:21,  6.40it/s]
  4%|███▋                                                                                        | 22/540 [00:03<01:20,  6.40it/s]
  4%|███▉                                                                                        | 23/540 [00:03<01:20,  6.40it/s]
  4%|████                                                                                        | 24/540 [00:03<01:20,  6.42it/s]
  5%|████▎                                                                                       | 25/540 [00:03<01:20,  6.43it/s]
                                                                                                                                  

  5%|████▎                                                                                       | 25/540 [00:03<01:20,  6.43it/s]
  5%|████▍                                                                                       | 26/540 [00:04<01:19,  6.44it/s]
  5%|████▌                                                                                       | 27/540 [00:04<01:19,  6.42it/s]
  5%|████▊                                                                                       | 28/540 [00:04<01:19,  6.43it/s]
  5%|████▉                                                                                       | 29/540 [00:04<01:19,  6.43it/s]
  6%|█████                                                                                       | 30/540 [00:04<01:11,  7.17it/s]{'loss': '3.037', 'grad_norm': '3.245', 'learning_rate': '4e-05', 'epoch': '0.8475'}


Writing model shards:   0%|                                                                                 | 0/1 [00:00<?, ?it/s][A

Writing model shards: 100%|█████████████████████████████████████████████████████████████████████████| 1/1 [00:02<00:00,  2.15s/it][A
Writing model shards: 100%|█████████████████████████████████████████████████████████████████████████| 1/1 [00:02<00:00,  2.15s/it]

  6%|█████▎                                                                                      | 31/540 [00:10<14:52,  1.75s/it]
  6%|█████▍                                                                                      | 32/540 [00:10<10:46,  1.27s/it]
  6%|█████▌                                                                                      | 33/540 [00:10<07:56,  1.06it/s]
  6%|█████▊                                                                                      | 34/540 [00:10<05:56,  1.42it/s]
  6%|█████▉                                                                                      | 35/540 [00:10<04:32,  1.85it/s]
  7%|██████▏                                                                                     | 36/540 [00:10<03:33,  2.36it/s]
  7%|██████▎                                                                                     | 37/540 [00:11<02:53,  2.91it/s]
  7%|██████▍                                                                                     | 38/540 [00:11<02:24,  3.48it/s]
  7%|██████▋                                                                                     | 39/540 [00:11<02:04,  4.03it/s]
  7%|██████▊                                                                                     | 40/540 [00:11<01:50,  4.54it/s]
  8%|██████▉                                                                                     | 41/540 [00:11<01:40,  4.98it/s]
  8%|███████▏                                                                                    | 42/540 [00:11<01:33,  5.35it/s]
  8%|███████▎                                                                                    | 43/540 [00:12<01:28,  5.64it/s]
  8%|███████▍                                                                                    | 44/540 [00:12<01:24,  5.86it/s]
  8%|███████▋                                                                                    | 45/540 [00:12<01:22,  6.03it/s]
  9%|███████▊                                                                                    | 46/540 [00:12<01:20,  6.14it/s]
  9%|████████                                                                                    | 47/540 [00:12<01:19,  6.23it/s]
  9%|████████▏                                                                                   | 48/540 [00:12<01:18,  6.29it/s]
  9%|████████▎                                                                                   | 49/540 [00:12<01:17,  6.34it/s]
  9%|████████▌                                                                                   | 50/540 [00:13<01:16,  6.38it/s]
                                                                                                                                  

  9%|████████▌                                                                                   | 50/540 [00:13<01:16,  6.38it/s]
  9%|████████▋                                                                                   | 51/540 [00:13<01:16,  6.40it/s]
 10%|████████▊                                                                                   | 52/540 [00:13<01:16,  6.41it/s]
 10%|█████████                                                                                   | 53/540 [00:13<01:16,  6.38it/s]
 10%|█████████▏                                                                                  | 54/540 [00:13<01:16,  6.35it/s]
 10%|█████████▎                                                                                  | 55/540 [00:13<01:16,  6.33it/s]
 10%|█████████▌                                                                                  | 56/540 [00:14<01:16,  6.32it/s]
 11%|█████████▋                                                                                  | 57/540 [00:14<01:16,  6.31it/s]
 11%|█████████▉                                                                                  | 58/540 [00:14<01:16,  6.30it/s]
 11%|██████████                                                                                  | 59/540 [00:14<01:16,  6.28it/s]{'loss': '1.549', 'grad_norm': '2.67', 'learning_rate': '4.814e-05', 'epoch': '1.678'}


Writing model shards:   0%|                                                                                 | 0/1 [00:00<?, ?it/s][A

Writing model shards: 100%|█████████████████████████████████████████████████████████████████████████| 1/1 [00:01<00:00,  1.50s/it][A
Writing model shards: 100%|█████████████████████████████████████████████████████████████████████████| 1/1 [00:01<00:00,  1.50s/it]

 11%|██████████▍                                                                                 | 61/540 [00:19<09:25,  1.18s/it]
 11%|██████████▌                                                                                 | 62/540 [00:19<07:23,  1.08it/s]
 12%|██████████▋                                                                                 | 63/540 [00:19<05:46,  1.38it/s]
 12%|██████████▉                                                                                 | 64/540 [00:19<04:31,  1.75it/s]
 12%|███████████                                                                                 | 65/540 [00:19<03:35,  2.20it/s]
 12%|███████████▏                                                                                | 66/540 [00:20<02:54,  2.71it/s]
 12%|███████████▍                                                                                | 67/540 [00:20<02:25,  3.26it/s]
 13%|███████████▌                                                                                | 68/540 [00:20<02:03,  3.81it/s]
 13%|███████████▊                                                                                | 69/540 [00:20<01:49,  4.31it/s]
 13%|███████████▉                                                                                | 70/540 [00:20<01:38,  4.78it/s]
 13%|████████████                                                                                | 71/540 [00:20<01:30,  5.18it/s]
 13%|████████████▎                                                                               | 72/540 [00:21<01:25,  5.50it/s]
 14%|████████████▍                                                                               | 73/540 [00:21<01:21,  5.75it/s]
 14%|████████████▌                                                                               | 74/540 [00:21<01:19,  5.90it/s]
 14%|████████████▊                                                                               | 75/540 [00:21<01:16,  6.06it/s]
                                                                                                                                  

 14%|████████████▊                                                                               | 75/540 [00:21<01:16,  6.06it/s]
 14%|████████████▉                                                                               | 76/540 [00:21<01:15,  6.17it/s]
 14%|█████████████                                                                               | 77/540 [00:21<01:14,  6.25it/s]
 14%|█████████████▎                                                                              | 78/540 [00:21<01:13,  6.28it/s]
 15%|█████████████▍                                                                              | 79/540 [00:22<01:12,  6.37it/s]
 15%|█████████████▋                                                                              | 80/540 [00:22<01:11,  6.40it/s]
 15%|█████████████▊                                                                              | 81/540 [00:22<01:11,  6.41it/s]
 15%|█████████████▉                                                                              | 82/540 [00:22<01:11,  6.43it/s]
 15%|██████████████▏                                                                             | 83/540 [00:22<01:11,  6.39it/s]
 16%|██████████████▎                                                                             | 84/540 [00:22<01:11,  6.39it/s]
 16%|██████████████▍                                                                             | 85/540 [00:23<01:11,  6.38it/s]
 16%|██████████████▋                                                                             | 86/540 [00:23<01:10,  6.40it/s]
 16%|██████████████▊                                                                             | 87/540 [00:23<01:10,  6.40it/s]
 16%|██████████████▉                                                                             | 88/540 [00:23<01:11,  6.34it/s]
 16%|███████████████▏                                                                            | 89/540 [00:23<01:10,  6.37it/s]{'loss': '1.298', 'grad_norm': '2.851', 'learning_rate': '4.569e-05', 'epoch': '2.508'}


Writing model shards:   0%|                                                                                 | 0/1 [00:00<?, ?it/s][A

Writing model shards: 100%|█████████████████████████████████████████████████████████████████████████| 1/1 [00:01<00:00,  1.80s/it][A
Writing model shards: 100%|█████████████████████████████████████████████████████████████████████████| 1/1 [00:01<00:00,  1.80s/it]

 17%|███████████████▌                                                                            | 91/540 [00:29<10:13,  1.37s/it]
 17%|███████████████▋                                                                            | 92/540 [00:29<07:57,  1.07s/it]
 17%|███████████████▊                                                                            | 93/540 [00:29<06:10,  1.21it/s]
 17%|████████████████                                                                            | 94/540 [00:29<04:47,  1.55it/s]
 18%|████████████████▏                                                                           | 95/540 [00:29<03:46,  1.97it/s]
 18%|████████████████▎                                                                           | 96/540 [00:30<03:00,  2.46it/s]
 18%|████████████████▌                                                                           | 97/540 [00:30<02:27,  2.99it/s]
 18%|████████████████▋                                                                           | 98/540 [00:30<02:04,  3.55it/s]
 18%|████████████████▊                                                                           | 99/540 [00:30<01:47,  4.09it/s]
 19%|████████████████▊                                                                          | 100/540 [00:30<01:35,  4.60it/s]
                                                                                                                                  

 19%|████████████████▊                                                                          | 100/540 [00:30<01:35,  4.60it/s]
 19%|█████████████████                                                                          | 101/540 [00:30<01:27,  5.02it/s]
 19%|█████████████████▏                                                                         | 102/540 [00:30<01:21,  5.38it/s]
 19%|█████████████████▎                                                                         | 103/540 [00:31<01:17,  5.64it/s]
 19%|█████████████████▌                                                                         | 104/540 [00:31<01:14,  5.85it/s]
 19%|█████████████████▋                                                                         | 105/540 [00:31<01:12,  6.00it/s]
 20%|█████████████████▊                                                                         | 106/540 [00:31<01:10,  6.12it/s]
 20%|██████████████████                                                                         | 107/540 [00:31<01:09,  6.21it/s]
 20%|██████████████████▏                                                                        | 108/540 [00:31<01:08,  6.28it/s]
 20%|██████████████████▎                                                                        | 109/540 [00:32<01:08,  6.33it/s]
 20%|██████████████████▌                                                                        | 110/540 [00:32<01:07,  6.37it/s]
 21%|██████████████████▋                                                                        | 111/540 [00:32<01:06,  6.40it/s]
 21%|██████████████████▊                                                                        | 112/540 [00:32<01:06,  6.42it/s]
 21%|███████████████████                                                                        | 113/540 [00:32<01:06,  6.43it/s]
 21%|███████████████████▏                                                                       | 114/540 [00:32<01:06,  6.43it/s]
 21%|███████████████████▍                                                                       | 115/540 [00:32<01:05,  6.45it/s]
 21%|███████████████████▌                                                                       | 116/540 [00:33<01:05,  6.45it/s]
 22%|███████████████████▋                                                                       | 117/540 [00:33<01:05,  6.46it/s]
 22%|███████████████████▉                                                                       | 118/540 [00:33<01:05,  6.46it/s]
 22%|████████████████████                                                                       | 119/540 [00:33<01:05,  6.46it/s]{'loss': '1.028', 'grad_norm': '2.677', 'learning_rate': '4.324e-05', 'epoch': '3.339'}


Writing model shards:   0%|                                                                                 | 0/1 [00:00<?, ?it/s][A

Writing model shards: 100%|█████████████████████████████████████████████████████████████████████████| 1/1 [00:01<00:00,  1.96s/it][A
Writing model shards: 100%|█████████████████████████████████████████████████████████████████████████| 1/1 [00:01<00:00,  1.96s/it]

 22%|████████████████████▍                                                                      | 121/540 [00:39<10:33,  1.51s/it]
 23%|████████████████████▌                                                                      | 122/540 [00:39<08:11,  1.18s/it]
 23%|████████████████████▋                                                                      | 123/540 [00:40<06:19,  1.10it/s]
 23%|████████████████████▉                                                                      | 124/540 [00:40<04:53,  1.42it/s]
 23%|█████████████████████                                                                      | 125/540 [00:40<03:48,  1.82it/s]
                                                                                                                                  

 23%|█████████████████████                                                                      | 125/540 [00:40<03:48,  1.82it/s]
 23%|█████████████████████▏                                                                     | 126/540 [00:40<03:01,  2.28it/s]
 24%|█████████████████████▍                                                                     | 127/540 [00:40<02:27,  2.81it/s]
 24%|█████████████████████▌                                                                     | 128/540 [00:40<02:02,  3.36it/s]
 24%|█████████████████████▋                                                                     | 129/540 [00:41<01:45,  3.91it/s]
 24%|█████████████████████▉                                                                     | 130/540 [00:41<01:32,  4.43it/s]
 24%|██████████████████████                                                                     | 131/540 [00:41<01:23,  4.89it/s]
 24%|██████████████████████▏                                                                    | 132/540 [00:41<01:17,  5.27it/s]
 25%|██████████████████████▍                                                                    | 133/540 [00:41<01:13,  5.57it/s]
 25%|██████████████████████▌                                                                    | 134/540 [00:41<01:09,  5.81it/s]
 25%|██████████████████████▊                                                                    | 135/540 [00:41<01:07,  5.99it/s]
 25%|██████████████████████▉                                                                    | 136/540 [00:42<01:06,  6.12it/s]
 25%|███████████████████████                                                                    | 137/540 [00:42<01:04,  6.21it/s]
 26%|███████████████████████▎                                                                   | 138/540 [00:42<01:03,  6.28it/s]
 26%|███████████████████████▍                                                                   | 139/540 [00:42<01:03,  6.33it/s]
 26%|███████████████████████▌                                                                   | 140/540 [00:42<01:02,  6.37it/s]
 26%|███████████████████████▊                                                                   | 141/540 [00:42<01:02,  6.39it/s]
 26%|███████████████████████▉                                                                   | 142/540 [00:43<01:02,  6.41it/s]
 26%|████████████████████████                                                                   | 143/540 [00:43<01:01,  6.42it/s]
 27%|████████████████████████▎                                                                  | 144/540 [00:43<01:01,  6.43it/s]
 27%|████████████████████████▍                                                                  | 145/540 [00:43<01:01,  6.43it/s]
 27%|████████████████████████▌                                                                  | 146/540 [00:43<01:01,  6.44it/s]
 27%|████████████████████████▊                                                                  | 147/540 [00:43<01:00,  6.45it/s]
 27%|████████████████████████▉                                                                  | 148/540 [00:43<01:00,  6.45it/s]
 28%|█████████████████████████                                                                  | 149/540 [00:44<01:00,  6.45it/s]
                                                                                                                                  

 28%|█████████████████████████▎                                                                 | 150/540 [00:44<01:00,  6.45it/s]{'loss': '0.8493', 'grad_norm': '2.74', 'learning_rate': '4.078e-05', 'epoch': '4.169'}
{'loss': '0.7066', 'grad_norm': '10.9', 'learning_rate': '3.833e-05', 'epoch': '5'}


Writing model shards:   0%|                                                                                 | 0/1 [00:00<?, ?it/s][A

Writing model shards: 100%|█████████████████████████████████████████████████████████████████████████| 1/1 [00:01<00:00,  1.38s/it][A
Writing model shards: 100%|█████████████████████████████████████████████████████████████████████████| 1/1 [00:01<00:00,  1.38s/it]

 28%|█████████████████████████▍                                                                 | 151/540 [00:49<08:28,  1.31s/it]
 28%|█████████████████████████▌                                                                 | 152/540 [00:49<06:36,  1.02s/it]
 28%|█████████████████████████▊                                                                 | 153/540 [00:49<05:08,  1.25it/s]
 29%|█████████████████████████▉                                                                 | 154/540 [00:49<04:00,  1.61it/s]
 29%|██████████████████████████                                                                 | 155/540 [00:50<03:09,  2.03it/s]
 29%|██████████████████████████▎                                                                | 156/540 [00:50<02:31,  2.53it/s]
 29%|██████████████████████████▍                                                                | 157/540 [00:50<02:05,  3.05it/s]
 29%|██████████████████████████▋                                                                | 158/540 [00:50<01:46,  3.60it/s]
 29%|██████████████████████████▊                                                                | 159/540 [00:50<01:32,  4.14it/s]
 30%|██████████████████████████▉                                                                | 160/540 [00:50<01:21,  4.63it/s]
 30%|███████████████████████████▏                                                               | 161/540 [00:50<01:15,  5.03it/s]
 30%|███████████████████████████▎                                                               | 162/540 [00:51<01:10,  5.37it/s]
 30%|███████████████████████████▍                                                               | 163/540 [00:51<01:06,  5.65it/s]
 30%|███████████████████████████▋                                                               | 164/540 [00:51<01:04,  5.87it/s]
 31%|███████████████████████████▊                                                               | 165/540 [00:51<01:02,  6.03it/s]
 31%|███████████████████████████▉                                                               | 166/540 [00:51<01:00,  6.15it/s]
 31%|████████████████████████████▏                                                              | 167/540 [00:51<00:59,  6.23it/s]
 31%|████████████████████████████▎                                                              | 168/540 [00:52<00:59,  6.29it/s]
 31%|████████████████████████████▍                                                              | 169/540 [00:52<00:58,  6.34it/s]
 31%|████████████████████████████▋                                                              | 170/540 [00:52<00:58,  6.37it/s]
 32%|████████████████████████████▊                                                              | 171/540 [00:52<00:57,  6.41it/s]
 32%|████████████████████████████▉                                                              | 172/540 [00:52<00:57,  6.43it/s]
 32%|█████████████████████████████▏                                                             | 173/540 [00:52<00:56,  6.44it/s]
 32%|█████████████████████████████▎                                                             | 174/540 [00:53<00:56,  6.46it/s]
 32%|█████████████████████████████▍                                                             | 175/540 [00:53<00:56,  6.46it/s]
                                                                                                                                  

 32%|█████████████████████████████▍                                                             | 175/540 [00:53<00:56,  6.46it/s]
 33%|█████████████████████████████▋                                                             | 176/540 [00:53<00:56,  6.46it/s]
 33%|█████████████████████████████▊                                                             | 177/540 [00:53<00:56,  6.47it/s]
 33%|█████████████████████████████▉                                                             | 178/540 [00:53<00:55,  6.48it/s]
 33%|██████████████████████████████▏                                                            | 179/540 [00:53<00:55,  6.47it/s]{'loss': '0.5556', 'grad_norm': '3.181', 'learning_rate': '3.588e-05', 'epoch': '5.847'}


Writing model shards:   0%|                                                                                 | 0/1 [00:00<?, ?it/s][A

Writing model shards: 100%|█████████████████████████████████████████████████████████████████████████| 1/1 [00:01<00:00,  1.48s/it][A
Writing model shards: 100%|█████████████████████████████████████████████████████████████████████████| 1/1 [00:01<00:00,  1.48s/it]

 34%|██████████████████████████████▌                                                            | 181/540 [00:58<07:38,  1.28s/it]
 34%|██████████████████████████████▋                                                            | 182/540 [00:59<05:58,  1.00s/it]
 34%|██████████████████████████████▊                                                            | 183/540 [00:59<04:38,  1.28it/s]
 34%|███████████████████████████████                                                            | 184/540 [00:59<03:37,  1.64it/s]
 34%|███████████████████████████████▏                                                           | 185/540 [00:59<02:51,  2.07it/s]
 34%|███████████████████████████████▎                                                           | 186/540 [00:59<02:18,  2.56it/s]
 35%|███████████████████████████████▌                                                           | 187/540 [00:59<01:53,  3.10it/s]
 35%|███████████████████████████████▋                                                           | 188/540 [01:00<01:36,  3.64it/s]
 35%|███████████████████████████████▊                                                           | 189/540 [01:00<01:23,  4.18it/s]
 35%|████████████████████████████████                                                           | 190/540 [01:00<01:15,  4.65it/s]
 35%|████████████████████████████████▏                                                          | 191/540 [01:00<01:08,  5.09it/s]
 36%|████████████████████████████████▎                                                          | 192/540 [01:00<01:04,  5.41it/s]
 36%|████████████████████████████████▌                                                          | 193/540 [01:00<01:00,  5.70it/s]
 36%|████████████████████████████████▋                                                          | 194/540 [01:00<00:58,  5.91it/s]
 36%|████████████████████████████████▊                                                          | 195/540 [01:01<00:56,  6.07it/s]
 36%|█████████████████████████████████                                                          | 196/540 [01:01<00:55,  6.18it/s]
 36%|█████████████████████████████████▏                                                         | 197/540 [01:01<00:54,  6.26it/s]
 37%|█████████████████████████████████▎                                                         | 198/540 [01:01<00:54,  6.32it/s]
 37%|█████████████████████████████████▌                                                         | 199/540 [01:01<00:57,  5.91it/s]
 37%|█████████████████████████████████▋                                                         | 200/540 [01:01<00:55,  6.07it/s]
                                                                                                                                  

 37%|█████████████████████████████████▋                                                         | 200/540 [01:01<00:55,  6.07it/s]
 37%|█████████████████████████████████▊                                                         | 201/540 [01:02<00:54,  6.19it/s]
 37%|██████████████████████████████████                                                         | 202/540 [01:02<00:53,  6.28it/s]
 38%|██████████████████████████████████▏                                                        | 203/540 [01:02<00:53,  6.32it/s]
 38%|██████████████████████████████████▍                                                        | 204/540 [01:02<00:52,  6.36it/s]
 38%|██████████████████████████████████▌                                                        | 205/540 [01:02<00:52,  6.39it/s]
 38%|██████████████████████████████████▋                                                        | 206/540 [01:02<00:52,  6.41it/s]
 38%|██████████████████████████████████▉                                                        | 207/540 [01:03<00:51,  6.42it/s]
 39%|███████████████████████████████████                                                        | 208/540 [01:03<00:51,  6.43it/s]
 39%|███████████████████████████████████▏                                                       | 209/540 [01:03<00:51,  6.43it/s]{'loss': '0.4737', 'grad_norm': '2.447', 'learning_rate': '3.343e-05', 'epoch': '6.678'}


Writing model shards:   0%|                                                                                 | 0/1 [00:00<?, ?it/s][A

Writing model shards: 100%|█████████████████████████████████████████████████████████████████████████| 1/1 [00:01<00:00,  1.75s/it][A
Writing model shards: 100%|█████████████████████████████████████████████████████████████████████████| 1/1 [00:01<00:00,  1.75s/it]

 39%|███████████████████████████████████▌                                                       | 211/540 [01:08<07:26,  1.36s/it]
 39%|███████████████████████████████████▋                                                       | 212/540 [01:09<05:47,  1.06s/it]
 39%|███████████████████████████████████▉                                                       | 213/540 [01:09<04:29,  1.21it/s]
 40%|████████████████████████████████████                                                       | 214/540 [01:09<03:29,  1.56it/s]
 40%|████████████████████████████████████▏                                                      | 215/540 [01:09<02:44,  1.98it/s]
 40%|████████████████████████████████████▍                                                      | 216/540 [01:09<02:11,  2.46it/s]
 40%|████████████████████████████████████▌                                                      | 217/540 [01:09<01:47,  3.00it/s]
 40%|████████████████████████████████████▋                                                      | 218/540 [01:09<01:30,  3.56it/s]
 41%|████████████████████████████████████▉                                                      | 219/540 [01:10<01:18,  4.09it/s]
 41%|█████████████████████████████████████                                                      | 220/540 [01:10<01:09,  4.59it/s]
 41%|█████████████████████████████████████▏                                                     | 221/540 [01:10<01:03,  4.99it/s]
 41%|█████████████████████████████████████▍                                                     | 222/540 [01:10<00:59,  5.35it/s]
 41%|█████████████████████████████████████▌                                                     | 223/540 [01:10<00:56,  5.64it/s]
 41%|█████████████████████████████████████▋                                                     | 224/540 [01:10<00:53,  5.86it/s]
 42%|█████████████████████████████████████▉                                                     | 225/540 [01:11<00:52,  5.99it/s]
                                                                                                                                  

 42%|█████████████████████████████████████▉                                                     | 225/540 [01:11<00:52,  5.99it/s]
 42%|██████████████████████████████████████                                                     | 226/540 [01:11<00:51,  6.11it/s]
 42%|██████████████████████████████████████▎                                                    | 227/540 [01:11<00:50,  6.21it/s]
 42%|██████████████████████████████████████▍                                                    | 228/540 [01:11<00:49,  6.27it/s]
 42%|██████████████████████████████████████▌                                                    | 229/540 [01:11<00:49,  6.32it/s]
 43%|██████████████████████████████████████▊                                                    | 230/540 [01:11<00:48,  6.36it/s]
 43%|██████████████████████████████████████▉                                                    | 231/540 [01:11<00:48,  6.35it/s]
 43%|███████████████████████████████████████                                                    | 232/540 [01:12<00:48,  6.36it/s]
 43%|███████████████████████████████████████▎                                                   | 233/540 [01:12<00:48,  6.39it/s]
 43%|███████████████████████████████████████▍                                                   | 234/540 [01:12<00:47,  6.40it/s]
 44%|███████████████████████████████████████▌                                                   | 235/540 [01:12<00:47,  6.41it/s]
 44%|███████████████████████████████████████▊                                                   | 236/540 [01:12<00:47,  6.42it/s]
 44%|███████████████████████████████████████▉                                                   | 237/540 [01:12<00:47,  6.43it/s]
 44%|████████████████████████████████████████                                                   | 238/540 [01:13<00:47,  6.42it/s]
 44%|████████████████████████████████████████▎                                                  | 239/540 [01:13<00:46,  6.43it/s]{'loss': '0.408', 'grad_norm': '2.15', 'learning_rate': '3.098e-05', 'epoch': '7.508'}


Writing model shards:   0%|                                                                                 | 0/1 [00:00<?, ?it/s][A

Writing model shards: 100%|█████████████████████████████████████████████████████████████████████████| 1/1 [00:01<00:00,  1.61s/it][A
Writing model shards: 100%|█████████████████████████████████████████████████████████████████████████| 1/1 [00:01<00:00,  1.61s/it]

 45%|████████████████████████████████████████▌                                                  | 241/540 [01:18<06:32,  1.31s/it]
 45%|████████████████████████████████████████▊                                                  | 242/540 [01:18<05:05,  1.03s/it]
 45%|████████████████████████████████████████▉                                                  | 243/540 [01:18<03:56,  1.25it/s]
 45%|█████████████████████████████████████████                                                  | 244/540 [01:19<03:04,  1.61it/s]
 45%|█████████████████████████████████████████▎                                                 | 245/540 [01:19<02:25,  2.03it/s]
 46%|█████████████████████████████████████████▍                                                 | 246/540 [01:19<01:56,  2.53it/s]
 46%|█████████████████████████████████████████▌                                                 | 247/540 [01:19<01:35,  3.07it/s]
 46%|█████████████████████████████████████████▊                                                 | 248/540 [01:19<01:20,  3.63it/s]
 46%|█████████████████████████████████████████▉                                                 | 249/540 [01:19<01:09,  4.17it/s]
 46%|██████████████████████████████████████████▏                                                | 250/540 [01:19<01:02,  4.66it/s]
                                                                                                                                  

 46%|██████████████████████████████████████████▏                                                | 250/540 [01:19<01:02,  4.66it/s]
 46%|██████████████████████████████████████████▎                                                | 251/540 [01:20<00:57,  5.05it/s]
 47%|██████████████████████████████████████████▍                                                | 252/540 [01:20<00:53,  5.39it/s]
 47%|██████████████████████████████████████████▋                                                | 253/540 [01:20<00:50,  5.68it/s]
 47%|██████████████████████████████████████████▊                                                | 254/540 [01:20<00:48,  5.89it/s]
 47%|██████████████████████████████████████████▉                                                | 255/540 [01:20<00:47,  6.05it/s]
 47%|███████████████████████████████████████████▏                                               | 256/540 [01:20<00:46,  6.17it/s]
 48%|███████████████████████████████████████████▎                                               | 257/540 [01:21<00:45,  6.20it/s]
 48%|███████████████████████████████████████████▍                                               | 258/540 [01:21<00:44,  6.28it/s]
 48%|███████████████████████████████████████████▋                                               | 259/540 [01:21<00:44,  6.34it/s]
 48%|███████████████████████████████████████████▊                                               | 260/540 [01:21<00:43,  6.37it/s]
 48%|███████████████████████████████████████████▉                                               | 261/540 [01:21<00:43,  6.40it/s]
 49%|████████████████████████████████████████████▏                                              | 262/540 [01:21<00:43,  6.42it/s]
 49%|████████████████████████████████████████████▎                                              | 263/540 [01:21<00:43,  6.44it/s]
 49%|████████████████████████████████████████████▍                                              | 264/540 [01:22<00:42,  6.45it/s]
 49%|████████████████████████████████████████████▋                                              | 265/540 [01:22<00:42,  6.46it/s]
 49%|████████████████████████████████████████████▊                                              | 266/540 [01:22<00:42,  6.46it/s]
 49%|████████████████████████████████████████████▉                                              | 267/540 [01:22<00:42,  6.47it/s]
 50%|█████████████████████████████████████████████▏                                             | 268/540 [01:22<00:42,  6.47it/s]
 50%|█████████████████████████████████████████████▎                                             | 269/540 [01:22<00:41,  6.47it/s]{'loss': '0.3478', 'grad_norm': '2.265', 'learning_rate': '2.853e-05', 'epoch': '8.339'}


Writing model shards:   0%|                                                                                 | 0/1 [00:00<?, ?it/s][A

Writing model shards: 100%|█████████████████████████████████████████████████████████████████████████| 1/1 [00:01<00:00,  1.63s/it][A
Writing model shards: 100%|█████████████████████████████████████████████████████████████████████████| 1/1 [00:01<00:00,  1.63s/it]

 50%|█████████████████████████████████████████████▋                                             | 271/540 [01:28<06:07,  1.37s/it]
 50%|█████████████████████████████████████████████▊                                             | 272/540 [01:28<04:45,  1.07s/it]
 51%|██████████████████████████████████████████████                                             | 273/540 [01:28<03:40,  1.21it/s]
 51%|██████████████████████████████████████████████▏                                            | 274/540 [01:28<02:51,  1.55it/s]
 51%|██████████████████████████████████████████████▎                                            | 275/540 [01:29<02:14,  1.97it/s]
                                                                                                                                  

 51%|██████████████████████████████████████████████▎                                            | 275/540 [01:29<02:14,  1.97it/s]
 51%|██████████████████████████████████████████████▌                                            | 276/540 [01:29<01:47,  2.46it/s]
 51%|██████████████████████████████████████████████▋                                            | 277/540 [01:29<01:27,  3.00it/s]
 51%|██████████████████████████████████████████████▊                                            | 278/540 [01:29<01:13,  3.55it/s]
 52%|███████████████████████████████████████████████                                            | 279/540 [01:29<01:03,  4.10it/s]
 52%|███████████████████████████████████████████████▏                                           | 280/540 [01:29<00:56,  4.60it/s]
 52%|███████████████████████████████████████████████▎                                           | 281/540 [01:30<00:51,  5.00it/s]
 52%|███████████████████████████████████████████████▌                                           | 282/540 [01:30<00:48,  5.36it/s]
 52%|███████████████████████████████████████████████▋                                           | 283/540 [01:30<00:45,  5.65it/s]
 53%|███████████████████████████████████████████████▊                                           | 284/540 [01:30<00:43,  5.88it/s]
 53%|████████████████████████████████████████████████                                           | 285/540 [01:30<00:42,  6.04it/s]
 53%|████████████████████████████████████████████████▏                                          | 286/540 [01:30<00:41,  6.16it/s]
 53%|████████████████████████████████████████████████▎                                          | 287/540 [01:30<00:41,  6.11it/s]
 53%|████████████████████████████████████████████████▌                                          | 288/540 [01:31<00:41,  6.12it/s]
 54%|████████████████████████████████████████████████▋                                          | 289/540 [01:31<00:40,  6.17it/s]
 54%|████████████████████████████████████████████████▊                                          | 290/540 [01:31<00:40,  6.23it/s]
 54%|█████████████████████████████████████████████████                                          | 291/540 [01:31<00:40,  6.14it/s]
 54%|█████████████████████████████████████████████████▏                                         | 292/540 [01:31<00:40,  6.17it/s]
 54%|█████████████████████████████████████████████████▍                                         | 293/540 [01:31<00:39,  6.24it/s]
 54%|█████████████████████████████████████████████████▌                                         | 294/540 [01:32<00:39,  6.26it/s]
 55%|█████████████████████████████████████████████████▋                                         | 295/540 [01:32<00:38,  6.31it/s]
 55%|█████████████████████████████████████████████████▉                                         | 296/540 [01:32<00:38,  6.30it/s]
 55%|██████████████████████████████████████████████████                                         | 297/540 [01:32<00:38,  6.33it/s]
 55%|██████████████████████████████████████████████████▏                                        | 298/540 [01:32<00:38,  6.36it/s]
 55%|██████████████████████████████████████████████████▍                                        | 299/540 [01:32<00:38,  6.33it/s]
                                                                                                                                  

 56%|██████████████████████████████████████████████████▌                                        | 300/540 [01:32<00:37,  6.33it/s]{'loss': '0.3219', 'grad_norm': '2.033', 'learning_rate': '2.608e-05', 'epoch': '9.169'}
{'loss': '0.281', 'grad_norm': '5.073', 'learning_rate': '2.363e-05', 'epoch': '10'}


Writing model shards:   0%|                                                                                 | 0/1 [00:00<?, ?it/s][A

Writing model shards: 100%|█████████████████████████████████████████████████████████████████████████| 1/1 [00:02<00:00,  2.04s/it][A
Writing model shards: 100%|█████████████████████████████████████████████████████████████████████████| 1/1 [00:02<00:00,  2.04s/it]

 56%|██████████████████████████████████████████████████▋                                        | 301/540 [01:39<05:59,  1.50s/it]
 56%|██████████████████████████████████████████████████▉                                        | 302/540 [01:39<04:38,  1.17s/it]
 56%|███████████████████████████████████████████████████                                        | 303/540 [01:39<03:34,  1.10it/s]
 56%|███████████████████████████████████████████████████▏                                       | 304/540 [01:39<02:45,  1.43it/s]
 56%|███████████████████████████████████████████████████▍                                       | 305/540 [01:39<02:08,  1.82it/s]
 57%|███████████████████████████████████████████████████▌                                       | 306/540 [01:39<01:42,  2.29it/s]
 57%|███████████████████████████████████████████████████▋                                       | 307/540 [01:39<01:22,  2.81it/s]
 57%|███████████████████████████████████████████████████▉                                       | 308/540 [01:40<01:08,  3.37it/s]
 57%|████████████████████████████████████████████████████                                       | 309/540 [01:40<00:58,  3.93it/s]
 57%|████████████████████████████████████████████████████▏                                      | 310/540 [01:40<00:51,  4.45it/s]
 58%|████████████████████████████████████████████████████▍                                      | 311/540 [01:40<00:46,  4.87it/s]
 58%|████████████████████████████████████████████████████▌                                      | 312/540 [01:40<00:43,  5.24it/s]
 58%|████████████████████████████████████████████████████▋                                      | 313/540 [01:40<00:40,  5.55it/s]
 58%|████████████████████████████████████████████████████▉                                      | 314/540 [01:41<00:39,  5.78it/s]
 58%|█████████████████████████████████████████████████████                                      | 315/540 [01:41<00:37,  5.95it/s]
 59%|█████████████████████████████████████████████████████▎                                     | 316/540 [01:41<00:37,  6.05it/s]
 59%|█████████████████████████████████████████████████████▍                                     | 317/540 [01:41<00:36,  6.17it/s]
 59%|█████████████████████████████████████████████████████▌                                     | 318/540 [01:41<00:35,  6.20it/s]
 59%|█████████████████████████████████████████████████████▊                                     | 319/540 [01:41<00:35,  6.22it/s]
 59%|█████████████████████████████████████████████████████▉                                     | 320/540 [01:41<00:34,  6.29it/s]
 59%|██████████████████████████████████████████████████████                                     | 321/540 [01:42<00:34,  6.34it/s]
 60%|██████████████████████████████████████████████████████▎                                    | 322/540 [01:42<00:34,  6.32it/s]
 60%|██████████████████████████████████████████████████████▍                                    | 323/540 [01:42<00:34,  6.36it/s]
 60%|██████████████████████████████████████████████████████▌                                    | 324/540 [01:42<00:33,  6.40it/s]
 60%|██████████████████████████████████████████████████████▊                                    | 325/540 [01:42<00:33,  6.42it/s]
                                                                                                                                  

 60%|██████████████████████████████████████████████████████▊                                    | 325/540 [01:42<00:33,  6.42it/s]
 60%|██████████████████████████████████████████████████████▉                                    | 326/540 [01:42<00:33,  6.43it/s]
 61%|███████████████████████████████████████████████████████                                    | 327/540 [01:43<00:33,  6.42it/s]
 61%|███████████████████████████████████████████████████████▎                                   | 328/540 [01:43<00:32,  6.43it/s]
 61%|███████████████████████████████████████████████████████▍                                   | 329/540 [01:43<00:32,  6.45it/s]{'loss': '0.2437', 'grad_norm': '2.133', 'learning_rate': '2.118e-05', 'epoch': '10.85'}


Writing model shards:   0%|                                                                                 | 0/1 [00:00<?, ?it/s][A

Writing model shards: 100%|█████████████████████████████████████████████████████████████████████████| 1/1 [00:01<00:00,  1.42s/it][A
Writing model shards: 100%|█████████████████████████████████████████████████████████████████████████| 1/1 [00:01<00:00,  1.42s/it]

 61%|███████████████████████████████████████████████████████▊                                   | 331/540 [01:48<04:39,  1.34s/it]
 61%|███████████████████████████████████████████████████████▉                                   | 332/540 [01:48<03:37,  1.05s/it]
 62%|████████████████████████████████████████████████████████                                   | 333/540 [01:49<02:48,  1.23it/s]
 62%|████████████████████████████████████████████████████████▎                                  | 334/540 [01:49<02:10,  1.58it/s]
 62%|████████████████████████████████████████████████████████▍                                  | 335/540 [01:49<01:42,  2.00it/s]
 62%|████████████████████████████████████████████████████████▌                                  | 336/540 [01:49<01:21,  2.50it/s]
 62%|████████████████████████████████████████████████████████▊                                  | 337/540 [01:49<01:06,  3.03it/s]
 63%|████████████████████████████████████████████████████████▉                                  | 338/540 [01:49<00:56,  3.59it/s]
 63%|█████████████████████████████████████████████████████████▏                                 | 339/540 [01:50<00:48,  4.14it/s]
 63%|█████████████████████████████████████████████████████████▎                                 | 340/540 [01:50<00:43,  4.65it/s]
 63%|█████████████████████████████████████████████████████████▍                                 | 341/540 [01:50<00:39,  5.05it/s]
 63%|█████████████████████████████████████████████████████████▋                                 | 342/540 [01:50<00:36,  5.41it/s]
 64%|█████████████████████████████████████████████████████████▊                                 | 343/540 [01:50<00:34,  5.71it/s]
 64%|█████████████████████████████████████████████████████████▉                                 | 344/540 [01:50<00:33,  5.93it/s]
 64%|██████████████████████████████████████████████████████████▏                                | 345/540 [01:50<00:32,  6.04it/s]
 64%|██████████████████████████████████████████████████████████▎                                | 346/540 [01:51<00:31,  6.17it/s]
 64%|██████████████████████████████████████████████████████████▍                                | 347/540 [01:51<00:30,  6.25it/s]
 64%|██████████████████████████████████████████████████████████▋                                | 348/540 [01:51<00:30,  6.28it/s]
 65%|██████████████████████████████████████████████████████████▊                                | 349/540 [01:51<00:30,  6.35it/s]
 65%|██████████████████████████████████████████████████████████▉                                | 350/540 [01:51<00:29,  6.35it/s]
                                                                                                                                  

 65%|██████████████████████████████████████████████████████████▉                                | 350/540 [01:51<00:29,  6.35it/s]
 65%|███████████████████████████████████████████████████████████▏                               | 351/540 [01:51<00:29,  6.40it/s]
 65%|███████████████████████████████████████████████████████████▎                               | 352/540 [01:52<00:29,  6.43it/s]
 65%|███████████████████████████████████████████████████████████▍                               | 353/540 [01:52<00:28,  6.46it/s]
 66%|███████████████████████████████████████████████████████████▋                               | 354/540 [01:52<00:28,  6.47it/s]
 66%|███████████████████████████████████████████████████████████▊                               | 355/540 [01:52<00:28,  6.49it/s]
 66%|███████████████████████████████████████████████████████████▉                               | 356/540 [01:52<00:28,  6.47it/s]
 66%|████████████████████████████████████████████████████████████▏                              | 357/540 [01:52<00:28,  6.47it/s]
 66%|████████████████████████████████████████████████████████████▎                              | 358/540 [01:52<00:28,  6.47it/s]
 66%|████████████████████████████████████████████████████████████▍                              | 359/540 [01:53<00:27,  6.49it/s]{'loss': '0.2215', 'grad_norm': '1.709', 'learning_rate': '1.873e-05', 'epoch': '11.68'}


Writing model shards:   0%|                                                                                 | 0/1 [00:00<?, ?it/s][A

Writing model shards: 100%|█████████████████████████████████████████████████████████████████████████| 1/1 [00:01<00:00,  1.35s/it][A
Writing model shards: 100%|█████████████████████████████████████████████████████████████████████████| 1/1 [00:01<00:00,  1.35s/it]

 67%|████████████████████████████████████████████████████████████▊                              | 361/540 [02:00<05:29,  1.84s/it]
 67%|█████████████████████████████████████████████████████████████                              | 362/540 [02:00<04:13,  1.42s/it]
 67%|█████████████████████████████████████████████████████████████▏                             | 363/540 [02:01<03:13,  1.09s/it]
 67%|█████████████████████████████████████████████████████████████▎                             | 364/540 [02:01<02:27,  1.19it/s]
 68%|█████████████████████████████████████████████████████████████▌                             | 365/540 [02:01<01:52,  1.55it/s]
 68%|█████████████████████████████████████████████████████████████▋                             | 366/540 [02:01<01:27,  1.98it/s]
 68%|█████████████████████████████████████████████████████████████▊                             | 367/540 [02:01<01:09,  2.48it/s]
 68%|██████████████████████████████████████████████████████████████                             | 368/540 [02:01<00:56,  3.03it/s]
 68%|██████████████████████████████████████████████████████████████▏                            | 369/540 [02:01<00:47,  3.60it/s]
 69%|██████████████████████████████████████████████████████████████▎                            | 370/540 [02:02<00:40,  4.15it/s]
 69%|██████████████████████████████████████████████████████████████▌                            | 371/540 [02:02<00:36,  4.66it/s]
 69%|██████████████████████████████████████████████████████████████▋                            | 372/540 [02:02<00:32,  5.09it/s]
 69%|██████████████████████████████████████████████████████████████▊                            | 373/540 [02:02<00:30,  5.45it/s]
 69%|███████████████████████████████████████████████████████████████                            | 374/540 [02:02<00:28,  5.73it/s]
 69%|███████████████████████████████████████████████████████████████▏                           | 375/540 [02:02<00:27,  5.95it/s]
                                                                                                                                  

 69%|███████████████████████████████████████████████████████████████▏                           | 375/540 [02:02<00:27,  5.95it/s]
 70%|███████████████████████████████████████████████████████████████▎                           | 376/540 [02:03<00:26,  6.11it/s]
 70%|███████████████████████████████████████████████████████████████▌                           | 377/540 [02:03<00:26,  6.23it/s]
 70%|███████████████████████████████████████████████████████████████▋                           | 378/540 [02:03<00:25,  6.31it/s]
 70%|███████████████████████████████████████████████████████████████▊                           | 379/540 [02:03<00:25,  6.37it/s]
 70%|████████████████████████████████████████████████████████████████                           | 380/540 [02:03<00:24,  6.41it/s]
 71%|████████████████████████████████████████████████████████████████▏                          | 381/540 [02:03<00:24,  6.45it/s]
 71%|████████████████████████████████████████████████████████████████▎                          | 382/540 [02:03<00:24,  6.47it/s]
 71%|████████████████████████████████████████████████████████████████▌                          | 383/540 [02:04<00:24,  6.48it/s]
 71%|████████████████████████████████████████████████████████████████▋                          | 384/540 [02:04<00:24,  6.49it/s]
 71%|████████████████████████████████████████████████████████████████▉                          | 385/540 [02:04<00:23,  6.51it/s]
 71%|█████████████████████████████████████████████████████████████████                          | 386/540 [02:04<00:23,  6.51it/s]
 72%|█████████████████████████████████████████████████████████████████▏                         | 387/540 [02:04<00:23,  6.51it/s]
 72%|█████████████████████████████████████████████████████████████████▍                         | 388/540 [02:04<00:23,  6.52it/s]
 72%|█████████████████████████████████████████████████████████████████▌                         | 389/540 [02:05<00:23,  6.52it/s]{'loss': '0.209', 'grad_norm': '1.55', 'learning_rate': '1.627e-05', 'epoch': '12.51'}


Writing model shards:   0%|                                                                                 | 0/1 [00:00<?, ?it/s][A

Writing model shards: 100%|█████████████████████████████████████████████████████████████████████████| 1/1 [00:01<00:00,  1.69s/it][A
Writing model shards: 100%|█████████████████████████████████████████████████████████████████████████| 1/1 [00:01<00:00,  1.69s/it]

 72%|█████████████████████████████████████████████████████████████████▉                         | 391/540 [02:10<03:21,  1.35s/it]
 73%|██████████████████████████████████████████████████████████████████                         | 392/540 [02:10<02:36,  1.06s/it]
 73%|██████████████████████████████████████████████████████████████████▏                        | 393/540 [02:10<02:00,  1.22it/s]
 73%|██████████████████████████████████████████████████████████████████▍                        | 394/540 [02:11<01:33,  1.56it/s]
 73%|██████████████████████████████████████████████████████████████████▌                        | 395/540 [02:11<01:13,  1.99it/s]
 73%|██████████████████████████████████████████████████████████████████▋                        | 396/540 [02:11<00:58,  2.47it/s]
 74%|██████████████████████████████████████████████████████████████████▉                        | 397/540 [02:11<00:47,  3.01it/s]
 74%|███████████████████████████████████████████████████████████████████                        | 398/540 [02:11<00:39,  3.56it/s]
 74%|███████████████████████████████████████████████████████████████████▏                       | 399/540 [02:11<00:34,  4.11it/s]
 74%|███████████████████████████████████████████████████████████████████▍                       | 400/540 [02:11<00:30,  4.61it/s]
                                                                                                                                  

 74%|███████████████████████████████████████████████████████████████████▍                       | 400/540 [02:11<00:30,  4.61it/s]
 74%|███████████████████████████████████████████████████████████████████▌                       | 401/540 [02:12<00:27,  5.03it/s]
 74%|███████████████████████████████████████████████████████████████████▋                       | 402/540 [02:12<00:25,  5.38it/s]
 75%|███████████████████████████████████████████████████████████████████▉                       | 403/540 [02:12<00:24,  5.67it/s]
 75%|████████████████████████████████████████████████████████████████████                       | 404/540 [02:12<00:23,  5.88it/s]
 75%|████████████████████████████████████████████████████████████████████▎                      | 405/540 [02:12<00:22,  6.05it/s]
 75%|████████████████████████████████████████████████████████████████████▍                      | 406/540 [02:12<00:21,  6.17it/s]
 75%|████████████████████████████████████████████████████████████████████▌                      | 407/540 [02:13<00:21,  6.26it/s]
 76%|████████████████████████████████████████████████████████████████████▊                      | 408/540 [02:13<00:21,  6.26it/s]
 76%|████████████████████████████████████████████████████████████████████▉                      | 409/540 [02:13<00:20,  6.32it/s]
 76%|█████████████████████████████████████████████████████████████████████                      | 410/540 [02:13<00:20,  6.37it/s]
 76%|█████████████████████████████████████████████████████████████████████▎                     | 411/540 [02:13<00:20,  6.39it/s]
 76%|█████████████████████████████████████████████████████████████████████▍                     | 412/540 [02:13<00:19,  6.42it/s]
 76%|█████████████████████████████████████████████████████████████████████▌                     | 413/540 [02:13<00:19,  6.39it/s]
 77%|█████████████████████████████████████████████████████████████████████▊                     | 414/540 [02:14<00:19,  6.40it/s]
 77%|█████████████████████████████████████████████████████████████████████▉                     | 415/540 [02:14<00:19,  6.42it/s]
 77%|██████████████████████████████████████████████████████████████████████                     | 416/540 [02:14<00:19,  6.43it/s]
 77%|██████████████████████████████████████████████████████████████████████▎                    | 417/540 [02:14<00:19,  6.44it/s]
 77%|██████████████████████████████████████████████████████████████████████▍                    | 418/540 [02:14<00:18,  6.44it/s]
 78%|██████████████████████████████████████████████████████████████████████▌                    | 419/540 [02:14<00:18,  6.45it/s]{'loss': '0.1944', 'grad_norm': '1.33', 'learning_rate': '1.382e-05', 'epoch': '13.34'}


Writing model shards:   0%|                                                                                 | 0/1 [00:00<?, ?it/s][A

Writing model shards: 100%|█████████████████████████████████████████████████████████████████████████| 1/1 [00:01<00:00,  1.38s/it][A
Writing model shards: 100%|█████████████████████████████████████████████████████████████████████████| 1/1 [00:01<00:00,  1.38s/it]

 78%|██████████████████████████████████████████████████████████████████████▉                    | 421/540 [02:19<02:27,  1.24s/it]
 78%|███████████████████████████████████████████████████████████████████████                    | 422/540 [02:20<01:54,  1.03it/s]
 78%|███████████████████████████████████████████████████████████████████████▎                   | 423/540 [02:20<01:28,  1.32it/s]
 79%|███████████████████████████████████████████████████████████████████████▍                   | 424/540 [02:20<01:08,  1.68it/s]
 79%|███████████████████████████████████████████████████████████████████████▌                   | 425/540 [02:20<00:54,  2.12it/s]
                                                                                                                                  

 79%|███████████████████████████████████████████████████████████████████████▌                   | 425/540 [02:20<00:54,  2.12it/s]
 79%|███████████████████████████████████████████████████████████████████████▊                   | 426/540 [02:20<00:43,  2.63it/s]
 79%|███████████████████████████████████████████████████████████████████████▉                   | 427/540 [02:20<00:35,  3.17it/s]
 79%|████████████████████████████████████████████████████████████████████████▏                  | 428/540 [02:21<00:30,  3.73it/s]
 79%|████████████████████████████████████████████████████████████████████████▎                  | 429/540 [02:21<00:26,  4.25it/s]
 80%|████████████████████████████████████████████████████████████████████████▍                  | 430/540 [02:21<00:23,  4.73it/s]
 80%|████████████████████████████████████████████████████████████████████████▋                  | 431/540 [02:21<00:21,  5.14it/s]
 80%|████████████████████████████████████████████████████████████████████████▊                  | 432/540 [02:21<00:19,  5.46it/s]
 80%|████████████████████████████████████████████████████████████████████████▉                  | 433/540 [02:21<00:18,  5.73it/s]
 80%|█████████████████████████████████████████████████████████████████████████▏                 | 434/540 [02:21<00:17,  5.92it/s]
 81%|█████████████████████████████████████████████████████████████████████████▎                 | 435/540 [02:22<00:17,  6.06it/s]
 81%|█████████████████████████████████████████████████████████████████████████▍                 | 436/540 [02:22<00:16,  6.17it/s]
 81%|█████████████████████████████████████████████████████████████████████████▋                 | 437/540 [02:22<00:16,  6.24it/s]
 81%|█████████████████████████████████████████████████████████████████████████▊                 | 438/540 [02:22<00:16,  6.30it/s]
 81%|█████████████████████████████████████████████████████████████████████████▉                 | 439/540 [02:22<00:15,  6.35it/s]
 81%|██████████████████████████████████████████████████████████████████████████▏                | 440/540 [02:22<00:15,  6.38it/s]
 82%|██████████████████████████████████████████████████████████████████████████▎                | 441/540 [02:23<00:15,  6.41it/s]
 82%|██████████████████████████████████████████████████████████████████████████▍                | 442/540 [02:23<00:15,  6.42it/s]
 82%|██████████████████████████████████████████████████████████████████████████▋                | 443/540 [02:23<00:15,  6.43it/s]
 82%|██████████████████████████████████████████████████████████████████████████▊                | 444/540 [02:23<00:14,  6.44it/s]
 82%|██████████████████████████████████████████████████████████████████████████▉                | 445/540 [02:23<00:14,  6.45it/s]
 83%|███████████████████████████████████████████████████████████████████████████▏               | 446/540 [02:23<00:14,  6.45it/s]
 83%|███████████████████████████████████████████████████████████████████████████▎               | 447/540 [02:23<00:14,  6.47it/s]
 83%|███████████████████████████████████████████████████████████████████████████▍               | 448/540 [02:24<00:14,  6.45it/s]
 83%|███████████████████████████████████████████████████████████████████████████▋               | 449/540 [02:24<00:14,  6.45it/s]
                                                                                                                                  

 83%|███████████████████████████████████████████████████████████████████████████▊               | 450/540 [02:24<00:13,  6.45it/s]{'loss': '0.1806', 'grad_norm': '1.62', 'learning_rate': '1.137e-05', 'epoch': '14.17'}
{'loss': '0.1832', 'grad_norm': '14.7', 'learning_rate': '8.922e-06', 'epoch': '15'}


Writing model shards:   0%|                                                                                 | 0/1 [00:00<?, ?it/s][A

Writing model shards: 100%|█████████████████████████████████████████████████████████████████████████| 1/1 [00:01<00:00,  1.72s/it][A
Writing model shards: 100%|█████████████████████████████████████████████████████████████████████████| 1/1 [00:01<00:00,  1.72s/it]

 84%|████████████████████████████████████████████████████████████████████████████               | 451/540 [02:32<03:01,  2.04s/it]
 84%|████████████████████████████████████████████████████████████████████████████▏              | 452/540 [02:32<02:18,  1.58s/it]
 84%|████████████████████████████████████████████████████████████████████████████▎              | 453/540 [02:33<01:44,  1.20s/it]
 84%|████████████████████████████████████████████████████████████████████████████▌              | 454/540 [02:33<01:19,  1.09it/s]
 84%|████████████████████████████████████████████████████████████████████████████▋              | 455/540 [02:33<00:59,  1.42it/s]
 84%|████████████████████████████████████████████████████████████████████████████▊              | 456/540 [02:33<00:45,  1.83it/s]
 85%|█████████████████████████████████████████████████████████████████████████████              | 457/540 [02:33<00:35,  2.31it/s]
 85%|█████████████████████████████████████████████████████████████████████████████▏             | 458/540 [02:33<00:28,  2.84it/s]
 85%|█████████████████████████████████████████████████████████████████████████████▎             | 459/540 [02:33<00:23,  3.41it/s]
 85%|█████████████████████████████████████████████████████████████████████████████▌             | 460/540 [02:34<00:20,  3.96it/s]
 85%|█████████████████████████████████████████████████████████████████████████████▋             | 461/540 [02:34<00:17,  4.48it/s]
 86%|█████████████████████████████████████████████████████████████████████████████▊             | 462/540 [02:34<00:15,  4.93it/s]
 86%|██████████████████████████████████████████████████████████████████████████████             | 463/540 [02:34<00:14,  5.31it/s]
 86%|██████████████████████████████████████████████████████████████████████████████▏            | 464/540 [02:34<00:13,  5.61it/s]
 86%|██████████████████████████████████████████████████████████████████████████████▎            | 465/540 [02:34<00:12,  5.79it/s]
 86%|██████████████████████████████████████████████████████████████████████████████▌            | 466/540 [02:35<00:12,  5.98it/s]
 86%|██████████████████████████████████████████████████████████████████████████████▋            | 467/540 [02:35<00:11,  6.12it/s]
 87%|██████████████████████████████████████████████████████████████████████████████▊            | 468/540 [02:35<00:11,  6.22it/s]
 87%|███████████████████████████████████████████████████████████████████████████████            | 469/540 [02:35<00:11,  6.29it/s]
 87%|███████████████████████████████████████████████████████████████████████████████▏           | 470/540 [02:35<00:11,  6.34it/s]
 87%|███████████████████████████████████████████████████████████████████████████████▎           | 471/540 [02:35<00:10,  6.38it/s]
 87%|███████████████████████████████████████████████████████████████████████████████▌           | 472/540 [02:36<00:10,  6.42it/s]
 88%|███████████████████████████████████████████████████████████████████████████████▋           | 473/540 [02:36<00:10,  6.43it/s]
 88%|███████████████████████████████████████████████████████████████████████████████▉           | 474/540 [02:36<00:10,  6.45it/s]
 88%|████████████████████████████████████████████████████████████████████████████████           | 475/540 [02:36<00:10,  6.45it/s]
                                                                                                                                  

 88%|████████████████████████████████████████████████████████████████████████████████           | 475/540 [02:36<00:10,  6.45it/s]
 88%|████████████████████████████████████████████████████████████████████████████████▏          | 476/540 [02:36<00:10,  6.40it/s]
 88%|████████████████████████████████████████████████████████████████████████████████▍          | 477/540 [02:36<00:09,  6.42it/s]
 89%|████████████████████████████████████████████████████████████████████████████████▌          | 478/540 [02:36<00:09,  6.44it/s]
 89%|████████████████████████████████████████████████████████████████████████████████▋          | 479/540 [02:37<00:09,  6.45it/s]{'loss': '0.1621', 'grad_norm': '1.335', 'learning_rate': '6.471e-06', 'epoch': '15.85'}


Writing model shards:   0%|                                                                                 | 0/1 [00:00<?, ?it/s][A

Writing model shards: 100%|█████████████████████████████████████████████████████████████████████████| 1/1 [00:01<00:00,  1.79s/it][A
Writing model shards: 100%|█████████████████████████████████████████████████████████████████████████| 1/1 [00:01<00:00,  1.79s/it]

 89%|█████████████████████████████████████████████████████████████████████████████████          | 481/540 [02:45<01:59,  2.02s/it]
 89%|█████████████████████████████████████████████████████████████████████████████████▏         | 482/540 [02:45<01:30,  1.56s/it]
 89%|█████████████████████████████████████████████████████████████████████████████████▍         | 483/540 [02:45<01:07,  1.19s/it]
 90%|█████████████████████████████████████████████████████████████████████████████████▌         | 484/540 [02:45<00:50,  1.10it/s]
 90%|█████████████████████████████████████████████████████████████████████████████████▋         | 485/540 [02:46<00:38,  1.43it/s]
 90%|█████████████████████████████████████████████████████████████████████████████████▉         | 486/540 [02:46<00:29,  1.84it/s]
 90%|██████████████████████████████████████████████████████████████████████████████████         | 487/540 [02:46<00:22,  2.32it/s]
 90%|██████████████████████████████████████████████████████████████████████████████████▏        | 488/540 [02:46<00:18,  2.85it/s]
 91%|██████████████████████████████████████████████████████████████████████████████████▍        | 489/540 [02:46<00:14,  3.42it/s]
 91%|██████████████████████████████████████████████████████████████████████████████████▌        | 490/540 [02:46<00:12,  3.98it/s]
 91%|██████████████████████████████████████████████████████████████████████████████████▋        | 491/540 [02:47<00:10,  4.49it/s]
 91%|██████████████████████████████████████████████████████████████████████████████████▉        | 492/540 [02:47<00:09,  4.94it/s]
 91%|███████████████████████████████████████████████████████████████████████████████████        | 493/540 [02:47<00:08,  5.31it/s]
 91%|███████████████████████████████████████████████████████████████████████████████████▏       | 494/540 [02:47<00:08,  5.59it/s]
 92%|███████████████████████████████████████████████████████████████████████████████████▍       | 495/540 [02:47<00:07,  5.83it/s]
 92%|███████████████████████████████████████████████████████████████████████████████████▌       | 496/540 [02:47<00:07,  6.00it/s]
 92%|███████████████████████████████████████████████████████████████████████████████████▊       | 497/540 [02:47<00:07,  6.13it/s]
 92%|███████████████████████████████████████████████████████████████████████████████████▉       | 498/540 [02:48<00:06,  6.23it/s]
 92%|████████████████████████████████████████████████████████████████████████████████████       | 499/540 [02:48<00:06,  6.31it/s]
 93%|████████████████████████████████████████████████████████████████████████████████████▎      | 500/540 [02:48<00:06,  6.35it/s]
                                                                                                                                  

 93%|████████████████████████████████████████████████████████████████████████████████████▎      | 500/540 [02:48<00:06,  6.35it/s]
 93%|████████████████████████████████████████████████████████████████████████████████████▍      | 501/540 [02:48<00:06,  6.39it/s]
 93%|████████████████████████████████████████████████████████████████████████████████████▌      | 502/540 [02:48<00:05,  6.41it/s]
 93%|████████████████████████████████████████████████████████████████████████████████████▊      | 503/540 [02:48<00:05,  6.43it/s]
 93%|████████████████████████████████████████████████████████████████████████████████████▉      | 504/540 [02:49<00:05,  6.44it/s]
 94%|█████████████████████████████████████████████████████████████████████████████████████      | 505/540 [02:49<00:05,  6.44it/s]
 94%|█████████████████████████████████████████████████████████████████████████████████████▎     | 506/540 [02:49<00:05,  6.43it/s]
 94%|█████████████████████████████████████████████████████████████████████████████████████▍     | 507/540 [02:49<00:05,  6.42it/s]
 94%|█████████████████████████████████████████████████████████████████████████████████████▌     | 508/540 [02:49<00:04,  6.43it/s]
 94%|█████████████████████████████████████████████████████████████████████████████████████▊     | 509/540 [02:49<00:04,  6.43it/s]{'loss': '0.1568', 'grad_norm': '1.152', 'learning_rate': '4.02e-06', 'epoch': '16.68'}


Writing model shards:   0%|                                                                                 | 0/1 [00:00<?, ?it/s][A

Writing model shards: 100%|█████████████████████████████████████████████████████████████████████████| 1/1 [00:01<00:00,  1.28s/it][A
Writing model shards: 100%|█████████████████████████████████████████████████████████████████████████| 1/1 [00:01<00:00,  1.28s/it]

 95%|██████████████████████████████████████████████████████████████████████████████████████     | 511/540 [02:58<00:59,  2.06s/it]
 95%|██████████████████████████████████████████████████████████████████████████████████████▎    | 512/540 [02:58<00:44,  1.59s/it]
 95%|██████████████████████████████████████████████████████████████████████████████████████▍    | 513/540 [02:58<00:32,  1.21s/it]
 95%|██████████████████████████████████████████████████████████████████████████████████████▌    | 514/540 [02:58<00:24,  1.08it/s]
 95%|██████████████████████████████████████████████████████████████████████████████████████▊    | 515/540 [02:59<00:17,  1.41it/s]
 96%|██████████████████████████████████████████████████████████████████████████████████████▉    | 516/540 [02:59<00:13,  1.81it/s]
 96%|███████████████████████████████████████████████████████████████████████████████████████    | 517/540 [02:59<00:10,  2.29it/s]
 96%|███████████████████████████████████████████████████████████████████████████████████████▎   | 518/540 [02:59<00:07,  2.82it/s]
 96%|███████████████████████████████████████████████████████████████████████████████████████▍   | 519/540 [02:59<00:06,  3.38it/s]
 96%|███████████████████████████████████████████████████████████████████████████████████████▋   | 520/540 [02:59<00:05,  3.94it/s]
 96%|███████████████████████████████████████████████████████████████████████████████████████▊   | 521/540 [02:59<00:04,  4.46it/s]
 97%|███████████████████████████████████████████████████████████████████████████████████████▉   | 522/540 [03:00<00:03,  4.92it/s]
 97%|████████████████████████████████████████████████████████████████████████████████████████▏  | 523/540 [03:00<00:03,  5.30it/s]
 97%|████████████████████████████████████████████████████████████████████████████████████████▎  | 524/540 [03:00<00:02,  5.60it/s]
 97%|████████████████████████████████████████████████████████████████████████████████████████▍  | 525/540 [03:00<00:02,  5.84it/s]
                                                                                                                                  

 97%|████████████████████████████████████████████████████████████████████████████████████████▍  | 525/540 [03:00<00:02,  5.84it/s]
 97%|████████████████████████████████████████████████████████████████████████████████████████▋  | 526/540 [03:00<00:02,  6.01it/s]
 98%|████████████████████████████████████████████████████████████████████████████████████████▊  | 527/540 [03:00<00:02,  6.13it/s]
 98%|████████████████████████████████████████████████████████████████████████████████████████▉  | 528/540 [03:01<00:01,  6.23it/s]
 98%|█████████████████████████████████████████████████████████████████████████████████████████▏ | 529/540 [03:01<00:01,  6.31it/s]
 98%|█████████████████████████████████████████████████████████████████████████████████████████▎ | 530/540 [03:01<00:01,  6.34it/s]
 98%|█████████████████████████████████████████████████████████████████████████████████████████▍ | 531/540 [03:01<00:01,  6.37it/s]
 99%|█████████████████████████████████████████████████████████████████████████████████████████▋ | 532/540 [03:01<00:01,  6.40it/s]
 99%|█████████████████████████████████████████████████████████████████████████████████████████▊ | 533/540 [03:01<00:01,  6.42it/s]
 99%|█████████████████████████████████████████████████████████████████████████████████████████▉ | 534/540 [03:01<00:00,  6.44it/s]
 99%|██████████████████████████████████████████████████████████████████████████████████████████▏| 535/540 [03:02<00:00,  6.38it/s]
 99%|██████████████████████████████████████████████████████████████████████████████████████████▎| 536/540 [03:02<00:00,  6.40it/s]
 99%|██████████████████████████████████████████████████████████████████████████████████████████▍| 537/540 [03:02<00:00,  6.42it/s]
100%|██████████████████████████████████████████████████████████████████████████████████████████▋| 538/540 [03:02<00:00,  6.39it/s]
100%|██████████████████████████████████████████████████████████████████████████████████████████▊| 539/540 [03:02<00:00,  6.40it/s]{'loss': '0.1507', 'grad_norm': '1.386', 'learning_rate': '1.569e-06', 'epoch': '17.51'}


Writing model shards:   0%|                                                                                 | 0/1 [00:00<?, ?it/s][A

Writing model shards: 100%|█████████████████████████████████████████████████████████████████████████| 1/1 [00:01<00:00,  1.69s/it][A
Writing model shards: 100%|█████████████████████████████████████████████████████████████████████████| 1/1 [00:01<00:00,  1.69s/it]

                                                                                                                                  

100%|███████████████████████████████████████████████████████████████████████████████████████████| 540/540 [03:11<00:00,  6.40it/s]
100%|███████████████████████████████████████████████████████████████████████████████████████████| 540/540 [03:11<00:00,  2.82it/s]
{'train_runtime': '191.3', 'train_samples_per_second': '43.76', 'train_steps_per_second': '2.823', 'train_loss': '0.5855', 'epoch': '18'}

  0%|                                                                                                       | 0/9 [00:00<?, ?it/s]
 67%|███████████████████████████████████████████████████████████████▎                               | 6/9 [00:00<00:00, 52.69it/s]
100%|███████████████████████████████████████████████████████████████████████████████████████████████| 9/9 [00:00<00:00, 49.38it/s]

Writing model shards:   0%|                                                                                 | 0/1 [00:00<?, ?it/s]
Writing model shards: 100%|█████████████████████████████████████████████████████████████████████████| 1/1 [00:01<00:00,  1.33s/it]
Writing model shards: 100%|█████████████████████████████████████████████████████████████████████████| 1/1 [00:01<00:00,  1.33s/it]

Loading weights:   0%|                                                                                    | 0/388 [00:00<?, ?it/s]
Loading weights:  66%|███████████████████████████████████████████████▌                        | 256/388 [00:00<00:00, 2538.88it/s]
Loading weights: 100%|████████████████████████████████████████████████████████████████████████| 388/388 [00:00<00:00, 1362.39it/s]

Loading weights:   0%|                                                                                    | 0/388 [00:00<?, ?it/s]
Loading weights:  84%|████████████████████████████████████████████████████████████▍           | 326/388 [00:00<00:00, 3230.44it/s]
Loading weights: 100%|████████████████████████████████████████████████████████████████████████| 388/388 [00:00<00:00, 3311.71it/s]

Loading weights:   0%|                                                                                    | 0/388 [00:00<?, ?it/s]
Loading weights:  23%|████████████████▊                                                         | 88/388 [00:00<00:00, 847.80it/s]
Loading weights:  52%|█████████████████████████████████████▋                                   | 200/388 [00:00<00:00, 970.71it/s]
Loading weights:  77%|███████████████████████████████████████████████████████▉                 | 297/388 [00:00<00:00, 846.78it/s]
Loading weights:  99%|████████████████████████████████████████████████████████████████████████▏| 384/388 [00:00<00:00, 815.94it/s]
Loading weights: 100%|█████████████████████████████████████████████████████████████████████████| 388/388 [00:00<00:00, 847.09it/s]

Loading weights:   0%|                                                                                    | 0/388 [00:00<?, ?it/s]
Loading weights:  34%|████████████████████████                                                | 130/388 [00:00<00:00, 1295.04it/s]
Loading weights:  72%|███████████████████████████████████████████████████▉                    | 280/388 [00:00<00:00, 1404.64it/s]
Loading weights: 100%|████████████████████████████████████████████████████████████████████████| 388/388 [00:00<00:00, 1424.31it/s]

Loading weights:   0%|                                                                                    | 0/773 [00:00<?, ?it/s]
Loading weights: 100%|███████████████████████████████████████████████████████████████████████| 773/773 [00:00<00:00, 29820.71it/s]
[RANK 0] Detected kernel version 5.4.0, which is below the recommended minimum of 5.5.0; this can cause the process to hang. It is recommended to upgrade the kernel to the minimum version or higher.

  0%|                                                                                                     | 0/360 [00:00<?, ?it/s]
  0%|▎                                                                                            | 1/360 [00:01<06:34,  1.10s/it]
  1%|▌                                                                                            | 2/360 [00:01<05:44,  1.04it/s]
  1%|▊                                                                                            | 3/360 [00:02<05:40,  1.05it/s]
  1%|█                                                                                            | 4/360 [00:03<05:37,  1.05it/s]
  1%|█▎                                                                                           | 5/360 [00:04<05:36,  1.06it/s]
  2%|█▌                                                                                           | 6/360 [00:05<05:34,  1.06it/s]
  2%|█▊                                                                                           | 7/360 [00:06<05:32,  1.06it/s]
  2%|██                                                                                           | 8/360 [00:07<05:32,  1.06it/s]
  2%|██▎                                                                                          | 9/360 [00:08<05:31,  1.06it/s]
  3%|██▌                                                                                         | 10/360 [00:09<05:30,  1.06it/s]
  3%|██▊                                                                                         | 11/360 [00:10<05:28,  1.06it/s]
  3%|███                                                                                         | 12/360 [00:11<05:28,  1.06it/s]
  4%|███▎                                                                                        | 13/360 [00:12<05:26,  1.06it/s]
  4%|███▌                                                                                        | 14/360 [00:13<05:24,  1.07it/s]
  4%|███▊                                                                                        | 15/360 [00:14<05:22,  1.07it/s]
  4%|████                                                                                        | 16/360 [00:15<05:21,  1.07it/s]
  5%|████▎                                                                                       | 17/360 [00:16<05:19,  1.07it/s]
  5%|████▌                                                                                       | 18/360 [00:16<05:18,  1.07it/s]
  5%|████▊                                                                                       | 19/360 [00:17<05:18,  1.07it/s]
  6%|█████                                                                                       | 20/360 [00:19<05:45,  1.02s/it]
  6%|█████▎                                                                                      | 21/360 [00:20<05:35,  1.01it/s]
  6%|█████▌                                                                                      | 22/360 [00:20<05:28,  1.03it/s]
  6%|█████▉                                                                                      | 23/360 [00:21<05:22,  1.04it/s]
  7%|██████▏                                                                                     | 24/360 [00:22<05:19,  1.05it/s]
  7%|██████▍                                                                                     | 25/360 [00:23<05:15,  1.06it/s]
                                                                                                                                  

  7%|██████▍                                                                                     | 25/360 [00:23<05:15,  1.06it/s]
  7%|██████▋                                                                                     | 26/360 [00:24<05:14,  1.06it/s]
  8%|██████▉                                                                                     | 27/360 [00:25<05:14,  1.06it/s]
  8%|███████▏                                                                                    | 28/360 [00:26<05:13,  1.06it/s]
  8%|███████▍                                                                                    | 29/360 [00:27<05:11,  1.06it/s]
  8%|███████▋                                                                                    | 30/360 [00:27<04:08,  1.33it/s]{'loss': '2.725', 'grad_norm': '1.931', 'learning_rate': '4e-05', 'epoch': '0.8547'}


Writing model shards:   0%|                                                                                 | 0/1 [00:00<?, ?it/s][A

Writing model shards: 100%|█████████████████████████████████████████████████████████████████████████| 1/1 [00:11<00:00, 11.15s/it][A
Writing model shards: 100%|█████████████████████████████████████████████████████████████████████████| 1/1 [00:11<00:00, 11.15s/it]

  9%|███████▉                                                                                    | 31/360 [00:54<47:13,  8.61s/it]
  9%|████████▏                                                                                   | 32/360 [00:55<34:29,  6.31s/it]
  9%|████████▍                                                                                   | 33/360 [00:56<25:37,  4.70s/it]
  9%|████████▋                                                                                   | 34/360 [00:57<19:24,  3.57s/it]
 10%|████████▉                                                                                   | 35/360 [00:58<15:05,  2.79s/it]
 10%|█████████▏                                                                                  | 36/360 [00:59<12:03,  2.23s/it]
 10%|█████████▍                                                                                  | 37/360 [01:00<09:55,  1.84s/it]
 11%|█████████▋                                                                                  | 38/360 [01:01<08:26,  1.57s/it]
 11%|█████████▉                                                                                  | 39/360 [01:02<07:24,  1.38s/it]
 11%|██████████▏                                                                                 | 40/360 [01:03<06:40,  1.25s/it]
 11%|██████████▍                                                                                 | 41/360 [01:04<06:55,  1.30s/it]
 12%|██████████▋                                                                                 | 42/360 [01:05<06:19,  1.19s/it]
 12%|██████████▉                                                                                 | 43/360 [01:06<05:54,  1.12s/it]
 12%|███████████▏                                                                                | 44/360 [01:07<05:38,  1.07s/it]
 12%|███████████▌                                                                                | 45/360 [01:08<05:28,  1.04s/it]
 13%|███████████▊                                                                                | 46/360 [01:09<05:18,  1.01s/it]
 13%|████████████                                                                                | 47/360 [01:10<05:10,  1.01it/s]
 13%|████████████▎                                                                               | 48/360 [01:11<05:04,  1.02it/s]
 14%|████████████▌                                                                               | 49/360 [01:12<05:00,  1.04it/s]
 14%|████████████▊                                                                               | 50/360 [01:13<04:57,  1.04it/s]
                                                                                                                                  

 14%|████████████▊                                                                               | 50/360 [01:13<04:57,  1.04it/s]
 14%|█████████████                                                                               | 51/360 [01:14<04:54,  1.05it/s]
 14%|█████████████▎                                                                              | 52/360 [01:15<04:52,  1.05it/s]
 15%|█████████████▌                                                                              | 53/360 [01:16<04:50,  1.06it/s]
 15%|█████████████▊                                                                              | 54/360 [01:17<04:50,  1.05it/s]
 15%|██████████████                                                                              | 55/360 [01:17<04:49,  1.05it/s]
 16%|██████████████▎                                                                             | 56/360 [01:18<04:50,  1.05it/s]
 16%|██████████████▌                                                                             | 57/360 [01:19<04:48,  1.05it/s]
 16%|██████████████▊                                                                             | 58/360 [01:20<04:51,  1.04it/s]
 16%|███████████████                                                                             | 59/360 [01:21<04:52,  1.03it/s]
 17%|███████████████▎                                                                            | 60/360 [01:22<03:54,  1.28it/s]{'loss': '1.454', 'grad_norm': '1.677', 'learning_rate': '4.727e-05', 'epoch': '1.684'}


Writing model shards:   0%|                                                                                 | 0/1 [00:00<?, ?it/s][A

Writing model shards: 100%|█████████████████████████████████████████████████████████████████████████| 1/1 [00:08<00:00,  8.29s/it][A
Writing model shards: 100%|█████████████████████████████████████████████████████████████████████████| 1/1 [00:08<00:00,  8.29s/it]

 17%|███████████████▌                                                                            | 61/360 [01:45<37:22,  7.50s/it]
 17%|███████████████▊                                                                            | 62/360 [01:46<27:30,  5.54s/it]
 18%|████████████████                                                                            | 63/360 [01:47<20:37,  4.17s/it]
 18%|████████████████▎                                                                           | 64/360 [01:48<15:50,  3.21s/it]
 18%|████████████████▌                                                                           | 65/360 [01:49<12:27,  2.53s/it]
 18%|████████████████▊                                                                           | 66/360 [01:50<10:06,  2.06s/it]
 19%|█████████████████                                                                           | 67/360 [01:51<08:26,  1.73s/it]
 19%|█████████████████▍                                                                          | 68/360 [01:52<07:16,  1.50s/it]
 19%|█████████████████▋                                                                          | 69/360 [01:53<06:27,  1.33s/it]
 19%|█████████████████▉                                                                          | 70/360 [01:53<05:53,  1.22s/it]
 20%|██████████████████▏                                                                         | 71/360 [01:54<05:28,  1.14s/it]
 20%|██████████████████▍                                                                         | 72/360 [01:55<05:11,  1.08s/it]
 20%|██████████████████▋                                                                         | 73/360 [01:56<04:59,  1.04s/it]
 21%|██████████████████▉                                                                         | 74/360 [01:57<04:51,  1.02s/it]
 21%|███████████████████▏                                                                        | 75/360 [01:58<04:44,  1.00it/s]
                                                                                                                                  

 21%|███████████████████▏                                                                        | 75/360 [01:58<04:44,  1.00it/s]
 21%|███████████████████▍                                                                        | 76/360 [01:59<04:39,  1.02it/s]
 21%|███████████████████▋                                                                        | 77/360 [02:00<04:35,  1.03it/s]
 22%|███████████████████▉                                                                        | 78/360 [02:01<04:32,  1.03it/s]
 22%|████████████████████▏                                                                       | 79/360 [02:02<04:30,  1.04it/s]
 22%|████████████████████▍                                                                       | 80/360 [02:03<04:28,  1.04it/s]
 22%|████████████████████▋                                                                       | 81/360 [02:04<04:27,  1.04it/s]
 23%|████████████████████▉                                                                       | 82/360 [02:05<04:48,  1.04s/it]
 23%|█████████████████████▏                                                                      | 83/360 [02:06<04:40,  1.01s/it]
 23%|█████████████████████▍                                                                      | 84/360 [02:07<04:33,  1.01it/s]
 24%|█████████████████████▋                                                                      | 85/360 [02:08<04:30,  1.02it/s]
 24%|█████████████████████▉                                                                      | 86/360 [02:09<04:26,  1.03it/s]
 24%|██████████████████████▏                                                                     | 87/360 [02:10<04:24,  1.03it/s]
 24%|██████████████████████▍                                                                     | 88/360 [02:11<04:21,  1.04it/s]
 25%|██████████████████████▋                                                                     | 89/360 [02:12<04:18,  1.05it/s]
 25%|███████████████████████                                                                     | 90/360 [02:12<03:25,  1.32it/s]{'loss': '1.2', 'grad_norm': '1.894', 'learning_rate': '4.348e-05', 'epoch': '2.513'}


Writing model shards:   0%|                                                                                 | 0/1 [00:00<?, ?it/s][A

Writing model shards: 100%|█████████████████████████████████████████████████████████████████████████| 1/1 [00:09<00:00,  9.36s/it][A
Writing model shards: 100%|█████████████████████████████████████████████████████████████████████████| 1/1 [00:09<00:00,  9.36s/it]

 25%|███████████████████████▎                                                                    | 91/360 [02:37<35:25,  7.90s/it]
 26%|███████████████████████▌                                                                    | 92/360 [02:38<25:57,  5.81s/it]
 26%|███████████████████████▊                                                                    | 93/360 [02:39<19:20,  4.35s/it]
 26%|████████████████████████                                                                    | 94/360 [02:40<14:43,  3.32s/it]
 26%|████████████████████████▎                                                                   | 95/360 [02:40<11:31,  2.61s/it]
 27%|████████████████████████▌                                                                   | 96/360 [02:41<09:16,  2.11s/it]
 27%|████████████████████████▊                                                                   | 97/360 [02:42<07:41,  1.75s/it]
 27%|█████████████████████████                                                                   | 98/360 [02:43<06:34,  1.51s/it]
 28%|█████████████████████████▎                                                                  | 99/360 [02:44<05:48,  1.33s/it]
 28%|█████████████████████████▎                                                                 | 100/360 [02:45<05:15,  1.21s/it]
                                                                                                                                  

 28%|█████████████████████████▎                                                                 | 100/360 [02:45<05:15,  1.21s/it]
 28%|█████████████████████████▌                                                                 | 101/360 [02:46<04:52,  1.13s/it]
 28%|█████████████████████████▊                                                                 | 102/360 [02:47<04:57,  1.15s/it]
 29%|██████████████████████████                                                                 | 103/360 [02:48<04:39,  1.09s/it]
 29%|██████████████████████████▎                                                                | 104/360 [02:49<04:26,  1.04s/it]
 29%|██████████████████████████▌                                                                | 105/360 [02:50<04:17,  1.01s/it]
 29%|██████████████████████████▊                                                                | 106/360 [02:51<04:10,  1.01it/s]
 30%|███████████████████████████                                                                | 107/360 [02:52<04:05,  1.03it/s]
 30%|███████████████████████████▎                                                               | 108/360 [02:53<04:01,  1.04it/s]
 30%|███████████████████████████▌                                                               | 109/360 [02:54<03:58,  1.05it/s]
 31%|███████████████████████████▊                                                               | 110/360 [02:55<03:56,  1.06it/s]
 31%|████████████████████████████                                                               | 111/360 [02:56<03:54,  1.06it/s]
 31%|████████████████████████████▎                                                              | 112/360 [02:57<03:52,  1.07it/s]
 31%|████████████████████████████▌                                                              | 113/360 [02:58<03:51,  1.07it/s]
 32%|████████████████████████████▊                                                              | 114/360 [02:58<03:50,  1.07it/s]
 32%|█████████████████████████████                                                              | 115/360 [02:59<03:49,  1.07it/s]
 32%|█████████████████████████████▎                                                             | 116/360 [03:00<03:48,  1.07it/s]
 32%|█████████████████████████████▌                                                             | 117/360 [03:01<03:47,  1.07it/s]
 33%|█████████████████████████████▊                                                             | 118/360 [03:02<03:46,  1.07it/s]
 33%|██████████████████████████████                                                             | 119/360 [03:03<03:46,  1.06it/s]
 33%|██████████████████████████████▎                                                            | 120/360 [03:03<03:01,  1.32it/s]{'loss': '0.9428', 'grad_norm': '1.735', 'learning_rate': '3.985e-05', 'epoch': '3.342'}


Writing model shards:   0%|                                                                                 | 0/1 [00:00<?, ?it/s][A

Writing model shards: 100%|█████████████████████████████████████████████████████████████████████████| 1/1 [00:08<00:00,  8.78s/it][A
Writing model shards: 100%|█████████████████████████████████████████████████████████████████████████| 1/1 [00:08<00:00,  8.78s/it]

 34%|██████████████████████████████▌                                                            | 121/360 [03:30<33:32,  8.42s/it]
 34%|██████████████████████████████▊                                                            | 122/360 [03:31<24:29,  6.18s/it]
 34%|███████████████████████████████                                                            | 123/360 [03:32<18:29,  4.68s/it]
 34%|███████████████████████████████▎                                                           | 124/360 [03:33<13:59,  3.56s/it]
 35%|███████████████████████████████▌                                                           | 125/360 [03:34<10:50,  2.77s/it]
                                                                                                                                  

 35%|███████████████████████████████▌                                                           | 125/360 [03:34<10:50,  2.77s/it]
 35%|███████████████████████████████▊                                                           | 126/360 [03:35<08:39,  2.22s/it]
 35%|████████████████████████████████                                                           | 127/360 [03:36<07:06,  1.83s/it]
 36%|████████████████████████████████▎                                                          | 128/360 [03:37<06:02,  1.56s/it]
 36%|████████████████████████████████▌                                                          | 129/360 [03:37<05:16,  1.37s/it]
 36%|████████████████████████████████▊                                                          | 130/360 [03:38<04:44,  1.24s/it]
 36%|█████████████████████████████████                                                          | 131/360 [03:39<04:22,  1.15s/it]
 37%|█████████████████████████████████▎                                                         | 132/360 [03:40<04:06,  1.08s/it]
 37%|█████████████████████████████████▌                                                         | 133/360 [03:41<03:55,  1.04s/it]
 37%|█████████████████████████████████▊                                                         | 134/360 [03:42<03:46,  1.00s/it]
 38%|██████████████████████████████████▏                                                        | 135/360 [03:43<03:41,  1.02it/s]
 38%|██████████████████████████████████▍                                                        | 136/360 [03:44<03:36,  1.03it/s]
 38%|██████████████████████████████████▋                                                        | 137/360 [03:45<03:33,  1.05it/s]
 38%|██████████████████████████████████▉                                                        | 138/360 [03:46<03:30,  1.05it/s]
 39%|███████████████████████████████████▏                                                       | 139/360 [03:47<03:28,  1.06it/s]
 39%|███████████████████████████████████▍                                                       | 140/360 [03:48<03:26,  1.06it/s]
 39%|███████████████████████████████████▋                                                       | 141/360 [03:49<03:25,  1.07it/s]
 39%|███████████████████████████████████▉                                                       | 142/360 [03:50<03:39,  1.00s/it]
 40%|████████████████████████████████████▏                                                      | 143/360 [03:51<03:33,  1.02it/s]
 40%|████████████████████████████████████▍                                                      | 144/360 [03:52<03:29,  1.03it/s]
 40%|████████████████████████████████████▋                                                      | 145/360 [03:53<03:25,  1.04it/s]
 41%|████████████████████████████████████▉                                                      | 146/360 [03:54<03:23,  1.05it/s]
 41%|█████████████████████████████████████▏                                                     | 147/360 [03:54<03:21,  1.06it/s]
 41%|█████████████████████████████████████▍                                                     | 148/360 [03:55<03:19,  1.06it/s]
 41%|█████████████████████████████████████▋                                                     | 149/360 [03:56<03:17,  1.07it/s]
 42%|█████████████████████████████████████▉                                                     | 150/360 [03:57<02:38,  1.33it/s]
                                                                                                                                  

 42%|█████████████████████████████████████▉                                                     | 150/360 [03:57<02:38,  1.33it/s]{'loss': '0.7699', 'grad_norm': '1.869', 'learning_rate': '3.606e-05', 'epoch': '4.171'}
{'loss': '0.619', 'grad_norm': '5.922', 'learning_rate': '3.227e-05', 'epoch': '5'}


Writing model shards:   0%|                                                                                 | 0/1 [00:00<?, ?it/s][A

Writing model shards: 100%|█████████████████████████████████████████████████████████████████████████| 1/1 [00:07<00:00,  7.81s/it][A
Writing model shards: 100%|█████████████████████████████████████████████████████████████████████████| 1/1 [00:07<00:00,  7.81s/it]

 42%|██████████████████████████████████████▏                                                    | 151/360 [04:19<25:38,  7.36s/it]
 42%|██████████████████████████████████████▍                                                    | 152/360 [04:20<18:51,  5.44s/it]
 42%|██████████████████████████████████████▋                                                    | 153/360 [04:21<14:06,  4.09s/it]
 43%|██████████████████████████████████████▉                                                    | 154/360 [04:22<10:48,  3.15s/it]
 43%|███████████████████████████████████████▏                                                   | 155/360 [04:23<08:29,  2.49s/it]
 43%|███████████████████████████████████████▍                                                   | 156/360 [04:24<06:52,  2.02s/it]
 44%|███████████████████████████████████████▋                                                   | 157/360 [04:25<05:44,  1.70s/it]
 44%|███████████████████████████████████████▉                                                   | 158/360 [04:26<04:58,  1.48s/it]
 44%|████████████████████████████████████████▏                                                  | 159/360 [04:27<04:24,  1.32s/it]
 44%|████████████████████████████████████████▍                                                  | 160/360 [04:28<04:00,  1.20s/it]
 45%|████████████████████████████████████████▋                                                  | 161/360 [04:29<03:42,  1.12s/it]
 45%|████████████████████████████████████████▉                                                  | 162/360 [04:30<03:30,  1.06s/it]
 45%|█████████████████████████████████████████▏                                                 | 163/360 [04:31<03:37,  1.10s/it]
 46%|█████████████████████████████████████████▍                                                 | 164/360 [04:32<03:25,  1.05s/it]
 46%|█████████████████████████████████████████▋                                                 | 165/360 [04:33<03:18,  1.02s/it]
 46%|█████████████████████████████████████████▉                                                 | 166/360 [04:34<03:12,  1.01it/s]
 46%|██████████████████████████████████████████▏                                                | 167/360 [04:35<03:07,  1.03it/s]
 47%|██████████████████████████████████████████▍                                                | 168/360 [04:36<03:04,  1.04it/s]
 47%|██████████████████████████████████████████▋                                                | 169/360 [04:37<03:01,  1.05it/s]
 47%|██████████████████████████████████████████▉                                                | 170/360 [04:38<02:59,  1.06it/s]
 48%|███████████████████████████████████████████▏                                               | 171/360 [04:38<02:58,  1.06it/s]
 48%|███████████████████████████████████████████▍                                               | 172/360 [04:39<02:56,  1.06it/s]
 48%|███████████████████████████████████████████▋                                               | 173/360 [04:40<02:55,  1.07it/s]
 48%|███████████████████████████████████████████▉                                               | 174/360 [04:41<02:54,  1.07it/s]
 49%|████████████████████████████████████████████▏                                              | 175/360 [04:42<02:53,  1.07it/s]
                                                                                                                                  

 49%|████████████████████████████████████████████▏                                              | 175/360 [04:42<02:53,  1.07it/s]
 49%|████████████████████████████████████████████▍                                              | 176/360 [04:43<02:52,  1.07it/s]
 49%|████████████████████████████████████████████▋                                              | 177/360 [04:44<02:50,  1.07it/s]
 49%|████████████████████████████████████████████▉                                              | 178/360 [04:45<02:49,  1.07it/s]
 50%|█████████████████████████████████████████████▏                                             | 179/360 [04:46<02:48,  1.07it/s]
 50%|█████████████████████████████████████████████▌                                             | 180/360 [04:46<02:14,  1.34it/s]{'loss': '0.4836', 'grad_norm': '1.759', 'learning_rate': '2.848e-05', 'epoch': '5.855'}


Writing model shards:   0%|                                                                                 | 0/1 [00:00<?, ?it/s][A

Writing model shards: 100%|█████████████████████████████████████████████████████████████████████████| 1/1 [00:08<00:00,  8.87s/it][A
Writing model shards: 100%|█████████████████████████████████████████████████████████████████████████| 1/1 [00:08<00:00,  8.87s/it]

 50%|█████████████████████████████████████████████▊                                             | 181/360 [05:12<24:54,  8.35s/it]
 51%|██████████████████████████████████████████████                                             | 182/360 [05:13<18:11,  6.13s/it]
 51%|██████████████████████████████████████████████▎                                            | 183/360 [05:14<13:29,  4.58s/it]
 51%|██████████████████████████████████████████████▌                                            | 184/360 [05:15<10:27,  3.56s/it]
 51%|██████████████████████████████████████████████▊                                            | 185/360 [05:16<08:06,  2.78s/it]
 52%|███████████████████████████████████████████████                                            | 186/360 [05:17<06:27,  2.23s/it]
 52%|███████████████████████████████████████████████▎                                           | 187/360 [05:18<05:18,  1.84s/it]
 52%|███████████████████████████████████████████████▌                                           | 188/360 [05:19<04:30,  1.57s/it]
 52%|███████████████████████████████████████████████▊                                           | 189/360 [05:20<03:56,  1.38s/it]
 53%|████████████████████████████████████████████████                                           | 190/360 [05:21<03:32,  1.25s/it]
 53%|████████████████████████████████████████████████▎                                          | 191/360 [05:22<03:15,  1.16s/it]
 53%|████████████████████████████████████████████████▌                                          | 192/360 [05:23<03:03,  1.09s/it]
 54%|████████████████████████████████████████████████▊                                          | 193/360 [05:24<02:54,  1.05s/it]
 54%|█████████████████████████████████████████████████                                          | 194/360 [05:25<02:48,  1.02s/it]
 54%|█████████████████████████████████████████████████▎                                         | 195/360 [05:26<02:44,  1.01it/s]
 54%|█████████████████████████████████████████████████▌                                         | 196/360 [05:27<02:40,  1.02it/s]
 55%|█████████████████████████████████████████████████▊                                         | 197/360 [05:28<02:37,  1.03it/s]
 55%|██████████████████████████████████████████████████                                         | 198/360 [05:29<02:35,  1.04it/s]
 55%|██████████████████████████████████████████████████▎                                        | 199/360 [05:30<02:33,  1.05it/s]
 56%|██████████████████████████████████████████████████▌                                        | 200/360 [05:31<02:32,  1.05it/s]
                                                                                                                                  

 56%|██████████████████████████████████████████████████▌                                        | 200/360 [05:31<02:32,  1.05it/s]
 56%|██████████████████████████████████████████████████▊                                        | 201/360 [05:31<02:30,  1.05it/s]
 56%|███████████████████████████████████████████████████                                        | 202/360 [05:32<02:29,  1.06it/s]
 56%|███████████████████████████████████████████████████▎                                       | 203/360 [05:33<02:28,  1.06it/s]
 57%|███████████████████████████████████████████████████▌                                       | 204/360 [05:34<02:27,  1.06it/s]
 57%|███████████████████████████████████████████████████▊                                       | 205/360 [05:35<02:37,  1.02s/it]
 57%|████████████████████████████████████████████████████                                       | 206/360 [05:36<02:33,  1.01it/s]
 57%|████████████████████████████████████████████████████▎                                      | 207/360 [05:37<02:29,  1.02it/s]
 58%|████████████████████████████████████████████████████▌                                      | 208/360 [05:38<02:27,  1.03it/s]
 58%|████████████████████████████████████████████████████▊                                      | 209/360 [05:39<02:25,  1.04it/s]
 58%|█████████████████████████████████████████████████████                                      | 210/360 [05:40<01:56,  1.29it/s]{'loss': '0.4042', 'grad_norm': '1.585', 'learning_rate': '2.47e-05', 'epoch': '6.684'}


Writing model shards:   0%|                                                                                 | 0/1 [00:00<?, ?it/s][A

Writing model shards: 100%|█████████████████████████████████████████████████████████████████████████| 1/1 [00:07<00:00,  7.69s/it][A
Writing model shards: 100%|█████████████████████████████████████████████████████████████████████████| 1/1 [00:07<00:00,  7.69s/it]

 59%|█████████████████████████████████████████████████████▎                                     | 211/360 [06:04<19:15,  7.75s/it]
 59%|█████████████████████████████████████████████████████▌                                     | 212/360 [06:05<14:05,  5.71s/it]
 59%|█████████████████████████████████████████████████████▊                                     | 213/360 [06:06<10:29,  4.28s/it]
 59%|██████████████████████████████████████████████████████                                     | 214/360 [06:06<07:58,  3.28s/it]
 60%|██████████████████████████████████████████████████████▎                                    | 215/360 [06:07<06:13,  2.58s/it]
 60%|██████████████████████████████████████████████████████▌                                    | 216/360 [06:08<05:00,  2.09s/it]
 60%|██████████████████████████████████████████████████████▊                                    | 217/360 [06:09<04:09,  1.74s/it]
 61%|███████████████████████████████████████████████████████                                    | 218/360 [06:10<03:33,  1.50s/it]
 61%|███████████████████████████████████████████████████████▎                                   | 219/360 [06:11<03:08,  1.33s/it]
 61%|███████████████████████████████████████████████████████▌                                   | 220/360 [06:12<02:50,  1.22s/it]
 61%|███████████████████████████████████████████████████████▊                                   | 221/360 [06:13<02:37,  1.14s/it]
 62%|████████████████████████████████████████████████████████                                   | 222/360 [06:14<02:28,  1.08s/it]
 62%|████████████████████████████████████████████████████████▎                                  | 223/360 [06:15<02:22,  1.04s/it]
 62%|████████████████████████████████████████████████████████▌                                  | 224/360 [06:16<02:17,  1.01s/it]
 62%|████████████████████████████████████████████████████████▉                                  | 225/360 [06:17<02:13,  1.01it/s]
                                                                                                                                  

 62%|████████████████████████████████████████████████████████▉                                  | 225/360 [06:17<02:13,  1.01it/s]
 63%|█████████████████████████████████████████████████████████▏                                 | 226/360 [06:18<02:20,  1.05s/it]
 63%|█████████████████████████████████████████████████████████▍                                 | 227/360 [06:19<02:15,  1.02s/it]
 63%|█████████████████████████████████████████████████████████▋                                 | 228/360 [06:20<02:11,  1.00it/s]
 64%|█████████████████████████████████████████████████████████▉                                 | 229/360 [06:21<02:08,  1.02it/s]
 64%|██████████████████████████████████████████████████████████▏                                | 230/360 [06:22<02:06,  1.03it/s]
 64%|██████████████████████████████████████████████████████████▍                                | 231/360 [06:23<02:04,  1.04it/s]
 64%|██████████████████████████████████████████████████████████▋                                | 232/360 [06:24<02:02,  1.05it/s]
 65%|██████████████████████████████████████████████████████████▉                                | 233/360 [06:25<02:00,  1.05it/s]
 65%|███████████████████████████████████████████████████████████▏                               | 234/360 [06:26<01:59,  1.05it/s]
 65%|███████████████████████████████████████████████████████████▍                               | 235/360 [06:27<01:58,  1.06it/s]
 66%|███████████████████████████████████████████████████████████▋                               | 236/360 [06:27<01:57,  1.06it/s]
 66%|███████████████████████████████████████████████████████████▉                               | 237/360 [06:28<01:56,  1.06it/s]
 66%|████████████████████████████████████████████████████████████▏                              | 238/360 [06:29<01:55,  1.06it/s]
 66%|████████████████████████████████████████████████████████████▍                              | 239/360 [06:30<01:54,  1.06it/s]
 67%|████████████████████████████████████████████████████████████▋                              | 240/360 [06:31<01:30,  1.32it/s]{'loss': '0.3535', 'grad_norm': '1.506', 'learning_rate': '2.091e-05', 'epoch': '7.513'}


Writing model shards:   0%|                                                                                 | 0/1 [00:00<?, ?it/s][A

Writing model shards: 100%|█████████████████████████████████████████████████████████████████████████| 1/1 [00:08<00:00,  8.59s/it][A
Writing model shards: 100%|█████████████████████████████████████████████████████████████████████████| 1/1 [00:08<00:00,  8.59s/it]

 67%|████████████████████████████████████████████████████████████▉                              | 241/360 [06:54<15:09,  7.64s/it]
 67%|█████████████████████████████████████████████████████████████▏                             | 242/360 [06:55<11:04,  5.63s/it]
 68%|█████████████████████████████████████████████████████████████▍                             | 243/360 [06:56<08:14,  4.23s/it]
 68%|█████████████████████████████████████████████████████████████▋                             | 244/360 [06:57<06:16,  3.25s/it]
 68%|█████████████████████████████████████████████████████████████▉                             | 245/360 [06:58<04:53,  2.56s/it]
 68%|██████████████████████████████████████████████████████████████▏                            | 246/360 [06:59<04:05,  2.15s/it]
 69%|██████████████████████████████████████████████████████████████▍                            | 247/360 [07:00<03:22,  1.79s/it]
 69%|██████████████████████████████████████████████████████████████▋                            | 248/360 [07:01<02:52,  1.54s/it]
 69%|██████████████████████████████████████████████████████████████▉                            | 249/360 [07:02<02:31,  1.36s/it]
 69%|███████████████████████████████████████████████████████████████▏                           | 250/360 [07:03<02:15,  1.24s/it]
                                                                                                                                  

 69%|███████████████████████████████████████████████████████████████▏                           | 250/360 [07:03<02:15,  1.24s/it]
 70%|███████████████████████████████████████████████████████████████▍                           | 251/360 [07:04<02:05,  1.15s/it]
 70%|███████████████████████████████████████████████████████████████▋                           | 252/360 [07:05<01:57,  1.09s/it]
 70%|███████████████████████████████████████████████████████████████▉                           | 253/360 [07:06<01:51,  1.04s/it]
 71%|████████████████████████████████████████████████████████████████▏                          | 254/360 [07:07<01:47,  1.01s/it]
 71%|████████████████████████████████████████████████████████████████▍                          | 255/360 [07:08<01:44,  1.01it/s]
 71%|████████████████████████████████████████████████████████████████▋                          | 256/360 [07:09<01:41,  1.02it/s]
 71%|████████████████████████████████████████████████████████████████▉                          | 257/360 [07:10<01:39,  1.03it/s]
 72%|█████████████████████████████████████████████████████████████████▏                         | 258/360 [07:11<01:38,  1.04it/s]
 72%|█████████████████████████████████████████████████████████████████▍                         | 259/360 [07:12<01:36,  1.04it/s]
 72%|█████████████████████████████████████████████████████████████████▋                         | 260/360 [07:13<01:35,  1.05it/s]
 72%|█████████████████████████████████████████████████████████████████▉                         | 261/360 [07:14<01:34,  1.05it/s]
 73%|██████████████████████████████████████████████████████████████████▏                        | 262/360 [07:14<01:33,  1.05it/s]
 73%|██████████████████████████████████████████████████████████████████▍                        | 263/360 [07:15<01:32,  1.05it/s]
 73%|██████████████████████████████████████████████████████████████████▋                        | 264/360 [07:16<01:31,  1.05it/s]
 74%|██████████████████████████████████████████████████████████████████▉                        | 265/360 [07:17<01:30,  1.06it/s]
 74%|███████████████████████████████████████████████████████████████████▏                       | 266/360 [07:18<01:35,  1.01s/it]
 74%|███████████████████████████████████████████████████████████████████▍                       | 267/360 [07:19<01:32,  1.01it/s]
 74%|███████████████████████████████████████████████████████████████████▋                       | 268/360 [07:20<01:29,  1.02it/s]
 75%|███████████████████████████████████████████████████████████████████▉                       | 269/360 [07:21<01:28,  1.03it/s]
 75%|████████████████████████████████████████████████████████████████████▎                      | 270/360 [07:22<01:09,  1.29it/s]{'loss': '0.3064', 'grad_norm': '1.367', 'learning_rate': '1.712e-05', 'epoch': '8.342'}


Writing model shards:   0%|                                                                                 | 0/1 [00:00<?, ?it/s][A

Writing model shards: 100%|█████████████████████████████████████████████████████████████████████████| 1/1 [00:07<00:00,  7.93s/it][A
Writing model shards: 100%|█████████████████████████████████████████████████████████████████████████| 1/1 [00:07<00:00,  7.93s/it]

 75%|████████████████████████████████████████████████████████████████████▌                      | 271/360 [07:46<11:31,  7.77s/it]
 76%|████████████████████████████████████████████████████████████████████▊                      | 272/360 [07:47<08:23,  5.72s/it]
 76%|█████████████████████████████████████████████████████████████████████                      | 273/360 [07:48<06:13,  4.29s/it]
 76%|█████████████████████████████████████████████████████████████████████▎                     | 274/360 [07:49<04:42,  3.28s/it]
 76%|█████████████████████████████████████████████████████████████████████▌                     | 275/360 [07:49<03:39,  2.58s/it]
                                                                                                                                  

 76%|█████████████████████████████████████████████████████████████████████▌                     | 275/360 [07:50<03:39,  2.58s/it]
 77%|█████████████████████████████████████████████████████████████████████▊                     | 276/360 [07:50<02:55,  2.09s/it]
 77%|██████████████████████████████████████████████████████████████████████                     | 277/360 [07:51<02:24,  1.75s/it]
 77%|██████████████████████████████████████████████████████████████████████▎                    | 278/360 [07:52<02:03,  1.50s/it]
 78%|██████████████████████████████████████████████████████████████████████▌                    | 279/360 [07:53<01:48,  1.34s/it]
 78%|██████████████████████████████████████████████████████████████████████▊                    | 280/360 [07:54<01:37,  1.22s/it]
 78%|███████████████████████████████████████████████████████████████████████                    | 281/360 [07:55<01:29,  1.13s/it]
 78%|███████████████████████████████████████████████████████████████████████▎                   | 282/360 [07:56<01:24,  1.08s/it]
 79%|███████████████████████████████████████████████████████████████████████▌                   | 283/360 [07:57<01:19,  1.04s/it]
 79%|███████████████████████████████████████████████████████████████████████▊                   | 284/360 [07:58<01:16,  1.01s/it]
 79%|████████████████████████████████████████████████████████████████████████                   | 285/360 [07:59<01:14,  1.01it/s]
 79%|████████████████████████████████████████████████████████████████████████▎                  | 286/360 [08:00<01:17,  1.05s/it]
 80%|████████████████████████████████████████████████████████████████████████▌                  | 287/360 [08:01<01:14,  1.01s/it]
 80%|████████████████████████████████████████████████████████████████████████▊                  | 288/360 [08:02<01:11,  1.01it/s]
 80%|█████████████████████████████████████████████████████████████████████████                  | 289/360 [08:03<01:09,  1.02it/s]
 81%|█████████████████████████████████████████████████████████████████████████▎                 | 290/360 [08:04<01:07,  1.03it/s]
 81%|█████████████████████████████████████████████████████████████████████████▌                 | 291/360 [08:05<01:06,  1.04it/s]
 81%|█████████████████████████████████████████████████████████████████████████▊                 | 292/360 [08:06<01:04,  1.05it/s]
 81%|██████████████████████████████████████████████████████████████████████████                 | 293/360 [08:07<01:03,  1.05it/s]
 82%|██████████████████████████████████████████████████████████████████████████▎                | 294/360 [08:08<01:02,  1.05it/s]
 82%|██████████████████████████████████████████████████████████████████████████▌                | 295/360 [08:09<01:01,  1.06it/s]
 82%|██████████████████████████████████████████████████████████████████████████▊                | 296/360 [08:10<01:00,  1.05it/s]
 82%|███████████████████████████████████████████████████████████████████████████                | 297/360 [08:10<00:59,  1.06it/s]
 83%|███████████████████████████████████████████████████████████████████████████▎               | 298/360 [08:11<00:58,  1.06it/s]
 83%|███████████████████████████████████████████████████████████████████████████▌               | 299/360 [08:12<00:57,  1.06it/s]
 83%|███████████████████████████████████████████████████████████████████████████▊               | 300/360 [08:13<00:45,  1.32it/s]
                                                                                                                                  

 83%|███████████████████████████████████████████████████████████████████████████▊               | 300/360 [08:13<00:45,  1.32it/s]{'loss': '0.2787', 'grad_norm': '1.308', 'learning_rate': '1.333e-05', 'epoch': '9.171'}
{'loss': '0.245', 'grad_norm': '3.449', 'learning_rate': '9.545e-06', 'epoch': '10'}


Writing model shards:   0%|                                                                                 | 0/1 [00:00<?, ?it/s][A

Writing model shards: 100%|█████████████████████████████████████████████████████████████████████████| 1/1 [00:07<00:00,  7.71s/it][A
Writing model shards: 100%|█████████████████████████████████████████████████████████████████████████| 1/1 [00:07<00:00,  7.71s/it]

 84%|████████████████████████████████████████████████████████████████████████████               | 301/360 [08:36<07:24,  7.53s/it]
 84%|████████████████████████████████████████████████████████████████████████████▎              | 302/360 [08:37<05:22,  5.56s/it]
 84%|████████████████████████████████████████████████████████████████████████████▌              | 303/360 [08:38<03:57,  4.17s/it]
 84%|████████████████████████████████████████████████████████████████████████████▊              | 304/360 [08:39<02:59,  3.21s/it]
 85%|█████████████████████████████████████████████████████████████████████████████              | 305/360 [08:40<02:19,  2.53s/it]
 85%|█████████████████████████████████████████████████████████████████████████████▎             | 306/360 [08:41<01:50,  2.05s/it]
 85%|█████████████████████████████████████████████████████████████████████████████▌             | 307/360 [08:42<01:35,  1.80s/it]
 86%|█████████████████████████████████████████████████████████████████████████████▊             | 308/360 [08:43<01:20,  1.54s/it]
 86%|██████████████████████████████████████████████████████████████████████████████             | 309/360 [08:44<01:09,  1.36s/it]
 86%|██████████████████████████████████████████████████████████████████████████████▎            | 310/360 [08:45<01:01,  1.24s/it]
 86%|██████████████████████████████████████████████████████████████████████████████▌            | 311/360 [08:46<00:56,  1.15s/it]
 87%|██████████████████████████████████████████████████████████████████████████████▊            | 312/360 [08:47<00:52,  1.09s/it]
 87%|███████████████████████████████████████████████████████████████████████████████            | 313/360 [08:48<00:49,  1.04s/it]
 87%|███████████████████████████████████████████████████████████████████████████████▎           | 314/360 [08:49<00:46,  1.01s/it]
 88%|███████████████████████████████████████████████████████████████████████████████▋           | 315/360 [08:49<00:44,  1.01it/s]
 88%|███████████████████████████████████████████████████████████████████████████████▉           | 316/360 [08:50<00:43,  1.01it/s]
 88%|████████████████████████████████████████████████████████████████████████████████▏          | 317/360 [08:51<00:42,  1.02it/s]
 88%|████████████████████████████████████████████████████████████████████████████████▍          | 318/360 [08:52<00:40,  1.03it/s]
 89%|████████████████████████████████████████████████████████████████████████████████▋          | 319/360 [08:53<00:39,  1.04it/s]
 89%|████████████████████████████████████████████████████████████████████████████████▉          | 320/360 [08:54<00:38,  1.05it/s]
 89%|█████████████████████████████████████████████████████████████████████████████████▏         | 321/360 [08:55<00:37,  1.05it/s]
 89%|█████████████████████████████████████████████████████████████████████████████████▍         | 322/360 [08:56<00:36,  1.05it/s]
 90%|█████████████████████████████████████████████████████████████████████████████████▋         | 323/360 [08:57<00:35,  1.05it/s]
 90%|█████████████████████████████████████████████████████████████████████████████████▉         | 324/360 [08:58<00:34,  1.05it/s]
 90%|██████████████████████████████████████████████████████████████████████████████████▏        | 325/360 [08:59<00:33,  1.05it/s]
                                                                                                                                  

 90%|██████████████████████████████████████████████████████████████████████████████████▏        | 325/360 [08:59<00:33,  1.05it/s]
 91%|██████████████████████████████████████████████████████████████████████████████████▍        | 326/360 [09:00<00:32,  1.05it/s]
 91%|██████████████████████████████████████████████████████████████████████████████████▋        | 327/360 [09:01<00:33,  1.03s/it]
 91%|██████████████████████████████████████████████████████████████████████████████████▉        | 328/360 [09:02<00:32,  1.00s/it]
 91%|███████████████████████████████████████████████████████████████████████████████████▏       | 329/360 [09:03<00:30,  1.02it/s]
 92%|███████████████████████████████████████████████████████████████████████████████████▍       | 330/360 [09:03<00:23,  1.28it/s]{'loss': '0.2214', 'grad_norm': '1.244', 'learning_rate': '5.758e-06', 'epoch': '10.85'}


Writing model shards:   0%|                                                                                 | 0/1 [00:00<?, ?it/s][A

Writing model shards: 100%|█████████████████████████████████████████████████████████████████████████| 1/1 [00:07<00:00,  7.55s/it][A
Writing model shards: 100%|█████████████████████████████████████████████████████████████████████████| 1/1 [00:07<00:00,  7.55s/it]

 92%|███████████████████████████████████████████████████████████████████████████████████▋       | 331/360 [09:26<03:36,  7.46s/it]
 92%|███████████████████████████████████████████████████████████████████████████████████▉       | 332/360 [09:27<02:34,  5.50s/it]
 92%|████████████████████████████████████████████████████████████████████████████████████▏      | 333/360 [09:28<01:51,  4.13s/it]
 93%|████████████████████████████████████████████████████████████████████████████████████▍      | 334/360 [09:29<01:22,  3.17s/it]
 93%|████████████████████████████████████████████████████████████████████████████████████▋      | 335/360 [09:30<01:02,  2.50s/it]
 93%|████████████████████████████████████████████████████████████████████████████████████▉      | 336/360 [09:31<00:48,  2.03s/it]
 94%|█████████████████████████████████████████████████████████████████████████████████████▏     | 337/360 [09:32<00:39,  1.70s/it]
 94%|█████████████████████████████████████████████████████████████████████████████████████▍     | 338/360 [09:33<00:32,  1.47s/it]
 94%|█████████████████████████████████████████████████████████████████████████████████████▋     | 339/360 [09:34<00:27,  1.31s/it]
 94%|█████████████████████████████████████████████████████████████████████████████████████▉     | 340/360 [09:35<00:23,  1.20s/it]
 95%|██████████████████████████████████████████████████████████████████████████████████████▏    | 341/360 [09:36<00:21,  1.12s/it]
 95%|██████████████████████████████████████████████████████████████████████████████████████▍    | 342/360 [09:37<00:19,  1.06s/it]
 95%|██████████████████████████████████████████████████████████████████████████████████████▋    | 343/360 [09:38<00:17,  1.02s/it]
 96%|██████████████████████████████████████████████████████████████████████████████████████▉    | 344/360 [09:39<00:15,  1.00it/s]
 96%|███████████████████████████████████████████████████████████████████████████████████████▏   | 345/360 [09:39<00:14,  1.02it/s]
 96%|███████████████████████████████████████████████████████████████████████████████████████▍   | 346/360 [09:40<00:13,  1.03it/s]
 96%|███████████████████████████████████████████████████████████████████████████████████████▋   | 347/360 [09:42<00:13,  1.04s/it]
 97%|███████████████████████████████████████████████████████████████████████████████████████▉   | 348/360 [09:43<00:12,  1.00s/it]
 97%|████████████████████████████████████████████████████████████████████████████████████████▏  | 349/360 [09:43<00:10,  1.02it/s]
 97%|████████████████████████████████████████████████████████████████████████████████████████▍  | 350/360 [09:44<00:09,  1.02it/s]
                                                                                                                                  

 97%|████████████████████████████████████████████████████████████████████████████████████████▍  | 350/360 [09:45<00:09,  1.02it/s]
 98%|████████████████████████████████████████████████████████████████████████████████████████▋  | 351/360 [09:45<00:08,  1.03it/s]
 98%|████████████████████████████████████████████████████████████████████████████████████████▉  | 352/360 [09:46<00:07,  1.03it/s]
 98%|█████████████████████████████████████████████████████████████████████████████████████████▏ | 353/360 [09:47<00:06,  1.04it/s]
 98%|█████████████████████████████████████████████████████████████████████████████████████████▍ | 354/360 [09:48<00:05,  1.04it/s]
 99%|█████████████████████████████████████████████████████████████████████████████████████████▋ | 355/360 [09:49<00:04,  1.04it/s]
 99%|█████████████████████████████████████████████████████████████████████████████████████████▉ | 356/360 [09:50<00:03,  1.04it/s]
 99%|██████████████████████████████████████████████████████████████████████████████████████████▏| 357/360 [09:51<00:02,  1.04it/s]
 99%|██████████████████████████████████████████████████████████████████████████████████████████▍| 358/360 [09:52<00:01,  1.04it/s]
100%|██████████████████████████████████████████████████████████████████████████████████████████▋| 359/360 [09:53<00:00,  1.04it/s]
100%|███████████████████████████████████████████████████████████████████████████████████████████| 360/360 [09:53<00:00,  1.30it/s]{'loss': '0.2025', 'grad_norm': '1.203', 'learning_rate': '1.97e-06', 'epoch': '11.68'}


Writing model shards:   0%|                                                                                 | 0/1 [00:00<?, ?it/s][A

Writing model shards: 100%|█████████████████████████████████████████████████████████████████████████| 1/1 [00:07<00:00,  7.92s/it][A
Writing model shards: 100%|█████████████████████████████████████████████████████████████████████████| 1/1 [00:07<00:00,  7.93s/it]

                                                                                                                                  

100%|███████████████████████████████████████████████████████████████████████████████████████████| 360/360 [10:17<00:00,  1.30it/s]
100%|███████████████████████████████████████████████████████████████████████████████████████████| 360/360 [10:17<00:00,  1.71s/it]
{'train_runtime': '617.1', 'train_samples_per_second': '9.043', 'train_steps_per_second': '0.583', 'train_loss': '0.7142', 'epoch': '12'}

  0%|                                                                                                      | 0/17 [00:00<?, ?it/s]
 24%|██████████████████████                                                                        | 4/17 [00:00<00:00, 27.21it/s]
 41%|██████████████████████████████████████▋                                                       | 7/17 [00:00<00:00, 23.68it/s]
 59%|██████████████████████████████████████████████████████▋                                      | 10/17 [00:00<00:00, 23.52it/s]
 76%|███████████████████████████████████████████████████████████████████████                      | 13/17 [00:00<00:00, 23.46it/s]
 94%|███████████████████████████████████████████████████████████████████████████████████████▌     | 16/17 [00:00<00:00, 23.39it/s]
100%|█████████████████████████████████████████████████████████████████████████████████████████████| 17/17 [00:00<00:00, 23.24it/s]

Writing model shards:   0%|                                                                                 | 0/1 [00:00<?, ?it/s]
Writing model shards: 100%|█████████████████████████████████████████████████████████████████████████| 1/1 [00:07<00:00,  7.78s/it]
Writing model shards: 100%|█████████████████████████████████████████████████████████████████████████| 1/1 [00:07<00:00,  7.78s/it]

Loading weights:   0%|                                                                                    | 0/772 [00:00<?, ?it/s]
Loading weights:   0%|▏                                                                           | 2/772 [00:00<00:51, 14.85it/s]
Loading weights:   3%|██                                                                        | 22/772 [00:00<00:07, 101.27it/s]
Loading weights:   9%|██████▊                                                                   | 71/772 [00:00<00:02, 257.53it/s]
Loading weights:  25%|██████████████████▌                                                      | 196/772 [00:00<00:00, 619.72it/s]
Loading weights:  34%|████████████████████████▊                                                | 263/772 [00:00<00:00, 593.45it/s]
Loading weights:  47%|█████████████████████████████████▉                                       | 359/772 [00:00<00:00, 700.95it/s]
Loading weights:  61%|████████████████████████████████████████████▎                            | 469/772 [00:00<00:00, 814.49it/s]
Loading weights:  76%|███████████████████████████████████████████████████████▏                 | 584/772 [00:00<00:00, 905.83it/s]
Loading weights:  92%|██████████████████████████████████████████████████████████████████▍     | 712/772 [00:00<00:00, 1007.90it/s]
Loading weights: 100%|█████████████████████████████████████████████████████████████████████████| 772/772 [00:01<00:00, 744.26it/s]

Loading weights:   0%|                                                                                    | 0/772 [00:00<?, ?it/s]
Loading weights:  22%|███████████████▋                                                        | 168/772 [00:00<00:00, 1653.44it/s]
Loading weights:  44%|███████████████████████████████▉                                        | 342/772 [00:00<00:00, 1660.09it/s]
Loading weights:  67%|████████████████████████████████████████████████▎                       | 518/772 [00:00<00:00, 1652.64it/s]
Loading weights:  91%|█████████████████████████████████████████████████████████████████▊      | 706/772 [00:00<00:00, 1738.81it/s]
Loading weights: 100%|████████████████████████████████████████████████████████████████████████| 772/772 [00:00<00:00, 1724.56it/s]

Loading weights:   0%|                                                                                    | 0/772 [00:00<?, ?it/s]
Loading weights:   4%|███▎                                                                      | 34/772 [00:00<00:02, 337.01it/s]
Loading weights:  11%|████████▍                                                                 | 88/772 [00:00<00:01, 446.91it/s]
Loading weights:  19%|██████████████▏                                                          | 150/772 [00:00<00:01, 508.45it/s]
Loading weights:  26%|███████████████████                                                      | 201/772 [00:00<00:01, 468.41it/s]
Loading weights:  32%|███████████████████████▌                                                 | 249/772 [00:00<00:01, 439.57it/s]
Loading weights:  38%|███████████████████████████▊                                             | 294/772 [00:00<00:01, 435.35it/s]
Loading weights:  44%|███████████████████████████████▉                                         | 338/772 [00:00<00:01, 429.04it/s]
Loading weights:  49%|████████████████████████████████████                                     | 381/772 [00:00<00:00, 410.79it/s]
Loading weights:  55%|███████████████████████████████████████▉                                 | 423/772 [00:00<00:00, 408.46it/s]
Loading weights:  60%|███████████████████████████████████████████▉                             | 464/772 [00:01<00:00, 404.56it/s]
Loading weights:  65%|███████████████████████████████████████████████▊                         | 505/772 [00:01<00:00, 387.18it/s]
Loading weights:  71%|████████████████████████████████████████████████████                     | 550/772 [00:01<00:00, 399.04it/s]
Loading weights:  77%|███████████████████████████████████████████████████████▉                 | 591/772 [00:01<00:00, 399.90it/s]
Loading weights:  82%|███████████████████████████████████████████████████████████▊             | 632/772 [00:01<00:00, 386.16it/s]
Loading weights:  88%|████████████████████████████████████████████████████████████████         | 678/772 [00:01<00:00, 401.77it/s]
Loading weights:  93%|████████████████████████████████████████████████████████████████████     | 720/772 [00:01<00:00, 406.40it/s]
Loading weights:  99%|███████████████████████████████████████████████████████████████████████▉ | 761/772 [00:01<00:00, 393.24it/s]
Loading weights: 100%|█████████████████████████████████████████████████████████████████████████| 772/772 [00:01<00:00, 415.78it/s]

Loading weights:   0%|                                                                                    | 0/772 [00:00<?, ?it/s]
Loading weights:   7%|█████▎                                                                    | 56/772 [00:00<00:01, 547.24it/s]
Loading weights:  20%|██████████████▎                                                          | 152/772 [00:00<00:00, 767.02it/s]
Loading weights:  31%|██████████████████████▎                                                  | 236/772 [00:00<00:00, 799.21it/s]
Loading weights:  41%|██████████████████████████████▎                                          | 320/772 [00:00<00:00, 812.13it/s]
Loading weights:  52%|██████████████████████████████████████                                   | 402/772 [00:00<00:00, 814.08it/s]
Loading weights:  63%|█████████████████████████████████████████████▉                           | 486/772 [00:00<00:00, 810.55it/s]
Loading weights:  74%|█████████████████████████████████████████████████████▋                   | 568/772 [00:00<00:00, 805.72it/s]
Loading weights:  84%|█████████████████████████████████████████████████████████████▋           | 652/772 [00:00<00:00, 814.26it/s]
Loading weights:  95%|█████████████████████████████████████████████████████████████████████▍   | 734/772 [00:00<00:00, 815.27it/s]
Loading weights: 100%|█████████████████████████████████████████████████████████████████████████| 772/772 [00:00<00:00, 802.29it/s]
