<local-root>/miniconda3/lib/python3.13/site-packages/torch/cuda/__init__.py:61: FutureWarning: The pynvml package is deprecated. Please install nvidia-ml-py instead. If you did not install pynvml directly, please report this to the maintainers of the package that installed pynvml for you.
  import pynvml  # type: ignore[import]
Skipping import of cpp extensions due to incompatible torch version. Please upgrade to torch >= 2.11.0 (found 2.7.1+cu118).

Loading weights:   0%|                                                                                     | 0/76 [00:00<?, ?it/s]
Loading weights: 100%|█████████████████████████████████████████████████████████████████████████| 76/76 [00:00<00:00, 10212.31it/s]
[RANK 0] Detected kernel version 5.4.0, which is below the recommended minimum of 5.5.0; this can cause the process to hang. It is recommended to upgrade the kernel to the minimum version or higher.

  0%|                                                                                                     | 0/600 [00:00<?, ?it/s][transformers] `loss_type=None` was set in the config but it is unrecognized. Using the default loss: `ForCausalLMLoss`.

  0%|▏                                                                                            | 1/600 [00:00<02:43,  3.67it/s]
  0%|▍                                                                                            | 3/600 [00:00<01:15,  7.91it/s]
  1%|▊                                                                                            | 5/600 [00:00<00:55, 10.79it/s]
  1%|█                                                                                            | 7/600 [00:00<00:47, 12.45it/s]
  2%|█▍                                                                                           | 9/600 [00:00<00:43, 13.61it/s]
  2%|█▋                                                                                          | 11/600 [00:00<00:40, 14.41it/s]
  2%|█▉                                                                                          | 13/600 [00:01<00:39, 14.94it/s]
  2%|██▎                                                                                         | 15/600 [00:01<00:38, 15.31it/s]
  3%|██▌                                                                                         | 17/600 [00:01<00:37, 15.57it/s]
  3%|██▉                                                                                         | 19/600 [00:01<00:36, 15.75it/s]
  4%|███▏                                                                                        | 21/600 [00:01<00:36, 15.87it/s]
  4%|███▌                                                                                        | 23/600 [00:01<00:36, 15.93it/s]
  4%|███▊                                                                                        | 25/600 [00:01<00:35, 15.98it/s]
                                                                                                                                  

  4%|███▊                                                                                        | 25/600 [00:01<00:35, 15.98it/s]
  4%|████▏                                                                                       | 27/600 [00:01<00:35, 15.97it/s]
  5%|████▍                                                                                       | 29/600 [00:02<00:35, 16.02it/s]{'loss': '4.152', 'grad_norm': '5.307', 'learning_rate': '3.667e-05', 'epoch': '0.8475'}


Writing model shards:   0%|                                                                                 | 0/1 [00:00<?, ?it/s][A

Writing model shards: 100%|█████████████████████████████████████████████████████████████████████████| 1/1 [00:00<00:00,  2.39it/s][A
Writing model shards: 100%|█████████████████████████████████████████████████████████████████████████| 1/1 [00:00<00:00,  2.39it/s]

  5%|████▊                                                                                       | 31/600 [00:03<02:17,  4.13it/s]
  6%|█████                                                                                       | 33/600 [00:03<01:46,  5.31it/s]
  6%|█████▎                                                                                      | 35/600 [00:03<01:24,  6.65it/s]
  6%|█████▋                                                                                      | 37/600 [00:03<01:09,  8.08it/s]
  6%|█████▉                                                                                      | 39/600 [00:03<00:59,  9.50it/s]
  7%|██████▎                                                                                     | 41/600 [00:03<00:51, 10.76it/s]
  7%|██████▌                                                                                     | 43/600 [00:04<00:46, 11.96it/s]
  8%|██████▉                                                                                     | 45/600 [00:04<00:42, 12.97it/s]
  8%|███████▏                                                                                    | 47/600 [00:04<00:40, 13.79it/s]
  8%|███████▌                                                                                    | 49/600 [00:04<00:38, 14.42it/s]
                                                                                                                                  

  8%|███████▋                                                                                    | 50/600 [00:04<00:38, 14.42it/s]
  8%|███████▊                                                                                    | 51/600 [00:04<00:37, 14.82it/s]
  9%|████████▏                                                                                   | 53/600 [00:04<00:35, 15.20it/s]
  9%|████████▍                                                                                   | 55/600 [00:04<00:35, 15.47it/s]
 10%|████████▋                                                                                   | 57/600 [00:04<00:34, 15.67it/s]
 10%|█████████                                                                                   | 59/600 [00:05<00:34, 15.81it/s]{'loss': '2.622', 'grad_norm': '6.083', 'learning_rate': '4.86e-05', 'epoch': '1.678'}


Writing model shards:   0%|                                                                                 | 0/1 [00:00<?, ?it/s][A

Writing model shards: 100%|█████████████████████████████████████████████████████████████████████████| 1/1 [00:00<00:00,  2.29it/s][A
Writing model shards: 100%|█████████████████████████████████████████████████████████████████████████| 1/1 [00:00<00:00,  2.29it/s]

 10%|█████████▎                                                                                  | 61/600 [00:06<02:04,  4.31it/s]
 10%|█████████▋                                                                                  | 63/600 [00:06<01:37,  5.51it/s]
 11%|█████████▉                                                                                  | 65/600 [00:06<01:18,  6.84it/s]
 11%|██████████▎                                                                                 | 67/600 [00:06<01:04,  8.26it/s]
 12%|██████████▌                                                                                 | 69/600 [00:06<00:54,  9.68it/s]
 12%|██████████▉                                                                                 | 71/600 [00:06<00:48, 11.00it/s]
 12%|███████████▏                                                                                | 73/600 [00:07<00:43, 12.17it/s]
 12%|███████████▌                                                                                | 75/600 [00:07<00:39, 13.14it/s]
                                                                                                                                  

 12%|███████████▌                                                                                | 75/600 [00:07<00:39, 13.14it/s]
 13%|███████████▊                                                                                | 77/600 [00:07<00:37, 13.92it/s]
 13%|████████████                                                                                | 79/600 [00:07<00:35, 14.51it/s]
 14%|████████████▍                                                                               | 81/600 [00:07<00:34, 14.97it/s]
 14%|████████████▋                                                                               | 83/600 [00:07<00:33, 15.31it/s]
 14%|█████████████                                                                               | 85/600 [00:07<00:33, 15.56it/s]
 14%|█████████████▎                                                                              | 87/600 [00:07<00:32, 15.72it/s]
 15%|█████████████▋                                                                              | 89/600 [00:08<00:32, 15.83it/s]{'loss': '2.034', 'grad_norm': '5.13', 'learning_rate': '4.64e-05', 'epoch': '2.508'}


Writing model shards:   0%|                                                                                 | 0/1 [00:00<?, ?it/s][A

Writing model shards: 100%|█████████████████████████████████████████████████████████████████████████| 1/1 [00:00<00:00,  2.38it/s][A
Writing model shards: 100%|█████████████████████████████████████████████████████████████████████████| 1/1 [00:00<00:00,  2.38it/s]

 15%|█████████████▉                                                                              | 91/600 [00:09<02:08,  3.95it/s]
 16%|██████████████▎                                                                             | 93/600 [00:09<01:39,  5.10it/s]
 16%|██████████████▌                                                                             | 95/600 [00:09<01:18,  6.42it/s]
 16%|██████████████▊                                                                             | 97/600 [00:09<01:04,  7.84it/s]
 16%|███████████████▏                                                                            | 99/600 [00:09<00:54,  9.27it/s]
                                                                                                                                  

 17%|███████████████▏                                                                           | 100/600 [00:10<00:53,  9.27it/s]
 17%|███████████████▎                                                                           | 101/600 [00:10<00:46, 10.62it/s]
 17%|███████████████▌                                                                           | 103/600 [00:10<00:41, 11.84it/s]
 18%|███████████████▉                                                                           | 105/600 [00:10<00:38, 12.88it/s]
 18%|████████████████▏                                                                          | 107/600 [00:10<00:35, 13.71it/s]
 18%|████████████████▌                                                                          | 109/600 [00:10<00:34, 14.37it/s]
 18%|████████████████▊                                                                          | 111/600 [00:10<00:32, 14.87it/s]
 19%|█████████████████▏                                                                         | 113/600 [00:10<00:31, 15.24it/s]
 19%|█████████████████▍                                                                         | 115/600 [00:10<00:31, 15.47it/s]
 20%|█████████████████▋                                                                         | 117/600 [00:11<00:30, 15.67it/s]
 20%|██████████████████                                                                         | 119/600 [00:11<00:30, 15.81it/s]{'loss': '1.766', 'grad_norm': '5.638', 'learning_rate': '4.43e-05', 'epoch': '3.339'}


Writing model shards:   0%|                                                                                 | 0/1 [00:00<?, ?it/s][A

Writing model shards: 100%|█████████████████████████████████████████████████████████████████████████| 1/1 [00:00<00:00,  2.80it/s][A
Writing model shards: 100%|█████████████████████████████████████████████████████████████████████████| 1/1 [00:00<00:00,  2.80it/s]

 20%|██████████████████▎                                                                        | 121/600 [00:12<02:02,  3.90it/s]
 20%|██████████████████▋                                                                        | 123/600 [00:12<01:34,  5.05it/s]
 21%|██████████████████▉                                                                        | 125/600 [00:12<01:14,  6.36it/s]
                                                                                                                                  

 21%|██████████████████▉                                                                        | 125/600 [00:12<01:14,  6.36it/s]
 21%|███████████████████▎                                                                       | 127/600 [00:13<01:00,  7.77it/s]
 22%|███████████████████▌                                                                       | 129/600 [00:13<00:51,  9.20it/s]
 22%|███████████████████▊                                                                       | 131/600 [00:13<00:44, 10.51it/s]
 22%|████████████████████▏                                                                      | 133/600 [00:13<00:39, 11.75it/s]
 22%|████████████████████▍                                                                      | 135/600 [00:13<00:36, 12.80it/s]
 23%|████████████████████▊                                                                      | 137/600 [00:13<00:33, 13.64it/s]
 23%|█████████████████████                                                                      | 139/600 [00:13<00:32, 14.32it/s]
 24%|█████████████████████▍                                                                     | 141/600 [00:13<00:30, 14.83it/s]
 24%|█████████████████████▋                                                                     | 143/600 [00:13<00:30, 15.21it/s]
 24%|█████████████████████▉                                                                     | 145/600 [00:14<00:29, 15.49it/s]
 24%|██████████████████████▎                                                                    | 147/600 [00:14<00:28, 15.69it/s]
 25%|██████████████████████▌                                                                    | 149/600 [00:14<00:28, 15.83it/s]
                                                                                                                                  

 25%|██████████████████████▊                                                                    | 150/600 [00:14<00:28, 15.83it/s]{'loss': '1.67', 'grad_norm': '6.296', 'learning_rate': '4.211e-05', 'epoch': '4.169'}
{'loss': '1.559', 'grad_norm': '20.55', 'learning_rate': '3.991e-05', 'epoch': '5'}


Writing model shards:   0%|                                                                                 | 0/1 [00:00<?, ?it/s][A

Writing model shards: 100%|█████████████████████████████████████████████████████████████████████████| 1/1 [00:00<00:00,  2.21it/s][A
Writing model shards: 100%|█████████████████████████████████████████████████████████████████████████| 1/1 [00:00<00:00,  2.21it/s]

 25%|██████████████████████▉                                                                    | 151/600 [00:15<01:57,  3.83it/s]
 26%|███████████████████████▏                                                                   | 153/600 [00:15<01:30,  4.96it/s]
 26%|███████████████████████▌                                                                   | 155/600 [00:16<01:11,  6.26it/s]
 26%|███████████████████████▊                                                                   | 157/600 [00:16<00:57,  7.67it/s]
 26%|████████████████████████                                                                   | 159/600 [00:16<00:48,  9.10it/s]
 27%|████████████████████████▍                                                                  | 161/600 [00:16<00:41, 10.48it/s]
 27%|████████████████████████▋                                                                  | 163/600 [00:16<00:37, 11.71it/s]
 28%|█████████████████████████                                                                  | 165/600 [00:16<00:34, 12.76it/s]
 28%|█████████████████████████▎                                                                 | 167/600 [00:16<00:31, 13.62it/s]
 28%|█████████████████████████▋                                                                 | 169/600 [00:16<00:30, 14.30it/s]
 28%|█████████████████████████▉                                                                 | 171/600 [00:17<00:28, 14.81it/s]
 29%|██████████████████████████▏                                                                | 173/600 [00:17<00:28, 15.18it/s]
 29%|██████████████████████████▌                                                                | 175/600 [00:17<00:27, 15.47it/s]
                                                                                                                                  

 29%|██████████████████████████▌                                                                | 175/600 [00:17<00:27, 15.47it/s]
 30%|██████████████████████████▊                                                                | 177/600 [00:17<00:27, 15.66it/s]
 30%|███████████████████████████▏                                                               | 179/600 [00:17<00:26, 15.81it/s]{'loss': '1.478', 'grad_norm': '6.925', 'learning_rate': '3.772e-05', 'epoch': '5.847'}


Writing model shards:   0%|                                                                                 | 0/1 [00:00<?, ?it/s][A

Writing model shards: 100%|█████████████████████████████████████████████████████████████████████████| 1/1 [00:00<00:00,  2.15it/s][A
Writing model shards: 100%|█████████████████████████████████████████████████████████████████████████| 1/1 [00:00<00:00,  2.15it/s]

 30%|███████████████████████████▍                                                               | 181/600 [00:19<01:50,  3.79it/s]
 30%|███████████████████████████▊                                                               | 183/600 [00:19<01:24,  4.92it/s]
 31%|████████████████████████████                                                               | 185/600 [00:19<01:06,  6.22it/s]
 31%|████████████████████████████▎                                                              | 187/600 [00:19<00:54,  7.62it/s]
 32%|████████████████████████████▋                                                              | 189/600 [00:19<00:45,  9.06it/s]
 32%|████████████████████████████▉                                                              | 191/600 [00:19<00:39, 10.43it/s]
 32%|█████████████████████████████▎                                                             | 193/600 [00:19<00:34, 11.67it/s]
 32%|█████████████████████████████▌                                                             | 195/600 [00:19<00:31, 12.73it/s]
 33%|█████████████████████████████▉                                                             | 197/600 [00:20<00:29, 13.60it/s]
 33%|██████████████████████████████▏                                                            | 199/600 [00:20<00:28, 14.28it/s]
                                                                                                                                  

 33%|██████████████████████████████▎                                                            | 200/600 [00:20<00:28, 14.28it/s]
 34%|██████████████████████████████▍                                                            | 201/600 [00:20<00:26, 14.79it/s]
 34%|██████████████████████████████▊                                                            | 203/600 [00:20<00:26, 15.15it/s]
 34%|███████████████████████████████                                                            | 205/600 [00:20<00:25, 15.43it/s]
 34%|███████████████████████████████▍                                                           | 207/600 [00:20<00:25, 15.64it/s]
 35%|███████████████████████████████▋                                                           | 209/600 [00:20<00:24, 15.80it/s]{'loss': '1.436', 'grad_norm': '6.22', 'learning_rate': '3.553e-05', 'epoch': '6.678'}


Writing model shards:   0%|                                                                                 | 0/1 [00:00<?, ?it/s][A

Writing model shards: 100%|█████████████████████████████████████████████████████████████████████████| 1/1 [00:00<00:00,  2.37it/s][A
Writing model shards: 100%|█████████████████████████████████████████████████████████████████████████| 1/1 [00:00<00:00,  2.36it/s]

 35%|████████████████████████████████                                                           | 211/600 [00:22<01:45,  3.69it/s]
 36%|████████████████████████████████▎                                                          | 213/600 [00:22<01:20,  4.81it/s]
 36%|████████████████████████████████▌                                                          | 215/600 [00:22<01:03,  6.09it/s]
 36%|████████████████████████████████▉                                                          | 217/600 [00:22<00:51,  7.49it/s]
 36%|█████████████████████████████████▏                                                         | 219/600 [00:22<00:42,  8.93it/s]
 37%|█████████████████████████████████▌                                                         | 221/600 [00:22<00:36, 10.31it/s]
 37%|█████████████████████████████████▊                                                         | 223/600 [00:23<00:32, 11.56it/s]
 38%|██████████████████████████████████▏                                                        | 225/600 [00:23<00:29, 12.65it/s]
                                                                                                                                  

 38%|██████████████████████████████████▏                                                        | 225/600 [00:23<00:29, 12.65it/s]
 38%|██████████████████████████████████▍                                                        | 227/600 [00:23<00:27, 13.53it/s]
 38%|██████████████████████████████████▋                                                        | 229/600 [00:23<00:26, 14.23it/s]
 38%|███████████████████████████████████                                                        | 231/600 [00:23<00:24, 14.76it/s]
 39%|███████████████████████████████████▎                                                       | 233/600 [00:23<00:24, 14.91it/s]
 39%|███████████████████████████████████▋                                                       | 235/600 [00:23<00:24, 15.02it/s]
 40%|███████████████████████████████████▉                                                       | 237/600 [00:23<00:23, 15.35it/s]
 40%|████████████████████████████████████▏                                                      | 239/600 [00:24<00:23, 15.58it/s]{'loss': '1.316', 'grad_norm': '5.891', 'learning_rate': '3.333e-05', 'epoch': '7.508'}


Writing model shards:   0%|                                                                                 | 0/1 [00:00<?, ?it/s][A

Writing model shards: 100%|█████████████████████████████████████████████████████████████████████████| 1/1 [00:00<00:00,  2.33it/s][A
Writing model shards: 100%|█████████████████████████████████████████████████████████████████████████| 1/1 [00:00<00:00,  2.33it/s]

 40%|████████████████████████████████████▌                                                      | 241/600 [00:25<01:41,  3.52it/s]
 40%|████████████████████████████████████▊                                                      | 243/600 [00:25<01:17,  4.60it/s]
 41%|█████████████████████████████████████▏                                                     | 245/600 [00:25<01:03,  5.59it/s]
 41%|█████████████████████████████████████▍                                                     | 247/600 [00:26<00:50,  6.96it/s]
 42%|█████████████████████████████████████▊                                                     | 249/600 [00:26<00:41,  8.39it/s]
                                                                                                                                  

 42%|█████████████████████████████████████▉                                                     | 250/600 [00:26<00:41,  8.39it/s]
 42%|██████████████████████████████████████                                                     | 251/600 [00:26<00:35,  9.80it/s]
 42%|██████████████████████████████████████▎                                                    | 253/600 [00:26<00:31, 11.11it/s]
 42%|██████████████████████████████████████▋                                                    | 255/600 [00:26<00:28, 12.26it/s]
 43%|██████████████████████████████████████▉                                                    | 257/600 [00:26<00:25, 13.22it/s]
 43%|███████████████████████████████████████▎                                                   | 259/600 [00:26<00:24, 13.98it/s]
 44%|███████████████████████████████████████▌                                                   | 261/600 [00:26<00:23, 14.57it/s]
 44%|███████████████████████████████████████▉                                                   | 263/600 [00:27<00:22, 15.01it/s]
 44%|████████████████████████████████████████▏                                                  | 265/600 [00:27<00:21, 15.34it/s]
 44%|████████████████████████████████████████▍                                                  | 267/600 [00:27<00:21, 15.58it/s]
 45%|████████████████████████████████████████▊                                                  | 269/600 [00:27<00:21, 15.75it/s]{'loss': '1.366', 'grad_norm': '6.545', 'learning_rate': '3.114e-05', 'epoch': '8.339'}


Writing model shards:   0%|                                                                                 | 0/1 [00:00<?, ?it/s][A

Writing model shards: 100%|█████████████████████████████████████████████████████████████████████████| 1/1 [00:00<00:00,  2.46it/s][A
Writing model shards: 100%|█████████████████████████████████████████████████████████████████████████| 1/1 [00:00<00:00,  2.46it/s]

 45%|█████████████████████████████████████████                                                  | 271/600 [00:28<01:25,  3.84it/s]
 46%|█████████████████████████████████████████▍                                                 | 273/600 [00:28<01:05,  4.98it/s]
 46%|█████████████████████████████████████████▋                                                 | 275/600 [00:29<00:51,  6.29it/s]
                                                                                                                                  

 46%|█████████████████████████████████████████▋                                                 | 275/600 [00:29<00:51,  6.29it/s]
 46%|██████████████████████████████████████████                                                 | 277/600 [00:29<00:41,  7.70it/s]
 46%|██████████████████████████████████████████▎                                                | 279/600 [00:29<00:35,  9.13it/s]
 47%|██████████████████████████████████████████▌                                                | 281/600 [00:29<00:30, 10.50it/s]
 47%|██████████████████████████████████████████▉                                                | 283/600 [00:29<00:27, 11.73it/s]
 48%|███████████████████████████████████████████▏                                               | 285/600 [00:29<00:24, 12.78it/s]
 48%|███████████████████████████████████████████▌                                               | 287/600 [00:29<00:23, 13.61it/s]
 48%|███████████████████████████████████████████▊                                               | 289/600 [00:29<00:21, 14.28it/s]
 48%|████████████████████████████████████████████▏                                              | 291/600 [00:30<00:20, 14.79it/s]
 49%|████████████████████████████████████████████▍                                              | 293/600 [00:30<00:20, 15.17it/s]
 49%|████████████████████████████████████████████▋                                              | 295/600 [00:30<00:19, 15.45it/s]
 50%|█████████████████████████████████████████████                                              | 297/600 [00:30<00:19, 15.67it/s]
 50%|█████████████████████████████████████████████▎                                             | 299/600 [00:30<00:19, 15.80it/s]
                                                                                                                                  

 50%|█████████████████████████████████████████████▌                                             | 300/600 [00:30<00:18, 15.80it/s]{'loss': '1.245', 'grad_norm': '5.73', 'learning_rate': '2.895e-05', 'epoch': '9.169'}
{'loss': '1.291', 'grad_norm': '19', 'learning_rate': '2.675e-05', 'epoch': '10'}


Writing model shards:   0%|                                                                                 | 0/1 [00:00<?, ?it/s][A

Writing model shards: 100%|█████████████████████████████████████████████████████████████████████████| 1/1 [00:00<00:00,  2.36it/s][A
Writing model shards: 100%|█████████████████████████████████████████████████████████████████████████| 1/1 [00:00<00:00,  2.35it/s]

 50%|█████████████████████████████████████████████▋                                             | 301/600 [00:32<01:21,  3.69it/s]
 50%|█████████████████████████████████████████████▉                                             | 303/600 [00:32<01:01,  4.80it/s]
 51%|██████████████████████████████████████████████▎                                            | 305/600 [00:32<00:48,  6.08it/s]
 51%|██████████████████████████████████████████████▌                                            | 307/600 [00:32<00:39,  7.48it/s]
 52%|██████████████████████████████████████████████▊                                            | 309/600 [00:32<00:32,  8.91it/s]
 52%|███████████████████████████████████████████████▏                                           | 311/600 [00:32<00:28, 10.30it/s]
 52%|███████████████████████████████████████████████▍                                           | 313/600 [00:32<00:24, 11.55it/s]
 52%|███████████████████████████████████████████████▊                                           | 315/600 [00:32<00:22, 12.63it/s]
 53%|████████████████████████████████████████████████                                           | 317/600 [00:33<00:20, 13.51it/s]
 53%|████████████████████████████████████████████████▍                                          | 319/600 [00:33<00:19, 14.21it/s]
 54%|████████████████████████████████████████████████▋                                          | 321/600 [00:33<00:18, 14.75it/s]
 54%|████████████████████████████████████████████████▉                                          | 323/600 [00:33<00:18, 15.14it/s]
 54%|█████████████████████████████████████████████████▎                                         | 325/600 [00:33<00:17, 15.44it/s]
                                                                                                                                  

 54%|█████████████████████████████████████████████████▎                                         | 325/600 [00:33<00:17, 15.44it/s]
 55%|█████████████████████████████████████████████████▌                                         | 327/600 [00:33<00:17, 15.61it/s]
 55%|█████████████████████████████████████████████████▉                                         | 329/600 [00:33<00:17, 15.74it/s]{'loss': '1.218', 'grad_norm': '5.16', 'learning_rate': '2.456e-05', 'epoch': '10.85'}


Writing model shards:   0%|                                                                                 | 0/1 [00:00<?, ?it/s][A

Writing model shards: 100%|█████████████████████████████████████████████████████████████████████████| 1/1 [00:00<00:00,  2.37it/s][A
Writing model shards: 100%|█████████████████████████████████████████████████████████████████████████| 1/1 [00:00<00:00,  2.36it/s]

 55%|██████████████████████████████████████████████████▏                                        | 331/600 [00:35<01:08,  3.95it/s]
 56%|██████████████████████████████████████████████████▌                                        | 333/600 [00:35<00:52,  5.10it/s]
 56%|██████████████████████████████████████████████████▊                                        | 335/600 [00:35<00:41,  6.42it/s]
 56%|███████████████████████████████████████████████████                                        | 337/600 [00:35<00:33,  7.83it/s]
 56%|███████████████████████████████████████████████████▍                                       | 339/600 [00:35<00:28,  9.27it/s]
 57%|███████████████████████████████████████████████████▋                                       | 341/600 [00:35<00:24, 10.63it/s]
 57%|████████████████████████████████████████████████████                                       | 343/600 [00:35<00:21, 11.85it/s]
 57%|████████████████████████████████████████████████████▎                                      | 345/600 [00:36<00:19, 12.88it/s]
 58%|████████████████████████████████████████████████████▋                                      | 347/600 [00:36<00:18, 13.71it/s]
 58%|████████████████████████████████████████████████████▉                                      | 349/600 [00:36<00:17, 14.37it/s]
                                                                                                                                  

 58%|█████████████████████████████████████████████████████                                      | 350/600 [00:36<00:17, 14.37it/s]
 58%|█████████████████████████████████████████████████████▏                                     | 351/600 [00:36<00:16, 14.85it/s]
 59%|█████████████████████████████████████████████████████▌                                     | 353/600 [00:36<00:16, 15.22it/s]
 59%|█████████████████████████████████████████████████████▊                                     | 355/600 [00:36<00:15, 15.49it/s]
 60%|██████████████████████████████████████████████████████▏                                    | 357/600 [00:36<00:15, 15.68it/s]
 60%|██████████████████████████████████████████████████████▍                                    | 359/600 [00:36<00:15, 15.78it/s]{'loss': '1.179', 'grad_norm': '6.275', 'learning_rate': '2.237e-05', 'epoch': '11.68'}


Writing model shards:   0%|                                                                                 | 0/1 [00:00<?, ?it/s][A

Writing model shards: 100%|█████████████████████████████████████████████████████████████████████████| 1/1 [00:00<00:00,  2.27it/s][A
Writing model shards: 100%|█████████████████████████████████████████████████████████████████████████| 1/1 [00:00<00:00,  2.27it/s]

 60%|██████████████████████████████████████████████████████▊                                    | 361/600 [00:42<03:27,  1.15it/s]
 60%|███████████████████████████████████████████████████████                                    | 363/600 [00:42<02:28,  1.59it/s]
 61%|███████████████████████████████████████████████████████▎                                   | 365/600 [00:42<01:47,  2.18it/s]
 61%|███████████████████████████████████████████████████████▋                                   | 367/600 [00:42<01:19,  2.94it/s]
 62%|███████████████████████████████████████████████████████▉                                   | 369/600 [00:42<00:59,  3.90it/s]
 62%|████████████████████████████████████████████████████████▎                                  | 371/600 [00:43<00:45,  5.04it/s]
 62%|████████████████████████████████████████████████████████▌                                  | 373/600 [00:43<00:35,  6.36it/s]
 62%|████████████████████████████████████████████████████████▉                                  | 375/600 [00:43<00:28,  7.77it/s]
                                                                                                                                  

 62%|████████████████████████████████████████████████████████▉                                  | 375/600 [00:43<00:28,  7.77it/s]
 63%|█████████████████████████████████████████████████████████▏                                 | 377/600 [00:43<00:24,  9.21it/s]
 63%|█████████████████████████████████████████████████████████▍                                 | 379/600 [00:43<00:20, 10.57it/s]
 64%|█████████████████████████████████████████████████████████▊                                 | 381/600 [00:43<00:18, 11.79it/s]
 64%|██████████████████████████████████████████████████████████                                 | 383/600 [00:43<00:16, 12.84it/s]
 64%|██████████████████████████████████████████████████████████▍                                | 385/600 [00:43<00:15, 13.69it/s]
 64%|██████████████████████████████████████████████████████████▋                                | 387/600 [00:44<00:14, 14.34it/s]
 65%|██████████████████████████████████████████████████████████▉                                | 389/600 [00:44<00:14, 14.84it/s]{'loss': '1.164', 'grad_norm': '5.631', 'learning_rate': '2.018e-05', 'epoch': '12.51'}


Writing model shards:   0%|                                                                                 | 0/1 [00:00<?, ?it/s][A

Writing model shards: 100%|█████████████████████████████████████████████████████████████████████████| 1/1 [00:00<00:00,  2.42it/s][A
Writing model shards: 100%|█████████████████████████████████████████████████████████████████████████| 1/1 [00:00<00:00,  2.42it/s]

 65%|███████████████████████████████████████████████████████████▎                               | 391/600 [00:45<00:53,  3.91it/s]
 66%|███████████████████████████████████████████████████████████▌                               | 393/600 [00:45<00:40,  5.06it/s]
 66%|███████████████████████████████████████████████████████████▉                               | 395/600 [00:45<00:32,  6.37it/s]
 66%|████████████████████████████████████████████████████████████▏                              | 397/600 [00:45<00:26,  7.79it/s]
 66%|████████████████████████████████████████████████████████████▌                              | 399/600 [00:46<00:21,  9.22it/s]
                                                                                                                                  

 67%|████████████████████████████████████████████████████████████▋                              | 400/600 [00:46<00:21,  9.22it/s]
 67%|████████████████████████████████████████████████████████████▊                              | 401/600 [00:46<00:18, 10.59it/s]
 67%|█████████████████████████████████████████████████████████████                              | 403/600 [00:46<00:16, 11.80it/s]
 68%|█████████████████████████████████████████████████████████████▍                             | 405/600 [00:46<00:15, 12.84it/s]
 68%|█████████████████████████████████████████████████████████████▋                             | 407/600 [00:46<00:14, 13.69it/s]
 68%|██████████████████████████████████████████████████████████████                             | 409/600 [00:46<00:13, 14.33it/s]
 68%|██████████████████████████████████████████████████████████████▎                            | 411/600 [00:46<00:12, 14.77it/s]
 69%|██████████████████████████████████████████████████████████████▋                            | 413/600 [00:46<00:12, 15.17it/s]
 69%|██████████████████████████████████████████████████████████████▉                            | 415/600 [00:47<00:11, 15.46it/s]
 70%|███████████████████████████████████████████████████████████████▏                           | 417/600 [00:47<00:11, 15.67it/s]
 70%|███████████████████████████████████████████████████████████████▌                           | 419/600 [00:47<00:11, 15.82it/s]{'loss': '1.135', 'grad_norm': '5.139', 'learning_rate': '1.798e-05', 'epoch': '13.34'}


Writing model shards:   0%|                                                                                 | 0/1 [00:00<?, ?it/s][A

Writing model shards: 100%|█████████████████████████████████████████████████████████████████████████| 1/1 [00:00<00:00,  2.30it/s][A
Writing model shards: 100%|█████████████████████████████████████████████████████████████████████████| 1/1 [00:00<00:00,  2.30it/s]

 70%|███████████████████████████████████████████████████████████████▊                           | 421/600 [00:48<00:44,  4.06it/s]
 70%|████████████████████████████████████████████████████████████████▏                          | 423/600 [00:48<00:33,  5.23it/s]
 71%|████████████████████████████████████████████████████████████████▍                          | 425/600 [00:48<00:26,  6.56it/s]
                                                                                                                                  

 71%|████████████████████████████████████████████████████████████████▍                          | 425/600 [00:48<00:26,  6.56it/s]
 71%|████████████████████████████████████████████████████████████████▊                          | 427/600 [00:49<00:21,  7.99it/s]
 72%|█████████████████████████████████████████████████████████████████                          | 429/600 [00:49<00:18,  9.42it/s]
 72%|█████████████████████████████████████████████████████████████████▎                         | 431/600 [00:49<00:15, 10.77it/s]
 72%|█████████████████████████████████████████████████████████████████▋                         | 433/600 [00:49<00:13, 11.96it/s]
 72%|█████████████████████████████████████████████████████████████████▉                         | 435/600 [00:49<00:12, 12.98it/s]
 73%|██████████████████████████████████████████████████████████████████▎                        | 437/600 [00:49<00:11, 13.80it/s]
 73%|██████████████████████████████████████████████████████████████████▌                        | 439/600 [00:49<00:11, 14.43it/s]
 74%|██████████████████████████████████████████████████████████████████▉                        | 441/600 [00:49<00:10, 14.90it/s]
 74%|███████████████████████████████████████████████████████████████████▏                       | 443/600 [00:50<00:10, 15.26it/s]
 74%|███████████████████████████████████████████████████████████████████▍                       | 445/600 [00:50<00:09, 15.51it/s]
 74%|███████████████████████████████████████████████████████████████████▊                       | 447/600 [00:50<00:09, 15.71it/s]
 75%|████████████████████████████████████████████████████████████████████                       | 449/600 [00:50<00:09, 15.81it/s]
                                                                                                                                  

 75%|████████████████████████████████████████████████████████████████████▎                      | 450/600 [00:50<00:09, 15.81it/s]{'loss': '1.132', 'grad_norm': '5.79', 'learning_rate': '1.579e-05', 'epoch': '14.17'}
{'loss': '1.071', 'grad_norm': '20.89', 'learning_rate': '1.36e-05', 'epoch': '15'}


Writing model shards:   0%|                                                                                 | 0/1 [00:00<?, ?it/s][A

Writing model shards: 100%|█████████████████████████████████████████████████████████████████████████| 1/1 [00:00<00:00,  2.34it/s][A
Writing model shards: 100%|█████████████████████████████████████████████████████████████████████████| 1/1 [00:00<00:00,  2.34it/s]

 75%|████████████████████████████████████████████████████████████████████▍                      | 451/600 [00:51<00:38,  3.85it/s]
 76%|████████████████████████████████████████████████████████████████████▋                      | 453/600 [00:51<00:29,  4.99it/s]
 76%|█████████████████████████████████████████████████████████████████████                      | 455/600 [00:52<00:23,  6.29it/s]
 76%|█████████████████████████████████████████████████████████████████████▎                     | 457/600 [00:52<00:18,  7.71it/s]
 76%|█████████████████████████████████████████████████████████████████████▌                     | 459/600 [00:52<00:15,  9.14it/s]
 77%|█████████████████████████████████████████████████████████████████████▉                     | 461/600 [00:52<00:13, 10.48it/s]
 77%|██████████████████████████████████████████████████████████████████████▏                    | 463/600 [00:52<00:11, 11.71it/s]
 78%|██████████████████████████████████████████████████████████████████████▌                    | 465/600 [00:52<00:10, 12.76it/s]
 78%|██████████████████████████████████████████████████████████████████████▊                    | 467/600 [00:52<00:09, 13.59it/s]
 78%|███████████████████████████████████████████████████████████████████████▏                   | 469/600 [00:52<00:09, 14.26it/s]
 78%|███████████████████████████████████████████████████████████████████████▍                   | 471/600 [00:53<00:08, 14.76it/s]
 79%|███████████████████████████████████████████████████████████████████████▋                   | 473/600 [00:53<00:08, 15.14it/s]
 79%|████████████████████████████████████████████████████████████████████████                   | 475/600 [00:53<00:08, 15.43it/s]
                                                                                                                                  

 79%|████████████████████████████████████████████████████████████████████████                   | 475/600 [00:53<00:08, 15.43it/s]
 80%|████████████████████████████████████████████████████████████████████████▎                  | 477/600 [00:53<00:07, 15.64it/s]
 80%|████████████████████████████████████████████████████████████████████████▋                  | 479/600 [00:53<00:07, 15.79it/s]{'loss': '1.102', 'grad_norm': '5.276', 'learning_rate': '1.14e-05', 'epoch': '15.85'}


Writing model shards:   0%|                                                                                 | 0/1 [00:00<?, ?it/s][A

Writing model shards: 100%|█████████████████████████████████████████████████████████████████████████| 1/1 [00:00<00:00,  2.39it/s][A
Writing model shards: 100%|█████████████████████████████████████████████████████████████████████████| 1/1 [00:00<00:00,  2.39it/s]

 80%|████████████████████████████████████████████████████████████████████████▉                  | 481/600 [00:55<00:31,  3.83it/s]
 80%|█████████████████████████████████████████████████████████████████████████▎                 | 483/600 [00:55<00:23,  4.96it/s]
 81%|█████████████████████████████████████████████████████████████████████████▌                 | 485/600 [00:55<00:18,  6.26it/s]
 81%|█████████████████████████████████████████████████████████████████████████▊                 | 487/600 [00:55<00:14,  7.67it/s]
 82%|██████████████████████████████████████████████████████████████████████████▏                | 489/600 [00:55<00:12,  9.11it/s]
 82%|██████████████████████████████████████████████████████████████████████████▍                | 491/600 [00:55<00:10, 10.48it/s]
 82%|██████████████████████████████████████████████████████████████████████████▊                | 493/600 [00:55<00:09, 11.71it/s]
 82%|███████████████████████████████████████████████████████████████████████████                | 495/600 [00:55<00:08, 12.77it/s]
 83%|███████████████████████████████████████████████████████████████████████████▍               | 497/600 [00:56<00:07, 13.63it/s]
 83%|███████████████████████████████████████████████████████████████████████████▋               | 499/600 [00:56<00:07, 14.30it/s]
                                                                                                                                  

 83%|███████████████████████████████████████████████████████████████████████████▊               | 500/600 [00:56<00:06, 14.30it/s]
 84%|███████████████████████████████████████████████████████████████████████████▉               | 501/600 [00:56<00:06, 14.80it/s]
 84%|████████████████████████████████████████████████████████████████████████████▎              | 503/600 [00:56<00:06, 15.18it/s]
 84%|████████████████████████████████████████████████████████████████████████████▌              | 505/600 [00:56<00:06, 15.46it/s]
 84%|████████████████████████████████████████████████████████████████████████████▉              | 507/600 [00:56<00:05, 15.67it/s]
 85%|█████████████████████████████████████████████████████████████████████████████▏             | 509/600 [00:56<00:05, 15.81it/s]{'loss': '1.071', 'grad_norm': '4.849', 'learning_rate': '9.211e-06', 'epoch': '16.68'}


Writing model shards:   0%|                                                                                 | 0/1 [00:00<?, ?it/s][A

Writing model shards: 100%|█████████████████████████████████████████████████████████████████████████| 1/1 [00:00<00:00,  2.31it/s][A
Writing model shards: 100%|█████████████████████████████████████████████████████████████████████████| 1/1 [00:00<00:00,  2.31it/s]

 85%|█████████████████████████████████████████████████████████████████████████████▌             | 511/600 [00:58<00:23,  3.86it/s]
 86%|█████████████████████████████████████████████████████████████████████████████▊             | 513/600 [00:58<00:17,  5.00it/s]
 86%|██████████████████████████████████████████████████████████████████████████████             | 515/600 [00:58<00:13,  6.31it/s]
 86%|██████████████████████████████████████████████████████████████████████████████▍            | 517/600 [00:58<00:10,  7.72it/s]
 86%|██████████████████████████████████████████████████████████████████████████████▋            | 519/600 [00:58<00:08,  9.16it/s]
 87%|███████████████████████████████████████████████████████████████████████████████            | 521/600 [00:58<00:07, 10.53it/s]
 87%|███████████████████████████████████████████████████████████████████████████████▎           | 523/600 [00:58<00:06, 11.76it/s]
 88%|███████████████████████████████████████████████████████████████████████████████▋           | 525/600 [00:59<00:05, 12.81it/s]
                                                                                                                                  

 88%|███████████████████████████████████████████████████████████████████████████████▋           | 525/600 [00:59<00:05, 12.81it/s]
 88%|███████████████████████████████████████████████████████████████████████████████▉           | 527/600 [00:59<00:05, 13.65it/s]
 88%|████████████████████████████████████████████████████████████████████████████████▏          | 529/600 [00:59<00:04, 14.31it/s]
 88%|████████████████████████████████████████████████████████████████████████████████▌          | 531/600 [00:59<00:04, 14.82it/s]
 89%|████████████████████████████████████████████████████████████████████████████████▊          | 533/600 [00:59<00:04, 15.20it/s]
 89%|█████████████████████████████████████████████████████████████████████████████████▏         | 535/600 [00:59<00:04, 15.48it/s]
 90%|█████████████████████████████████████████████████████████████████████████████████▍         | 537/600 [00:59<00:04, 15.66it/s]
 90%|█████████████████████████████████████████████████████████████████████████████████▋         | 539/600 [00:59<00:03, 15.81it/s]{'loss': '1.033', 'grad_norm': '5.528', 'learning_rate': '7.018e-06', 'epoch': '17.51'}


Writing model shards:   0%|                                                                                 | 0/1 [00:00<?, ?it/s][A

Writing model shards: 100%|█████████████████████████████████████████████████████████████████████████| 1/1 [00:00<00:00,  2.16it/s][A
Writing model shards: 100%|█████████████████████████████████████████████████████████████████████████| 1/1 [00:00<00:00,  2.16it/s]

 90%|██████████████████████████████████████████████████████████████████████████████████         | 541/600 [01:01<00:15,  3.80it/s]
 90%|██████████████████████████████████████████████████████████████████████████████████▎        | 543/600 [01:01<00:11,  4.93it/s]
 91%|██████████████████████████████████████████████████████████████████████████████████▋        | 545/600 [01:01<00:08,  6.23it/s]
 91%|██████████████████████████████████████████████████████████████████████████████████▉        | 547/600 [01:01<00:06,  7.64it/s]
 92%|███████████████████████████████████████████████████████████████████████████████████▎       | 549/600 [01:01<00:05,  9.08it/s]
                                                                                                                                  

 92%|███████████████████████████████████████████████████████████████████████████████████▍       | 550/600 [01:01<00:05,  9.08it/s]
 92%|███████████████████████████████████████████████████████████████████████████████████▌       | 551/600 [01:01<00:04, 10.45it/s]
 92%|███████████████████████████████████████████████████████████████████████████████████▊       | 553/600 [01:02<00:04, 11.69it/s]
 92%|████████████████████████████████████████████████████████████████████████████████████▏      | 555/600 [01:02<00:03, 12.75it/s]
 93%|████████████████████████████████████████████████████████████████████████████████████▍      | 557/600 [01:02<00:03, 13.60it/s]
 93%|████████████████████████████████████████████████████████████████████████████████████▊      | 559/600 [01:02<00:02, 14.27it/s]
 94%|█████████████████████████████████████████████████████████████████████████████████████      | 561/600 [01:02<00:02, 14.79it/s]
 94%|█████████████████████████████████████████████████████████████████████████████████████▍     | 563/600 [01:02<00:02, 15.18it/s]
 94%|█████████████████████████████████████████████████████████████████████████████████████▋     | 565/600 [01:02<00:02, 15.46it/s]
 94%|█████████████████████████████████████████████████████████████████████████████████████▉     | 567/600 [01:02<00:02, 15.67it/s]
 95%|██████████████████████████████████████████████████████████████████████████████████████▎    | 569/600 [01:03<00:01, 15.80it/s]{'loss': '1.082', 'grad_norm': '4.417', 'learning_rate': '4.825e-06', 'epoch': '18.34'}


Writing model shards:   0%|                                                                                 | 0/1 [00:00<?, ?it/s][A

Writing model shards: 100%|█████████████████████████████████████████████████████████████████████████| 1/1 [00:00<00:00,  2.51it/s][A
Writing model shards: 100%|█████████████████████████████████████████████████████████████████████████| 1/1 [00:00<00:00,  2.51it/s]

 95%|██████████████████████████████████████████████████████████████████████████████████████▌    | 571/600 [01:04<00:07,  4.00it/s]
 96%|██████████████████████████████████████████████████████████████████████████████████████▉    | 573/600 [01:04<00:05,  5.16it/s]
 96%|███████████████████████████████████████████████████████████████████████████████████████▏   | 575/600 [01:04<00:03,  6.49it/s]
                                                                                                                                  

 96%|███████████████████████████████████████████████████████████████████████████████████████▏   | 575/600 [01:04<00:03,  6.49it/s]
 96%|███████████████████████████████████████████████████████████████████████████████████████▌   | 577/600 [01:04<00:02,  7.91it/s]
 96%|███████████████████████████████████████████████████████████████████████████████████████▊   | 579/600 [01:04<00:02,  9.34it/s]
 97%|████████████████████████████████████████████████████████████████████████████████████████   | 581/600 [01:05<00:01, 10.69it/s]
 97%|████████████████████████████████████████████████████████████████████████████████████████▍  | 583/600 [01:05<00:01, 11.90it/s]
 98%|████████████████████████████████████████████████████████████████████████████████████████▋  | 585/600 [01:05<00:01, 12.92it/s]
 98%|█████████████████████████████████████████████████████████████████████████████████████████  | 587/600 [01:05<00:00, 13.75it/s]
 98%|█████████████████████████████████████████████████████████████████████████████████████████▎ | 589/600 [01:05<00:00, 14.39it/s]
 98%|█████████████████████████████████████████████████████████████████████████████████████████▋ | 591/600 [01:05<00:00, 14.88it/s]
 99%|█████████████████████████████████████████████████████████████████████████████████████████▉ | 593/600 [01:05<00:00, 15.25it/s]
 99%|██████████████████████████████████████████████████████████████████████████████████████████▏| 595/600 [01:05<00:00, 15.52it/s]
100%|██████████████████████████████████████████████████████████████████████████████████████████▌| 597/600 [01:06<00:00, 15.71it/s]
100%|██████████████████████████████████████████████████████████████████████████████████████████▊| 599/600 [01:06<00:00, 15.84it/s]
                                                                                                                                  

100%|███████████████████████████████████████████████████████████████████████████████████████████| 600/600 [01:06<00:00, 15.84it/s]{'loss': '1.025', 'grad_norm': '4.866', 'learning_rate': '2.632e-06', 'epoch': '19.17'}
{'loss': '1.078', 'grad_norm': '23.94', 'learning_rate': '4.386e-07', 'epoch': '20'}


Writing model shards:   0%|                                                                                 | 0/1 [00:00<?, ?it/s][A

Writing model shards: 100%|█████████████████████████████████████████████████████████████████████████| 1/1 [00:00<00:00,  2.63it/s][A
Writing model shards: 100%|█████████████████████████████████████████████████████████████████████████| 1/1 [00:00<00:00,  2.63it/s]

                                                                                                                                  

100%|███████████████████████████████████████████████████████████████████████████████████████████| 600/600 [01:07<00:00, 15.84it/s]
100%|███████████████████████████████████████████████████████████████████████████████████████████| 600/600 [01:07<00:00,  8.89it/s]
{'train_runtime': '67.49', 'train_samples_per_second': '137.8', 'train_steps_per_second': '8.89', 'train_loss': '1.468', 'epoch': '20'}

  0%|                                                                                                       | 0/9 [00:00<?, ?it/s]
100%|██████████████████████████████████████████████████████████████████████████████████████████████| 9/9 [00:00<00:00, 104.98it/s]

Writing model shards:   0%|                                                                                 | 0/1 [00:00<?, ?it/s]
Writing model shards: 100%|█████████████████████████████████████████████████████████████████████████| 1/1 [00:00<00:00,  2.58it/s]
Writing model shards: 100%|█████████████████████████████████████████████████████████████████████████| 1/1 [00:00<00:00,  2.58it/s]

Loading weights:   0%|                                                                                     | 0/76 [00:00<?, ?it/s]
Loading weights: 100%|██████████████████████████████████████████████████████████████████████████| 76/76 [00:00<00:00, 1622.41it/s]

Loading weights:   0%|                                                                                     | 0/76 [00:00<?, ?it/s]
Loading weights: 100%|██████████████████████████████████████████████████████████████████████████| 76/76 [00:00<00:00, 1841.36it/s]
<local-root>/miniconda3/lib/python3.13/site-packages/torch/cuda/__init__.py:61: FutureWarning: The pynvml package is deprecated. Please install nvidia-ml-py instead. If you did not install pynvml directly, please report this to the maintainers of the package that installed pynvml for you.
  import pynvml  # type: ignore[import]

Loading weights:   0%|                                                                                     | 0/76 [00:00<?, ?it/s]
Loading weights:  66%|█████████████████████████████████████████████████▎                         | 50/76 [00:00<00:00, 484.64it/s]
Loading weights: 100%|███████████████████████████████████████████████████████████████████████████| 76/76 [00:00<00:00, 434.75it/s]

Loading weights:   0%|                                                                                     | 0/76 [00:00<?, ?it/s]
Loading weights: 100%|██████████████████████████████████████████████████████████████████████████| 76/76 [00:00<00:00, 1095.94it/s]

Loading weights:   0%|                                                                                    | 0/292 [00:00<?, ?it/s]
Loading weights: 100%|████████████████████████████████████████████████████████████████████████| 292/292 [00:00<00:00, 8973.02it/s]
[RANK 0] Detected kernel version 5.4.0, which is below the recommended minimum of 5.5.0; this can cause the process to hang. It is recommended to upgrade the kernel to the minimum version or higher.

  0%|                                                                                                     | 0/540 [00:00<?, ?it/s]
  0%|▏                                                                                            | 1/540 [00:00<02:09,  4.15it/s]
  0%|▎                                                                                            | 2/540 [00:00<01:53,  4.76it/s]
  1%|▌                                                                                            | 3/540 [00:00<01:50,  4.86it/s]
  1%|▋                                                                                            | 4/540 [00:00<01:50,  4.85it/s]
  1%|▊                                                                                            | 5/540 [00:01<01:50,  4.85it/s]
  1%|█                                                                                            | 6/540 [00:01<01:47,  4.95it/s]
  1%|█▏                                                                                           | 7/540 [00:01<01:49,  4.88it/s]
  1%|█▍                                                                                           | 8/540 [00:01<01:49,  4.84it/s]
  2%|█▌                                                                                           | 9/540 [00:01<01:50,  4.81it/s]
  2%|█▋                                                                                          | 10/540 [00:02<01:50,  4.79it/s]
  2%|█▊                                                                                          | 11/540 [00:02<01:50,  4.77it/s]
  2%|██                                                                                          | 12/540 [00:02<01:50,  4.76it/s]
  2%|██▏                                                                                         | 13/540 [00:02<01:50,  4.76it/s]
  3%|██▍                                                                                         | 14/540 [00:02<01:50,  4.75it/s]
  3%|██▌                                                                                         | 15/540 [00:03<01:50,  4.75it/s]
  3%|██▋                                                                                         | 16/540 [00:03<01:50,  4.75it/s]
  3%|██▉                                                                                         | 17/540 [00:03<01:50,  4.74it/s]
  3%|███                                                                                         | 18/540 [00:03<01:50,  4.74it/s]
  4%|███▏                                                                                        | 19/540 [00:03<01:49,  4.74it/s]
  4%|███▍                                                                                        | 20/540 [00:04<01:49,  4.74it/s]
  4%|███▌                                                                                        | 21/540 [00:04<01:49,  4.74it/s]
  4%|███▋                                                                                        | 22/540 [00:04<01:49,  4.74it/s]
  4%|███▉                                                                                        | 23/540 [00:04<01:49,  4.74it/s]
  4%|████                                                                                        | 24/540 [00:05<01:48,  4.74it/s]
  5%|████▎                                                                                       | 25/540 [00:05<01:48,  4.74it/s]
                                                                                                                                  

  5%|████▎                                                                                       | 25/540 [00:05<01:48,  4.74it/s]
  5%|████▍                                                                                       | 26/540 [00:05<01:48,  4.74it/s]
  5%|████▌                                                                                       | 27/540 [00:05<01:48,  4.74it/s]
  5%|████▊                                                                                       | 28/540 [00:05<01:47,  4.74it/s]
  5%|████▉                                                                                       | 29/540 [00:06<01:47,  4.74it/s]{'loss': '3.227', 'grad_norm': '6.728', 'learning_rate': '3.5e-05', 'epoch': '0.8475'}


Writing model shards:   0%|                                                                                 | 0/1 [00:00<?, ?it/s][A

Writing model shards: 100%|█████████████████████████████████████████████████████████████████████████| 1/1 [00:01<00:00,  1.61s/it][A
Writing model shards: 100%|█████████████████████████████████████████████████████████████████████████| 1/1 [00:01<00:00,  1.61s/it]

  6%|█████▎                                                                                      | 31/540 [00:11<10:51,  1.28s/it]
  6%|█████▍                                                                                      | 32/540 [00:11<08:35,  1.02s/it]
  6%|█████▌                                                                                      | 33/540 [00:11<06:47,  1.24it/s]
  6%|█████▊                                                                                      | 34/540 [00:11<05:25,  1.55it/s]
  6%|█████▉                                                                                      | 35/540 [00:11<04:23,  1.92it/s]
  7%|██████▏                                                                                     | 36/540 [00:12<03:38,  2.31it/s]
  7%|██████▎                                                                                     | 37/540 [00:12<03:05,  2.71it/s]
  7%|██████▍                                                                                     | 38/540 [00:12<02:41,  3.10it/s]
  7%|██████▋                                                                                     | 39/540 [00:12<02:25,  3.45it/s]
  7%|██████▊                                                                                     | 40/540 [00:13<02:13,  3.75it/s]
  8%|██████▉                                                                                     | 41/540 [00:13<02:04,  4.00it/s]
  8%|███████▏                                                                                    | 42/540 [00:13<01:58,  4.20it/s]
  8%|███████▎                                                                                    | 43/540 [00:13<01:54,  4.34it/s]
  8%|███████▍                                                                                    | 44/540 [00:13<01:51,  4.45it/s]
  8%|███████▋                                                                                    | 45/540 [00:14<01:49,  4.53it/s]
  9%|███████▊                                                                                    | 46/540 [00:14<01:47,  4.59it/s]
  9%|████████                                                                                    | 47/540 [00:14<01:46,  4.63it/s]
  9%|████████▏                                                                                   | 48/540 [00:14<01:45,  4.66it/s]
  9%|████████▎                                                                                   | 49/540 [00:14<01:44,  4.68it/s]
  9%|████████▌                                                                                   | 50/540 [00:15<01:44,  4.70it/s]
                                                                                                                                  

  9%|████████▌                                                                                   | 50/540 [00:15<01:44,  4.70it/s]
  9%|████████▋                                                                                   | 51/540 [00:15<01:43,  4.71it/s]
 10%|████████▊                                                                                   | 52/540 [00:15<01:43,  4.72it/s]
 10%|█████████                                                                                   | 53/540 [00:15<01:43,  4.73it/s]
 10%|█████████▏                                                                                  | 54/540 [00:15<01:42,  4.73it/s]
 10%|█████████▎                                                                                  | 55/540 [00:16<01:42,  4.74it/s]
 10%|█████████▌                                                                                  | 56/540 [00:16<01:42,  4.74it/s]
 11%|█████████▋                                                                                  | 57/540 [00:16<01:41,  4.74it/s]
 11%|█████████▉                                                                                  | 58/540 [00:16<01:41,  4.74it/s]
 11%|██████████                                                                                  | 59/540 [00:17<01:41,  4.74it/s]{'loss': '1.785', 'grad_norm': '9.124', 'learning_rate': '4.853e-05', 'epoch': '1.678'}


Writing model shards:   0%|                                                                                 | 0/1 [00:00<?, ?it/s][A

Writing model shards: 100%|█████████████████████████████████████████████████████████████████████████| 1/1 [00:01<00:00,  1.98s/it][A
Writing model shards: 100%|█████████████████████████████████████████████████████████████████████████| 1/1 [00:01<00:00,  1.98s/it]

 11%|██████████▍                                                                                 | 61/540 [00:22<11:17,  1.42s/it]
 11%|██████████▌                                                                                 | 62/540 [00:22<08:53,  1.12s/it]
 12%|██████████▋                                                                                 | 63/540 [00:23<06:59,  1.14it/s]
 12%|██████████▉                                                                                 | 64/540 [00:23<05:32,  1.43it/s]
 12%|███████████                                                                                 | 65/540 [00:23<04:26,  1.78it/s]
 12%|███████████▏                                                                                | 66/540 [00:23<03:38,  2.17it/s]
 12%|███████████▍                                                                                | 67/540 [00:23<03:04,  2.57it/s]
 13%|███████████▌                                                                                | 68/540 [00:24<02:39,  2.97it/s]
 13%|███████████▊                                                                                | 69/540 [00:24<02:21,  3.33it/s]
 13%|███████████▉                                                                                | 70/540 [00:24<02:08,  3.65it/s]
 13%|████████████                                                                                | 71/540 [00:24<01:59,  3.91it/s]
 13%|████████████▎                                                                               | 72/540 [00:25<01:53,  4.13it/s]
 14%|████████████▍                                                                               | 73/540 [00:25<01:48,  4.29it/s]
 14%|████████████▌                                                                               | 74/540 [00:25<01:45,  4.42it/s]
 14%|████████████▊                                                                               | 75/540 [00:25<01:43,  4.51it/s]
                                                                                                                                  

 14%|████████████▊                                                                               | 75/540 [00:25<01:43,  4.51it/s]
 14%|████████████▉                                                                               | 76/540 [00:25<01:41,  4.57it/s]
 14%|█████████████                                                                               | 77/540 [00:26<01:40,  4.62it/s]
 14%|█████████████▎                                                                              | 78/540 [00:26<01:39,  4.66it/s]
 15%|█████████████▍                                                                              | 79/540 [00:26<01:38,  4.68it/s]
 15%|█████████████▋                                                                              | 80/540 [00:26<01:37,  4.70it/s]
 15%|█████████████▊                                                                              | 81/540 [00:26<01:37,  4.71it/s]
 15%|█████████████▉                                                                              | 82/540 [00:27<01:36,  4.72it/s]
 15%|██████████████▏                                                                             | 83/540 [00:27<01:36,  4.73it/s]
 16%|██████████████▎                                                                             | 84/540 [00:27<01:36,  4.73it/s]
 16%|██████████████▍                                                                             | 85/540 [00:27<01:36,  4.73it/s]
 16%|██████████████▋                                                                             | 86/540 [00:27<01:35,  4.74it/s]
 16%|██████████████▊                                                                             | 87/540 [00:28<01:35,  4.74it/s]
 16%|██████████████▉                                                                             | 88/540 [00:28<01:35,  4.74it/s]
 16%|███████████████▏                                                                            | 89/540 [00:28<01:35,  4.74it/s]{'loss': '1.481', 'grad_norm': '9.191', 'learning_rate': '4.608e-05', 'epoch': '2.508'}


Writing model shards:   0%|                                                                                 | 0/1 [00:00<?, ?it/s][A

Writing model shards: 100%|█████████████████████████████████████████████████████████████████████████| 1/1 [00:01<00:00,  1.98s/it][A
Writing model shards: 100%|█████████████████████████████████████████████████████████████████████████| 1/1 [00:01<00:00,  1.98s/it]

 17%|███████████████▌                                                                            | 91/540 [00:38<17:09,  2.29s/it]
 17%|███████████████▋                                                                            | 92/540 [00:38<13:15,  1.78s/it]
 17%|███████████████▊                                                                            | 93/540 [00:38<10:10,  1.37s/it]
 17%|████████████████                                                                            | 94/540 [00:38<07:49,  1.05s/it]
 18%|████████████████▏                                                                           | 95/540 [00:38<06:03,  1.22it/s]
 18%|████████████████▎                                                                           | 96/540 [00:39<04:46,  1.55it/s]
 18%|████████████████▌                                                                           | 97/540 [00:39<03:49,  1.93it/s]
 18%|████████████████▋                                                                           | 98/540 [00:39<03:09,  2.33it/s]
 18%|████████████████▊                                                                           | 99/540 [00:39<02:40,  2.74it/s]
 19%|████████████████▊                                                                          | 100/540 [00:39<02:20,  3.13it/s]
                                                                                                                                  

 19%|████████████████▊                                                                          | 100/540 [00:39<02:20,  3.13it/s]
 19%|█████████████████                                                                          | 101/540 [00:40<02:06,  3.48it/s]
 19%|█████████████████▏                                                                         | 102/540 [00:40<01:55,  3.78it/s]
 19%|█████████████████▎                                                                         | 103/540 [00:40<01:48,  4.02it/s]
 19%|█████████████████▌                                                                         | 104/540 [00:40<01:43,  4.21it/s]
 19%|█████████████████▋                                                                         | 105/540 [00:41<01:40,  4.35it/s]
 20%|█████████████████▊                                                                         | 106/540 [00:41<01:37,  4.46it/s]
 20%|██████████████████                                                                         | 107/540 [00:41<01:35,  4.54it/s]
 20%|██████████████████▏                                                                        | 108/540 [00:41<01:34,  4.59it/s]
 20%|██████████████████▎                                                                        | 109/540 [00:41<01:32,  4.64it/s]
 20%|██████████████████▌                                                                        | 110/540 [00:42<01:32,  4.66it/s]
 21%|██████████████████▋                                                                        | 111/540 [00:42<01:31,  4.69it/s]
 21%|██████████████████▊                                                                        | 112/540 [00:42<01:31,  4.70it/s]
 21%|███████████████████                                                                        | 113/540 [00:42<01:30,  4.71it/s]
 21%|███████████████████▏                                                                       | 114/540 [00:42<01:30,  4.72it/s]
 21%|███████████████████▍                                                                       | 115/540 [00:43<01:29,  4.72it/s]
 21%|███████████████████▌                                                                       | 116/540 [00:43<01:29,  4.73it/s]
 22%|███████████████████▋                                                                       | 117/540 [00:43<01:29,  4.73it/s]
 22%|███████████████████▉                                                                       | 118/540 [00:43<01:29,  4.73it/s]
 22%|████████████████████                                                                       | 119/540 [00:43<01:28,  4.73it/s]{'loss': '1.268', 'grad_norm': '7.517', 'learning_rate': '4.373e-05', 'epoch': '3.339'}


Writing model shards:   0%|                                                                                 | 0/1 [00:00<?, ?it/s][A

Writing model shards: 100%|█████████████████████████████████████████████████████████████████████████| 1/1 [00:01<00:00,  1.66s/it][A
Writing model shards: 100%|█████████████████████████████████████████████████████████████████████████| 1/1 [00:01<00:00,  1.66s/it]

 22%|████████████████████▍                                                                      | 121/540 [00:49<09:49,  1.41s/it]
 23%|████████████████████▌                                                                      | 122/540 [00:49<07:44,  1.11s/it]
 23%|████████████████████▋                                                                      | 123/540 [00:49<06:05,  1.14it/s]
 23%|████████████████████▉                                                                      | 124/540 [00:50<04:49,  1.44it/s]
 23%|█████████████████████                                                                      | 125/540 [00:50<03:52,  1.79it/s]
                                                                                                                                  

 23%|█████████████████████                                                                      | 125/540 [00:50<03:52,  1.79it/s]
 23%|█████████████████████▏                                                                     | 126/540 [00:50<03:10,  2.17it/s]
 24%|█████████████████████▍                                                                     | 127/540 [00:50<02:40,  2.58it/s]
 24%|█████████████████████▌                                                                     | 128/540 [00:51<02:18,  2.97it/s]
 24%|█████████████████████▋                                                                     | 129/540 [00:51<02:03,  3.34it/s]
 24%|█████████████████████▉                                                                     | 130/540 [00:51<01:52,  3.66it/s]
 24%|██████████████████████                                                                     | 131/540 [00:51<01:44,  3.92it/s]
 24%|██████████████████████▏                                                                    | 132/540 [00:51<01:38,  4.13it/s]
 25%|██████████████████████▍                                                                    | 133/540 [00:52<01:34,  4.30it/s]
 25%|██████████████████████▌                                                                    | 134/540 [00:52<01:31,  4.42it/s]
 25%|██████████████████████▊                                                                    | 135/540 [00:52<01:29,  4.51it/s]
 25%|██████████████████████▉                                                                    | 136/540 [00:52<01:28,  4.58it/s]
 25%|███████████████████████                                                                    | 137/540 [00:52<01:27,  4.62it/s]
 26%|███████████████████████▎                                                                   | 138/540 [00:53<01:26,  4.65it/s]
 26%|███████████████████████▍                                                                   | 139/540 [00:53<01:25,  4.67it/s]
 26%|███████████████████████▌                                                                   | 140/540 [00:53<01:25,  4.69it/s]
 26%|███████████████████████▊                                                                   | 141/540 [00:53<01:24,  4.70it/s]
 26%|███████████████████████▉                                                                   | 142/540 [00:54<01:24,  4.71it/s]
 26%|████████████████████████                                                                   | 143/540 [00:54<01:24,  4.72it/s]
 27%|████████████████████████▎                                                                  | 144/540 [00:54<01:23,  4.72it/s]
 27%|████████████████████████▍                                                                  | 145/540 [00:54<01:23,  4.73it/s]
 27%|████████████████████████▌                                                                  | 146/540 [00:54<01:23,  4.73it/s]
 27%|████████████████████████▊                                                                  | 147/540 [00:55<01:23,  4.73it/s]
 27%|████████████████████████▉                                                                  | 148/540 [00:55<01:22,  4.73it/s]
 28%|█████████████████████████                                                                  | 149/540 [00:55<01:22,  4.73it/s]
                                                                                                                                  

 28%|█████████████████████████▎                                                                 | 150/540 [00:55<01:22,  4.73it/s]{'loss': '1.188', 'grad_norm': '7.817', 'learning_rate': '4.127e-05', 'epoch': '4.169'}
{'loss': '1.083', 'grad_norm': '29.92', 'learning_rate': '3.882e-05', 'epoch': '5'}


Writing model shards:   0%|                                                                                 | 0/1 [00:00<?, ?it/s][A

Writing model shards: 100%|█████████████████████████████████████████████████████████████████████████| 1/1 [00:01<00:00,  1.99s/it][A
Writing model shards: 100%|█████████████████████████████████████████████████████████████████████████| 1/1 [00:01<00:00,  1.99s/it]

 28%|█████████████████████████▍                                                                 | 151/540 [01:01<10:01,  1.55s/it]
 28%|█████████████████████████▌                                                                 | 152/540 [01:01<07:52,  1.22s/it]
 28%|█████████████████████████▊                                                                 | 153/540 [01:02<06:09,  1.05it/s]
 29%|█████████████████████████▉                                                                 | 154/540 [01:02<04:50,  1.33it/s]
 29%|██████████████████████████                                                                 | 155/540 [01:02<03:51,  1.66it/s]
 29%|██████████████████████████▎                                                                | 156/540 [01:02<03:07,  2.04it/s]
 29%|██████████████████████████▍                                                                | 157/540 [01:02<02:36,  2.45it/s]
 29%|██████████████████████████▋                                                                | 158/540 [01:03<02:14,  2.85it/s]
 29%|██████████████████████████▊                                                                | 159/540 [01:03<01:57,  3.23it/s]
 30%|██████████████████████████▉                                                                | 160/540 [01:03<01:46,  3.56it/s]
 30%|███████████████████████████▏                                                               | 161/540 [01:03<01:38,  3.84it/s]
 30%|███████████████████████████▎                                                               | 162/540 [01:04<01:32,  4.07it/s]
 30%|███████████████████████████▍                                                               | 163/540 [01:04<01:28,  4.24it/s]
 30%|███████████████████████████▋                                                               | 164/540 [01:04<01:25,  4.38it/s]
 31%|███████████████████████████▊                                                               | 165/540 [01:04<01:23,  4.48it/s]
 31%|███████████████████████████▉                                                               | 166/540 [01:04<01:22,  4.55it/s]
 31%|████████████████████████████▏                                                              | 167/540 [01:05<01:21,  4.60it/s]
 31%|████████████████████████████▎                                                              | 168/540 [01:05<01:20,  4.64it/s]
 31%|████████████████████████████▍                                                              | 169/540 [01:05<01:19,  4.66it/s]
 31%|████████████████████████████▋                                                              | 170/540 [01:05<01:19,  4.68it/s]
 32%|████████████████████████████▊                                                              | 171/540 [01:05<01:18,  4.69it/s]
 32%|████████████████████████████▉                                                              | 172/540 [01:06<01:18,  4.70it/s]
 32%|█████████████████████████████▏                                                             | 173/540 [01:06<01:17,  4.71it/s]
 32%|█████████████████████████████▎                                                             | 174/540 [01:06<01:17,  4.72it/s]
 32%|█████████████████████████████▍                                                             | 175/540 [01:06<01:17,  4.72it/s]
                                                                                                                                  

 32%|█████████████████████████████▍                                                             | 175/540 [01:06<01:17,  4.72it/s]
 33%|█████████████████████████████▋                                                             | 176/540 [01:06<01:17,  4.72it/s]
 33%|█████████████████████████████▊                                                             | 177/540 [01:07<01:17,  4.67it/s]
 33%|█████████████████████████████▉                                                             | 178/540 [01:07<01:17,  4.69it/s]
 33%|██████████████████████████████▏                                                            | 179/540 [01:07<01:16,  4.70it/s]{'loss': '0.9747', 'grad_norm': '7.651', 'learning_rate': '3.637e-05', 'epoch': '5.847'}


Writing model shards:   0%|                                                                                 | 0/1 [00:00<?, ?it/s][A

Writing model shards: 100%|█████████████████████████████████████████████████████████████████████████| 1/1 [00:02<00:00,  2.07s/it][A
Writing model shards: 100%|█████████████████████████████████████████████████████████████████████████| 1/1 [00:02<00:00,  2.07s/it]

 34%|██████████████████████████████▌                                                            | 181/540 [01:13<08:59,  1.50s/it]
 34%|██████████████████████████████▋                                                            | 182/540 [01:13<07:03,  1.18s/it]
 34%|██████████████████████████████▊                                                            | 183/540 [01:14<05:31,  1.08it/s]
 34%|███████████████████████████████                                                            | 184/540 [01:14<04:21,  1.36it/s]
 34%|███████████████████████████████▏                                                           | 185/540 [01:14<03:28,  1.70it/s]
 34%|███████████████████████████████▎                                                           | 186/540 [01:14<02:49,  2.08it/s]
 35%|███████████████████████████████▌                                                           | 187/540 [01:14<02:21,  2.49it/s]
 35%|███████████████████████████████▋                                                           | 188/540 [01:15<02:01,  2.89it/s]
 35%|███████████████████████████████▊                                                           | 189/540 [01:15<01:47,  3.26it/s]
 35%|████████████████████████████████                                                           | 190/540 [01:15<01:37,  3.59it/s]
 35%|████████████████████████████████▏                                                          | 191/540 [01:15<01:30,  3.87it/s]
 36%|████████████████████████████████▎                                                          | 192/540 [01:15<01:24,  4.10it/s]
 36%|████████████████████████████████▌                                                          | 193/540 [01:16<01:21,  4.27it/s]
 36%|████████████████████████████████▋                                                          | 194/540 [01:16<01:18,  4.40it/s]
 36%|████████████████████████████████▊                                                          | 195/540 [01:16<01:16,  4.49it/s]
 36%|█████████████████████████████████                                                          | 196/540 [01:16<01:15,  4.56it/s]
 36%|█████████████████████████████████▏                                                         | 197/540 [01:17<01:14,  4.61it/s]
 37%|█████████████████████████████████▎                                                         | 198/540 [01:17<01:13,  4.65it/s]
 37%|█████████████████████████████████▌                                                         | 199/540 [01:17<01:12,  4.67it/s]
 37%|█████████████████████████████████▋                                                         | 200/540 [01:17<01:12,  4.69it/s]
                                                                                                                                  

 37%|█████████████████████████████████▋                                                         | 200/540 [01:17<01:12,  4.69it/s]
 37%|█████████████████████████████████▊                                                         | 201/540 [01:17<01:12,  4.70it/s]
 37%|██████████████████████████████████                                                         | 202/540 [01:18<01:11,  4.71it/s]
 38%|██████████████████████████████████▏                                                        | 203/540 [01:18<01:11,  4.71it/s]
 38%|██████████████████████████████████▍                                                        | 204/540 [01:18<01:11,  4.72it/s]
 38%|██████████████████████████████████▌                                                        | 205/540 [01:18<01:10,  4.72it/s]
 38%|██████████████████████████████████▋                                                        | 206/540 [01:18<01:10,  4.72it/s]
 38%|██████████████████████████████████▉                                                        | 207/540 [01:19<01:10,  4.72it/s]
 39%|███████████████████████████████████                                                        | 208/540 [01:19<01:10,  4.73it/s]
 39%|███████████████████████████████████▏                                                       | 209/540 [01:19<01:09,  4.73it/s]{'loss': '0.9143', 'grad_norm': '6.685', 'learning_rate': '3.392e-05', 'epoch': '6.678'}


Writing model shards:   0%|                                                                                 | 0/1 [00:00<?, ?it/s][A

Writing model shards: 100%|█████████████████████████████████████████████████████████████████████████| 1/1 [00:01<00:00,  1.95s/it][A
Writing model shards: 100%|█████████████████████████████████████████████████████████████████████████| 1/1 [00:01<00:00,  1.95s/it]

 39%|███████████████████████████████████▌                                                       | 211/540 [01:25<08:16,  1.51s/it]
 39%|███████████████████████████████████▋                                                       | 212/540 [01:25<06:29,  1.19s/it]
 39%|███████████████████████████████████▉                                                       | 213/540 [01:26<05:05,  1.07it/s]
 40%|████████████████████████████████████                                                       | 214/540 [01:26<04:00,  1.36it/s]
 40%|████████████████████████████████████▏                                                      | 215/540 [01:26<03:11,  1.69it/s]
 40%|████████████████████████████████████▍                                                      | 216/540 [01:26<02:36,  2.07it/s]
 40%|████████████████████████████████████▌                                                      | 217/540 [01:26<02:10,  2.48it/s]
 40%|████████████████████████████████████▋                                                      | 218/540 [01:27<01:51,  2.88it/s]
 41%|████████████████████████████████████▉                                                      | 219/540 [01:27<01:38,  3.26it/s]
 41%|█████████████████████████████████████                                                      | 220/540 [01:27<01:29,  3.59it/s]
 41%|█████████████████████████████████████▏                                                     | 221/540 [01:27<01:22,  3.87it/s]
 41%|█████████████████████████████████████▍                                                     | 222/540 [01:27<01:17,  4.09it/s]
 41%|█████████████████████████████████████▌                                                     | 223/540 [01:28<01:14,  4.26it/s]
 41%|█████████████████████████████████████▋                                                     | 224/540 [01:28<01:11,  4.40it/s]
 42%|█████████████████████████████████████▉                                                     | 225/540 [01:28<01:10,  4.49it/s]
                                                                                                                                  

 42%|█████████████████████████████████████▉                                                     | 225/540 [01:28<01:10,  4.49it/s]
 42%|██████████████████████████████████████                                                     | 226/540 [01:28<01:08,  4.56it/s]
 42%|██████████████████████████████████████▎                                                    | 227/540 [01:28<01:07,  4.61it/s]
 42%|██████████████████████████████████████▍                                                    | 228/540 [01:29<01:07,  4.65it/s]
 42%|██████████████████████████████████████▌                                                    | 229/540 [01:29<01:06,  4.67it/s]
 43%|██████████████████████████████████████▊                                                    | 230/540 [01:29<01:06,  4.69it/s]
 43%|██████████████████████████████████████▉                                                    | 231/540 [01:29<01:05,  4.70it/s]
 43%|███████████████████████████████████████                                                    | 232/540 [01:30<01:05,  4.71it/s]
 43%|███████████████████████████████████████▎                                                   | 233/540 [01:30<01:05,  4.72it/s]
 43%|███████████████████████████████████████▍                                                   | 234/540 [01:30<01:04,  4.73it/s]
 44%|███████████████████████████████████████▌                                                   | 235/540 [01:30<01:04,  4.73it/s]
 44%|███████████████████████████████████████▊                                                   | 236/540 [01:30<01:04,  4.73it/s]
 44%|███████████████████████████████████████▉                                                   | 237/540 [01:31<01:04,  4.73it/s]
 44%|████████████████████████████████████████                                                   | 238/540 [01:31<01:03,  4.73it/s]
 44%|████████████████████████████████████████▎                                                  | 239/540 [01:31<01:03,  4.73it/s]{'loss': '0.8059', 'grad_norm': '6.109', 'learning_rate': '3.147e-05', 'epoch': '7.508'}


Writing model shards:   0%|                                                                                 | 0/1 [00:00<?, ?it/s][A

Writing model shards: 100%|█████████████████████████████████████████████████████████████████████████| 1/1 [00:02<00:00,  2.20s/it][A
Writing model shards: 100%|█████████████████████████████████████████████████████████████████████████| 1/1 [00:02<00:00,  2.20s/it]

 45%|████████████████████████████████████████▌                                                  | 241/540 [01:38<08:13,  1.65s/it]
 45%|████████████████████████████████████████▊                                                  | 242/540 [01:38<06:25,  1.29s/it]
 45%|████████████████████████████████████████▉                                                  | 243/540 [01:38<05:00,  1.01s/it]
 45%|█████████████████████████████████████████                                                  | 244/540 [01:38<03:54,  1.26it/s]
 45%|█████████████████████████████████████████▎                                                 | 245/540 [01:39<03:05,  1.59it/s]
 46%|█████████████████████████████████████████▍                                                 | 246/540 [01:39<02:30,  1.96it/s]
 46%|█████████████████████████████████████████▌                                                 | 247/540 [01:39<02:04,  2.36it/s]
 46%|█████████████████████████████████████████▊                                                 | 248/540 [01:39<01:45,  2.76it/s]
 46%|█████████████████████████████████████████▉                                                 | 249/540 [01:39<01:32,  3.15it/s]
 46%|██████████████████████████████████████████▏                                                | 250/540 [01:40<01:22,  3.50it/s]
                                                                                                                                  

 46%|██████████████████████████████████████████▏                                                | 250/540 [01:40<01:22,  3.50it/s]
 46%|██████████████████████████████████████████▎                                                | 251/540 [01:40<01:16,  3.79it/s]
 47%|██████████████████████████████████████████▍                                                | 252/540 [01:40<01:11,  4.03it/s]
 47%|██████████████████████████████████████████▋                                                | 253/540 [01:40<01:08,  4.22it/s]
 47%|██████████████████████████████████████████▊                                                | 254/540 [01:40<01:05,  4.36it/s]
 47%|██████████████████████████████████████████▉                                                | 255/540 [01:41<01:03,  4.46it/s]
 47%|███████████████████████████████████████████▏                                               | 256/540 [01:41<01:02,  4.54it/s]
 48%|███████████████████████████████████████████▎                                               | 257/540 [01:41<01:01,  4.59it/s]
 48%|███████████████████████████████████████████▍                                               | 258/540 [01:41<01:00,  4.63it/s]
 48%|███████████████████████████████████████████▋                                               | 259/540 [01:41<01:00,  4.66it/s]
 48%|███████████████████████████████████████████▊                                               | 260/540 [01:42<00:59,  4.68it/s]
 48%|███████████████████████████████████████████▉                                               | 261/540 [01:42<00:59,  4.70it/s]
 49%|████████████████████████████████████████████▏                                              | 262/540 [01:42<00:59,  4.71it/s]
 49%|████████████████████████████████████████████▎                                              | 263/540 [01:42<00:58,  4.71it/s]
 49%|████████████████████████████████████████████▍                                              | 264/540 [01:43<00:58,  4.72it/s]
 49%|████████████████████████████████████████████▋                                              | 265/540 [01:43<00:58,  4.72it/s]
 49%|████████████████████████████████████████████▊                                              | 266/540 [01:43<00:57,  4.73it/s]
 49%|████████████████████████████████████████████▉                                              | 267/540 [01:43<00:57,  4.73it/s]
 50%|█████████████████████████████████████████████▏                                             | 268/540 [01:43<00:57,  4.73it/s]
 50%|█████████████████████████████████████████████▎                                             | 269/540 [01:44<00:57,  4.73it/s]{'loss': '0.7928', 'grad_norm': '6.022', 'learning_rate': '2.902e-05', 'epoch': '8.339'}


Writing model shards:   0%|                                                                                 | 0/1 [00:00<?, ?it/s][A

Writing model shards: 100%|█████████████████████████████████████████████████████████████████████████| 1/1 [00:01<00:00,  1.93s/it][A
Writing model shards: 100%|█████████████████████████████████████████████████████████████████████████| 1/1 [00:01<00:00,  1.93s/it]

 50%|█████████████████████████████████████████████▋                                             | 271/540 [01:49<06:20,  1.41s/it]
 50%|█████████████████████████████████████████████▊                                             | 272/540 [01:49<04:59,  1.12s/it]
 51%|██████████████████████████████████████████████                                             | 273/540 [01:50<03:54,  1.14it/s]
 51%|██████████████████████████████████████████████▏                                            | 274/540 [01:50<03:05,  1.43it/s]
 51%|██████████████████████████████████████████████▎                                            | 275/540 [01:50<02:28,  1.78it/s]
                                                                                                                                  

 51%|██████████████████████████████████████████████▎                                            | 275/540 [01:50<02:28,  1.78it/s]
 51%|██████████████████████████████████████████████▌                                            | 276/540 [01:50<02:01,  2.16it/s]
 51%|██████████████████████████████████████████████▋                                            | 277/540 [01:51<01:42,  2.57it/s]
 51%|██████████████████████████████████████████████▊                                            | 278/540 [01:51<01:28,  2.97it/s]
 52%|███████████████████████████████████████████████                                            | 279/540 [01:51<01:18,  3.33it/s]
 52%|███████████████████████████████████████████████▏                                           | 280/540 [01:51<01:11,  3.65it/s]
 52%|███████████████████████████████████████████████▎                                           | 281/540 [01:51<01:06,  3.92it/s]
 52%|███████████████████████████████████████████████▌                                           | 282/540 [01:52<01:02,  4.13it/s]
 52%|███████████████████████████████████████████████▋                                           | 283/540 [01:52<00:59,  4.29it/s]
 53%|███████████████████████████████████████████████▊                                           | 284/540 [01:52<00:57,  4.42it/s]
 53%|████████████████████████████████████████████████                                           | 285/540 [01:52<00:56,  4.50it/s]
 53%|████████████████████████████████████████████████▏                                          | 286/540 [01:52<00:55,  4.56it/s]
 53%|████████████████████████████████████████████████▎                                          | 287/540 [01:53<00:54,  4.62it/s]
 53%|████████████████████████████████████████████████▌                                          | 288/540 [01:53<00:54,  4.65it/s]
 54%|████████████████████████████████████████████████▋                                          | 289/540 [01:53<00:53,  4.67it/s]
 54%|████████████████████████████████████████████████▊                                          | 290/540 [01:53<00:53,  4.69it/s]
 54%|█████████████████████████████████████████████████                                          | 291/540 [01:53<00:52,  4.70it/s]
 54%|█████████████████████████████████████████████████▏                                         | 292/540 [01:54<00:52,  4.71it/s]
 54%|█████████████████████████████████████████████████▍                                         | 293/540 [01:54<00:52,  4.72it/s]
 54%|█████████████████████████████████████████████████▌                                         | 294/540 [01:54<00:52,  4.72it/s]
 55%|█████████████████████████████████████████████████▋                                         | 295/540 [01:54<00:52,  4.69it/s]
 55%|█████████████████████████████████████████████████▉                                         | 296/540 [01:55<00:51,  4.71it/s]
 55%|██████████████████████████████████████████████████                                         | 297/540 [01:55<00:51,  4.71it/s]
 55%|██████████████████████████████████████████████████▏                                        | 298/540 [01:55<00:51,  4.72it/s]
 55%|██████████████████████████████████████████████████▍                                        | 299/540 [01:55<00:51,  4.72it/s]
                                                                                                                                  

 56%|██████████████████████████████████████████████████▌                                        | 300/540 [01:55<00:50,  4.72it/s]{'loss': '0.7044', 'grad_norm': '5.788', 'learning_rate': '2.657e-05', 'epoch': '9.169'}
{'loss': '0.6858', 'grad_norm': '18.26', 'learning_rate': '2.412e-05', 'epoch': '10'}


Writing model shards:   0%|                                                                                 | 0/1 [00:00<?, ?it/s][A

Writing model shards: 100%|█████████████████████████████████████████████████████████████████████████| 1/1 [00:02<00:00,  2.01s/it][A
Writing model shards: 100%|█████████████████████████████████████████████████████████████████████████| 1/1 [00:02<00:00,  2.01s/it]

 56%|██████████████████████████████████████████████████▋                                        | 301/540 [02:01<05:57,  1.50s/it]
 56%|██████████████████████████████████████████████████▉                                        | 302/540 [02:01<04:40,  1.18s/it]
 56%|███████████████████████████████████████████████████                                        | 303/540 [02:02<03:39,  1.08it/s]
 56%|███████████████████████████████████████████████████▏                                       | 304/540 [02:02<02:52,  1.37it/s]
 56%|███████████████████████████████████████████████████▍                                       | 305/540 [02:02<02:17,  1.71it/s]
 57%|███████████████████████████████████████████████████▌                                       | 306/540 [02:02<01:52,  2.09it/s]
 57%|███████████████████████████████████████████████████▋                                       | 307/540 [02:02<01:33,  2.49it/s]
 57%|███████████████████████████████████████████████████▉                                       | 308/540 [02:03<01:20,  2.89it/s]
 57%|████████████████████████████████████████████████████                                       | 309/540 [02:03<01:10,  3.26it/s]
 57%|████████████████████████████████████████████████████▏                                      | 310/540 [02:03<01:04,  3.59it/s]
 58%|████████████████████████████████████████████████████▍                                      | 311/540 [02:03<00:59,  3.87it/s]
 58%|████████████████████████████████████████████████████▌                                      | 312/540 [02:03<00:55,  4.09it/s]
 58%|████████████████████████████████████████████████████▋                                      | 313/540 [02:04<00:53,  4.26it/s]
 58%|████████████████████████████████████████████████████▉                                      | 314/540 [02:04<00:51,  4.39it/s]
 58%|█████████████████████████████████████████████████████                                      | 315/540 [02:04<00:50,  4.48it/s]
 59%|█████████████████████████████████████████████████████▎                                     | 316/540 [02:04<00:49,  4.55it/s]
 59%|█████████████████████████████████████████████████████▍                                     | 317/540 [02:05<00:48,  4.60it/s]
 59%|█████████████████████████████████████████████████████▌                                     | 318/540 [02:05<00:47,  4.64it/s]
 59%|█████████████████████████████████████████████████████▊                                     | 319/540 [02:05<00:47,  4.66it/s]
 59%|█████████████████████████████████████████████████████▉                                     | 320/540 [02:05<00:46,  4.68it/s]
 59%|██████████████████████████████████████████████████████                                     | 321/540 [02:05<00:46,  4.70it/s]
 60%|██████████████████████████████████████████████████████▎                                    | 322/540 [02:06<00:46,  4.71it/s]
 60%|██████████████████████████████████████████████████████▍                                    | 323/540 [02:06<00:46,  4.72it/s]
 60%|██████████████████████████████████████████████████████▌                                    | 324/540 [02:06<00:45,  4.72it/s]
 60%|██████████████████████████████████████████████████████▊                                    | 325/540 [02:06<00:45,  4.73it/s]
                                                                                                                                  

 60%|██████████████████████████████████████████████████████▊                                    | 325/540 [02:06<00:45,  4.73it/s]
 60%|██████████████████████████████████████████████████████▉                                    | 326/540 [02:06<00:45,  4.73it/s]
 61%|███████████████████████████████████████████████████████                                    | 327/540 [02:07<00:45,  4.73it/s]
 61%|███████████████████████████████████████████████████████▎                                   | 328/540 [02:07<00:44,  4.73it/s]
 61%|███████████████████████████████████████████████████████▍                                   | 329/540 [02:07<00:44,  4.74it/s]{'loss': '0.61', 'grad_norm': '4.935', 'learning_rate': '2.167e-05', 'epoch': '10.85'}


Writing model shards:   0%|                                                                                 | 0/1 [00:00<?, ?it/s][A

Writing model shards: 100%|█████████████████████████████████████████████████████████████████████████| 1/1 [00:01<00:00,  1.51s/it][A
Writing model shards: 100%|█████████████████████████████████████████████████████████████████████████| 1/1 [00:01<00:00,  1.51s/it]

 61%|███████████████████████████████████████████████████████▊                                   | 331/540 [02:13<04:46,  1.37s/it]
 61%|███████████████████████████████████████████████████████▉                                   | 332/540 [02:13<03:45,  1.08s/it]
 62%|████████████████████████████████████████████████████████                                   | 333/540 [02:13<02:57,  1.17it/s]
 62%|████████████████████████████████████████████████████████▎                                  | 334/540 [02:13<02:20,  1.47it/s]
 62%|████████████████████████████████████████████████████████▍                                  | 335/540 [02:13<01:52,  1.82it/s]
 62%|████████████████████████████████████████████████████████▌                                  | 336/540 [02:14<01:32,  2.21it/s]
 62%|████████████████████████████████████████████████████████▊                                  | 337/540 [02:14<01:17,  2.61it/s]
 63%|████████████████████████████████████████████████████████▉                                  | 338/540 [02:14<01:07,  3.00it/s]
 63%|█████████████████████████████████████████████████████████▏                                 | 339/540 [02:14<00:59,  3.36it/s]
 63%|█████████████████████████████████████████████████████████▎                                 | 340/540 [02:14<00:54,  3.68it/s]
 63%|█████████████████████████████████████████████████████████▍                                 | 341/540 [02:15<00:50,  3.93it/s]
 63%|█████████████████████████████████████████████████████████▋                                 | 342/540 [02:15<00:47,  4.14it/s]
 64%|█████████████████████████████████████████████████████████▊                                 | 343/540 [02:15<00:45,  4.30it/s]
 64%|█████████████████████████████████████████████████████████▉                                 | 344/540 [02:15<00:44,  4.42it/s]
 64%|██████████████████████████████████████████████████████████▏                                | 345/540 [02:16<00:43,  4.51it/s]
 64%|██████████████████████████████████████████████████████████▎                                | 346/540 [02:16<00:42,  4.57it/s]
 64%|██████████████████████████████████████████████████████████▍                                | 347/540 [02:16<00:41,  4.62it/s]
 64%|██████████████████████████████████████████████████████████▋                                | 348/540 [02:16<00:41,  4.64it/s]
 65%|██████████████████████████████████████████████████████████▊                                | 349/540 [02:16<00:40,  4.67it/s]
 65%|██████████████████████████████████████████████████████████▉                                | 350/540 [02:17<00:40,  4.69it/s]
                                                                                                                                  

 65%|██████████████████████████████████████████████████████████▉                                | 350/540 [02:17<00:40,  4.69it/s]
 65%|███████████████████████████████████████████████████████████▏                               | 351/540 [02:17<00:40,  4.70it/s]
 65%|███████████████████████████████████████████████████████████▎                               | 352/540 [02:17<00:40,  4.70it/s]
 65%|███████████████████████████████████████████████████████████▍                               | 353/540 [02:17<00:39,  4.71it/s]
 66%|███████████████████████████████████████████████████████████▋                               | 354/540 [02:17<00:39,  4.72it/s]
 66%|███████████████████████████████████████████████████████████▊                               | 355/540 [02:18<00:39,  4.71it/s]
 66%|███████████████████████████████████████████████████████████▉                               | 356/540 [02:18<00:38,  4.72it/s]
 66%|████████████████████████████████████████████████████████████▏                              | 357/540 [02:18<00:38,  4.72it/s]
 66%|████████████████████████████████████████████████████████████▎                              | 358/540 [02:18<00:38,  4.73it/s]
 66%|████████████████████████████████████████████████████████████▍                              | 359/540 [02:18<00:38,  4.73it/s]{'loss': '0.5577', 'grad_norm': '5.031', 'learning_rate': '1.922e-05', 'epoch': '11.68'}


Writing model shards:   0%|                                                                                 | 0/1 [00:00<?, ?it/s][A

Writing model shards: 100%|█████████████████████████████████████████████████████████████████████████| 1/1 [00:01<00:00,  1.41s/it][A
Writing model shards: 100%|█████████████████████████████████████████████████████████████████████████| 1/1 [00:01<00:00,  1.41s/it]

 67%|████████████████████████████████████████████████████████████▊                              | 361/540 [02:24<04:03,  1.36s/it]
 67%|█████████████████████████████████████████████████████████████                              | 362/540 [02:24<03:11,  1.08s/it]
 67%|█████████████████████████████████████████████████████████████▏                             | 363/540 [02:24<02:30,  1.18it/s]
 67%|█████████████████████████████████████████████████████████████▎                             | 364/540 [02:25<02:02,  1.44it/s]
 68%|█████████████████████████████████████████████████████████████▌                             | 365/540 [02:25<01:37,  1.79it/s]
 68%|█████████████████████████████████████████████████████████████▋                             | 366/540 [02:25<01:20,  2.17it/s]
 68%|█████████████████████████████████████████████████████████████▊                             | 367/540 [02:25<01:07,  2.58it/s]
 68%|██████████████████████████████████████████████████████████████                             | 368/540 [02:25<00:57,  2.97it/s]
 68%|██████████████████████████████████████████████████████████████▏                            | 369/540 [02:26<00:51,  3.34it/s]
 69%|██████████████████████████████████████████████████████████████▎                            | 370/540 [02:26<00:46,  3.66it/s]
 69%|██████████████████████████████████████████████████████████████▌                            | 371/540 [02:26<00:43,  3.92it/s]
 69%|██████████████████████████████████████████████████████████████▋                            | 372/540 [02:26<00:40,  4.13it/s]
 69%|██████████████████████████████████████████████████████████████▊                            | 373/540 [02:26<00:38,  4.29it/s]
 69%|███████████████████████████████████████████████████████████████                            | 374/540 [02:27<00:37,  4.41it/s]
 69%|███████████████████████████████████████████████████████████████▏                           | 375/540 [02:27<00:36,  4.50it/s]
                                                                                                                                  

 69%|███████████████████████████████████████████████████████████████▏                           | 375/540 [02:27<00:36,  4.50it/s]
 70%|███████████████████████████████████████████████████████████████▎                           | 376/540 [02:27<00:35,  4.57it/s]
 70%|███████████████████████████████████████████████████████████████▌                           | 377/540 [02:27<00:35,  4.62it/s]
 70%|███████████████████████████████████████████████████████████████▋                           | 378/540 [02:28<00:34,  4.65it/s]
 70%|███████████████████████████████████████████████████████████████▊                           | 379/540 [02:28<00:34,  4.68it/s]
 70%|████████████████████████████████████████████████████████████████                           | 380/540 [02:28<00:34,  4.69it/s]
 71%|████████████████████████████████████████████████████████████████▏                          | 381/540 [02:28<00:33,  4.70it/s]
 71%|████████████████████████████████████████████████████████████████▎                          | 382/540 [02:28<00:33,  4.71it/s]
 71%|████████████████████████████████████████████████████████████████▌                          | 383/540 [02:29<00:33,  4.72it/s]
 71%|████████████████████████████████████████████████████████████████▋                          | 384/540 [02:29<00:33,  4.72it/s]
 71%|████████████████████████████████████████████████████████████████▉                          | 385/540 [02:29<00:32,  4.73it/s]
 71%|█████████████████████████████████████████████████████████████████                          | 386/540 [02:29<00:32,  4.72it/s]
 72%|█████████████████████████████████████████████████████████████████▏                         | 387/540 [02:29<00:32,  4.73it/s]
 72%|█████████████████████████████████████████████████████████████████▍                         | 388/540 [02:30<00:32,  4.73it/s]
 72%|█████████████████████████████████████████████████████████████████▌                         | 389/540 [02:30<00:31,  4.73it/s]{'loss': '0.5315', 'grad_norm': '4.837', 'learning_rate': '1.676e-05', 'epoch': '12.51'}


Writing model shards:   0%|                                                                                 | 0/1 [00:00<?, ?it/s][A

Writing model shards: 100%|█████████████████████████████████████████████████████████████████████████| 1/1 [00:02<00:00,  2.02s/it][A
Writing model shards: 100%|█████████████████████████████████████████████████████████████████████████| 1/1 [00:02<00:00,  2.02s/it]

 72%|█████████████████████████████████████████████████████████████████▉                         | 391/540 [02:36<03:57,  1.60s/it]
 73%|██████████████████████████████████████████████████████████████████                         | 392/540 [02:36<03:05,  1.25s/it]
 73%|██████████████████████████████████████████████████████████████████▏                        | 393/540 [02:37<02:24,  1.02it/s]
 73%|██████████████████████████████████████████████████████████████████▍                        | 394/540 [02:37<01:52,  1.30it/s]
 73%|██████████████████████████████████████████████████████████████████▌                        | 395/540 [02:37<01:29,  1.63it/s]
 73%|██████████████████████████████████████████████████████████████████▋                        | 396/540 [02:37<01:11,  2.00it/s]
 74%|██████████████████████████████████████████████████████████████████▉                        | 397/540 [02:38<00:59,  2.41it/s]
 74%|███████████████████████████████████████████████████████████████████                        | 398/540 [02:38<00:50,  2.81it/s]
 74%|███████████████████████████████████████████████████████████████████▏                       | 399/540 [02:38<00:44,  3.19it/s]
 74%|███████████████████████████████████████████████████████████████████▍                       | 400/540 [02:38<00:39,  3.53it/s]
                                                                                                                                  

 74%|███████████████████████████████████████████████████████████████████▍                       | 400/540 [02:38<00:39,  3.53it/s]
 74%|███████████████████████████████████████████████████████████████████▌                       | 401/540 [02:38<00:36,  3.82it/s]
 74%|███████████████████████████████████████████████████████████████████▋                       | 402/540 [02:39<00:34,  4.05it/s]
 75%|███████████████████████████████████████████████████████████████████▉                       | 403/540 [02:39<00:32,  4.23it/s]
 75%|████████████████████████████████████████████████████████████████████                       | 404/540 [02:39<00:31,  4.36it/s]
 75%|████████████████████████████████████████████████████████████████████▎                      | 405/540 [02:39<00:30,  4.47it/s]
 75%|████████████████████████████████████████████████████████████████████▍                      | 406/540 [02:39<00:29,  4.54it/s]
 75%|████████████████████████████████████████████████████████████████████▌                      | 407/540 [02:40<00:29,  4.58it/s]
 76%|████████████████████████████████████████████████████████████████████▊                      | 408/540 [02:40<00:28,  4.62it/s]
 76%|████████████████████████████████████████████████████████████████████▉                      | 409/540 [02:40<00:28,  4.65it/s]
 76%|█████████████████████████████████████████████████████████████████████                      | 410/540 [02:40<00:27,  4.68it/s]
 76%|█████████████████████████████████████████████████████████████████████▎                     | 411/540 [02:41<00:27,  4.70it/s]
 76%|█████████████████████████████████████████████████████████████████████▍                     | 412/540 [02:41<00:27,  4.71it/s]
 76%|█████████████████████████████████████████████████████████████████████▌                     | 413/540 [02:41<00:26,  4.72it/s]
 77%|█████████████████████████████████████████████████████████████████████▊                     | 414/540 [02:41<00:26,  4.72it/s]
 77%|█████████████████████████████████████████████████████████████████████▉                     | 415/540 [02:41<00:26,  4.72it/s]
 77%|██████████████████████████████████████████████████████████████████████                     | 416/540 [02:42<00:26,  4.72it/s]
 77%|██████████████████████████████████████████████████████████████████████▎                    | 417/540 [02:42<00:26,  4.72it/s]
 77%|██████████████████████████████████████████████████████████████████████▍                    | 418/540 [02:42<00:25,  4.72it/s]
 78%|██████████████████████████████████████████████████████████████████████▌                    | 419/540 [02:42<00:25,  4.73it/s]{'loss': '0.4976', 'grad_norm': '4.406', 'learning_rate': '1.431e-05', 'epoch': '13.34'}


Writing model shards:   0%|                                                                                 | 0/1 [00:00<?, ?it/s][A

Writing model shards: 100%|█████████████████████████████████████████████████████████████████████████| 1/1 [00:01<00:00,  1.76s/it][A
Writing model shards: 100%|█████████████████████████████████████████████████████████████████████████| 1/1 [00:01<00:00,  1.76s/it]

 78%|██████████████████████████████████████████████████████████████████████▉                    | 421/540 [02:48<02:51,  1.44s/it]
 78%|███████████████████████████████████████████████████████████████████████                    | 422/540 [02:48<02:14,  1.14s/it]
 78%|███████████████████████████████████████████████████████████████████████▎                   | 423/540 [02:48<01:44,  1.12it/s]
 79%|███████████████████████████████████████████████████████████████████████▍                   | 424/540 [02:49<01:22,  1.41it/s]
 79%|███████████████████████████████████████████████████████████████████████▌                   | 425/540 [02:49<01:05,  1.75it/s]
                                                                                                                                  

 79%|███████████████████████████████████████████████████████████████████████▌                   | 425/540 [02:49<01:05,  1.75it/s]
 79%|███████████████████████████████████████████████████████████████████████▊                   | 426/540 [02:49<00:53,  2.14it/s]
 79%|███████████████████████████████████████████████████████████████████████▉                   | 427/540 [02:49<00:44,  2.54it/s]
 79%|████████████████████████████████████████████████████████████████████████▏                  | 428/540 [02:49<00:38,  2.94it/s]
 79%|████████████████████████████████████████████████████████████████████████▎                  | 429/540 [02:50<00:33,  3.31it/s]
 80%|████████████████████████████████████████████████████████████████████████▍                  | 430/540 [02:50<00:30,  3.64it/s]
 80%|████████████████████████████████████████████████████████████████████████▋                  | 431/540 [02:50<00:27,  3.90it/s]
 80%|████████████████████████████████████████████████████████████████████████▊                  | 432/540 [02:50<00:26,  4.12it/s]
 80%|████████████████████████████████████████████████████████████████████████▉                  | 433/540 [02:51<00:24,  4.28it/s]
 80%|█████████████████████████████████████████████████████████████████████████▏                 | 434/540 [02:51<00:24,  4.41it/s]
 81%|█████████████████████████████████████████████████████████████████████████▎                 | 435/540 [02:51<00:23,  4.50it/s]
 81%|█████████████████████████████████████████████████████████████████████████▍                 | 436/540 [02:51<00:22,  4.57it/s]
 81%|█████████████████████████████████████████████████████████████████████████▋                 | 437/540 [02:51<00:22,  4.61it/s]
 81%|█████████████████████████████████████████████████████████████████████████▊                 | 438/540 [02:52<00:21,  4.65it/s]
 81%|█████████████████████████████████████████████████████████████████████████▉                 | 439/540 [02:52<00:21,  4.67it/s]
 81%|██████████████████████████████████████████████████████████████████████████▏                | 440/540 [02:52<00:21,  4.69it/s]
 82%|██████████████████████████████████████████████████████████████████████████▎                | 441/540 [02:52<00:21,  4.70it/s]
 82%|██████████████████████████████████████████████████████████████████████████▍                | 442/540 [02:52<00:20,  4.71it/s]
 82%|██████████████████████████████████████████████████████████████████████████▋                | 443/540 [02:53<00:20,  4.71it/s]
 82%|██████████████████████████████████████████████████████████████████████████▊                | 444/540 [02:53<00:20,  4.72it/s]
 82%|██████████████████████████████████████████████████████████████████████████▉                | 445/540 [02:53<00:20,  4.72it/s]
 83%|███████████████████████████████████████████████████████████████████████████▏               | 446/540 [02:53<00:19,  4.73it/s]
 83%|███████████████████████████████████████████████████████████████████████████▎               | 447/540 [02:53<00:19,  4.73it/s]
 83%|███████████████████████████████████████████████████████████████████████████▍               | 448/540 [02:54<00:19,  4.73it/s]
 83%|███████████████████████████████████████████████████████████████████████████▋               | 449/540 [02:54<00:19,  4.73it/s]
                                                                                                                                  

 83%|███████████████████████████████████████████████████████████████████████████▊               | 450/540 [02:54<00:19,  4.73it/s]{'loss': '0.4818', 'grad_norm': '4.084', 'learning_rate': '1.186e-05', 'epoch': '14.17'}
{'loss': '0.4501', 'grad_norm': '22.29', 'learning_rate': '9.412e-06', 'epoch': '15'}


Writing model shards:   0%|                                                                                 | 0/1 [00:00<?, ?it/s][A

Writing model shards: 100%|█████████████████████████████████████████████████████████████████████████| 1/1 [00:02<00:00,  2.16s/it][A
Writing model shards: 100%|█████████████████████████████████████████████████████████████████████████| 1/1 [00:02<00:00,  2.16s/it]

 84%|████████████████████████████████████████████████████████████████████████████               | 451/540 [03:00<02:17,  1.54s/it]
 84%|████████████████████████████████████████████████████████████████████████████▏              | 452/540 [03:00<01:46,  1.21s/it]
 84%|████████████████████████████████████████████████████████████████████████████▎              | 453/540 [03:00<01:22,  1.05it/s]
 84%|████████████████████████████████████████████████████████████████████████████▌              | 454/540 [03:01<01:04,  1.34it/s]
 84%|████████████████████████████████████████████████████████████████████████████▋              | 455/540 [03:01<00:50,  1.67it/s]
 84%|████████████████████████████████████████████████████████████████████████████▊              | 456/540 [03:01<00:40,  2.05it/s]
 85%|█████████████████████████████████████████████████████████████████████████████              | 457/540 [03:01<00:33,  2.45it/s]
 85%|█████████████████████████████████████████████████████████████████████████████▏             | 458/540 [03:02<00:28,  2.86it/s]
 85%|█████████████████████████████████████████████████████████████████████████████▎             | 459/540 [03:02<00:25,  3.23it/s]
 85%|█████████████████████████████████████████████████████████████████████████████▌             | 460/540 [03:02<00:22,  3.57it/s]
 85%|█████████████████████████████████████████████████████████████████████████████▋             | 461/540 [03:02<00:20,  3.85it/s]
 86%|█████████████████████████████████████████████████████████████████████████████▊             | 462/540 [03:02<00:19,  4.07it/s]
 86%|██████████████████████████████████████████████████████████████████████████████             | 463/540 [03:03<00:18,  4.25it/s]
 86%|██████████████████████████████████████████████████████████████████████████████▏            | 464/540 [03:03<00:17,  4.39it/s]
 86%|██████████████████████████████████████████████████████████████████████████████▎            | 465/540 [03:03<00:16,  4.48it/s]
 86%|██████████████████████████████████████████████████████████████████████████████▌            | 466/540 [03:03<00:16,  4.55it/s]
 86%|██████████████████████████████████████████████████████████████████████████████▋            | 467/540 [03:03<00:15,  4.61it/s]
 87%|██████████████████████████████████████████████████████████████████████████████▊            | 468/540 [03:04<00:15,  4.65it/s]
 87%|███████████████████████████████████████████████████████████████████████████████            | 469/540 [03:04<00:15,  4.68it/s]
 87%|███████████████████████████████████████████████████████████████████████████████▏           | 470/540 [03:04<00:14,  4.70it/s]
 87%|███████████████████████████████████████████████████████████████████████████████▎           | 471/540 [03:04<00:14,  4.70it/s]
 87%|███████████████████████████████████████████████████████████████████████████████▌           | 472/540 [03:05<00:14,  4.70it/s]
 88%|███████████████████████████████████████████████████████████████████████████████▋           | 473/540 [03:05<00:14,  4.71it/s]
 88%|███████████████████████████████████████████████████████████████████████████████▉           | 474/540 [03:05<00:14,  4.71it/s]
 88%|████████████████████████████████████████████████████████████████████████████████           | 475/540 [03:05<00:13,  4.72it/s]
                                                                                                                                  

 88%|████████████████████████████████████████████████████████████████████████████████           | 475/540 [03:05<00:13,  4.72it/s]
 88%|████████████████████████████████████████████████████████████████████████████████▏          | 476/540 [03:05<00:13,  4.72it/s]
 88%|████████████████████████████████████████████████████████████████████████████████▍          | 477/540 [03:06<00:13,  4.72it/s]
 89%|████████████████████████████████████████████████████████████████████████████████▌          | 478/540 [03:06<00:13,  4.72it/s]
 89%|████████████████████████████████████████████████████████████████████████████████▋          | 479/540 [03:06<00:12,  4.72it/s]{'loss': '0.437', 'grad_norm': '3.596', 'learning_rate': '6.961e-06', 'epoch': '15.85'}


Writing model shards:   0%|                                                                                 | 0/1 [00:00<?, ?it/s][A

Writing model shards: 100%|█████████████████████████████████████████████████████████████████████████| 1/1 [00:02<00:00,  2.03s/it][A
Writing model shards: 100%|█████████████████████████████████████████████████████████████████████████| 1/1 [00:02<00:00,  2.03s/it]

 89%|█████████████████████████████████████████████████████████████████████████████████          | 481/540 [03:12<01:24,  1.43s/it]
 89%|█████████████████████████████████████████████████████████████████████████████████▏         | 482/540 [03:12<01:05,  1.13s/it]
 89%|█████████████████████████████████████████████████████████████████████████████████▍         | 483/540 [03:12<00:50,  1.12it/s]
 90%|█████████████████████████████████████████████████████████████████████████████████▌         | 484/540 [03:12<00:39,  1.42it/s]
 90%|█████████████████████████████████████████████████████████████████████████████████▋         | 485/540 [03:13<00:31,  1.76it/s]
 90%|█████████████████████████████████████████████████████████████████████████████████▉         | 486/540 [03:13<00:25,  2.14it/s]
 90%|██████████████████████████████████████████████████████████████████████████████████         | 487/540 [03:13<00:20,  2.55it/s]
 90%|██████████████████████████████████████████████████████████████████████████████████▏        | 488/540 [03:13<00:17,  2.95it/s]
 91%|██████████████████████████████████████████████████████████████████████████████████▍        | 489/540 [03:13<00:15,  3.32it/s]
 91%|██████████████████████████████████████████████████████████████████████████████████▌        | 490/540 [03:14<00:13,  3.64it/s]
 91%|██████████████████████████████████████████████████████████████████████████████████▋        | 491/540 [03:14<00:12,  3.91it/s]
 91%|██████████████████████████████████████████████████████████████████████████████████▉        | 492/540 [03:14<00:11,  4.12it/s]
 91%|███████████████████████████████████████████████████████████████████████████████████        | 493/540 [03:14<00:10,  4.29it/s]
 91%|███████████████████████████████████████████████████████████████████████████████████▏       | 494/540 [03:14<00:10,  4.41it/s]
 92%|███████████████████████████████████████████████████████████████████████████████████▍       | 495/540 [03:15<00:10,  4.50it/s]
 92%|███████████████████████████████████████████████████████████████████████████████████▌       | 496/540 [03:15<00:09,  4.57it/s]
 92%|███████████████████████████████████████████████████████████████████████████████████▊       | 497/540 [03:15<00:09,  4.62it/s]
 92%|███████████████████████████████████████████████████████████████████████████████████▉       | 498/540 [03:15<00:09,  4.65it/s]
 92%|████████████████████████████████████████████████████████████████████████████████████       | 499/540 [03:16<00:08,  4.68it/s]
 93%|████████████████████████████████████████████████████████████████████████████████████▎      | 500/540 [03:16<00:08,  4.70it/s]
                                                                                                                                  

 93%|████████████████████████████████████████████████████████████████████████████████████▎      | 500/540 [03:16<00:08,  4.70it/s]
 93%|████████████████████████████████████████████████████████████████████████████████████▍      | 501/540 [03:16<00:08,  4.71it/s]
 93%|████████████████████████████████████████████████████████████████████████████████████▌      | 502/540 [03:16<00:08,  4.71it/s]
 93%|████████████████████████████████████████████████████████████████████████████████████▊      | 503/540 [03:16<00:07,  4.71it/s]
 93%|████████████████████████████████████████████████████████████████████████████████████▉      | 504/540 [03:17<00:07,  4.71it/s]
 94%|█████████████████████████████████████████████████████████████████████████████████████      | 505/540 [03:17<00:07,  4.71it/s]
 94%|█████████████████████████████████████████████████████████████████████████████████████▎     | 506/540 [03:17<00:07,  4.71it/s]
 94%|█████████████████████████████████████████████████████████████████████████████████████▍     | 507/540 [03:17<00:06,  4.72it/s]
 94%|█████████████████████████████████████████████████████████████████████████████████████▌     | 508/540 [03:17<00:06,  4.72it/s]
 94%|█████████████████████████████████████████████████████████████████████████████████████▊     | 509/540 [03:18<00:06,  4.73it/s]{'loss': '0.413', 'grad_norm': '3.429', 'learning_rate': '4.51e-06', 'epoch': '16.68'}


Writing model shards:   0%|                                                                                 | 0/1 [00:00<?, ?it/s][A

Writing model shards: 100%|█████████████████████████████████████████████████████████████████████████| 1/1 [00:01<00:00,  1.41s/it][A
Writing model shards: 100%|█████████████████████████████████████████████████████████████████████████| 1/1 [00:01<00:00,  1.41s/it]

 95%|██████████████████████████████████████████████████████████████████████████████████████     | 511/540 [03:24<00:46,  1.59s/it]
 95%|██████████████████████████████████████████████████████████████████████████████████████▎    | 512/540 [03:24<00:34,  1.25s/it]
 95%|██████████████████████████████████████████████████████████████████████████████████████▍    | 513/540 [03:24<00:26,  1.02it/s]
 95%|██████████████████████████████████████████████████████████████████████████████████████▌    | 514/540 [03:25<00:19,  1.30it/s]
 95%|██████████████████████████████████████████████████████████████████████████████████████▊    | 515/540 [03:25<00:15,  1.63it/s]
 96%|██████████████████████████████████████████████████████████████████████████████████████▉    | 516/540 [03:25<00:11,  2.01it/s]
 96%|███████████████████████████████████████████████████████████████████████████████████████    | 517/540 [03:25<00:09,  2.41it/s]
 96%|███████████████████████████████████████████████████████████████████████████████████████▎   | 518/540 [03:26<00:07,  2.81it/s]
 96%|███████████████████████████████████████████████████████████████████████████████████████▍   | 519/540 [03:26<00:06,  3.19it/s]
 96%|███████████████████████████████████████████████████████████████████████████████████████▋   | 520/540 [03:26<00:05,  3.53it/s]
 96%|███████████████████████████████████████████████████████████████████████████████████████▊   | 521/540 [03:26<00:04,  3.81it/s]
 97%|███████████████████████████████████████████████████████████████████████████████████████▉   | 522/540 [03:26<00:04,  4.04it/s]
 97%|████████████████████████████████████████████████████████████████████████████████████████▏  | 523/540 [03:27<00:04,  4.23it/s]
 97%|████████████████████████████████████████████████████████████████████████████████████████▎  | 524/540 [03:27<00:03,  4.37it/s]
 97%|████████████████████████████████████████████████████████████████████████████████████████▍  | 525/540 [03:27<00:03,  4.47it/s]
                                                                                                                                  

 97%|████████████████████████████████████████████████████████████████████████████████████████▍  | 525/540 [03:27<00:03,  4.47it/s]
 97%|████████████████████████████████████████████████████████████████████████████████████████▋  | 526/540 [03:27<00:03,  4.54it/s]
 98%|████████████████████████████████████████████████████████████████████████████████████████▊  | 527/540 [03:27<00:02,  4.60it/s]
 98%|████████████████████████████████████████████████████████████████████████████████████████▉  | 528/540 [03:28<00:02,  4.64it/s]
 98%|█████████████████████████████████████████████████████████████████████████████████████████▏ | 529/540 [03:28<00:02,  4.67it/s]
 98%|█████████████████████████████████████████████████████████████████████████████████████████▎ | 530/540 [03:28<00:02,  4.69it/s]
 98%|█████████████████████████████████████████████████████████████████████████████████████████▍ | 531/540 [03:28<00:01,  4.70it/s]
 99%|█████████████████████████████████████████████████████████████████████████████████████████▋ | 532/540 [03:28<00:01,  4.71it/s]
 99%|█████████████████████████████████████████████████████████████████████████████████████████▊ | 533/540 [03:29<00:01,  4.72it/s]
 99%|█████████████████████████████████████████████████████████████████████████████████████████▉ | 534/540 [03:29<00:01,  4.73it/s]
 99%|██████████████████████████████████████████████████████████████████████████████████████████▏| 535/540 [03:29<00:01,  4.73it/s]
 99%|██████████████████████████████████████████████████████████████████████████████████████████▎| 536/540 [03:29<00:00,  4.73it/s]
 99%|██████████████████████████████████████████████████████████████████████████████████████████▍| 537/540 [03:30<00:00,  4.73it/s]
100%|██████████████████████████████████████████████████████████████████████████████████████████▋| 538/540 [03:30<00:00,  4.73it/s]
100%|██████████████████████████████████████████████████████████████████████████████████████████▊| 539/540 [03:30<00:00,  4.74it/s]{'loss': '0.3951', 'grad_norm': '3.449', 'learning_rate': '2.059e-06', 'epoch': '17.51'}


Writing model shards:   0%|                                                                                 | 0/1 [00:00<?, ?it/s][A

Writing model shards: 100%|█████████████████████████████████████████████████████████████████████████| 1/1 [00:01<00:00,  1.89s/it][A
Writing model shards: 100%|█████████████████████████████████████████████████████████████████████████| 1/1 [00:01<00:00,  1.89s/it]

                                                                                                                                  

100%|███████████████████████████████████████████████████████████████████████████████████████████| 540/540 [03:37<00:00,  4.74it/s]
100%|███████████████████████████████████████████████████████████████████████████████████████████| 540/540 [03:37<00:00,  2.48it/s]
{'train_runtime': '217.3', 'train_samples_per_second': '38.51', 'train_steps_per_second': '2.485', 'train_loss': '0.9043', 'epoch': '18'}

  0%|                                                                                                       | 0/9 [00:00<?, ?it/s]
 44%|██████████████████████████████████████████▏                                                    | 4/9 [00:00<00:00, 36.17it/s]
 89%|████████████████████████████████████████████████████████████████████████████████████▍          | 8/9 [00:00<00:00, 31.75it/s]
100%|███████████████████████████████████████████████████████████████████████████████████████████████| 9/9 [00:00<00:00, 31.86it/s]

Writing model shards:   0%|                                                                                 | 0/1 [00:00<?, ?it/s]
Writing model shards: 100%|█████████████████████████████████████████████████████████████████████████| 1/1 [00:01<00:00,  1.91s/it]
Writing model shards: 100%|█████████████████████████████████████████████████████████████████████████| 1/1 [00:01<00:00,  1.91s/it]

Loading weights:   0%|                                                                                    | 0/292 [00:00<?, ?it/s]
Loading weights:  49%|███████████████████████████████████                                     | 142/292 [00:00<00:00, 1406.51it/s]
Loading weights:  97%|█████████████████████████████████████████████████████████████████████▊  | 283/292 [00:00<00:00, 1347.44it/s]
Loading weights: 100%|████████████████████████████████████████████████████████████████████████| 292/292 [00:00<00:00, 1180.87it/s]

Loading weights:   0%|                                                                                    | 0/292 [00:00<?, ?it/s]
Loading weights:  65%|██████████████████████████████████████████████▊                         | 190/292 [00:00<00:00, 1831.67it/s]
Loading weights: 100%|████████████████████████████████████████████████████████████████████████| 292/292 [00:00<00:00, 1431.50it/s]

Loading weights:   0%|                                                                                    | 0/292 [00:00<?, ?it/s]
Loading weights:  16%|███████████▋                                                              | 46/292 [00:00<00:00, 428.81it/s]
Loading weights:  30%|██████████████████████▌                                                   | 89/292 [00:00<00:00, 419.43it/s]
Loading weights:  45%|█████████████████████████████████                                        | 132/292 [00:00<00:00, 419.24it/s]
Loading weights:  62%|█████████████████████████████████████████████                            | 180/292 [00:00<00:00, 429.16it/s]
Loading weights:  77%|████████████████████████████████████████████████████████▌                | 226/292 [00:00<00:00, 439.65it/s]
Loading weights:  94%|████████████████████████████████████████████████████████████████████▌    | 274/292 [00:00<00:00, 440.99it/s]
Loading weights: 100%|█████████████████████████████████████████████████████████████████████████| 292/292 [00:00<00:00, 417.03it/s]

Loading weights:   0%|                                                                                    | 0/292 [00:00<?, ?it/s]
Loading weights:  47%|█████████████████████████████████▌                                      | 136/292 [00:00<00:00, 1350.40it/s]
Loading weights:  96%|█████████████████████████████████████████████████████████████████████   | 280/292 [00:00<00:00, 1401.49it/s]
Loading weights: 100%|████████████████████████████████████████████████████████████████████████| 292/292 [00:00<00:00, 1217.74it/s]

Loading weights:   0%|                                                                                    | 0/196 [00:00<?, ?it/s]
Loading weights:  19%|██████████████▎                                                           | 38/196 [00:00<00:00, 368.05it/s]
Loading weights:  61%|████████████████████████████████████████████▋                            | 120/196 [00:00<00:00, 584.20it/s]
Loading weights:  98%|███████████████████████████████████████████████████████████████████████▌ | 192/196 [00:00<00:00, 638.42it/s]
Loading weights: 100%|█████████████████████████████████████████████████████████████████████████| 196/196 [00:00<00:00, 610.19it/s]
Warning: You are sending unauthenticated requests to the HF Hub. Please set a HF_TOKEN to enable higher rate limits and faster downloads.
[RANK 0] Detected kernel version 5.4.0, which is below the recommended minimum of 5.5.0; this can cause the process to hang. It is recommended to upgrade the kernel to the minimum version or higher.

  0%|                                                                                                     | 0/360 [00:00<?, ?it/s]
  0%|▎                                                                                            | 1/360 [00:00<02:46,  2.15it/s]
  1%|▌                                                                                            | 2/360 [00:00<02:39,  2.25it/s]
  1%|▊                                                                                            | 3/360 [00:01<02:38,  2.25it/s]
  1%|█                                                                                            | 4/360 [00:01<02:38,  2.25it/s]
  1%|█▎                                                                                           | 5/360 [00:02<02:37,  2.25it/s]
  2%|█▌                                                                                           | 6/360 [00:02<02:37,  2.25it/s]
  2%|█▊                                                                                           | 7/360 [00:03<02:36,  2.25it/s]
  2%|██                                                                                           | 8/360 [00:03<02:36,  2.25it/s]
  2%|██▎                                                                                          | 9/360 [00:04<02:35,  2.25it/s]
  3%|██▌                                                                                         | 10/360 [00:04<02:35,  2.25it/s]
  3%|██▊                                                                                         | 11/360 [00:04<02:35,  2.25it/s]
  3%|███                                                                                         | 12/360 [00:05<02:34,  2.25it/s]
  4%|███▎                                                                                        | 13/360 [00:05<02:34,  2.25it/s]
  4%|███▌                                                                                        | 14/360 [00:06<02:33,  2.25it/s]
  4%|███▊                                                                                        | 15/360 [00:06<02:33,  2.25it/s]
  4%|████                                                                                        | 16/360 [00:07<02:33,  2.24it/s]
  5%|████▎                                                                                       | 17/360 [00:07<02:33,  2.23it/s]
  5%|████▌                                                                                       | 18/360 [00:08<02:33,  2.23it/s]
  5%|████▊                                                                                       | 19/360 [00:08<02:33,  2.23it/s]
  6%|█████                                                                                       | 20/360 [00:08<02:32,  2.23it/s]
  6%|█████▎                                                                                      | 21/360 [00:09<02:31,  2.24it/s]
  6%|█████▌                                                                                      | 22/360 [00:09<02:30,  2.24it/s]
  6%|█████▉                                                                                      | 23/360 [00:10<02:30,  2.25it/s]
  7%|██████▏                                                                                     | 24/360 [00:10<02:29,  2.25it/s]
  7%|██████▍                                                                                     | 25/360 [00:11<02:29,  2.25it/s]
                                                                                                                                  

  7%|██████▍                                                                                     | 25/360 [00:11<02:29,  2.25it/s]
  7%|██████▋                                                                                     | 26/360 [00:11<02:28,  2.25it/s]
  8%|██████▉                                                                                     | 27/360 [00:12<02:28,  2.25it/s]
  8%|███████▏                                                                                    | 28/360 [00:12<02:27,  2.25it/s]
  8%|███████▍                                                                                    | 29/360 [00:12<02:27,  2.25it/s]
  8%|███████▋                                                                                    | 30/360 [00:13<01:57,  2.81it/s]{'loss': '1.945', 'grad_norm': '5.504', 'learning_rate': '4e-05', 'epoch': '0.8547'}


Writing model shards:   0%|                                                                                 | 0/1 [00:00<?, ?it/s][A

Writing model shards: 100%|█████████████████████████████████████████████████████████████████████████| 1/1 [00:06<00:00,  6.94s/it][A
Writing model shards: 100%|█████████████████████████████████████████████████████████████████████████| 1/1 [00:06<00:00,  6.94s/it]

  9%|███████▉                                                                                    | 31/360 [00:32<33:48,  6.17s/it]
  9%|████████▏                                                                                   | 32/360 [00:33<24:19,  4.45s/it]
  9%|████████▍                                                                                   | 33/360 [00:33<17:42,  3.25s/it]
  9%|████████▋                                                                                   | 34/360 [00:34<13:04,  2.41s/it]
 10%|████████▉                                                                                   | 35/360 [00:34<09:51,  1.82s/it]
 10%|█████████▏                                                                                  | 36/360 [00:35<07:35,  1.41s/it]
 10%|█████████▍                                                                                  | 37/360 [00:35<06:01,  1.12s/it]
 11%|█████████▋                                                                                  | 38/360 [00:35<04:55,  1.09it/s]
 11%|█████████▉                                                                                  | 39/360 [00:36<04:08,  1.29it/s]
 11%|██████████▏                                                                                 | 40/360 [00:36<03:36,  1.48it/s]
 11%|██████████▍                                                                                 | 41/360 [00:37<03:13,  1.65it/s]
 12%|██████████▋                                                                                 | 42/360 [00:37<02:57,  1.79it/s]
 12%|██████████▉                                                                                 | 43/360 [00:38<02:46,  1.91it/s]
 12%|███████████▏                                                                                | 44/360 [00:38<02:38,  2.00it/s]
 12%|███████████▌                                                                                | 45/360 [00:39<02:32,  2.07it/s]
 13%|███████████▊                                                                                | 46/360 [00:39<02:28,  2.12it/s]
 13%|████████████                                                                                | 47/360 [00:39<02:26,  2.14it/s]
 13%|████████████▎                                                                               | 48/360 [00:40<02:23,  2.17it/s]
 14%|████████████▌                                                                               | 49/360 [00:40<02:21,  2.19it/s]
 14%|████████████▊                                                                               | 50/360 [00:41<02:20,  2.21it/s]
                                                                                                                                  

 14%|████████████▊                                                                               | 50/360 [00:41<02:20,  2.21it/s]
 14%|█████████████                                                                               | 51/360 [00:41<02:19,  2.22it/s]
 14%|█████████████▎                                                                              | 52/360 [00:42<02:18,  2.22it/s]
 15%|█████████████▌                                                                              | 53/360 [00:42<02:17,  2.23it/s]
 15%|█████████████▊                                                                              | 54/360 [00:43<02:16,  2.23it/s]
 15%|██████████████                                                                              | 55/360 [00:43<02:16,  2.23it/s]
 16%|██████████████▎                                                                             | 56/360 [00:43<02:15,  2.24it/s]
 16%|██████████████▌                                                                             | 57/360 [00:44<02:15,  2.24it/s]
 16%|██████████████▊                                                                             | 58/360 [00:44<02:15,  2.24it/s]
 16%|███████████████                                                                             | 59/360 [00:45<02:14,  2.24it/s]
 17%|███████████████▎                                                                            | 60/360 [00:45<01:47,  2.79it/s]{'loss': '1.114', 'grad_norm': '4.068', 'learning_rate': '4.727e-05', 'epoch': '1.684'}


Writing model shards:   0%|                                                                                 | 0/1 [00:00<?, ?it/s][A

Writing model shards: 100%|█████████████████████████████████████████████████████████████████████████| 1/1 [00:05<00:00,  5.47s/it][A
Writing model shards: 100%|█████████████████████████████████████████████████████████████████████████| 1/1 [00:05<00:00,  5.47s/it]

 17%|███████████████▌                                                                            | 61/360 [01:02<26:22,  5.29s/it]
 17%|███████████████▊                                                                            | 62/360 [01:02<19:03,  3.84s/it]
 18%|████████████████                                                                            | 63/360 [01:03<13:57,  2.82s/it]
 18%|████████████████▎                                                                           | 64/360 [01:03<10:23,  2.11s/it]
 18%|████████████████▌                                                                           | 65/360 [01:04<07:54,  1.61s/it]
 18%|████████████████▊                                                                           | 66/360 [01:04<06:10,  1.26s/it]
 19%|█████████████████                                                                           | 67/360 [01:04<04:57,  1.02s/it]
 19%|█████████████████▍                                                                          | 68/360 [01:05<04:06,  1.18it/s]
 19%|█████████████████▋                                                                          | 69/360 [01:05<03:30,  1.38it/s]
 19%|█████████████████▉                                                                          | 70/360 [01:06<03:05,  1.56it/s]
 20%|██████████████████▏                                                                         | 71/360 [01:06<02:48,  1.72it/s]
 20%|██████████████████▍                                                                         | 72/360 [01:07<02:35,  1.85it/s]
 20%|██████████████████▋                                                                         | 73/360 [01:07<02:26,  1.95it/s]
 21%|██████████████████▉                                                                         | 74/360 [01:08<02:20,  2.03it/s]
 21%|███████████████████▏                                                                        | 75/360 [01:08<02:16,  2.09it/s]
                                                                                                                                  

 21%|███████████████████▏                                                                        | 75/360 [01:08<02:16,  2.09it/s]
 21%|███████████████████▍                                                                        | 76/360 [01:08<02:13,  2.13it/s]
 21%|███████████████████▋                                                                        | 77/360 [01:09<02:10,  2.17it/s]
 22%|███████████████████▉                                                                        | 78/360 [01:09<02:08,  2.19it/s]
 22%|████████████████████▏                                                                       | 79/360 [01:10<02:07,  2.21it/s]
 22%|████████████████████▍                                                                       | 80/360 [01:10<02:06,  2.22it/s]
 22%|████████████████████▋                                                                       | 81/360 [01:11<02:05,  2.23it/s]
 23%|████████████████████▉                                                                       | 82/360 [01:11<02:04,  2.23it/s]
 23%|█████████████████████▏                                                                      | 83/360 [01:12<02:03,  2.24it/s]
 23%|█████████████████████▍                                                                      | 84/360 [01:12<02:03,  2.24it/s]
 24%|█████████████████████▋                                                                      | 85/360 [01:12<02:02,  2.24it/s]
 24%|█████████████████████▉                                                                      | 86/360 [01:13<02:02,  2.24it/s]
 24%|██████████████████████▏                                                                     | 87/360 [01:13<02:01,  2.24it/s]
 24%|██████████████████████▍                                                                     | 88/360 [01:14<02:01,  2.24it/s]
 25%|██████████████████████▋                                                                     | 89/360 [01:14<02:00,  2.24it/s]
 25%|███████████████████████                                                                     | 90/360 [01:14<01:36,  2.79it/s]{'loss': '0.8707', 'grad_norm': '3.531', 'learning_rate': '4.348e-05', 'epoch': '2.513'}


Writing model shards:   0%|                                                                                 | 0/1 [00:00<?, ?it/s][A

Writing model shards: 100%|█████████████████████████████████████████████████████████████████████████| 1/1 [00:06<00:00,  6.48s/it][A
Writing model shards: 100%|█████████████████████████████████████████████████████████████████████████| 1/1 [00:06<00:00,  6.48s/it]

 25%|███████████████████████▎                                                                    | 91/360 [01:34<27:39,  6.17s/it]
 26%|███████████████████████▌                                                                    | 92/360 [01:35<19:53,  4.45s/it]
 26%|███████████████████████▊                                                                    | 93/360 [01:35<14:27,  3.25s/it]
 26%|████████████████████████                                                                    | 94/360 [01:35<10:40,  2.41s/it]
 26%|████████████████████████▎                                                                   | 95/360 [01:36<08:01,  1.82s/it]
 27%|████████████████████████▌                                                                   | 96/360 [01:36<06:11,  1.41s/it]
 27%|████████████████████████▊                                                                   | 97/360 [01:37<04:54,  1.12s/it]
 27%|█████████████████████████                                                                   | 98/360 [01:37<03:59,  1.09it/s]
 28%|█████████████████████████▎                                                                  | 99/360 [01:38<03:22,  1.29it/s]
 28%|█████████████████████████▎                                                                 | 100/360 [01:38<02:55,  1.48it/s]
                                                                                                                                  

 28%|█████████████████████████▎                                                                 | 100/360 [01:38<02:55,  1.48it/s]
 28%|█████████████████████████▌                                                                 | 101/360 [01:39<02:37,  1.65it/s]
 28%|█████████████████████████▊                                                                 | 102/360 [01:39<02:23,  1.79it/s]
 29%|██████████████████████████                                                                 | 103/360 [01:39<02:14,  1.91it/s]
 29%|██████████████████████████▎                                                                | 104/360 [01:40<02:08,  2.00it/s]
 29%|██████████████████████████▌                                                                | 105/360 [01:40<02:03,  2.07it/s]
 29%|██████████████████████████▊                                                                | 106/360 [01:41<01:59,  2.12it/s]
 30%|███████████████████████████                                                                | 107/360 [01:41<01:57,  2.16it/s]
 30%|███████████████████████████▎                                                               | 108/360 [01:42<01:55,  2.18it/s]
 30%|███████████████████████████▌                                                               | 109/360 [01:42<01:54,  2.20it/s]
 31%|███████████████████████████▊                                                               | 110/360 [01:43<01:52,  2.21it/s]
 31%|████████████████████████████                                                               | 111/360 [01:43<01:51,  2.22it/s]
 31%|████████████████████████████▎                                                              | 112/360 [01:43<01:51,  2.23it/s]
 31%|████████████████████████████▌                                                              | 113/360 [01:44<01:50,  2.23it/s]
 32%|████████████████████████████▊                                                              | 114/360 [01:44<01:49,  2.24it/s]
 32%|█████████████████████████████                                                              | 115/360 [01:45<01:49,  2.24it/s]
 32%|█████████████████████████████▎                                                             | 116/360 [01:45<01:48,  2.24it/s]
 32%|█████████████████████████████▌                                                             | 117/360 [01:46<01:48,  2.24it/s]
 33%|█████████████████████████████▊                                                             | 118/360 [01:46<01:47,  2.25it/s]
 33%|██████████████████████████████                                                             | 119/360 [01:47<01:47,  2.25it/s]
 33%|██████████████████████████████▎                                                            | 120/360 [01:47<01:25,  2.80it/s]{'loss': '0.5921', 'grad_norm': '3.795', 'learning_rate': '3.97e-05', 'epoch': '3.342'}


Writing model shards:   0%|                                                                                 | 0/1 [00:00<?, ?it/s][A

Writing model shards: 100%|█████████████████████████████████████████████████████████████████████████| 1/1 [00:05<00:00,  5.26s/it][A
Writing model shards: 100%|█████████████████████████████████████████████████████████████████████████| 1/1 [00:05<00:00,  5.26s/it]

 34%|██████████████████████████████▌                                                            | 121/360 [02:05<23:10,  5.82s/it]
 34%|██████████████████████████████▊                                                            | 122/360 [02:06<16:41,  4.21s/it]
 34%|███████████████████████████████                                                            | 123/360 [02:06<12:09,  3.08s/it]
 34%|███████████████████████████████▎                                                           | 124/360 [02:07<09:00,  2.29s/it]
 35%|███████████████████████████████▌                                                           | 125/360 [02:07<06:47,  1.74s/it]
                                                                                                                                  

 35%|███████████████████████████████▌                                                           | 125/360 [02:07<06:47,  1.74s/it]
 35%|███████████████████████████████▊                                                           | 126/360 [02:07<05:15,  1.35s/it]
 35%|████████████████████████████████                                                           | 127/360 [02:08<04:10,  1.08s/it]
 36%|████████████████████████████████▎                                                          | 128/360 [02:08<03:25,  1.13it/s]
 36%|████████████████████████████████▌                                                          | 129/360 [02:09<02:54,  1.33it/s]
 36%|████████████████████████████████▊                                                          | 130/360 [02:09<02:32,  1.51it/s]
 36%|█████████████████████████████████                                                          | 131/360 [02:10<02:16,  1.68it/s]
 37%|█████████████████████████████████▎                                                         | 132/360 [02:10<02:05,  1.81it/s]
 37%|█████████████████████████████████▌                                                         | 133/360 [02:11<01:57,  1.93it/s]
 37%|█████████████████████████████████▊                                                         | 134/360 [02:11<01:52,  2.01it/s]
 38%|██████████████████████████████████▏                                                        | 135/360 [02:11<01:48,  2.08it/s]
 38%|██████████████████████████████████▍                                                        | 136/360 [02:12<01:45,  2.13it/s]
 38%|██████████████████████████████████▋                                                        | 137/360 [02:12<01:43,  2.16it/s]
 38%|██████████████████████████████████▉                                                        | 138/360 [02:13<01:41,  2.18it/s]
 39%|███████████████████████████████████▏                                                       | 139/360 [02:13<01:40,  2.20it/s]
 39%|███████████████████████████████████▍                                                       | 140/360 [02:14<01:39,  2.22it/s]
 39%|███████████████████████████████████▋                                                       | 141/360 [02:14<01:38,  2.22it/s]
 39%|███████████████████████████████████▉                                                       | 142/360 [02:15<01:37,  2.23it/s]
 40%|████████████████████████████████████▏                                                      | 143/360 [02:15<01:37,  2.24it/s]
 40%|████████████████████████████████████▍                                                      | 144/360 [02:15<01:36,  2.24it/s]
 40%|████████████████████████████████████▋                                                      | 145/360 [02:16<01:36,  2.24it/s]
 41%|████████████████████████████████████▉                                                      | 146/360 [02:16<01:35,  2.24it/s]
 41%|█████████████████████████████████████▏                                                     | 147/360 [02:17<01:34,  2.24it/s]
 41%|█████████████████████████████████████▍                                                     | 148/360 [02:17<01:34,  2.25it/s]
 41%|█████████████████████████████████████▋                                                     | 149/360 [02:18<01:33,  2.24it/s]
 42%|█████████████████████████████████████▉                                                     | 150/360 [02:18<01:15,  2.80it/s]
                                                                                                                                  

 42%|█████████████████████████████████████▉                                                     | 150/360 [02:18<01:15,  2.80it/s]{'loss': '0.4232', 'grad_norm': '3.287', 'learning_rate': '3.591e-05', 'epoch': '4.171'}
{'loss': '0.3239', 'grad_norm': '6.815', 'learning_rate': '3.212e-05', 'epoch': '5'}


Writing model shards:   0%|                                                                                 | 0/1 [00:00<?, ?it/s][A

Writing model shards: 100%|█████████████████████████████████████████████████████████████████████████| 1/1 [00:05<00:00,  5.44s/it][A
Writing model shards: 100%|█████████████████████████████████████████████████████████████████████████| 1/1 [00:05<00:00,  5.44s/it]

 42%|██████████████████████████████████████▏                                                    | 151/360 [02:37<20:41,  5.94s/it]
 42%|██████████████████████████████████████▍                                                    | 152/360 [02:37<14:52,  4.29s/it]
 42%|██████████████████████████████████████▋                                                    | 153/360 [02:38<10:49,  3.14s/it]
 43%|██████████████████████████████████████▉                                                    | 154/360 [02:38<08:00,  2.33s/it]
 43%|███████████████████████████████████████▏                                                   | 155/360 [02:39<06:01,  1.76s/it]
 43%|███████████████████████████████████████▍                                                   | 156/360 [02:39<04:39,  1.37s/it]
 44%|███████████████████████████████████████▋                                                   | 157/360 [02:40<03:41,  1.09s/it]
 44%|███████████████████████████████████████▉                                                   | 158/360 [02:40<03:01,  1.11it/s]
 44%|████████████████████████████████████████▏                                                  | 159/360 [02:40<02:33,  1.31it/s]
 44%|████████████████████████████████████████▍                                                  | 160/360 [02:41<02:13,  1.50it/s]
 45%|████████████████████████████████████████▋                                                  | 161/360 [02:41<01:59,  1.67it/s]
 45%|████████████████████████████████████████▉                                                  | 162/360 [02:42<01:49,  1.81it/s]
 45%|█████████████████████████████████████████▏                                                 | 163/360 [02:42<01:42,  1.92it/s]
 46%|█████████████████████████████████████████▍                                                 | 164/360 [02:43<01:37,  2.01it/s]
 46%|█████████████████████████████████████████▋                                                 | 165/360 [02:43<01:34,  2.07it/s]
 46%|█████████████████████████████████████████▉                                                 | 166/360 [02:44<01:31,  2.12it/s]
 46%|██████████████████████████████████████████▏                                                | 167/360 [02:44<01:29,  2.16it/s]
 47%|██████████████████████████████████████████▍                                                | 168/360 [02:44<01:27,  2.19it/s]
 47%|██████████████████████████████████████████▋                                                | 169/360 [02:45<01:26,  2.20it/s]
 47%|██████████████████████████████████████████▉                                                | 170/360 [02:45<01:25,  2.22it/s]
 48%|███████████████████████████████████████████▏                                               | 171/360 [02:46<01:24,  2.22it/s]
 48%|███████████████████████████████████████████▍                                               | 172/360 [02:46<01:24,  2.23it/s]
 48%|███████████████████████████████████████████▋                                               | 173/360 [02:47<01:23,  2.23it/s]
 48%|███████████████████████████████████████████▉                                               | 174/360 [02:47<01:23,  2.24it/s]
 49%|████████████████████████████████████████████▏                                              | 175/360 [02:48<01:22,  2.24it/s]
                                                                                                                                  

 49%|████████████████████████████████████████████▏                                              | 175/360 [02:48<01:22,  2.24it/s]
 49%|████████████████████████████████████████████▍                                              | 176/360 [02:48<01:22,  2.24it/s]
 49%|████████████████████████████████████████████▋                                              | 177/360 [02:48<01:21,  2.24it/s]
 49%|████████████████████████████████████████████▉                                              | 178/360 [02:49<01:21,  2.24it/s]
 50%|█████████████████████████████████████████████▏                                             | 179/360 [02:49<01:20,  2.24it/s]
 50%|█████████████████████████████████████████████▌                                             | 180/360 [02:49<01:04,  2.79it/s]{'loss': '0.2253', 'grad_norm': '2.332', 'learning_rate': '2.833e-05', 'epoch': '5.855'}


Writing model shards:   0%|                                                                                 | 0/1 [00:00<?, ?it/s][A

Writing model shards: 100%|█████████████████████████████████████████████████████████████████████████| 1/1 [00:07<00:00,  7.43s/it][A
Writing model shards: 100%|█████████████████████████████████████████████████████████████████████████| 1/1 [00:07<00:00,  7.43s/it]

 50%|█████████████████████████████████████████████▊                                             | 181/360 [03:12<20:38,  6.92s/it]
 51%|██████████████████████████████████████████████                                             | 182/360 [03:12<14:45,  4.98s/it]
 51%|██████████████████████████████████████████████▎                                            | 183/360 [03:13<10:40,  3.62s/it]
 51%|██████████████████████████████████████████████▌                                            | 184/360 [03:13<07:49,  2.67s/it]
 51%|██████████████████████████████████████████████▊                                            | 185/360 [03:13<05:49,  2.00s/it]
 52%|███████████████████████████████████████████████                                            | 186/360 [03:14<04:26,  1.53s/it]
 52%|███████████████████████████████████████████████▎                                           | 187/360 [03:14<03:28,  1.21s/it]
 52%|███████████████████████████████████████████████▌                                           | 188/360 [03:15<02:48,  1.02it/s]
 52%|███████████████████████████████████████████████▊                                           | 189/360 [03:15<02:19,  1.22it/s]
 53%|████████████████████████████████████████████████                                           | 190/360 [03:16<01:59,  1.42it/s]
 53%|████████████████████████████████████████████████▎                                          | 191/360 [03:16<01:46,  1.59it/s]
 53%|████████████████████████████████████████████████▌                                          | 192/360 [03:17<01:36,  1.75it/s]
 54%|████████████████████████████████████████████████▊                                          | 193/360 [03:17<01:29,  1.87it/s]
 54%|█████████████████████████████████████████████████                                          | 194/360 [03:17<01:24,  1.97it/s]
 54%|█████████████████████████████████████████████████▎                                         | 195/360 [03:18<01:20,  2.05it/s]
 54%|█████████████████████████████████████████████████▌                                         | 196/360 [03:18<01:17,  2.10it/s]
 55%|█████████████████████████████████████████████████▊                                         | 197/360 [03:19<01:15,  2.14it/s]
 55%|██████████████████████████████████████████████████                                         | 198/360 [03:19<01:14,  2.18it/s]
 55%|██████████████████████████████████████████████████▎                                        | 199/360 [03:20<01:13,  2.20it/s]
 56%|██████████████████████████████████████████████████▌                                        | 200/360 [03:20<01:12,  2.21it/s]
                                                                                                                                  

 56%|██████████████████████████████████████████████████▌                                        | 200/360 [03:20<01:12,  2.21it/s]
 56%|██████████████████████████████████████████████████▊                                        | 201/360 [03:21<01:11,  2.22it/s]
 56%|███████████████████████████████████████████████████                                        | 202/360 [03:21<01:10,  2.23it/s]
 56%|███████████████████████████████████████████████████▎                                       | 203/360 [03:21<01:10,  2.24it/s]
 57%|███████████████████████████████████████████████████▌                                       | 204/360 [03:22<01:09,  2.24it/s]
 57%|███████████████████████████████████████████████████▊                                       | 205/360 [03:22<01:09,  2.24it/s]
 57%|████████████████████████████████████████████████████                                       | 206/360 [03:23<01:08,  2.24it/s]
 57%|████████████████████████████████████████████████████▎                                      | 207/360 [03:23<01:08,  2.24it/s]
 58%|████████████████████████████████████████████████████▌                                      | 208/360 [03:24<01:07,  2.24it/s]
 58%|████████████████████████████████████████████████████▊                                      | 209/360 [03:24<01:07,  2.25it/s]
 58%|█████████████████████████████████████████████████████                                      | 210/360 [03:24<00:53,  2.80it/s]{'loss': '0.185', 'grad_norm': '2.152', 'learning_rate': '2.455e-05', 'epoch': '6.684'}


Writing model shards:   0%|                                                                                 | 0/1 [00:00<?, ?it/s][A

Writing model shards: 100%|█████████████████████████████████████████████████████████████████████████| 1/1 [00:05<00:00,  5.29s/it][A
Writing model shards: 100%|█████████████████████████████████████████████████████████████████████████| 1/1 [00:05<00:00,  5.29s/it]

 59%|█████████████████████████████████████████████████████▎                                     | 211/360 [03:46<17:09,  6.91s/it]
 59%|█████████████████████████████████████████████████████▌                                     | 212/360 [03:47<12:15,  4.97s/it]
 59%|█████████████████████████████████████████████████████▊                                     | 213/360 [03:47<08:51,  3.61s/it]
 59%|██████████████████████████████████████████████████████                                     | 214/360 [03:48<06:28,  2.66s/it]
 60%|██████████████████████████████████████████████████████▎                                    | 215/360 [03:48<04:49,  2.00s/it]
 60%|██████████████████████████████████████████████████████▌                                    | 216/360 [03:49<03:40,  1.53s/it]
 60%|██████████████████████████████████████████████████████▊                                    | 217/360 [03:49<02:52,  1.21s/it]
 61%|███████████████████████████████████████████████████████                                    | 218/360 [03:50<02:18,  1.02it/s]
 61%|███████████████████████████████████████████████████████▎                                   | 219/360 [03:50<01:55,  1.22it/s]
 61%|███████████████████████████████████████████████████████▌                                   | 220/360 [03:51<01:39,  1.41it/s]
 61%|███████████████████████████████████████████████████████▊                                   | 221/360 [03:51<01:27,  1.59it/s]
 62%|████████████████████████████████████████████████████████                                   | 222/360 [03:51<01:19,  1.74it/s]
 62%|████████████████████████████████████████████████████████▎                                  | 223/360 [03:52<01:13,  1.87it/s]
 62%|████████████████████████████████████████████████████████▌                                  | 224/360 [03:52<01:09,  1.96it/s]
 62%|████████████████████████████████████████████████████████▉                                  | 225/360 [03:53<01:06,  2.04it/s]
                                                                                                                                  

 62%|████████████████████████████████████████████████████████▉                                  | 225/360 [03:53<01:06,  2.04it/s]
 63%|█████████████████████████████████████████████████████████▏                                 | 226/360 [03:53<01:04,  2.09it/s]
 63%|█████████████████████████████████████████████████████████▍                                 | 227/360 [03:54<01:02,  2.14it/s]
 63%|█████████████████████████████████████████████████████████▋                                 | 228/360 [03:54<01:00,  2.17it/s]
 64%|█████████████████████████████████████████████████████████▉                                 | 229/360 [03:55<00:59,  2.19it/s]
 64%|██████████████████████████████████████████████████████████▏                                | 230/360 [03:55<00:59,  2.20it/s]
 64%|██████████████████████████████████████████████████████████▍                                | 231/360 [03:55<00:58,  2.22it/s]
 64%|██████████████████████████████████████████████████████████▋                                | 232/360 [03:56<00:57,  2.21it/s]
 65%|██████████████████████████████████████████████████████████▉                                | 233/360 [03:56<00:57,  2.22it/s]
 65%|███████████████████████████████████████████████████████████▏                               | 234/360 [03:57<00:56,  2.23it/s]
 65%|███████████████████████████████████████████████████████████▍                               | 235/360 [03:57<00:56,  2.23it/s]
 66%|███████████████████████████████████████████████████████████▋                               | 236/360 [03:58<00:55,  2.23it/s]
 66%|███████████████████████████████████████████████████████████▉                               | 237/360 [03:58<00:54,  2.24it/s]
 66%|████████████████████████████████████████████████████████████▏                              | 238/360 [03:59<00:54,  2.24it/s]
 66%|████████████████████████████████████████████████████████████▍                              | 239/360 [03:59<00:54,  2.24it/s]
 67%|████████████████████████████████████████████████████████████▋                              | 240/360 [03:59<00:43,  2.79it/s]{'loss': '0.1608', 'grad_norm': '1.895', 'learning_rate': '2.076e-05', 'epoch': '7.513'}


Writing model shards:   0%|                                                                                 | 0/1 [00:00<?, ?it/s][A

Writing model shards: 100%|█████████████████████████████████████████████████████████████████████████| 1/1 [00:05<00:00,  5.21s/it][A
Writing model shards: 100%|█████████████████████████████████████████████████████████████████████████| 1/1 [00:05<00:00,  5.21s/it]

 67%|████████████████████████████████████████████████████████████▉                              | 241/360 [04:16<10:48,  5.45s/it]
 67%|█████████████████████████████████████████████████████████████▏                             | 242/360 [04:17<07:45,  3.95s/it]
 68%|█████████████████████████████████████████████████████████████▍                             | 243/360 [04:17<05:38,  2.90s/it]
 68%|█████████████████████████████████████████████████████████████▋                             | 244/360 [04:18<04:10,  2.16s/it]
 68%|█████████████████████████████████████████████████████████████▉                             | 245/360 [04:18<03:09,  1.65s/it]
 68%|██████████████████████████████████████████████████████████████▏                            | 246/360 [04:19<02:26,  1.29s/it]
 69%|██████████████████████████████████████████████████████████████▍                            | 247/360 [04:19<01:56,  1.03s/it]
 69%|██████████████████████████████████████████████████████████████▋                            | 248/360 [04:20<01:36,  1.17it/s]
 69%|██████████████████████████████████████████████████████████████▉                            | 249/360 [04:20<01:21,  1.36it/s]
 69%|███████████████████████████████████████████████████████████████▏                           | 250/360 [04:20<01:11,  1.54it/s]
                                                                                                                                  

 69%|███████████████████████████████████████████████████████████████▏                           | 250/360 [04:21<01:11,  1.54it/s]
 70%|███████████████████████████████████████████████████████████████▍                           | 251/360 [04:21<01:03,  1.70it/s]
 70%|███████████████████████████████████████████████████████████████▋                           | 252/360 [04:21<00:58,  1.84it/s]
 70%|███████████████████████████████████████████████████████████████▉                           | 253/360 [04:22<00:55,  1.94it/s]
 71%|████████████████████████████████████████████████████████████████▏                          | 254/360 [04:22<00:52,  2.03it/s]
 71%|████████████████████████████████████████████████████████████████▍                          | 255/360 [04:23<00:50,  2.09it/s]
 71%|████████████████████████████████████████████████████████████████▋                          | 256/360 [04:23<00:48,  2.14it/s]
 71%|████████████████████████████████████████████████████████████████▉                          | 257/360 [04:24<00:47,  2.17it/s]
 72%|█████████████████████████████████████████████████████████████████▏                         | 258/360 [04:24<00:46,  2.19it/s]
 72%|█████████████████████████████████████████████████████████████████▍                         | 259/360 [04:24<00:45,  2.21it/s]
 72%|█████████████████████████████████████████████████████████████████▋                         | 260/360 [04:25<00:45,  2.22it/s]
 72%|█████████████████████████████████████████████████████████████████▉                         | 261/360 [04:25<00:44,  2.23it/s]
 73%|██████████████████████████████████████████████████████████████████▏                        | 262/360 [04:26<00:43,  2.23it/s]
 73%|██████████████████████████████████████████████████████████████████▍                        | 263/360 [04:26<00:43,  2.24it/s]
 73%|██████████████████████████████████████████████████████████████████▋                        | 264/360 [04:27<00:42,  2.24it/s]
 74%|██████████████████████████████████████████████████████████████████▉                        | 265/360 [04:27<00:42,  2.24it/s]
 74%|███████████████████████████████████████████████████████████████████▏                       | 266/360 [04:28<00:41,  2.24it/s]
 74%|███████████████████████████████████████████████████████████████████▍                       | 267/360 [04:28<00:41,  2.24it/s]
 74%|███████████████████████████████████████████████████████████████████▋                       | 268/360 [04:28<00:41,  2.24it/s]
 75%|███████████████████████████████████████████████████████████████████▉                       | 269/360 [04:29<00:40,  2.25it/s]
 75%|████████████████████████████████████████████████████████████████████▎                      | 270/360 [04:29<00:32,  2.80it/s]{'loss': '0.1449', 'grad_norm': '1.249', 'learning_rate': '1.697e-05', 'epoch': '8.342'}


Writing model shards:   0%|                                                                                 | 0/1 [00:00<?, ?it/s][A

Writing model shards: 100%|█████████████████████████████████████████████████████████████████████████| 1/1 [00:06<00:00,  6.26s/it][A
Writing model shards: 100%|█████████████████████████████████████████████████████████████████████████| 1/1 [00:06<00:00,  6.27s/it]

 75%|████████████████████████████████████████████████████████████████████▌                      | 271/360 [04:50<09:50,  6.63s/it]
 76%|████████████████████████████████████████████████████████████████████▊                      | 272/360 [04:51<07:00,  4.78s/it]
 76%|█████████████████████████████████████████████████████████████████████                      | 273/360 [04:51<05:02,  3.48s/it]
 76%|█████████████████████████████████████████████████████████████████████▎                     | 274/360 [04:52<03:40,  2.57s/it]
 76%|█████████████████████████████████████████████████████████████████████▌                     | 275/360 [04:52<02:44,  1.93s/it]
                                                                                                                                  

 76%|█████████████████████████████████████████████████████████████████████▌                     | 275/360 [04:52<02:44,  1.93s/it]
 77%|█████████████████████████████████████████████████████████████████████▊                     | 276/360 [04:53<02:04,  1.49s/it]
 77%|██████████████████████████████████████████████████████████████████████                     | 277/360 [04:53<01:37,  1.17s/it]
 77%|██████████████████████████████████████████████████████████████████████▎                    | 278/360 [04:53<01:18,  1.05it/s]
 78%|██████████████████████████████████████████████████████████████████████▌                    | 279/360 [04:54<01:04,  1.25it/s]
 78%|██████████████████████████████████████████████████████████████████████▊                    | 280/360 [04:54<00:55,  1.44it/s]
 78%|███████████████████████████████████████████████████████████████████████                    | 281/360 [04:55<00:48,  1.61it/s]
 78%|███████████████████████████████████████████████████████████████████████▎                   | 282/360 [04:55<00:44,  1.76it/s]
 79%|███████████████████████████████████████████████████████████████████████▌                   | 283/360 [04:56<00:48,  1.59it/s]
 79%|███████████████████████████████████████████████████████████████████████▊                   | 284/360 [04:56<00:43,  1.74it/s]
 79%|████████████████████████████████████████████████████████████████████████                   | 285/360 [04:57<00:40,  1.87it/s]
 79%|████████████████████████████████████████████████████████████████████████▎                  | 286/360 [04:57<00:37,  1.96it/s]
 80%|████████████████████████████████████████████████████████████████████████▌                  | 287/360 [04:58<00:35,  2.04it/s]
 80%|████████████████████████████████████████████████████████████████████████▊                  | 288/360 [04:58<00:34,  2.10it/s]
 80%|█████████████████████████████████████████████████████████████████████████                  | 289/360 [04:59<00:33,  2.14it/s]
 81%|█████████████████████████████████████████████████████████████████████████▎                 | 290/360 [04:59<00:32,  2.17it/s]
 81%|█████████████████████████████████████████████████████████████████████████▌                 | 291/360 [05:00<00:31,  2.19it/s]
 81%|█████████████████████████████████████████████████████████████████████████▊                 | 292/360 [05:00<00:30,  2.21it/s]
 81%|██████████████████████████████████████████████████████████████████████████                 | 293/360 [05:00<00:30,  2.22it/s]
 82%|██████████████████████████████████████████████████████████████████████████▎                | 294/360 [05:01<00:29,  2.23it/s]
 82%|██████████████████████████████████████████████████████████████████████████▌                | 295/360 [05:01<00:29,  2.23it/s]
 82%|██████████████████████████████████████████████████████████████████████████▊                | 296/360 [05:02<00:28,  2.24it/s]
 82%|███████████████████████████████████████████████████████████████████████████                | 297/360 [05:02<00:28,  2.24it/s]
 83%|███████████████████████████████████████████████████████████████████████████▎               | 298/360 [05:03<00:27,  2.24it/s]
 83%|███████████████████████████████████████████████████████████████████████████▌               | 299/360 [05:03<00:27,  2.23it/s]
 83%|███████████████████████████████████████████████████████████████████████████▊               | 300/360 [05:03<00:21,  2.78it/s]
                                                                                                                                  

 83%|███████████████████████████████████████████████████████████████████████████▊               | 300/360 [05:03<00:21,  2.78it/s]{'loss': '0.1392', 'grad_norm': '1.832', 'learning_rate': '1.318e-05', 'epoch': '9.171'}
{'loss': '0.1175', 'grad_norm': '1.477', 'learning_rate': '9.394e-06', 'epoch': '10'}


Writing model shards:   0%|                                                                                 | 0/1 [00:00<?, ?it/s][A

Writing model shards: 100%|█████████████████████████████████████████████████████████████████████████| 1/1 [00:05<00:00,  5.19s/it][A
Writing model shards: 100%|█████████████████████████████████████████████████████████████████████████| 1/1 [00:05<00:00,  5.19s/it]

 84%|████████████████████████████████████████████████████████████████████████████               | 301/360 [05:20<05:18,  5.39s/it]
 84%|████████████████████████████████████████████████████████████████████████████▎              | 302/360 [05:21<03:46,  3.91s/it]
 84%|████████████████████████████████████████████████████████████████████████████▌              | 303/360 [05:21<02:43,  2.87s/it]
 84%|████████████████████████████████████████████████████████████████████████████▊              | 304/360 [05:22<01:59,  2.14s/it]
 85%|█████████████████████████████████████████████████████████████████████████████              | 305/360 [05:22<01:29,  1.63s/it]
 85%|█████████████████████████████████████████████████████████████████████████████▎             | 306/360 [05:23<01:08,  1.28s/it]
 85%|█████████████████████████████████████████████████████████████████████████████▌             | 307/360 [05:23<00:54,  1.03s/it]
 86%|█████████████████████████████████████████████████████████████████████████████▊             | 308/360 [05:24<00:44,  1.17it/s]
 86%|██████████████████████████████████████████████████████████████████████████████             | 309/360 [05:24<00:37,  1.37it/s]
 86%|██████████████████████████████████████████████████████████████████████████████▎            | 310/360 [05:24<00:32,  1.55it/s]
 86%|██████████████████████████████████████████████████████████████████████████████▌            | 311/360 [05:25<00:28,  1.71it/s]
 87%|██████████████████████████████████████████████████████████████████████████████▊            | 312/360 [05:25<00:26,  1.84it/s]
 87%|███████████████████████████████████████████████████████████████████████████████            | 313/360 [05:26<00:24,  1.95it/s]
 87%|███████████████████████████████████████████████████████████████████████████████▎           | 314/360 [05:26<00:22,  2.03it/s]
 88%|███████████████████████████████████████████████████████████████████████████████▋           | 315/360 [05:27<00:21,  2.09it/s]
 88%|███████████████████████████████████████████████████████████████████████████████▉           | 316/360 [05:27<00:20,  2.13it/s]
 88%|████████████████████████████████████████████████████████████████████████████████▏          | 317/360 [05:28<00:19,  2.16it/s]
 88%|████████████████████████████████████████████████████████████████████████████████▍          | 318/360 [05:28<00:19,  2.18it/s]
 89%|████████████████████████████████████████████████████████████████████████████████▋          | 319/360 [05:28<00:18,  2.19it/s]
 89%|████████████████████████████████████████████████████████████████████████████████▉          | 320/360 [05:29<00:18,  2.21it/s]
 89%|█████████████████████████████████████████████████████████████████████████████████▏         | 321/360 [05:29<00:17,  2.22it/s]
 89%|█████████████████████████████████████████████████████████████████████████████████▍         | 322/360 [05:30<00:17,  2.23it/s]
 90%|█████████████████████████████████████████████████████████████████████████████████▋         | 323/360 [05:30<00:16,  2.23it/s]
 90%|█████████████████████████████████████████████████████████████████████████████████▉         | 324/360 [05:31<00:16,  2.24it/s]
 90%|██████████████████████████████████████████████████████████████████████████████████▏        | 325/360 [05:31<00:15,  2.24it/s]
                                                                                                                                  

 90%|██████████████████████████████████████████████████████████████████████████████████▏        | 325/360 [05:31<00:15,  2.24it/s]
 91%|██████████████████████████████████████████████████████████████████████████████████▍        | 326/360 [05:32<00:15,  2.24it/s]
 91%|██████████████████████████████████████████████████████████████████████████████████▋        | 327/360 [05:32<00:14,  2.24it/s]
 91%|██████████████████████████████████████████████████████████████████████████████████▉        | 328/360 [05:32<00:14,  2.24it/s]
 91%|███████████████████████████████████████████████████████████████████████████████████▏       | 329/360 [05:33<00:13,  2.24it/s]
 92%|███████████████████████████████████████████████████████████████████████████████████▍       | 330/360 [05:33<00:10,  2.79it/s]{'loss': '0.1056', 'grad_norm': '0.7935', 'learning_rate': '5.606e-06', 'epoch': '10.85'}


Writing model shards:   0%|                                                                                 | 0/1 [00:00<?, ?it/s][A

Writing model shards: 100%|█████████████████████████████████████████████████████████████████████████| 1/1 [00:06<00:00,  6.55s/it][A
Writing model shards: 100%|█████████████████████████████████████████████████████████████████████████| 1/1 [00:06<00:00,  6.55s/it]

 92%|███████████████████████████████████████████████████████████████████████████████████▋       | 331/360 [05:52<02:53,  6.00s/it]
 92%|███████████████████████████████████████████████████████████████████████████████████▉       | 332/360 [05:53<02:01,  4.33s/it]
 92%|████████████████████████████████████████████████████████████████████████████████████▏      | 333/360 [05:53<01:25,  3.17s/it]
 93%|████████████████████████████████████████████████████████████████████████████████████▍      | 334/360 [05:54<01:01,  2.35s/it]
 93%|████████████████████████████████████████████████████████████████████████████████████▋      | 335/360 [05:54<00:44,  1.78s/it]
 93%|████████████████████████████████████████████████████████████████████████████████████▉      | 336/360 [05:54<00:33,  1.38s/it]
 94%|█████████████████████████████████████████████████████████████████████████████████████▏     | 337/360 [05:55<00:25,  1.10s/it]
 94%|█████████████████████████████████████████████████████████████████████████████████████▍     | 338/360 [05:55<00:19,  1.11it/s]
 94%|█████████████████████████████████████████████████████████████████████████████████████▋     | 339/360 [05:56<00:16,  1.31it/s]
 94%|█████████████████████████████████████████████████████████████████████████████████████▉     | 340/360 [05:56<00:13,  1.50it/s]
 95%|██████████████████████████████████████████████████████████████████████████████████████▏    | 341/360 [05:57<00:11,  1.66it/s]
 95%|██████████████████████████████████████████████████████████████████████████████████████▍    | 342/360 [05:57<00:09,  1.80it/s]
 95%|██████████████████████████████████████████████████████████████████████████████████████▋    | 343/360 [05:58<00:08,  1.92it/s]
 96%|██████████████████████████████████████████████████████████████████████████████████████▉    | 344/360 [05:58<00:07,  2.00it/s]
 96%|███████████████████████████████████████████████████████████████████████████████████████▏   | 345/360 [05:58<00:07,  2.07it/s]
 96%|███████████████████████████████████████████████████████████████████████████████████████▍   | 346/360 [05:59<00:06,  2.12it/s]
 96%|███████████████████████████████████████████████████████████████████████████████████████▋   | 347/360 [05:59<00:06,  2.15it/s]
 97%|███████████████████████████████████████████████████████████████████████████████████████▉   | 348/360 [06:00<00:05,  2.17it/s]
 97%|████████████████████████████████████████████████████████████████████████████████████████▏  | 349/360 [06:00<00:05,  2.19it/s]
 97%|████████████████████████████████████████████████████████████████████████████████████████▍  | 350/360 [06:01<00:04,  2.21it/s]
                                                                                                                                  

 97%|████████████████████████████████████████████████████████████████████████████████████████▍  | 350/360 [06:01<00:04,  2.21it/s]
 98%|████████████████████████████████████████████████████████████████████████████████████████▋  | 351/360 [06:01<00:04,  2.22it/s]
 98%|████████████████████████████████████████████████████████████████████████████████████████▉  | 352/360 [06:02<00:03,  2.23it/s]
 98%|█████████████████████████████████████████████████████████████████████████████████████████▏ | 353/360 [06:02<00:03,  2.23it/s]
 98%|█████████████████████████████████████████████████████████████████████████████████████████▍ | 354/360 [06:02<00:02,  2.24it/s]
 99%|█████████████████████████████████████████████████████████████████████████████████████████▋ | 355/360 [06:03<00:02,  2.24it/s]
 99%|█████████████████████████████████████████████████████████████████████████████████████████▉ | 356/360 [06:03<00:01,  2.24it/s]
 99%|██████████████████████████████████████████████████████████████████████████████████████████▏| 357/360 [06:04<00:01,  2.24it/s]
 99%|██████████████████████████████████████████████████████████████████████████████████████████▍| 358/360 [06:04<00:00,  2.25it/s]
100%|██████████████████████████████████████████████████████████████████████████████████████████▋| 359/360 [06:05<00:00,  2.25it/s]
100%|███████████████████████████████████████████████████████████████████████████████████████████| 360/360 [06:05<00:00,  2.80it/s]{'loss': '0.09766', 'grad_norm': '0.856', 'learning_rate': '1.818e-06', 'epoch': '11.68'}


Writing model shards:   0%|                                                                                 | 0/1 [00:00<?, ?it/s][A

Writing model shards: 100%|█████████████████████████████████████████████████████████████████████████| 1/1 [00:05<00:00,  5.70s/it][A
Writing model shards: 100%|█████████████████████████████████████████████████████████████████████████| 1/1 [00:05<00:00,  5.70s/it]

                                                                                                                                  

100%|███████████████████████████████████████████████████████████████████████████████████████████| 360/360 [06:45<00:00,  2.80it/s]
100%|███████████████████████████████████████████████████████████████████████████████████████████| 360/360 [06:45<00:00,  1.13s/it]
{'train_runtime': '405.6', 'train_samples_per_second': '13.76', 'train_steps_per_second': '0.888', 'train_loss': '0.4503', 'epoch': '12'}

  0%|                                                                                                      | 0/17 [00:00<?, ?it/s]
 35%|█████████████████████████████████▏                                                            | 6/17 [00:00<00:00, 49.95it/s]
 65%|████████████████████████████████████████████████████████████▏                                | 11/17 [00:00<00:00, 45.03it/s]
 94%|███████████████████████████████████████████████████████████████████████████████████████▌     | 16/17 [00:00<00:00, 45.80it/s]
100%|█████████████████████████████████████████████████████████████████████████████████████████████| 17/17 [00:00<00:00, 45.29it/s]

Writing model shards:   0%|                                                                                 | 0/1 [00:00<?, ?it/s]
Writing model shards: 100%|█████████████████████████████████████████████████████████████████████████| 1/1 [00:05<00:00,  5.48s/it]
Writing model shards: 100%|█████████████████████████████████████████████████████████████████████████| 1/1 [00:05<00:00,  5.48s/it]

Loading weights:   0%|                                                                                    | 0/196 [00:00<?, ?it/s]
Loading weights:   1%|▍                                                                           | 1/196 [00:00<00:42,  4.54it/s]
Loading weights:  10%|███████▋                                                                   | 20/196 [00:00<00:02, 76.08it/s]
Loading weights:  35%|█████████████████████████▋                                                | 68/196 [00:00<00:00, 217.52it/s]
Loading weights:  59%|██████████████████████████████████████████▊                              | 115/196 [00:00<00:00, 297.01it/s]
Loading weights:  84%|█████████████████████████████████████████████████████████████            | 164/196 [00:00<00:00, 353.43it/s]
Loading weights: 100%|█████████████████████████████████████████████████████████████████████████| 196/196 [00:00<00:00, 276.94it/s]

Loading weights:   0%|                                                                                    | 0/196 [00:00<?, ?it/s]
Loading weights:  22%|████████████████▌                                                         | 44/196 [00:00<00:00, 424.10it/s]
Loading weights:  62%|█████████████████████████████████████████████▍                           | 122/196 [00:00<00:00, 604.76it/s]
Loading weights: 100%|█████████████████████████████████████████████████████████████████████████| 196/196 [00:00<00:00, 666.57it/s]

Loading weights:   0%|                                                                                    | 0/196 [00:00<?, ?it/s]
Loading weights:   1%|▊                                                                           | 2/196 [00:00<00:10, 17.90it/s]
Loading weights:  19%|██████████████▎                                                           | 38/196 [00:00<00:00, 200.42it/s]
Loading weights:  38%|███████████████████████████▉                                              | 74/196 [00:00<00:00, 262.35it/s]
Loading weights:  56%|████████████████████████████████████████▉                                | 110/196 [00:00<00:00, 294.56it/s]
Loading weights:  74%|██████████████████████████████████████████████████████▍                  | 146/196 [00:00<00:00, 312.58it/s]
Loading weights:  93%|███████████████████████████████████████████████████████████████████▊     | 182/196 [00:00<00:00, 321.96it/s]
Loading weights: 100%|█████████████████████████████████████████████████████████████████████████| 196/196 [00:00<00:00, 276.70it/s]

Loading weights:   0%|                                                                                    | 0/196 [00:00<?, ?it/s]
Loading weights:   1%|▊                                                                           | 2/196 [00:00<00:11, 16.80it/s]
Loading weights:  29%|█████████████████████▏                                                    | 56/196 [00:00<00:00, 299.35it/s]
Loading weights:  47%|██████████████████████████████████▋                                       | 92/196 [00:00<00:00, 325.34it/s]
Loading weights:  65%|███████████████████████████████████████████████▋                         | 128/196 [00:00<00:00, 337.01it/s]
Loading weights:  84%|█████████████████████████████████████████████████████████████            | 164/196 [00:00<00:00, 340.08it/s]
Loading weights: 100%|█████████████████████████████████████████████████████████████████████████| 196/196 [00:00<00:00, 316.64it/s]
