<local-root>/miniconda3/lib/python3.13/site-packages/torch/cuda/__init__.py:61: FutureWarning: The pynvml package is deprecated. Please install nvidia-ml-py instead. If you did not install pynvml directly, please report this to the maintainers of the package that installed pynvml for you.
  import pynvml  # type: ignore[import]
Skipping import of cpp extensions due to incompatible torch version. Please upgrade to torch >= 2.11.0 (found 2.7.1+cu118).

Loading weights:   0%|                                                                                    | 0/148 [00:00<?, ?it/s]
Loading weights: 100%|████████████████████████████████████████████████████████████████████████| 148/148 [00:00<00:00, 2145.45it/s]
[RANK 0] Detected kernel version 5.4.0, which is below the recommended minimum of 5.5.0; this can cause the process to hang. It is recommended to upgrade the kernel to the minimum version or higher.

  0%|                                                                                                     | 0/600 [00:00<?, ?it/s][transformers] `loss_type=None` was set in the config but it is unrecognized. Using the default loss: `ForCausalLMLoss`.

  0%|▏                                                                                            | 1/600 [00:00<03:09,  3.17it/s]
  0%|▍                                                                                            | 3/600 [00:00<01:34,  6.31it/s]
  1%|▊                                                                                            | 5/600 [00:00<01:14,  8.03it/s]
  1%|█                                                                                            | 7/600 [00:00<01:06,  8.93it/s]
  2%|█▍                                                                                           | 9/600 [00:01<01:02,  9.49it/s]
  2%|█▋                                                                                          | 11/600 [00:01<00:59,  9.83it/s]
  2%|█▉                                                                                          | 13/600 [00:01<00:58, 10.06it/s]
  2%|██▎                                                                                         | 15/600 [00:01<00:57, 10.20it/s]
  3%|██▌                                                                                         | 17/600 [00:01<00:56, 10.32it/s]
  3%|██▉                                                                                         | 19/600 [00:02<00:56, 10.36it/s]
  4%|███▏                                                                                        | 21/600 [00:02<00:55, 10.41it/s]
  4%|███▌                                                                                        | 23/600 [00:02<00:55, 10.43it/s]
  4%|███▊                                                                                        | 25/600 [00:02<00:55, 10.43it/s]
                                                                                                                                  

  4%|███▊                                                                                        | 25/600 [00:02<00:55, 10.43it/s]
  4%|████▏                                                                                       | 27/600 [00:02<00:54, 10.45it/s]
  5%|████▍                                                                                       | 29/600 [00:02<00:54, 10.43it/s]{'loss': '3.759', 'grad_norm': '8.28', 'learning_rate': '3.667e-05', 'epoch': '0.8475'}


Writing model shards:   0%|                                                                                 | 0/1 [00:00<?, ?it/s][A

Writing model shards: 100%|█████████████████████████████████████████████████████████████████████████| 1/1 [00:00<00:00,  1.85it/s][A
Writing model shards: 100%|█████████████████████████████████████████████████████████████████████████| 1/1 [00:00<00:00,  1.85it/s]

  5%|████▊                                                                                       | 31/600 [00:04<03:06,  3.05it/s]
  6%|█████                                                                                       | 33/600 [00:04<02:26,  3.88it/s]
  6%|█████▎                                                                                      | 35/600 [00:05<01:57,  4.79it/s]
  6%|█████▋                                                                                      | 37/600 [00:05<01:38,  5.72it/s]
  6%|█████▉                                                                                      | 39/600 [00:05<01:24,  6.64it/s]
  7%|██████▎                                                                                     | 41/600 [00:05<01:14,  7.47it/s]
  7%|██████▌                                                                                     | 43/600 [00:05<01:07,  8.19it/s]
  8%|██████▉                                                                                     | 45/600 [00:06<01:03,  8.75it/s]
  8%|███████▏                                                                                    | 47/600 [00:06<01:00,  9.12it/s]
  8%|███████▌                                                                                    | 49/600 [00:06<00:58,  9.48it/s]
                                                                                                                                  

  8%|███████▋                                                                                    | 50/600 [00:06<00:58,  9.48it/s]
  8%|███████▊                                                                                    | 51/600 [00:06<00:56,  9.74it/s]
  9%|████████▏                                                                                   | 53/600 [00:06<00:54,  9.99it/s]
  9%|████████▍                                                                                   | 55/600 [00:07<00:53, 10.15it/s]
 10%|████████▋                                                                                   | 57/600 [00:07<00:52, 10.26it/s]
 10%|█████████                                                                                   | 59/600 [00:07<00:52, 10.28it/s]{'loss': '2.343', 'grad_norm': '7.899', 'learning_rate': '4.86e-05', 'epoch': '1.678'}


Writing model shards:   0%|                                                                                 | 0/1 [00:00<?, ?it/s][A

Writing model shards: 100%|█████████████████████████████████████████████████████████████████████████| 1/1 [00:00<00:00,  1.76it/s][A
Writing model shards: 100%|█████████████████████████████████████████████████████████████████████████| 1/1 [00:00<00:00,  1.75it/s]

 10%|█████████▎                                                                                  | 61/600 [00:09<03:16,  2.74it/s]
 10%|█████████▋                                                                                  | 63/600 [00:09<02:32,  3.53it/s]
 11%|█████████▉                                                                                  | 65/600 [00:09<02:01,  4.42it/s]
 11%|██████████▎                                                                                 | 67/600 [00:09<01:39,  5.36it/s]
 12%|██████████▌                                                                                 | 69/600 [00:10<01:24,  6.31it/s]
 12%|██████████▉                                                                                 | 71/600 [00:10<01:13,  7.20it/s]
 12%|███████████▏                                                                                | 73/600 [00:10<01:05,  7.99it/s]
 12%|███████████▌                                                                                | 75/600 [00:10<01:00,  8.66it/s]
                                                                                                                                  

 12%|███████████▌                                                                                | 75/600 [00:10<01:00,  8.66it/s]
 13%|███████████▊                                                                                | 77/600 [00:10<00:56,  9.19it/s]
 13%|████████████                                                                                | 79/600 [00:11<00:54,  9.61it/s]
 14%|████████████▍                                                                               | 81/600 [00:11<00:52,  9.91it/s]
 14%|████████████▋                                                                               | 83/600 [00:11<00:50, 10.15it/s]
 14%|█████████████                                                                               | 85/600 [00:11<00:49, 10.31it/s]
 14%|█████████████▎                                                                              | 87/600 [00:11<00:49, 10.44it/s]
 15%|█████████████▋                                                                              | 89/600 [00:11<00:48, 10.52it/s]{'loss': '1.795', 'grad_norm': '7.314', 'learning_rate': '4.649e-05', 'epoch': '2.508'}


Writing model shards:   0%|                                                                                 | 0/1 [00:00<?, ?it/s][A

Writing model shards: 100%|█████████████████████████████████████████████████████████████████████████| 1/1 [00:00<00:00,  1.83it/s][A
Writing model shards: 100%|█████████████████████████████████████████████████████████████████████████| 1/1 [00:00<00:00,  1.83it/s]

 15%|█████████████▉                                                                              | 91/600 [00:13<03:04,  2.75it/s]
 15%|██████████████                                                                              | 92/600 [00:14<02:41,  3.15it/s]
 16%|██████████████▍                                                                             | 94/600 [00:14<02:02,  4.13it/s]
 16%|██████████████▋                                                                             | 96/600 [00:14<01:37,  5.15it/s]
 16%|███████████████                                                                             | 98/600 [00:14<01:21,  6.16it/s]
 17%|███████████████▏                                                                           | 100/600 [00:14<01:10,  7.10it/s]
                                                                                                                                  

 17%|███████████████▏                                                                           | 100/600 [00:14<01:10,  7.10it/s]
 17%|███████████████▍                                                                           | 102/600 [00:15<01:02,  7.92it/s]
 17%|███████████████▊                                                                           | 104/600 [00:15<00:57,  8.59it/s]
 18%|████████████████                                                                           | 106/600 [00:15<00:54,  9.14it/s]
 18%|████████████████▍                                                                          | 108/600 [00:15<00:51,  9.56it/s]
 18%|████████████████▋                                                                          | 110/600 [00:15<00:49,  9.86it/s]
 19%|████████████████▉                                                                          | 112/600 [00:15<00:48, 10.10it/s]
 19%|█████████████████▎                                                                         | 114/600 [00:16<00:47, 10.26it/s]
 19%|█████████████████▌                                                                         | 116/600 [00:16<00:46, 10.37it/s]
 20%|█████████████████▉                                                                         | 118/600 [00:16<00:46, 10.38it/s]
 20%|██████████████████▏                                                                        | 120/600 [00:16<00:41, 11.43it/s]{'loss': '1.602', 'grad_norm': '7.699', 'learning_rate': '4.43e-05', 'epoch': '3.339'}


Writing model shards:   0%|                                                                                 | 0/1 [00:00<?, ?it/s][A

Writing model shards: 100%|█████████████████████████████████████████████████████████████████████████| 1/1 [00:00<00:00,  1.88it/s][A
Writing model shards: 100%|█████████████████████████████████████████████████████████████████████████| 1/1 [00:00<00:00,  1.88it/s]

 20%|██████████████████▌                                                                        | 122/600 [00:18<03:00,  2.64it/s]
 21%|██████████████████▊                                                                        | 124/600 [00:18<02:19,  3.42it/s]
                                                                                                                                  

 21%|██████████████████▉                                                                        | 125/600 [00:19<02:19,  3.42it/s]
 21%|███████████████████                                                                        | 126/600 [00:19<01:50,  4.28it/s]
 21%|███████████████████▍                                                                       | 128/600 [00:19<01:30,  5.22it/s]
 22%|███████████████████▋                                                                       | 130/600 [00:19<01:16,  6.16it/s]
 22%|████████████████████                                                                       | 132/600 [00:19<01:06,  7.06it/s]
 22%|████████████████████▎                                                                      | 134/600 [00:19<00:59,  7.87it/s]
 23%|████████████████████▋                                                                      | 136/600 [00:20<00:54,  8.56it/s]
 23%|████████████████████▉                                                                      | 138/600 [00:20<00:50,  9.12it/s]
 23%|█████████████████████▏                                                                     | 140/600 [00:20<00:48,  9.57it/s]
 24%|█████████████████████▌                                                                     | 142/600 [00:20<00:46,  9.91it/s]
 24%|█████████████████████▊                                                                     | 144/600 [00:20<00:44, 10.16it/s]
 24%|██████████████████████▏                                                                    | 146/600 [00:20<00:43, 10.35it/s]
 25%|██████████████████████▍                                                                    | 148/600 [00:21<00:43, 10.48it/s]
 25%|██████████████████████▊                                                                    | 150/600 [00:21<00:38, 11.60it/s]
                                                                                                                                  

 25%|██████████████████████▊                                                                    | 150/600 [00:21<00:38, 11.60it/s]{'loss': '1.398', 'grad_norm': '7.189', 'learning_rate': '4.211e-05', 'epoch': '4.169'}
{'loss': '1.409', 'grad_norm': '22.36', 'learning_rate': '3.991e-05', 'epoch': '5'}


Writing model shards:   0%|                                                                                 | 0/1 [00:00<?, ?it/s][A

Writing model shards: 100%|█████████████████████████████████████████████████████████████████████████| 1/1 [00:00<00:00,  1.77it/s][A
Writing model shards: 100%|█████████████████████████████████████████████████████████████████████████| 1/1 [00:00<00:00,  1.77it/s]

 25%|███████████████████████                                                                    | 152/600 [00:23<02:31,  2.97it/s]
 26%|███████████████████████▏                                                                   | 153/600 [00:23<02:12,  3.36it/s]
 26%|███████████████████████▌                                                                   | 155/600 [00:23<01:41,  4.37it/s]
 26%|███████████████████████▊                                                                   | 157/600 [00:23<01:21,  5.41it/s]
 26%|████████████████████████                                                                   | 159/600 [00:23<01:08,  6.42it/s]
 27%|████████████████████████▍                                                                  | 161/600 [00:24<00:59,  7.35it/s]
 27%|████████████████████████▋                                                                  | 163/600 [00:24<00:53,  8.15it/s]
 28%|█████████████████████████                                                                  | 165/600 [00:24<00:49,  8.81it/s]
 28%|█████████████████████████▎                                                                 | 167/600 [00:24<00:46,  9.32it/s]
 28%|█████████████████████████▋                                                                 | 169/600 [00:24<00:44,  9.72it/s]
 28%|█████████████████████████▉                                                                 | 171/600 [00:24<00:42, 10.02it/s]
 29%|██████████████████████████▏                                                                | 173/600 [00:25<00:41, 10.24it/s]
 29%|██████████████████████████▌                                                                | 175/600 [00:25<00:40, 10.40it/s]
                                                                                                                                  

 29%|██████████████████████████▌                                                                | 175/600 [00:25<00:40, 10.40it/s]
 30%|██████████████████████████▊                                                                | 177/600 [00:25<00:40, 10.50it/s]
 30%|███████████████████████████▏                                                               | 179/600 [00:25<00:39, 10.58it/s]{'loss': '1.297', 'grad_norm': '6.445', 'learning_rate': '3.772e-05', 'epoch': '5.847'}


Writing model shards:   0%|                                                                                 | 0/1 [00:00<?, ?it/s][A

Writing model shards: 100%|█████████████████████████████████████████████████████████████████████████| 1/1 [00:00<00:00,  1.82it/s][A
Writing model shards: 100%|█████████████████████████████████████████████████████████████████████████| 1/1 [00:00<00:00,  1.82it/s]

 30%|███████████████████████████▍                                                               | 181/600 [00:27<02:48,  2.49it/s]
 30%|███████████████████████████▊                                                               | 183/600 [00:28<02:08,  3.23it/s]
 31%|████████████████████████████                                                               | 185/600 [00:28<01:41,  4.09it/s]
 31%|████████████████████████████▎                                                              | 187/600 [00:28<01:22,  5.02it/s]
 32%|████████████████████████████▋                                                              | 189/600 [00:28<01:08,  5.98it/s]
 32%|████████████████████████████▉                                                              | 191/600 [00:28<00:59,  6.91it/s]
 32%|█████████████████████████████▎                                                             | 193/600 [00:29<00:52,  7.74it/s]
 32%|█████████████████████████████▌                                                             | 195/600 [00:29<00:47,  8.46it/s]
 33%|█████████████████████████████▉                                                             | 197/600 [00:29<00:44,  9.04it/s]
 33%|██████████████████████████████▏                                                            | 199/600 [00:29<00:42,  9.51it/s]
                                                                                                                                  

 33%|██████████████████████████████▎                                                            | 200/600 [00:29<00:42,  9.51it/s]
 34%|██████████████████████████████▍                                                            | 201/600 [00:29<00:40,  9.86it/s]
 34%|██████████████████████████████▊                                                            | 203/600 [00:29<00:39, 10.12it/s]
 34%|███████████████████████████████                                                            | 205/600 [00:30<00:38, 10.30it/s]
 34%|███████████████████████████████▍                                                           | 207/600 [00:30<00:37, 10.44it/s]
 35%|███████████████████████████████▋                                                           | 209/600 [00:30<00:37, 10.54it/s]{'loss': '1.204', 'grad_norm': '6.285', 'learning_rate': '3.553e-05', 'epoch': '6.678'}


Writing model shards:   0%|                                                                                 | 0/1 [00:00<?, ?it/s][A

Writing model shards: 100%|█████████████████████████████████████████████████████████████████████████| 1/1 [00:00<00:00,  1.75it/s][A
Writing model shards: 100%|█████████████████████████████████████████████████████████████████████████| 1/1 [00:00<00:00,  1.75it/s]

 35%|████████████████████████████████                                                           | 211/600 [00:32<02:28,  2.61it/s]
 35%|████████████████████████████████▏                                                          | 212/600 [00:32<02:09,  3.00it/s]
 36%|████████████████████████████████▍                                                          | 214/600 [00:32<01:37,  3.94it/s]
 36%|████████████████████████████████▊                                                          | 216/600 [00:33<01:17,  4.96it/s]
 36%|█████████████████████████████████                                                          | 218/600 [00:33<01:03,  5.98it/s]
 37%|█████████████████████████████████▎                                                         | 220/600 [00:33<00:54,  6.94it/s]
 37%|█████████████████████████████████▋                                                         | 222/600 [00:33<00:48,  7.80it/s]
 37%|█████████████████████████████████▉                                                         | 224/600 [00:33<00:44,  8.52it/s]
                                                                                                                                  

 38%|██████████████████████████████████▏                                                        | 225/600 [00:33<00:44,  8.52it/s]
 38%|██████████████████████████████████▎                                                        | 226/600 [00:34<00:41,  9.08it/s]
 38%|██████████████████████████████████▌                                                        | 228/600 [00:34<00:38,  9.54it/s]
 38%|██████████████████████████████████▉                                                        | 230/600 [00:34<00:37,  9.89it/s]
 39%|███████████████████████████████████▏                                                       | 232/600 [00:34<00:36, 10.14it/s]
 39%|███████████████████████████████████▍                                                       | 234/600 [00:34<00:35, 10.33it/s]
 39%|███████████████████████████████████▊                                                       | 236/600 [00:34<00:34, 10.47it/s]
 40%|████████████████████████████████████                                                       | 238/600 [00:35<00:34, 10.56it/s]
 40%|████████████████████████████████████▍                                                      | 240/600 [00:35<00:30, 11.69it/s]{'loss': '1.181', 'grad_norm': '6.481', 'learning_rate': '3.333e-05', 'epoch': '7.508'}


Writing model shards:   0%|                                                                                 | 0/1 [00:00<?, ?it/s][A

Writing model shards: 100%|█████████████████████████████████████████████████████████████████████████| 1/1 [00:00<00:00,  1.74it/s][A
Writing model shards: 100%|█████████████████████████████████████████████████████████████████████████| 1/1 [00:00<00:00,  1.74it/s]

 40%|████████████████████████████████████▋                                                      | 242/600 [00:37<02:06,  2.83it/s]
 41%|█████████████████████████████████████                                                      | 244/600 [00:37<01:38,  3.63it/s]
 41%|█████████████████████████████████████▎                                                     | 246/600 [00:37<01:18,  4.53it/s]
 41%|█████████████████████████████████████▌                                                     | 248/600 [00:37<01:04,  5.48it/s]
 42%|█████████████████████████████████████▉                                                     | 250/600 [00:37<00:54,  6.43it/s]
                                                                                                                                  

 42%|█████████████████████████████████████▉                                                     | 250/600 [00:37<00:54,  6.43it/s]
 42%|██████████████████████████████████████▏                                                    | 252/600 [00:38<00:47,  7.30it/s]
 42%|██████████████████████████████████████▌                                                    | 254/600 [00:38<00:42,  8.09it/s]
 43%|██████████████████████████████████████▊                                                    | 256/600 [00:38<00:39,  8.74it/s]
 43%|███████████████████████████████████████▏                                                   | 258/600 [00:38<00:36,  9.27it/s]
 43%|███████████████████████████████████████▍                                                   | 260/600 [00:38<00:35,  9.68it/s]
 44%|███████████████████████████████████████▋                                                   | 262/600 [00:39<00:38,  8.88it/s]
 44%|████████████████████████████████████████                                                   | 264/600 [00:39<00:35,  9.37it/s]
 44%|████████████████████████████████████████▎                                                  | 266/600 [00:39<00:34,  9.75it/s]
 45%|████████████████████████████████████████▋                                                  | 268/600 [00:39<00:33, 10.05it/s]
 45%|████████████████████████████████████████▉                                                  | 270/600 [00:39<00:29, 11.24it/s]{'loss': '1.142', 'grad_norm': '6.473', 'learning_rate': '3.114e-05', 'epoch': '8.339'}


Writing model shards:   0%|                                                                                 | 0/1 [00:00<?, ?it/s][A

Writing model shards: 100%|█████████████████████████████████████████████████████████████████████████| 1/1 [00:00<00:00,  1.68it/s][A
Writing model shards: 100%|█████████████████████████████████████████████████████████████████████████| 1/1 [00:00<00:00,  1.68it/s]

 45%|█████████████████████████████████████████▎                                                 | 272/600 [00:41<01:54,  2.87it/s]
 46%|█████████████████████████████████████████▌                                                 | 274/600 [00:41<01:28,  3.67it/s]
                                                                                                                                  

 46%|█████████████████████████████████████████▋                                                 | 275/600 [00:42<01:28,  3.67it/s]
 46%|█████████████████████████████████████████▊                                                 | 276/600 [00:42<01:10,  4.57it/s]
 46%|██████████████████████████████████████████▏                                                | 278/600 [00:42<00:58,  5.52it/s]
 47%|██████████████████████████████████████████▍                                                | 280/600 [00:42<00:49,  6.47it/s]
 47%|██████████████████████████████████████████▊                                                | 282/600 [00:42<00:43,  7.35it/s]
 47%|███████████████████████████████████████████                                                | 284/600 [00:42<00:38,  8.13it/s]
 48%|███████████████████████████████████████████▍                                               | 286/600 [00:43<00:35,  8.77it/s]
 48%|███████████████████████████████████████████▋                                               | 288/600 [00:43<00:33,  9.29it/s]
 48%|███████████████████████████████████████████▉                                               | 290/600 [00:43<00:31,  9.70it/s]
 49%|████████████████████████████████████████████▎                                              | 292/600 [00:43<00:30, 10.00it/s]
 49%|████████████████████████████████████████████▌                                              | 294/600 [00:43<00:29, 10.23it/s]
 49%|████████████████████████████████████████████▉                                              | 296/600 [00:43<00:29, 10.39it/s]
 50%|█████████████████████████████████████████████▏                                             | 298/600 [00:44<00:28, 10.51it/s]
 50%|█████████████████████████████████████████████▌                                             | 300/600 [00:44<00:25, 11.65it/s]
                                                                                                                                  

 50%|█████████████████████████████████████████████▌                                             | 300/600 [00:44<00:25, 11.65it/s]{'loss': '1.128', 'grad_norm': '6.153', 'learning_rate': '2.895e-05', 'epoch': '9.169'}
{'loss': '1.033', 'grad_norm': '29.89', 'learning_rate': '2.675e-05', 'epoch': '10'}


Writing model shards:   0%|                                                                                 | 0/1 [00:00<?, ?it/s][A

Writing model shards: 100%|█████████████████████████████████████████████████████████████████████████| 1/1 [00:00<00:00,  1.90it/s][A
Writing model shards: 100%|█████████████████████████████████████████████████████████████████████████| 1/1 [00:00<00:00,  1.90it/s]

 50%|█████████████████████████████████████████████▊                                             | 302/600 [00:46<01:42,  2.91it/s]
 51%|██████████████████████████████████████████████                                             | 304/600 [00:46<01:19,  3.72it/s]
 51%|██████████████████████████████████████████████▍                                            | 306/600 [00:46<01:03,  4.62it/s]
 51%|██████████████████████████████████████████████▋                                            | 308/600 [00:46<00:52,  5.58it/s]
 52%|███████████████████████████████████████████████                                            | 310/600 [00:46<00:44,  6.52it/s]
 52%|███████████████████████████████████████████████▎                                           | 312/600 [00:47<00:38,  7.39it/s]
 52%|███████████████████████████████████████████████▌                                           | 314/600 [00:47<00:35,  8.16it/s]
 53%|███████████████████████████████████████████████▉                                           | 316/600 [00:47<00:32,  8.78it/s]
 53%|████████████████████████████████████████████████▏                                          | 318/600 [00:47<00:30,  9.29it/s]
 53%|████████████████████████████████████████████████▌                                          | 320/600 [00:47<00:28,  9.70it/s]
 54%|████████████████████████████████████████████████▊                                          | 322/600 [00:48<00:27, 10.00it/s]
 54%|█████████████████████████████████████████████████▏                                         | 324/600 [00:48<00:27, 10.22it/s]
                                                                                                                                  

 54%|█████████████████████████████████████████████████▎                                         | 325/600 [00:48<00:26, 10.22it/s]
 54%|█████████████████████████████████████████████████▍                                         | 326/600 [00:48<00:26, 10.39it/s]
 55%|█████████████████████████████████████████████████▋                                         | 328/600 [00:48<00:25, 10.51it/s]
 55%|██████████████████████████████████████████████████                                         | 330/600 [00:48<00:23, 11.64it/s]{'loss': '1.015', 'grad_norm': '5.7', 'learning_rate': '2.456e-05', 'epoch': '10.85'}


Writing model shards:   0%|                                                                                 | 0/1 [00:00<?, ?it/s][A

Writing model shards: 100%|█████████████████████████████████████████████████████████████████████████| 1/1 [00:00<00:00,  1.60it/s][A
Writing model shards: 100%|█████████████████████████████████████████████████████████████████████████| 1/1 [00:00<00:00,  1.60it/s]

 55%|██████████████████████████████████████████████████▎                                        | 332/600 [00:50<01:35,  2.79it/s]
 56%|██████████████████████████████████████████████████▋                                        | 334/600 [00:50<01:14,  3.59it/s]
 56%|██████████████████████████████████████████████████▉                                        | 336/600 [00:51<00:58,  4.48it/s]
 56%|███████████████████████████████████████████████████▎                                       | 338/600 [00:51<00:48,  5.42it/s]
 57%|███████████████████████████████████████████████████▌                                       | 340/600 [00:51<00:40,  6.36it/s]
 57%|███████████████████████████████████████████████████▊                                       | 342/600 [00:51<00:35,  7.22it/s]
 57%|████████████████████████████████████████████████████▏                                      | 344/600 [00:51<00:32,  7.96it/s]
 58%|████████████████████████████████████████████████████▍                                      | 346/600 [00:52<00:29,  8.62it/s]
 58%|████████████████████████████████████████████████████▊                                      | 348/600 [00:52<00:27,  9.13it/s]
 58%|█████████████████████████████████████████████████████                                      | 350/600 [00:52<00:26,  9.53it/s]
                                                                                                                                  

 58%|█████████████████████████████████████████████████████                                      | 350/600 [00:52<00:26,  9.53it/s]
 59%|█████████████████████████████████████████████████████▍                                     | 352/600 [00:52<00:25,  9.78it/s]
 59%|█████████████████████████████████████████████████████▋                                     | 354/600 [00:52<00:24,  9.98it/s]
 59%|█████████████████████████████████████████████████████▉                                     | 356/600 [00:52<00:24, 10.13it/s]
 60%|██████████████████████████████████████████████████████▎                                    | 358/600 [00:53<00:23, 10.27it/s]
 60%|██████████████████████████████████████████████████████▌                                    | 360/600 [00:53<00:21, 11.39it/s]{'loss': '1.019', 'grad_norm': '5.977', 'learning_rate': '2.237e-05', 'epoch': '11.68'}


Writing model shards:   0%|                                                                                 | 0/1 [00:00<?, ?it/s][A

Writing model shards: 100%|█████████████████████████████████████████████████████████████████████████| 1/1 [00:00<00:00,  1.74it/s][A
Writing model shards: 100%|█████████████████████████████████████████████████████████████████████████| 1/1 [00:00<00:00,  1.74it/s]

 60%|██████████████████████████████████████████████████████▉                                    | 362/600 [00:55<01:21,  2.93it/s]
 61%|███████████████████████████████████████████████████████▏                                   | 364/600 [00:55<01:03,  3.74it/s]
 61%|███████████████████████████████████████████████████████▌                                   | 366/600 [00:55<00:50,  4.65it/s]
 61%|███████████████████████████████████████████████████████▊                                   | 368/600 [00:55<00:41,  5.60it/s]
 62%|████████████████████████████████████████████████████████                                   | 370/600 [00:55<00:35,  6.53it/s]
 62%|████████████████████████████████████████████████████████▍                                  | 372/600 [00:56<00:30,  7.39it/s]
 62%|████████████████████████████████████████████████████████▋                                  | 374/600 [00:56<00:27,  8.13it/s]
                                                                                                                                  

 62%|████████████████████████████████████████████████████████▉                                  | 375/600 [00:56<00:27,  8.13it/s]
 63%|█████████████████████████████████████████████████████████                                  | 376/600 [00:56<00:25,  8.77it/s]
 63%|█████████████████████████████████████████████████████████▎                                 | 378/600 [00:56<00:24,  9.24it/s]
 63%|█████████████████████████████████████████████████████████▋                                 | 380/600 [00:56<00:22,  9.61it/s]
 64%|█████████████████████████████████████████████████████████▉                                 | 382/600 [00:57<00:22,  9.88it/s]
 64%|██████████████████████████████████████████████████████████▏                                | 384/600 [00:57<00:21, 10.06it/s]
 64%|██████████████████████████████████████████████████████████▌                                | 386/600 [00:57<00:20, 10.24it/s]
 65%|██████████████████████████████████████████████████████████▊                                | 388/600 [00:57<00:20, 10.37it/s]
 65%|███████████████████████████████████████████████████████████▏                               | 390/600 [00:57<00:18, 11.48it/s]{'loss': '0.9497', 'grad_norm': '5.52', 'learning_rate': '2.018e-05', 'epoch': '12.51'}


Writing model shards:   0%|                                                                                 | 0/1 [00:00<?, ?it/s][A

Writing model shards: 100%|█████████████████████████████████████████████████████████████████████████| 1/1 [00:00<00:00,  1.83it/s][A
Writing model shards: 100%|█████████████████████████████████████████████████████████████████████████| 1/1 [00:00<00:00,  1.83it/s]

 65%|███████████████████████████████████████████████████████████▍                               | 392/600 [00:59<01:19,  2.62it/s]
 66%|███████████████████████████████████████████████████████████▊                               | 394/600 [01:00<01:01,  3.38it/s]
 66%|████████████████████████████████████████████████████████████                               | 396/600 [01:00<00:48,  4.24it/s]
 66%|████████████████████████████████████████████████████████████▎                              | 398/600 [01:00<00:39,  5.17it/s]
 67%|████████████████████████████████████████████████████████████▋                              | 400/600 [01:00<00:32,  6.11it/s]
                                                                                                                                  

 67%|████████████████████████████████████████████████████████████▋                              | 400/600 [01:00<00:32,  6.11it/s]
 67%|████████████████████████████████████████████████████████████▉                              | 402/600 [01:00<00:28,  7.01it/s]
 67%|█████████████████████████████████████████████████████████████▎                             | 404/600 [01:01<00:25,  7.81it/s]
 68%|█████████████████████████████████████████████████████████████▌                             | 406/600 [01:01<00:22,  8.49it/s]
 68%|█████████████████████████████████████████████████████████████▉                             | 408/600 [01:01<00:21,  9.06it/s]
 68%|██████████████████████████████████████████████████████████████▏                            | 410/600 [01:01<00:19,  9.50it/s]
 69%|██████████████████████████████████████████████████████████████▍                            | 412/600 [01:01<00:19,  9.83it/s]
 69%|██████████████████████████████████████████████████████████████▊                            | 414/600 [01:01<00:18, 10.08it/s]
 69%|███████████████████████████████████████████████████████████████                            | 416/600 [01:02<00:17, 10.23it/s]
 70%|███████████████████████████████████████████████████████████████▍                           | 418/600 [01:02<00:17, 10.36it/s]
 70%|███████████████████████████████████████████████████████████████▋                           | 420/600 [01:02<00:15, 11.49it/s]{'loss': '0.9274', 'grad_norm': '5.292', 'learning_rate': '1.798e-05', 'epoch': '13.34'}


Writing model shards:   0%|                                                                                 | 0/1 [00:00<?, ?it/s][A

Writing model shards: 100%|█████████████████████████████████████████████████████████████████████████| 1/1 [00:00<00:00,  1.77it/s][A
Writing model shards: 100%|█████████████████████████████████████████████████████████████████████████| 1/1 [00:00<00:00,  1.77it/s]

 70%|████████████████████████████████████████████████████████████████                           | 422/600 [01:04<00:59,  2.99it/s]
 71%|████████████████████████████████████████████████████████████████▎                          | 424/600 [01:04<00:46,  3.81it/s]
                                                                                                                                  

 71%|████████████████████████████████████████████████████████████████▍                          | 425/600 [01:04<00:45,  3.81it/s]
 71%|████████████████████████████████████████████████████████████████▌                          | 426/600 [01:04<00:36,  4.72it/s]
 71%|████████████████████████████████████████████████████████████████▉                          | 428/600 [01:04<00:30,  5.66it/s]
 72%|█████████████████████████████████████████████████████████████████▏                         | 430/600 [01:05<00:25,  6.60it/s]
 72%|█████████████████████████████████████████████████████████████████▌                         | 432/600 [01:05<00:22,  7.44it/s]
 72%|█████████████████████████████████████████████████████████████████▊                         | 434/600 [01:05<00:20,  8.16it/s]
 73%|██████████████████████████████████████████████████████████████████▏                        | 436/600 [01:05<00:18,  8.78it/s]
 73%|██████████████████████████████████████████████████████████████████▍                        | 438/600 [01:05<00:17,  9.27it/s]
 73%|██████████████████████████████████████████████████████████████████▋                        | 440/600 [01:05<00:16,  9.64it/s]
 74%|███████████████████████████████████████████████████████████████████                        | 442/600 [01:06<00:15,  9.91it/s]
 74%|███████████████████████████████████████████████████████████████████▎                       | 444/600 [01:06<00:15, 10.14it/s]
 74%|███████████████████████████████████████████████████████████████████▋                       | 446/600 [01:06<00:14, 10.31it/s]
 75%|███████████████████████████████████████████████████████████████████▉                       | 448/600 [01:06<00:14, 10.41it/s]
 75%|████████████████████████████████████████████████████████████████████▎                      | 450/600 [01:06<00:13, 11.53it/s]
                                                                                                                                  

 75%|████████████████████████████████████████████████████████████████████▎                      | 450/600 [01:06<00:13, 11.53it/s]{'loss': '0.9074', 'grad_norm': '5.447', 'learning_rate': '1.579e-05', 'epoch': '14.17'}
{'loss': '0.8656', 'grad_norm': '25.16', 'learning_rate': '1.36e-05', 'epoch': '15'}


Writing model shards:   0%|                                                                                 | 0/1 [00:00<?, ?it/s][A

Writing model shards: 100%|█████████████████████████████████████████████████████████████████████████| 1/1 [00:00<00:00,  1.66it/s][A
Writing model shards: 100%|█████████████████████████████████████████████████████████████████████████| 1/1 [00:00<00:00,  1.65it/s]

 75%|████████████████████████████████████████████████████████████████████▌                      | 452/600 [01:08<00:52,  2.83it/s]
 76%|████████████████████████████████████████████████████████████████████▊                      | 454/600 [01:09<00:40,  3.63it/s]
 76%|█████████████████████████████████████████████████████████████████████▏                     | 456/600 [01:09<00:31,  4.52it/s]
 76%|█████████████████████████████████████████████████████████████████████▍                     | 458/600 [01:09<00:25,  5.47it/s]
 77%|█████████████████████████████████████████████████████████████████████▊                     | 460/600 [01:09<00:21,  6.41it/s]
 77%|██████████████████████████████████████████████████████████████████████                     | 462/600 [01:09<00:18,  7.28it/s]
 77%|██████████████████████████████████████████████████████████████████████▎                    | 464/600 [01:09<00:16,  8.05it/s]
 78%|██████████████████████████████████████████████████████████████████████▋                    | 466/600 [01:10<00:15,  8.66it/s]
 78%|██████████████████████████████████████████████████████████████████████▉                    | 468/600 [01:10<00:14,  9.18it/s]
 78%|███████████████████████████████████████████████████████████████████████▎                   | 470/600 [01:10<00:13,  9.59it/s]
 79%|███████████████████████████████████████████████████████████████████████▌                   | 472/600 [01:10<00:12,  9.86it/s]
 79%|███████████████████████████████████████████████████████████████████████▉                   | 474/600 [01:10<00:12, 10.09it/s]
                                                                                                                                  

 79%|████████████████████████████████████████████████████████████████████████                   | 475/600 [01:10<00:12, 10.09it/s]
 79%|████████████████████████████████████████████████████████████████████████▏                  | 476/600 [01:11<00:12, 10.25it/s]
 80%|████████████████████████████████████████████████████████████████████████▍                  | 478/600 [01:11<00:11, 10.39it/s]
 80%|████████████████████████████████████████████████████████████████████████▊                  | 480/600 [01:11<00:10, 11.52it/s]{'loss': '0.878', 'grad_norm': '5.359', 'learning_rate': '1.14e-05', 'epoch': '15.85'}


Writing model shards:   0%|                                                                                 | 0/1 [00:00<?, ?it/s][A

Writing model shards: 100%|█████████████████████████████████████████████████████████████████████████| 1/1 [00:00<00:00,  1.86it/s][A
Writing model shards: 100%|█████████████████████████████████████████████████████████████████████████| 1/1 [00:00<00:00,  1.86it/s]

 80%|█████████████████████████████████████████████████████████████████████████                  | 482/600 [01:13<00:43,  2.70it/s]
 81%|█████████████████████████████████████████████████████████████████████████▍                 | 484/600 [01:13<00:33,  3.48it/s]
 81%|█████████████████████████████████████████████████████████████████████████▋                 | 486/600 [01:13<00:26,  4.35it/s]
 81%|██████████████████████████████████████████████████████████████████████████                 | 488/600 [01:14<00:21,  5.30it/s]
 82%|██████████████████████████████████████████████████████████████████████████▎                | 490/600 [01:14<00:17,  6.23it/s]
 82%|██████████████████████████████████████████████████████████████████████████▌                | 492/600 [01:14<00:15,  7.11it/s]
 82%|██████████████████████████████████████████████████████████████████████████▉                | 494/600 [01:14<00:13,  7.91it/s]
 83%|███████████████████████████████████████████████████████████████████████████▏               | 496/600 [01:14<00:12,  8.58it/s]
 83%|███████████████████████████████████████████████████████████████████████████▌               | 498/600 [01:14<00:11,  9.10it/s]
 83%|███████████████████████████████████████████████████████████████████████████▊               | 500/600 [01:15<00:10,  9.51it/s]
                                                                                                                                  

 83%|███████████████████████████████████████████████████████████████████████████▊               | 500/600 [01:15<00:10,  9.51it/s]
 84%|████████████████████████████████████████████████████████████████████████████▏              | 502/600 [01:15<00:09,  9.84it/s]
 84%|████████████████████████████████████████████████████████████████████████████▍              | 504/600 [01:15<00:09, 10.08it/s]
 84%|████████████████████████████████████████████████████████████████████████████▋              | 506/600 [01:15<00:09, 10.25it/s]
 85%|█████████████████████████████████████████████████████████████████████████████              | 508/600 [01:15<00:08, 10.36it/s]
 85%|█████████████████████████████████████████████████████████████████████████████▎             | 510/600 [01:16<00:07, 11.52it/s]{'loss': '0.8159', 'grad_norm': '5.497', 'learning_rate': '9.211e-06', 'epoch': '16.68'}


Writing model shards:   0%|                                                                                 | 0/1 [00:00<?, ?it/s][A

Writing model shards: 100%|█████████████████████████████████████████████████████████████████████████| 1/1 [00:00<00:00,  1.72it/s][A
Writing model shards: 100%|█████████████████████████████████████████████████████████████████████████| 1/1 [00:00<00:00,  1.72it/s]

 85%|█████████████████████████████████████████████████████████████████████████████▋             | 512/600 [01:18<00:34,  2.57it/s]
 86%|█████████████████████████████████████████████████████████████████████████████▉             | 514/600 [01:18<00:25,  3.32it/s]
 86%|██████████████████████████████████████████████████████████████████████████████             | 515/600 [01:18<00:22,  3.72it/s]
 86%|██████████████████████████████████████████████████████████████████████████████▍            | 517/600 [01:18<00:17,  4.76it/s]
 86%|██████████████████████████████████████████████████████████████████████████████▋            | 519/600 [01:18<00:13,  5.80it/s]
 87%|███████████████████████████████████████████████████████████████████████████████            | 521/600 [01:19<00:11,  6.78it/s]
 87%|███████████████████████████████████████████████████████████████████████████████▎           | 523/600 [01:19<00:10,  7.67it/s]
 88%|███████████████████████████████████████████████████████████████████████████████▋           | 525/600 [01:19<00:08,  8.42it/s]
                                                                                                                                  

 88%|███████████████████████████████████████████████████████████████████████████████▋           | 525/600 [01:19<00:08,  8.42it/s]
 88%|███████████████████████████████████████████████████████████████████████████████▉           | 527/600 [01:19<00:08,  9.02it/s]
 88%|████████████████████████████████████████████████████████████████████████████████▏          | 529/600 [01:19<00:07,  9.37it/s]
 88%|████████████████████████████████████████████████████████████████████████████████▌          | 531/600 [01:20<00:07,  9.60it/s]
 89%|████████████████████████████████████████████████████████████████████████████████▊          | 533/600 [01:20<00:06,  9.89it/s]
 89%|█████████████████████████████████████████████████████████████████████████████████▏         | 535/600 [01:20<00:06, 10.14it/s]
 90%|█████████████████████████████████████████████████████████████████████████████████▍         | 537/600 [01:20<00:06, 10.31it/s]
 90%|█████████████████████████████████████████████████████████████████████████████████▋         | 539/600 [01:20<00:05, 10.42it/s]{'loss': '0.8798', 'grad_norm': '4.902', 'learning_rate': '7.018e-06', 'epoch': '17.51'}


Writing model shards:   0%|                                                                                 | 0/1 [00:00<?, ?it/s][A

Writing model shards: 100%|█████████████████████████████████████████████████████████████████████████| 1/1 [00:00<00:00,  1.70it/s][A
Writing model shards: 100%|█████████████████████████████████████████████████████████████████████████| 1/1 [00:00<00:00,  1.69it/s]

 90%|██████████████████████████████████████████████████████████████████████████████████         | 541/600 [01:22<00:22,  2.67it/s]
 90%|██████████████████████████████████████████████████████████████████████████████████▏        | 542/600 [01:22<00:18,  3.07it/s]
 91%|██████████████████████████████████████████████████████████████████████████████████▌        | 544/600 [01:23<00:13,  4.02it/s]
 91%|██████████████████████████████████████████████████████████████████████████████████▊        | 546/600 [01:23<00:10,  5.04it/s]
 91%|███████████████████████████████████████████████████████████████████████████████████        | 548/600 [01:23<00:08,  6.06it/s]
 92%|███████████████████████████████████████████████████████████████████████████████████▍       | 550/600 [01:23<00:07,  7.00it/s]
                                                                                                                                  

 92%|███████████████████████████████████████████████████████████████████████████████████▍       | 550/600 [01:23<00:07,  7.00it/s]
 92%|███████████████████████████████████████████████████████████████████████████████████▋       | 552/600 [01:23<00:06,  7.81it/s]
 92%|████████████████████████████████████████████████████████████████████████████████████       | 554/600 [01:24<00:05,  8.47it/s]
 93%|████████████████████████████████████████████████████████████████████████████████████▎      | 556/600 [01:24<00:04,  9.05it/s]
 93%|████████████████████████████████████████████████████████████████████████████████████▋      | 558/600 [01:24<00:04,  9.50it/s]
 93%|████████████████████████████████████████████████████████████████████████████████████▉      | 560/600 [01:24<00:04,  9.86it/s]
 94%|█████████████████████████████████████████████████████████████████████████████████████▏     | 562/600 [01:24<00:03, 10.13it/s]
 94%|█████████████████████████████████████████████████████████████████████████████████████▌     | 564/600 [01:24<00:03, 10.32it/s]
 94%|█████████████████████████████████████████████████████████████████████████████████████▊     | 566/600 [01:25<00:03, 10.42it/s]
 95%|██████████████████████████████████████████████████████████████████████████████████████▏    | 568/600 [01:25<00:03, 10.52it/s]
 95%|██████████████████████████████████████████████████████████████████████████████████████▍    | 570/600 [01:25<00:02, 11.66it/s]{'loss': '0.7874', 'grad_norm': '5.714', 'learning_rate': '4.825e-06', 'epoch': '18.34'}


Writing model shards:   0%|                                                                                 | 0/1 [00:00<?, ?it/s][A

Writing model shards: 100%|█████████████████████████████████████████████████████████████████████████| 1/1 [00:00<00:00,  1.90it/s][A
Writing model shards: 100%|█████████████████████████████████████████████████████████████████████████| 1/1 [00:00<00:00,  1.90it/s]

 95%|██████████████████████████████████████████████████████████████████████████████████████▊    | 572/600 [01:27<00:09,  2.96it/s]
 96%|███████████████████████████████████████████████████████████████████████████████████████    | 574/600 [01:27<00:06,  3.78it/s]
                                                                                                                                  

 96%|███████████████████████████████████████████████████████████████████████████████████████▏   | 575/600 [01:27<00:06,  3.78it/s]
 96%|███████████████████████████████████████████████████████████████████████████████████████▎   | 576/600 [01:27<00:05,  4.66it/s]
 96%|███████████████████████████████████████████████████████████████████████████████████████▋   | 578/600 [01:27<00:03,  5.62it/s]
 97%|███████████████████████████████████████████████████████████████████████████████████████▉   | 580/600 [01:28<00:03,  6.54it/s]
 97%|████████████████████████████████████████████████████████████████████████████████████████▎  | 582/600 [01:28<00:02,  7.36it/s]
 97%|████████████████████████████████████████████████████████████████████████████████████████▌  | 584/600 [01:28<00:01,  8.10it/s]
 98%|████████████████████████████████████████████████████████████████████████████████████████▉  | 586/600 [01:28<00:01,  8.69it/s]
 98%|█████████████████████████████████████████████████████████████████████████████████████████▏ | 588/600 [01:28<00:01,  9.11it/s]
 98%|█████████████████████████████████████████████████████████████████████████████████████████▍ | 590/600 [01:29<00:01,  9.52it/s]
 99%|█████████████████████████████████████████████████████████████████████████████████████████▊ | 592/600 [01:29<00:00,  9.83it/s]
 99%|██████████████████████████████████████████████████████████████████████████████████████████ | 594/600 [01:29<00:00, 10.07it/s]
 99%|██████████████████████████████████████████████████████████████████████████████████████████▍| 596/600 [01:29<00:00, 10.20it/s]
100%|██████████████████████████████████████████████████████████████████████████████████████████▋| 598/600 [01:29<00:00, 10.33it/s]
100%|███████████████████████████████████████████████████████████████████████████████████████████| 600/600 [01:29<00:00, 11.42it/s]
                                                                                                                                  

100%|███████████████████████████████████████████████████████████████████████████████████████████| 600/600 [01:29<00:00, 11.42it/s]{'loss': '0.8289', 'grad_norm': '5.433', 'learning_rate': '2.632e-06', 'epoch': '19.17'}
{'loss': '0.7982', 'grad_norm': '12.77', 'learning_rate': '4.386e-07', 'epoch': '20'}


Writing model shards:   0%|                                                                                 | 0/1 [00:00<?, ?it/s][A

Writing model shards: 100%|█████████████████████████████████████████████████████████████████████████| 1/1 [00:00<00:00,  1.76it/s][A
Writing model shards: 100%|█████████████████████████████████████████████████████████████████████████| 1/1 [00:00<00:00,  1.76it/s]

                                                                                                                                  

100%|███████████████████████████████████████████████████████████████████████████████████████████| 600/600 [01:31<00:00, 11.42it/s]
100%|███████████████████████████████████████████████████████████████████████████████████████████| 600/600 [01:31<00:00,  6.55it/s]
{'train_runtime': '91.64', 'train_samples_per_second': '101.5', 'train_steps_per_second': '6.547', 'train_loss': '1.248', 'epoch': '20'}

  0%|                                                                                                       | 0/9 [00:00<?, ?it/s]
 78%|█████████████████████████████████████████████████████████████████████████▉                     | 7/9 [00:00<00:00, 65.05it/s]
100%|███████████████████████████████████████████████████████████████████████████████████████████████| 9/9 [00:00<00:00, 64.09it/s]

Writing model shards:   0%|                                                                                 | 0/1 [00:00<?, ?it/s]
Writing model shards: 100%|█████████████████████████████████████████████████████████████████████████| 1/1 [00:00<00:00,  1.68it/s]
Writing model shards: 100%|█████████████████████████████████████████████████████████████████████████| 1/1 [00:00<00:00,  1.68it/s]

Loading weights:   0%|                                                                                    | 0/148 [00:00<?, ?it/s]
Loading weights: 100%|████████████████████████████████████████████████████████████████████████| 148/148 [00:00<00:00, 2404.19it/s]

Loading weights:   0%|                                                                                    | 0/148 [00:00<?, ?it/s]
Loading weights: 100%|████████████████████████████████████████████████████████████████████████| 148/148 [00:00<00:00, 2481.46it/s]
<local-root>/miniconda3/lib/python3.13/site-packages/torch/cuda/__init__.py:61: FutureWarning: The pynvml package is deprecated. Please install nvidia-ml-py instead. If you did not install pynvml directly, please report this to the maintainers of the package that installed pynvml for you.
  import pynvml  # type: ignore[import]

Loading weights:   0%|                                                                                    | 0/148 [00:00<?, ?it/s]
Loading weights:  35%|██████████████████████████                                                | 52/148 [00:00<00:00, 511.95it/s]
Loading weights:  73%|█████████████████████████████████████████████████████▎                   | 108/148 [00:00<00:00, 535.67it/s]
Loading weights: 100%|█████████████████████████████████████████████████████████████████████████| 148/148 [00:00<00:00, 513.28it/s]

Loading weights:   0%|                                                                                    | 0/148 [00:00<?, ?it/s]
Loading weights: 100%|████████████████████████████████████████████████████████████████████████| 148/148 [00:00<00:00, 1682.54it/s]
Warning: You are sending unauthenticated requests to the HF Hub. Please set a HF_TOKEN to enable higher rate limits and faster downloads.

Loading weights:   0%|                                                                                    | 0/389 [00:00<?, ?it/s]
Loading weights: 100%|███████████████████████████████████████████████████████████████████████| 389/389 [00:00<00:00, 36838.66it/s]
[RANK 0] Detected kernel version 5.4.0, which is below the recommended minimum of 5.5.0; this can cause the process to hang. It is recommended to upgrade the kernel to the minimum version or higher.

  0%|                                                                                                     | 0/540 [00:00<?, ?it/s]
  0%|▏                                                                                            | 1/540 [00:00<01:47,  5.02it/s]
  0%|▎                                                                                            | 2/540 [00:00<01:32,  5.82it/s]
  1%|▌                                                                                            | 3/540 [00:00<01:28,  6.10it/s]
  1%|▋                                                                                            | 4/540 [00:00<01:25,  6.24it/s]
  1%|▊                                                                                            | 5/540 [00:00<01:24,  6.31it/s]
  1%|█                                                                                            | 6/540 [00:00<01:23,  6.37it/s]
  1%|█▏                                                                                           | 7/540 [00:01<01:23,  6.39it/s]
  1%|█▍                                                                                           | 8/540 [00:01<01:23,  6.40it/s]
  2%|█▌                                                                                           | 9/540 [00:01<01:22,  6.42it/s]
  2%|█▋                                                                                          | 10/540 [00:01<01:22,  6.41it/s]
  2%|█▊                                                                                          | 11/540 [00:01<01:22,  6.43it/s]
  2%|██                                                                                          | 12/540 [00:01<01:23,  6.31it/s]
  2%|██▏                                                                                         | 13/540 [00:02<01:22,  6.36it/s]
  3%|██▍                                                                                         | 14/540 [00:02<01:22,  6.38it/s]
  3%|██▌                                                                                         | 15/540 [00:02<01:22,  6.39it/s]
  3%|██▋                                                                                         | 16/540 [00:02<01:21,  6.40it/s]
  3%|██▉                                                                                         | 17/540 [00:02<01:21,  6.42it/s]
  3%|███                                                                                         | 18/540 [00:02<01:21,  6.43it/s]
  4%|███▏                                                                                        | 19/540 [00:02<01:20,  6.43it/s]
  4%|███▍                                                                                        | 20/540 [00:03<01:20,  6.44it/s]
  4%|███▌                                                                                        | 21/540 [00:03<01:20,  6.43it/s]
  4%|███▋                                                                                        | 22/540 [00:03<01:20,  6.45it/s]
  4%|███▉                                                                                        | 23/540 [00:03<01:20,  6.45it/s]
  4%|████                                                                                        | 24/540 [00:03<01:19,  6.45it/s]
  5%|████▎                                                                                       | 25/540 [00:03<01:19,  6.46it/s]
                                                                                                                                  

  5%|████▎                                                                                       | 25/540 [00:03<01:19,  6.46it/s]
  5%|████▍                                                                                       | 26/540 [00:04<01:19,  6.45it/s]
  5%|████▌                                                                                       | 27/540 [00:04<01:19,  6.44it/s]
  5%|████▊                                                                                       | 28/540 [00:04<01:19,  6.44it/s]
  5%|████▉                                                                                       | 29/540 [00:04<01:19,  6.44it/s]
  6%|█████                                                                                       | 30/540 [00:04<01:11,  7.18it/s]{'loss': '2.977', 'grad_norm': '3.41', 'learning_rate': '4e-05', 'epoch': '0.8475'}


Writing model shards:   0%|                                                                                 | 0/1 [00:00<?, ?it/s][A

Writing model shards: 100%|█████████████████████████████████████████████████████████████████████████| 1/1 [00:01<00:00,  1.63s/it][A
Writing model shards: 100%|█████████████████████████████████████████████████████████████████████████| 1/1 [00:01<00:00,  1.63s/it]

  6%|█████▎                                                                                      | 31/540 [00:09<13:23,  1.58s/it]
  6%|█████▍                                                                                      | 32/540 [00:09<09:45,  1.15s/it]
  6%|█████▌                                                                                      | 33/540 [00:09<07:12,  1.17it/s]
  6%|█████▊                                                                                      | 34/540 [00:10<05:25,  1.55it/s]
  6%|█████▉                                                                                      | 35/540 [00:10<04:11,  2.01it/s]
  7%|██████▏                                                                                     | 36/540 [00:10<03:19,  2.53it/s]
  7%|██████▎                                                                                     | 37/540 [00:10<02:42,  3.10it/s]
  7%|██████▍                                                                                     | 38/540 [00:10<02:16,  3.67it/s]
  7%|██████▋                                                                                     | 39/540 [00:10<01:58,  4.21it/s]
  7%|██████▊                                                                                     | 40/540 [00:10<01:46,  4.70it/s]
  8%|██████▉                                                                                     | 41/540 [00:11<01:37,  5.12it/s]
  8%|███████▏                                                                                    | 42/540 [00:11<01:31,  5.45it/s]
  8%|███████▎                                                                                    | 43/540 [00:11<01:26,  5.72it/s]
  8%|███████▍                                                                                    | 44/540 [00:11<01:23,  5.92it/s]
  8%|███████▋                                                                                    | 45/540 [00:11<01:21,  6.07it/s]
  9%|███████▊                                                                                    | 46/540 [00:11<01:19,  6.18it/s]
  9%|████████                                                                                    | 47/540 [00:12<01:18,  6.26it/s]
  9%|████████▏                                                                                   | 48/540 [00:12<01:17,  6.32it/s]
  9%|████████▎                                                                                   | 49/540 [00:12<01:17,  6.35it/s]
  9%|████████▌                                                                                   | 50/540 [00:12<01:16,  6.38it/s]
                                                                                                                                  

  9%|████████▌                                                                                   | 50/540 [00:12<01:16,  6.38it/s]
  9%|████████▋                                                                                   | 51/540 [00:12<01:16,  6.40it/s]
 10%|████████▊                                                                                   | 52/540 [00:12<01:16,  6.41it/s]
 10%|█████████                                                                                   | 53/540 [00:13<01:15,  6.42it/s]
 10%|█████████▏                                                                                  | 54/540 [00:13<01:15,  6.43it/s]
 10%|█████████▎                                                                                  | 55/540 [00:13<01:15,  6.39it/s]
 10%|█████████▌                                                                                  | 56/540 [00:13<01:15,  6.40it/s]
 11%|█████████▋                                                                                  | 57/540 [00:13<01:15,  6.42it/s]
 11%|█████████▉                                                                                  | 58/540 [00:13<01:14,  6.43it/s]
 11%|██████████                                                                                  | 59/540 [00:13<01:14,  6.43it/s]{'loss': '1.628', 'grad_norm': '2.776', 'learning_rate': '4.814e-05', 'epoch': '1.678'}


Writing model shards:   0%|                                                                                 | 0/1 [00:00<?, ?it/s][A

Writing model shards: 100%|█████████████████████████████████████████████████████████████████████████| 1/1 [00:01<00:00,  1.37s/it][A
Writing model shards: 100%|█████████████████████████████████████████████████████████████████████████| 1/1 [00:01<00:00,  1.37s/it]

 11%|██████████▍                                                                                 | 61/540 [00:18<09:07,  1.14s/it]
 11%|██████████▌                                                                                 | 62/540 [00:18<07:09,  1.11it/s]
 12%|██████████▋                                                                                 | 63/540 [00:18<05:35,  1.42it/s]
 12%|██████████▉                                                                                 | 64/540 [00:18<04:24,  1.80it/s]
 12%|███████████                                                                                 | 65/540 [00:19<03:30,  2.26it/s]
 12%|███████████▏                                                                                | 66/540 [00:19<02:51,  2.77it/s]
 12%|███████████▍                                                                                | 67/540 [00:19<02:22,  3.32it/s]
 13%|███████████▌                                                                                | 68/540 [00:19<02:01,  3.87it/s]
 13%|███████████▊                                                                                | 69/540 [00:19<01:47,  4.39it/s]
 13%|███████████▉                                                                                | 70/540 [00:19<01:37,  4.84it/s]
 13%|████████████                                                                                | 71/540 [00:20<01:29,  5.23it/s]
 13%|████████████▎                                                                               | 72/540 [00:20<01:24,  5.55it/s]
 14%|████████████▍                                                                               | 73/540 [00:20<01:42,  4.56it/s]
 14%|████████████▌                                                                               | 74/540 [00:20<01:33,  5.00it/s]
 14%|████████████▊                                                                               | 75/540 [00:20<01:26,  5.36it/s]
                                                                                                                                  

 14%|████████████▊                                                                               | 75/540 [00:20<01:26,  5.36it/s]
 14%|████████████▉                                                                               | 76/540 [00:21<01:22,  5.63it/s]
 14%|█████████████                                                                               | 77/540 [00:21<01:19,  5.85it/s]
 14%|█████████████▎                                                                              | 78/540 [00:21<01:16,  6.01it/s]
 15%|█████████████▍                                                                              | 79/540 [00:21<01:15,  6.13it/s]
 15%|█████████████▋                                                                              | 80/540 [00:21<01:14,  6.21it/s]
 15%|█████████████▊                                                                              | 81/540 [00:21<01:13,  6.28it/s]
 15%|█████████████▉                                                                              | 82/540 [00:21<01:12,  6.33it/s]
 15%|██████████████▏                                                                             | 83/540 [00:22<01:11,  6.38it/s]
 16%|██████████████▎                                                                             | 84/540 [00:22<01:11,  6.38it/s]
 16%|██████████████▍                                                                             | 85/540 [00:22<01:11,  6.41it/s]
 16%|██████████████▋                                                                             | 86/540 [00:22<01:10,  6.42it/s]
 16%|██████████████▊                                                                             | 87/540 [00:22<01:10,  6.42it/s]
 16%|██████████████▉                                                                             | 88/540 [00:22<01:10,  6.43it/s]
 16%|███████████████▏                                                                            | 89/540 [00:23<01:10,  6.44it/s]{'loss': '1.254', 'grad_norm': '3.15', 'learning_rate': '4.569e-05', 'epoch': '2.508'}


Writing model shards:   0%|                                                                                 | 0/1 [00:00<?, ?it/s][A

Writing model shards: 100%|█████████████████████████████████████████████████████████████████████████| 1/1 [00:01<00:00,  1.65s/it][A
Writing model shards: 100%|█████████████████████████████████████████████████████████████████████████| 1/1 [00:01<00:00,  1.65s/it]

 17%|███████████████▌                                                                            | 91/540 [00:28<09:44,  1.30s/it]
 17%|███████████████▋                                                                            | 92/540 [00:28<07:35,  1.02s/it]
 17%|███████████████▊                                                                            | 93/540 [00:28<05:55,  1.26it/s]
 17%|████████████████                                                                            | 94/540 [00:28<04:37,  1.61it/s]
 18%|████████████████▏                                                                           | 95/540 [00:28<03:38,  2.04it/s]
 18%|████████████████▎                                                                           | 96/540 [00:29<02:55,  2.53it/s]
 18%|████████████████▌                                                                           | 97/540 [00:29<02:24,  3.07it/s]
 18%|████████████████▋                                                                           | 98/540 [00:29<02:02,  3.61it/s]
 18%|████████████████▊                                                                           | 99/540 [00:29<01:46,  4.15it/s]
 19%|████████████████▊                                                                          | 100/540 [00:29<01:34,  4.63it/s]
                                                                                                                                  

 19%|████████████████▊                                                                          | 100/540 [00:29<01:34,  4.63it/s]
 19%|█████████████████                                                                          | 101/540 [00:29<01:27,  5.04it/s]
 19%|█████████████████▏                                                                         | 102/540 [00:30<01:21,  5.37it/s]
 19%|█████████████████▎                                                                         | 103/540 [00:30<01:17,  5.66it/s]
 19%|█████████████████▌                                                                         | 104/540 [00:30<01:14,  5.87it/s]
 19%|█████████████████▋                                                                         | 105/540 [00:30<01:12,  6.04it/s]
 20%|█████████████████▊                                                                         | 106/540 [00:30<01:10,  6.14it/s]
 20%|██████████████████                                                                         | 107/540 [00:30<01:09,  6.22it/s]
 20%|██████████████████▏                                                                        | 108/540 [00:30<01:08,  6.30it/s]
 20%|██████████████████▎                                                                        | 109/540 [00:31<01:08,  6.33it/s]
 20%|██████████████████▌                                                                        | 110/540 [00:31<01:07,  6.35it/s]
 21%|██████████████████▋                                                                        | 111/540 [00:31<01:07,  6.38it/s]
 21%|██████████████████▊                                                                        | 112/540 [00:31<01:06,  6.40it/s]
 21%|███████████████████                                                                        | 113/540 [00:31<01:06,  6.40it/s]
 21%|███████████████████▏                                                                       | 114/540 [00:31<01:06,  6.41it/s]
 21%|███████████████████▍                                                                       | 115/540 [00:32<01:06,  6.42it/s]
 21%|███████████████████▌                                                                       | 116/540 [00:32<01:06,  6.42it/s]
 22%|███████████████████▋                                                                       | 117/540 [00:32<01:06,  6.40it/s]
 22%|███████████████████▉                                                                       | 118/540 [00:32<01:06,  6.37it/s]
 22%|████████████████████                                                                       | 119/540 [00:32<01:05,  6.38it/s]{'loss': '1.009', 'grad_norm': '3.231', 'learning_rate': '4.324e-05', 'epoch': '3.339'}


Writing model shards:   0%|                                                                                 | 0/1 [00:00<?, ?it/s][A

Writing model shards: 100%|█████████████████████████████████████████████████████████████████████████| 1/1 [00:01<00:00,  1.65s/it][A
Writing model shards: 100%|█████████████████████████████████████████████████████████████████████████| 1/1 [00:01<00:00,  1.65s/it]

 22%|████████████████████▍                                                                      | 121/540 [00:37<09:07,  1.31s/it]
 23%|████████████████████▌                                                                      | 122/540 [00:38<07:07,  1.02s/it]
 23%|████████████████████▋                                                                      | 123/540 [00:38<05:31,  1.26it/s]
 23%|████████████████████▉                                                                      | 124/540 [00:38<04:18,  1.61it/s]
 23%|█████████████████████                                                                      | 125/540 [00:38<03:23,  2.04it/s]
                                                                                                                                  

 23%|█████████████████████                                                                      | 125/540 [00:38<03:23,  2.04it/s]
 23%|█████████████████████▏                                                                     | 126/540 [00:38<02:43,  2.53it/s]
 24%|█████████████████████▍                                                                     | 127/540 [00:38<02:14,  3.06it/s]
 24%|█████████████████████▌                                                                     | 128/540 [00:39<01:53,  3.62it/s]
 24%|█████████████████████▋                                                                     | 129/540 [00:39<01:38,  4.15it/s]
 24%|█████████████████████▉                                                                     | 130/540 [00:39<01:28,  4.64it/s]
 24%|██████████████████████                                                                     | 131/540 [00:39<01:20,  5.06it/s]
 24%|██████████████████████▏                                                                    | 132/540 [00:39<01:15,  5.39it/s]
 25%|██████████████████████▍                                                                    | 133/540 [00:39<01:11,  5.66it/s]
 25%|██████████████████████▌                                                                    | 134/540 [00:40<01:09,  5.83it/s]
 25%|██████████████████████▊                                                                    | 135/540 [00:40<01:08,  5.92it/s]
 25%|██████████████████████▉                                                                    | 136/540 [00:40<01:06,  6.07it/s]
 25%|███████████████████████                                                                    | 137/540 [00:40<01:05,  6.16it/s]
 26%|███████████████████████▎                                                                   | 138/540 [00:40<01:04,  6.23it/s]
 26%|███████████████████████▍                                                                   | 139/540 [00:40<01:03,  6.29it/s]
 26%|███████████████████████▌                                                                   | 140/540 [00:40<01:03,  6.33it/s]
 26%|███████████████████████▊                                                                   | 141/540 [00:41<01:02,  6.35it/s]
 26%|███████████████████████▉                                                                   | 142/540 [00:41<01:02,  6.39it/s]
 26%|████████████████████████                                                                   | 143/540 [00:41<01:02,  6.39it/s]
 27%|████████████████████████▎                                                                  | 144/540 [00:41<01:01,  6.39it/s]
 27%|████████████████████████▍                                                                  | 145/540 [00:41<01:01,  6.40it/s]
 27%|████████████████████████▌                                                                  | 146/540 [00:41<01:01,  6.40it/s]
 27%|████████████████████████▊                                                                  | 147/540 [00:42<01:01,  6.39it/s]
 27%|████████████████████████▉                                                                  | 148/540 [00:42<01:01,  6.40it/s]
 28%|█████████████████████████                                                                  | 149/540 [00:42<01:01,  6.40it/s]
                                                                                                                                  

 28%|█████████████████████████▎                                                                 | 150/540 [00:42<01:00,  6.40it/s]{'loss': '0.8182', 'grad_norm': '2.834', 'learning_rate': '4.078e-05', 'epoch': '4.169'}
{'loss': '0.7212', 'grad_norm': '12.93', 'learning_rate': '3.833e-05', 'epoch': '5'}


Writing model shards:   0%|                                                                                 | 0/1 [00:00<?, ?it/s][A

Writing model shards: 100%|█████████████████████████████████████████████████████████████████████████| 1/1 [00:01<00:00,  1.78s/it][A
Writing model shards: 100%|█████████████████████████████████████████████████████████████████████████| 1/1 [00:01<00:00,  1.78s/it]

 28%|█████████████████████████▍                                                                 | 151/540 [00:48<08:59,  1.39s/it]
 28%|█████████████████████████▌                                                                 | 152/540 [00:48<07:00,  1.08s/it]
 28%|█████████████████████████▊                                                                 | 153/540 [00:48<05:25,  1.19it/s]
 29%|█████████████████████████▉                                                                 | 154/540 [00:48<04:12,  1.53it/s]
 29%|██████████████████████████                                                                 | 155/540 [00:48<03:17,  1.95it/s]
 29%|██████████████████████████▎                                                                | 156/540 [00:48<02:37,  2.43it/s]
 29%|██████████████████████████▍                                                                | 157/540 [00:48<02:09,  2.97it/s]
 29%|██████████████████████████▋                                                                | 158/540 [00:49<01:48,  3.52it/s]
 29%|██████████████████████████▊                                                                | 159/540 [00:49<01:33,  4.06it/s]
 30%|██████████████████████████▉                                                                | 160/540 [00:49<01:23,  4.56it/s]
 30%|███████████████████████████▏                                                               | 161/540 [00:49<01:15,  4.99it/s]
 30%|███████████████████████████▎                                                               | 162/540 [00:49<01:10,  5.36it/s]
 30%|███████████████████████████▍                                                               | 163/540 [00:49<01:07,  5.59it/s]
 30%|███████████████████████████▋                                                               | 164/540 [00:50<01:04,  5.82it/s]
 31%|███████████████████████████▊                                                               | 165/540 [00:50<01:04,  5.86it/s]
 31%|███████████████████████████▉                                                               | 166/540 [00:50<01:02,  6.02it/s]
 31%|████████████████████████████▏                                                              | 167/540 [00:50<01:00,  6.14it/s]
 31%|████████████████████████████▎                                                              | 168/540 [00:50<00:59,  6.23it/s]
 31%|████████████████████████████▍                                                              | 169/540 [00:50<00:58,  6.30it/s]
 31%|████████████████████████████▋                                                              | 170/540 [00:50<00:58,  6.35it/s]
 32%|████████████████████████████▊                                                              | 171/540 [00:51<00:57,  6.37it/s]
 32%|████████████████████████████▉                                                              | 172/540 [00:51<00:57,  6.38it/s]
 32%|█████████████████████████████▏                                                             | 173/540 [00:51<00:57,  6.40it/s]
 32%|█████████████████████████████▎                                                             | 174/540 [00:51<00:57,  6.41it/s]
 32%|█████████████████████████████▍                                                             | 175/540 [00:51<00:56,  6.43it/s]
                                                                                                                                  

 32%|█████████████████████████████▍                                                             | 175/540 [00:51<00:56,  6.43it/s]
 33%|█████████████████████████████▋                                                             | 176/540 [00:51<00:56,  6.44it/s]
 33%|█████████████████████████████▊                                                             | 177/540 [00:52<00:56,  6.45it/s]
 33%|█████████████████████████████▉                                                             | 178/540 [00:52<00:56,  6.45it/s]
 33%|██████████████████████████████▏                                                            | 179/540 [00:52<00:55,  6.45it/s]{'loss': '0.5689', 'grad_norm': '2.65', 'learning_rate': '3.588e-05', 'epoch': '5.847'}


Writing model shards:   0%|                                                                                 | 0/1 [00:00<?, ?it/s][A

Writing model shards: 100%|█████████████████████████████████████████████████████████████████████████| 1/1 [00:01<00:00,  1.79s/it][A
Writing model shards: 100%|█████████████████████████████████████████████████████████████████████████| 1/1 [00:01<00:00,  1.79s/it]

 34%|██████████████████████████████▌                                                            | 181/540 [00:58<08:24,  1.41s/it]
 34%|██████████████████████████████▋                                                            | 182/540 [00:58<06:32,  1.10s/it]
 34%|██████████████████████████████▊                                                            | 183/540 [00:58<05:03,  1.18it/s]
 34%|███████████████████████████████                                                            | 184/540 [00:58<03:55,  1.51it/s]
 34%|███████████████████████████████▏                                                           | 185/540 [00:58<03:04,  1.92it/s]
 34%|███████████████████████████████▎                                                           | 186/540 [00:58<02:27,  2.40it/s]
 35%|███████████████████████████████▌                                                           | 187/540 [00:59<02:00,  2.93it/s]
 35%|███████████████████████████████▋                                                           | 188/540 [00:59<01:40,  3.49it/s]
 35%|███████████████████████████████▊                                                           | 189/540 [00:59<01:27,  4.03it/s]
 35%|████████████████████████████████                                                           | 190/540 [00:59<01:17,  4.53it/s]
 35%|████████████████████████████████▏                                                          | 191/540 [00:59<01:10,  4.95it/s]
 36%|████████████████████████████████▎                                                          | 192/540 [00:59<01:05,  5.32it/s]
 36%|████████████████████████████████▌                                                          | 193/540 [00:59<01:01,  5.61it/s]
 36%|████████████████████████████████▋                                                          | 194/540 [01:00<00:59,  5.82it/s]
 36%|████████████████████████████████▊                                                          | 195/540 [01:00<00:57,  5.99it/s]
 36%|█████████████████████████████████                                                          | 196/540 [01:00<00:56,  6.12it/s]
 36%|█████████████████████████████████▏                                                         | 197/540 [01:00<00:55,  6.20it/s]
 37%|█████████████████████████████████▎                                                         | 198/540 [01:00<00:54,  6.26it/s]
 37%|█████████████████████████████████▌                                                         | 199/540 [01:00<00:54,  6.31it/s]
 37%|█████████████████████████████████▋                                                         | 200/540 [01:01<00:53,  6.34it/s]
                                                                                                                                  

 37%|█████████████████████████████████▋                                                         | 200/540 [01:01<00:53,  6.34it/s]
 37%|█████████████████████████████████▊                                                         | 201/540 [01:01<00:53,  6.33it/s]
 37%|██████████████████████████████████                                                         | 202/540 [01:01<00:53,  6.36it/s]
 38%|██████████████████████████████████▏                                                        | 203/540 [01:01<00:52,  6.38it/s]
 38%|██████████████████████████████████▍                                                        | 204/540 [01:01<00:52,  6.40it/s]
 38%|██████████████████████████████████▌                                                        | 205/540 [01:01<00:52,  6.41it/s]
 38%|██████████████████████████████████▋                                                        | 206/540 [01:02<00:52,  6.41it/s]
 38%|██████████████████████████████████▉                                                        | 207/540 [01:02<00:51,  6.41it/s]
 39%|███████████████████████████████████                                                        | 208/540 [01:02<00:51,  6.40it/s]
 39%|███████████████████████████████████▏                                                       | 209/540 [01:02<00:51,  6.39it/s]{'loss': '0.4689', 'grad_norm': '2.967', 'learning_rate': '3.343e-05', 'epoch': '6.678'}


Writing model shards:   0%|                                                                                 | 0/1 [00:00<?, ?it/s][A

Writing model shards: 100%|█████████████████████████████████████████████████████████████████████████| 1/1 [00:01<00:00,  1.60s/it][A
Writing model shards: 100%|█████████████████████████████████████████████████████████████████████████| 1/1 [00:01<00:00,  1.60s/it]

 39%|███████████████████████████████████▌                                                       | 211/540 [01:07<07:18,  1.33s/it]
 39%|███████████████████████████████████▋                                                       | 212/540 [01:08<05:41,  1.04s/it]
 39%|███████████████████████████████████▉                                                       | 213/540 [01:08<04:25,  1.23it/s]
 40%|████████████████████████████████████                                                       | 214/540 [01:08<03:26,  1.58it/s]
 40%|████████████████████████████████████▏                                                      | 215/540 [01:08<02:42,  2.00it/s]
 40%|████████████████████████████████████▍                                                      | 216/540 [01:08<02:10,  2.49it/s]
 40%|████████████████████████████████████▌                                                      | 217/540 [01:08<01:46,  3.03it/s]
 40%|████████████████████████████████████▋                                                      | 218/540 [01:08<01:30,  3.57it/s]
 41%|████████████████████████████████████▉                                                      | 219/540 [01:09<01:18,  4.11it/s]
 41%|█████████████████████████████████████                                                      | 220/540 [01:09<01:09,  4.61it/s]
 41%|█████████████████████████████████████▏                                                     | 221/540 [01:09<01:03,  5.03it/s]
 41%|█████████████████████████████████████▍                                                     | 222/540 [01:09<00:59,  5.37it/s]
 41%|█████████████████████████████████████▌                                                     | 223/540 [01:09<00:56,  5.65it/s]
 41%|█████████████████████████████████████▋                                                     | 224/540 [01:09<00:53,  5.86it/s]
 42%|█████████████████████████████████████▉                                                     | 225/540 [01:10<00:52,  6.03it/s]
                                                                                                                                  

 42%|█████████████████████████████████████▉                                                     | 225/540 [01:10<00:52,  6.03it/s]
 42%|██████████████████████████████████████                                                     | 226/540 [01:10<00:51,  6.14it/s]
 42%|██████████████████████████████████████▎                                                    | 227/540 [01:10<00:50,  6.23it/s]
 42%|██████████████████████████████████████▍                                                    | 228/540 [01:10<00:49,  6.29it/s]
 42%|██████████████████████████████████████▌                                                    | 229/540 [01:10<00:49,  6.33it/s]
 43%|██████████████████████████████████████▊                                                    | 230/540 [01:10<00:48,  6.37it/s]
 43%|██████████████████████████████████████▉                                                    | 231/540 [01:11<00:48,  6.41it/s]
 43%|███████████████████████████████████████                                                    | 232/540 [01:11<00:50,  6.08it/s]
 43%|███████████████████████████████████████▎                                                   | 233/540 [01:11<00:49,  6.16it/s]
 43%|███████████████████████████████████████▍                                                   | 234/540 [01:11<00:49,  6.24it/s]
 44%|███████████████████████████████████████▌                                                   | 235/540 [01:11<00:48,  6.30it/s]
 44%|███████████████████████████████████████▊                                                   | 236/540 [01:11<00:47,  6.36it/s]
 44%|███████████████████████████████████████▉                                                   | 237/540 [01:11<00:47,  6.38it/s]
 44%|████████████████████████████████████████                                                   | 238/540 [01:12<00:47,  6.40it/s]
 44%|████████████████████████████████████████▎                                                  | 239/540 [01:12<00:46,  6.42it/s]{'loss': '0.4146', 'grad_norm': '2.483', 'learning_rate': '3.098e-05', 'epoch': '7.508'}


Writing model shards:   0%|                                                                                 | 0/1 [00:00<?, ?it/s][A

Writing model shards: 100%|█████████████████████████████████████████████████████████████████████████| 1/1 [00:01<00:00,  1.48s/it][A
Writing model shards: 100%|█████████████████████████████████████████████████████████████████████████| 1/1 [00:01<00:00,  1.48s/it]

 45%|████████████████████████████████████████▌                                                  | 241/540 [01:17<06:14,  1.25s/it]
 45%|████████████████████████████████████████▊                                                  | 242/540 [01:17<04:53,  1.02it/s]
 45%|████████████████████████████████████████▉                                                  | 243/540 [01:17<03:47,  1.30it/s]
 45%|█████████████████████████████████████████                                                  | 244/540 [01:17<02:57,  1.67it/s]
 45%|█████████████████████████████████████████▎                                                 | 245/540 [01:17<02:20,  2.10it/s]
 46%|█████████████████████████████████████████▍                                                 | 246/540 [01:18<01:52,  2.60it/s]
 46%|█████████████████████████████████████████▌                                                 | 247/540 [01:18<01:33,  3.14it/s]
 46%|█████████████████████████████████████████▊                                                 | 248/540 [01:18<01:18,  3.70it/s]
 46%|█████████████████████████████████████████▉                                                 | 249/540 [01:18<01:08,  4.23it/s]
 46%|██████████████████████████████████████████▏                                                | 250/540 [01:18<01:01,  4.71it/s]
                                                                                                                                  

 46%|██████████████████████████████████████████▏                                                | 250/540 [01:18<01:01,  4.71it/s]
 46%|██████████████████████████████████████████▎                                                | 251/540 [01:18<00:56,  5.09it/s]
 47%|██████████████████████████████████████████▍                                                | 252/540 [01:19<00:52,  5.44it/s]
 47%|██████████████████████████████████████████▋                                                | 253/540 [01:19<00:50,  5.70it/s]
 47%|██████████████████████████████████████████▊                                                | 254/540 [01:19<00:48,  5.90it/s]
 47%|██████████████████████████████████████████▉                                                | 255/540 [01:19<00:47,  6.05it/s]
 47%|███████████████████████████████████████████▏                                               | 256/540 [01:19<00:46,  6.12it/s]
 48%|███████████████████████████████████████████▎                                               | 257/540 [01:19<00:45,  6.18it/s]
 48%|███████████████████████████████████████████▍                                               | 258/540 [01:20<00:45,  6.26it/s]
 48%|███████████████████████████████████████████▋                                               | 259/540 [01:20<00:44,  6.31it/s]
 48%|███████████████████████████████████████████▊                                               | 260/540 [01:20<00:44,  6.35it/s]
 48%|███████████████████████████████████████████▉                                               | 261/540 [01:20<00:43,  6.39it/s]
 49%|████████████████████████████████████████████▏                                              | 262/540 [01:20<00:43,  6.40it/s]
 49%|████████████████████████████████████████████▎                                              | 263/540 [01:20<00:43,  6.40it/s]
 49%|████████████████████████████████████████████▍                                              | 264/540 [01:20<00:43,  6.42it/s]
 49%|████████████████████████████████████████████▋                                              | 265/540 [01:21<00:42,  6.41it/s]
 49%|████████████████████████████████████████████▊                                              | 266/540 [01:21<00:42,  6.43it/s]
 49%|████████████████████████████████████████████▉                                              | 267/540 [01:21<00:42,  6.43it/s]
 50%|█████████████████████████████████████████████▏                                             | 268/540 [01:21<00:42,  6.43it/s]
 50%|█████████████████████████████████████████████▎                                             | 269/540 [01:21<00:42,  6.44it/s]{'loss': '0.359', 'grad_norm': '2.016', 'learning_rate': '2.853e-05', 'epoch': '8.339'}


Writing model shards:   0%|                                                                                 | 0/1 [00:00<?, ?it/s][A

Writing model shards: 100%|█████████████████████████████████████████████████████████████████████████| 1/1 [00:01<00:00,  1.62s/it][A
Writing model shards: 100%|█████████████████████████████████████████████████████████████████████████| 1/1 [00:01<00:00,  1.62s/it]

 50%|█████████████████████████████████████████████▋                                             | 271/540 [01:26<05:48,  1.29s/it]
 50%|█████████████████████████████████████████████▊                                             | 272/540 [01:27<04:31,  1.01s/it]
 51%|██████████████████████████████████████████████                                             | 273/540 [01:27<03:30,  1.27it/s]
 51%|██████████████████████████████████████████████▏                                            | 274/540 [01:27<02:44,  1.62it/s]
 51%|██████████████████████████████████████████████▎                                            | 275/540 [01:27<02:09,  2.05it/s]
                                                                                                                                  

 51%|██████████████████████████████████████████████▎                                            | 275/540 [01:27<02:09,  2.05it/s]
 51%|██████████████████████████████████████████████▌                                            | 276/540 [01:27<01:44,  2.53it/s]
 51%|██████████████████████████████████████████████▋                                            | 277/540 [01:27<01:25,  3.06it/s]
 51%|██████████████████████████████████████████████▊                                            | 278/540 [01:28<01:12,  3.60it/s]
 52%|███████████████████████████████████████████████                                            | 279/540 [01:28<01:03,  4.13it/s]
 52%|███████████████████████████████████████████████▏                                           | 280/540 [01:28<00:56,  4.60it/s]
 52%|███████████████████████████████████████████████▎                                           | 281/540 [01:28<00:51,  5.02it/s]
 52%|███████████████████████████████████████████████▌                                           | 282/540 [01:28<00:47,  5.38it/s]
 52%|███████████████████████████████████████████████▋                                           | 283/540 [01:28<00:45,  5.66it/s]
 53%|███████████████████████████████████████████████▊                                           | 284/540 [01:29<00:43,  5.88it/s]
 53%|████████████████████████████████████████████████                                           | 285/540 [01:29<00:42,  6.05it/s]
 53%|████████████████████████████████████████████████▏                                          | 286/540 [01:29<00:41,  6.16it/s]
 53%|████████████████████████████████████████████████▎                                          | 287/540 [01:29<00:40,  6.25it/s]
 53%|████████████████████████████████████████████████▌                                          | 288/540 [01:29<00:39,  6.31it/s]
 54%|████████████████████████████████████████████████▋                                          | 289/540 [01:29<00:39,  6.35it/s]
 54%|████████████████████████████████████████████████▊                                          | 290/540 [01:29<00:39,  6.36it/s]
 54%|█████████████████████████████████████████████████                                          | 291/540 [01:30<00:39,  6.38it/s]
 54%|█████████████████████████████████████████████████▏                                         | 292/540 [01:30<00:38,  6.38it/s]
 54%|█████████████████████████████████████████████████▍                                         | 293/540 [01:30<00:38,  6.40it/s]
 54%|█████████████████████████████████████████████████▌                                         | 294/540 [01:30<00:38,  6.41it/s]
 55%|█████████████████████████████████████████████████▋                                         | 295/540 [01:30<00:38,  6.43it/s]
 55%|█████████████████████████████████████████████████▉                                         | 296/540 [01:30<00:37,  6.42it/s]
 55%|██████████████████████████████████████████████████                                         | 297/540 [01:31<00:37,  6.42it/s]
 55%|██████████████████████████████████████████████████▏                                        | 298/540 [01:31<00:37,  6.42it/s]
 55%|██████████████████████████████████████████████████▍                                        | 299/540 [01:31<00:37,  6.43it/s]
                                                                                                                                  

 56%|██████████████████████████████████████████████████▌                                        | 300/540 [01:31<00:37,  6.43it/s]{'loss': '0.324', 'grad_norm': '2.418', 'learning_rate': '2.608e-05', 'epoch': '9.169'}
{'loss': '0.279', 'grad_norm': '8.273', 'learning_rate': '2.363e-05', 'epoch': '10'}


Writing model shards:   0%|                                                                                 | 0/1 [00:00<?, ?it/s][A

Writing model shards: 100%|█████████████████████████████████████████████████████████████████████████| 1/1 [00:01<00:00,  1.67s/it][A
Writing model shards: 100%|█████████████████████████████████████████████████████████████████████████| 1/1 [00:01<00:00,  1.67s/it]

 56%|██████████████████████████████████████████████████▋                                        | 301/540 [01:36<05:15,  1.32s/it]
 56%|██████████████████████████████████████████████████▉                                        | 302/540 [01:36<04:05,  1.03s/it]
 56%|███████████████████████████████████████████████████                                        | 303/540 [01:37<03:10,  1.24it/s]
 56%|███████████████████████████████████████████████████▏                                       | 304/540 [01:37<02:28,  1.59it/s]
 56%|███████████████████████████████████████████████████▍                                       | 305/540 [01:37<01:56,  2.02it/s]
 57%|███████████████████████████████████████████████████▌                                       | 306/540 [01:37<01:33,  2.51it/s]
 57%|███████████████████████████████████████████████████▋                                       | 307/540 [01:37<01:16,  3.05it/s]
 57%|███████████████████████████████████████████████████▉                                       | 308/540 [01:37<01:04,  3.60it/s]
 57%|████████████████████████████████████████████████████                                       | 309/540 [01:37<00:55,  4.14it/s]
 57%|████████████████████████████████████████████████████▏                                      | 310/540 [01:38<00:49,  4.63it/s]
 58%|████████████████████████████████████████████████████▍                                      | 311/540 [01:38<00:45,  5.05it/s]
 58%|████████████████████████████████████████████████████▌                                      | 312/540 [01:38<00:42,  5.40it/s]
 58%|████████████████████████████████████████████████████▋                                      | 313/540 [01:38<00:40,  5.67it/s]
 58%|████████████████████████████████████████████████████▉                                      | 314/540 [01:38<00:38,  5.88it/s]
 58%|█████████████████████████████████████████████████████                                      | 315/540 [01:38<00:37,  6.02it/s]
 59%|█████████████████████████████████████████████████████▎                                     | 316/540 [01:39<00:36,  6.14it/s]
 59%|█████████████████████████████████████████████████████▍                                     | 317/540 [01:39<00:35,  6.23it/s]
 59%|█████████████████████████████████████████████████████▌                                     | 318/540 [01:39<00:35,  6.29it/s]
 59%|█████████████████████████████████████████████████████▊                                     | 319/540 [01:39<00:34,  6.34it/s]
 59%|█████████████████████████████████████████████████████▉                                     | 320/540 [01:39<00:34,  6.37it/s]
 59%|██████████████████████████████████████████████████████                                     | 321/540 [01:39<00:34,  6.39it/s]
 60%|██████████████████████████████████████████████████████▎                                    | 322/540 [01:39<00:33,  6.42it/s]
 60%|██████████████████████████████████████████████████████▍                                    | 323/540 [01:40<00:33,  6.42it/s]
 60%|██████████████████████████████████████████████████████▌                                    | 324/540 [01:40<00:33,  6.41it/s]
 60%|██████████████████████████████████████████████████████▊                                    | 325/540 [01:40<00:33,  6.40it/s]
                                                                                                                                  

 60%|██████████████████████████████████████████████████████▊                                    | 325/540 [01:40<00:33,  6.40it/s]
 60%|██████████████████████████████████████████████████████▉                                    | 326/540 [01:40<00:33,  6.40it/s]
 61%|███████████████████████████████████████████████████████                                    | 327/540 [01:40<00:33,  6.41it/s]
 61%|███████████████████████████████████████████████████████▎                                   | 328/540 [01:40<00:32,  6.43it/s]
 61%|███████████████████████████████████████████████████████▍                                   | 329/540 [01:41<00:32,  6.42it/s]{'loss': '0.2468', 'grad_norm': '2.106', 'learning_rate': '2.118e-05', 'epoch': '10.85'}


Writing model shards:   0%|                                                                                 | 0/1 [00:00<?, ?it/s][A

Writing model shards: 100%|█████████████████████████████████████████████████████████████████████████| 1/1 [00:01<00:00,  1.75s/it][A
Writing model shards: 100%|█████████████████████████████████████████████████████████████████████████| 1/1 [00:01<00:00,  1.75s/it]

 61%|███████████████████████████████████████████████████████▊                                   | 331/540 [01:46<04:48,  1.38s/it]
 61%|███████████████████████████████████████████████████████▉                                   | 332/540 [01:46<03:44,  1.08s/it]
 62%|████████████████████████████████████████████████████████                                   | 333/540 [01:46<02:53,  1.19it/s]
 62%|████████████████████████████████████████████████████████▎                                  | 334/540 [01:47<02:14,  1.53it/s]
 62%|████████████████████████████████████████████████████████▍                                  | 335/540 [01:47<01:45,  1.95it/s]
 62%|████████████████████████████████████████████████████████▌                                  | 336/540 [01:47<01:23,  2.43it/s]
 62%|████████████████████████████████████████████████████████▊                                  | 337/540 [01:47<01:08,  2.97it/s]
 63%|████████████████████████████████████████████████████████▉                                  | 338/540 [01:47<00:57,  3.52it/s]
 63%|█████████████████████████████████████████████████████████▏                                 | 339/540 [01:47<00:49,  4.06it/s]
 63%|█████████████████████████████████████████████████████████▎                                 | 340/540 [01:48<00:43,  4.56it/s]
 63%|█████████████████████████████████████████████████████████▍                                 | 341/540 [01:48<00:39,  4.99it/s]
 63%|█████████████████████████████████████████████████████████▋                                 | 342/540 [01:48<00:37,  5.35it/s]
 64%|█████████████████████████████████████████████████████████▊                                 | 343/540 [01:48<00:34,  5.64it/s]
 64%|█████████████████████████████████████████████████████████▉                                 | 344/540 [01:48<00:33,  5.85it/s]
 64%|██████████████████████████████████████████████████████████▏                                | 345/540 [01:48<00:32,  6.00it/s]
 64%|██████████████████████████████████████████████████████████▎                                | 346/540 [01:49<00:31,  6.13it/s]
 64%|██████████████████████████████████████████████████████████▍                                | 347/540 [01:49<00:31,  6.21it/s]
 64%|██████████████████████████████████████████████████████████▋                                | 348/540 [01:49<00:30,  6.27it/s]
 65%|██████████████████████████████████████████████████████████▊                                | 349/540 [01:49<00:30,  6.32it/s]
 65%|██████████████████████████████████████████████████████████▉                                | 350/540 [01:49<00:29,  6.36it/s]
                                                                                                                                  

 65%|██████████████████████████████████████████████████████████▉                                | 350/540 [01:49<00:29,  6.36it/s]
 65%|███████████████████████████████████████████████████████████▏                               | 351/540 [01:49<00:29,  6.37it/s]
 65%|███████████████████████████████████████████████████████████▎                               | 352/540 [01:49<00:29,  6.32it/s]
 65%|███████████████████████████████████████████████████████████▍                               | 353/540 [01:50<00:30,  6.20it/s]
 66%|███████████████████████████████████████████████████████████▋                               | 354/540 [01:50<00:29,  6.21it/s]
 66%|███████████████████████████████████████████████████████████▊                               | 355/540 [01:50<00:29,  6.28it/s]
 66%|███████████████████████████████████████████████████████████▉                               | 356/540 [01:50<00:29,  6.33it/s]
 66%|████████████████████████████████████████████████████████████▏                              | 357/540 [01:50<00:28,  6.37it/s]
 66%|████████████████████████████████████████████████████████████▎                              | 358/540 [01:50<00:28,  6.39it/s]
 66%|████████████████████████████████████████████████████████████▍                              | 359/540 [01:51<00:28,  6.42it/s]{'loss': '0.2219', 'grad_norm': '1.764', 'learning_rate': '1.873e-05', 'epoch': '11.68'}


Writing model shards:   0%|                                                                                 | 0/1 [00:00<?, ?it/s][A

Writing model shards: 100%|█████████████████████████████████████████████████████████████████████████| 1/1 [00:01<00:00,  1.64s/it][A
Writing model shards: 100%|█████████████████████████████████████████████████████████████████████████| 1/1 [00:01<00:00,  1.64s/it]

 67%|████████████████████████████████████████████████████████████▊                              | 361/540 [01:56<04:04,  1.37s/it]
 67%|█████████████████████████████████████████████████████████████                              | 362/540 [01:56<03:10,  1.07s/it]
 67%|█████████████████████████████████████████████████████████████▏                             | 363/540 [01:56<02:26,  1.21it/s]
 67%|█████████████████████████████████████████████████████████████▎                             | 364/540 [01:57<01:53,  1.55it/s]
 68%|█████████████████████████████████████████████████████████████▌                             | 365/540 [01:57<01:29,  1.97it/s]
 68%|█████████████████████████████████████████████████████████████▋                             | 366/540 [01:57<01:10,  2.45it/s]
 68%|█████████████████████████████████████████████████████████████▊                             | 367/540 [01:57<00:58,  2.98it/s]
 68%|██████████████████████████████████████████████████████████████                             | 368/540 [01:57<00:48,  3.54it/s]
 68%|██████████████████████████████████████████████████████████████▏                            | 369/540 [01:57<00:42,  4.07it/s]
 69%|██████████████████████████████████████████████████████████████▎                            | 370/540 [01:58<00:37,  4.57it/s]
 69%|██████████████████████████████████████████████████████████████▌                            | 371/540 [01:58<00:33,  5.00it/s]
 69%|██████████████████████████████████████████████████████████████▋                            | 372/540 [01:58<00:31,  5.36it/s]
 69%|██████████████████████████████████████████████████████████████▊                            | 373/540 [01:58<00:29,  5.63it/s]
 69%|███████████████████████████████████████████████████████████████                            | 374/540 [01:58<00:28,  5.85it/s]
 69%|███████████████████████████████████████████████████████████████▏                           | 375/540 [01:58<00:27,  5.98it/s]
                                                                                                                                  

 69%|███████████████████████████████████████████████████████████████▏                           | 375/540 [01:58<00:27,  5.98it/s]
 70%|███████████████████████████████████████████████████████████████▎                           | 376/540 [01:58<00:26,  6.12it/s]
 70%|███████████████████████████████████████████████████████████████▌                           | 377/540 [01:59<00:26,  6.21it/s]
 70%|███████████████████████████████████████████████████████████████▋                           | 378/540 [01:59<00:25,  6.26it/s]
 70%|███████████████████████████████████████████████████████████████▊                           | 379/540 [01:59<00:25,  6.32it/s]
 70%|████████████████████████████████████████████████████████████████                           | 380/540 [01:59<00:25,  6.35it/s]
 71%|████████████████████████████████████████████████████████████████▏                          | 381/540 [01:59<00:24,  6.37it/s]
 71%|████████████████████████████████████████████████████████████████▎                          | 382/540 [01:59<00:24,  6.36it/s]
 71%|████████████████████████████████████████████████████████████████▌                          | 383/540 [02:00<00:24,  6.39it/s]
 71%|████████████████████████████████████████████████████████████████▋                          | 384/540 [02:00<00:24,  6.40it/s]
 71%|████████████████████████████████████████████████████████████████▉                          | 385/540 [02:00<00:24,  6.42it/s]
 71%|█████████████████████████████████████████████████████████████████                          | 386/540 [02:00<00:24,  6.41it/s]
 72%|█████████████████████████████████████████████████████████████████▏                         | 387/540 [02:00<00:23,  6.42it/s]
 72%|█████████████████████████████████████████████████████████████████▍                         | 388/540 [02:00<00:24,  6.32it/s]
 72%|█████████████████████████████████████████████████████████████████▌                         | 389/540 [02:01<00:23,  6.36it/s]{'loss': '0.2132', 'grad_norm': '1.85', 'learning_rate': '1.627e-05', 'epoch': '12.51'}


Writing model shards:   0%|                                                                                 | 0/1 [00:00<?, ?it/s][A

Writing model shards: 100%|█████████████████████████████████████████████████████████████████████████| 1/1 [00:01<00:00,  1.62s/it][A
Writing model shards: 100%|█████████████████████████████████████████████████████████████████████████| 1/1 [00:01<00:00,  1.62s/it]

 72%|█████████████████████████████████████████████████████████████████▉                         | 391/540 [02:06<03:18,  1.34s/it]
 73%|██████████████████████████████████████████████████████████████████                         | 392/540 [02:06<02:34,  1.05s/it]
 73%|██████████████████████████████████████████████████████████████████▏                        | 393/540 [02:06<01:59,  1.23it/s]
 73%|██████████████████████████████████████████████████████████████████▍                        | 394/540 [02:06<01:32,  1.57it/s]
 73%|██████████████████████████████████████████████████████████████████▌                        | 395/540 [02:07<01:12,  1.99it/s]
 73%|██████████████████████████████████████████████████████████████████▋                        | 396/540 [02:07<00:58,  2.48it/s]
 74%|██████████████████████████████████████████████████████████████████▉                        | 397/540 [02:07<00:47,  3.02it/s]
 74%|███████████████████████████████████████████████████████████████████                        | 398/540 [02:07<00:39,  3.57it/s]
 74%|███████████████████████████████████████████████████████████████████▏                       | 399/540 [02:07<00:34,  4.10it/s]
 74%|███████████████████████████████████████████████████████████████████▍                       | 400/540 [02:07<00:30,  4.59it/s]
                                                                                                                                  

 74%|███████████████████████████████████████████████████████████████████▍                       | 400/540 [02:07<00:30,  4.59it/s]
 74%|███████████████████████████████████████████████████████████████████▌                       | 401/540 [02:08<00:27,  4.97it/s]
 74%|███████████████████████████████████████████████████████████████████▋                       | 402/540 [02:08<00:25,  5.31it/s]
 75%|███████████████████████████████████████████████████████████████████▉                       | 403/540 [02:08<00:24,  5.59it/s]
 75%|████████████████████████████████████████████████████████████████████                       | 404/540 [02:08<00:23,  5.82it/s]
 75%|████████████████████████████████████████████████████████████████████▎                      | 405/540 [02:08<00:22,  5.98it/s]
 75%|████████████████████████████████████████████████████████████████████▍                      | 406/540 [02:08<00:21,  6.12it/s]
 75%|████████████████████████████████████████████████████████████████████▌                      | 407/540 [02:08<00:21,  6.22it/s]
 76%|████████████████████████████████████████████████████████████████████▊                      | 408/540 [02:09<00:21,  6.28it/s]
 76%|████████████████████████████████████████████████████████████████████▉                      | 409/540 [02:09<00:20,  6.28it/s]
 76%|█████████████████████████████████████████████████████████████████████                      | 410/540 [02:09<00:20,  6.29it/s]
 76%|█████████████████████████████████████████████████████████████████████▎                     | 411/540 [02:09<00:20,  6.34it/s]
 76%|█████████████████████████████████████████████████████████████████████▍                     | 412/540 [02:09<00:20,  6.31it/s]
 76%|█████████████████████████████████████████████████████████████████████▌                     | 413/540 [02:09<00:20,  6.34it/s]
 77%|█████████████████████████████████████████████████████████████████████▊                     | 414/540 [02:10<00:19,  6.37it/s]
 77%|█████████████████████████████████████████████████████████████████████▉                     | 415/540 [02:10<00:19,  6.39it/s]
 77%|██████████████████████████████████████████████████████████████████████                     | 416/540 [02:10<00:19,  6.40it/s]
 77%|██████████████████████████████████████████████████████████████████████▎                    | 417/540 [02:10<00:19,  6.41it/s]
 77%|██████████████████████████████████████████████████████████████████████▍                    | 418/540 [02:10<00:18,  6.42it/s]
 78%|██████████████████████████████████████████████████████████████████████▌                    | 419/540 [02:10<00:18,  6.41it/s]{'loss': '0.1991', 'grad_norm': '1.593', 'learning_rate': '1.382e-05', 'epoch': '13.34'}


Writing model shards:   0%|                                                                                 | 0/1 [00:00<?, ?it/s][A

Writing model shards: 100%|█████████████████████████████████████████████████████████████████████████| 1/1 [00:01<00:00,  1.64s/it][A
Writing model shards: 100%|█████████████████████████████████████████████████████████████████████████| 1/1 [00:01<00:00,  1.65s/it]

 78%|██████████████████████████████████████████████████████████████████████▉                    | 421/540 [02:16<02:35,  1.30s/it]
 78%|███████████████████████████████████████████████████████████████████████                    | 422/540 [02:16<02:00,  1.02s/it]
 78%|███████████████████████████████████████████████████████████████████████▎                   | 423/540 [02:16<01:32,  1.26it/s]
 79%|███████████████████████████████████████████████████████████████████████▍                   | 424/540 [02:16<01:11,  1.61it/s]
 79%|███████████████████████████████████████████████████████████████████████▌                   | 425/540 [02:16<00:56,  2.04it/s]
                                                                                                                                  

 79%|███████████████████████████████████████████████████████████████████████▌                   | 425/540 [02:16<00:56,  2.04it/s]
 79%|███████████████████████████████████████████████████████████████████████▊                   | 426/540 [02:16<00:44,  2.54it/s]
 79%|███████████████████████████████████████████████████████████████████████▉                   | 427/540 [02:17<00:36,  3.08it/s]
 79%|████████████████████████████████████████████████████████████████████████▏                  | 428/540 [02:17<00:30,  3.63it/s]
 79%|████████████████████████████████████████████████████████████████████████▎                  | 429/540 [02:17<00:26,  4.17it/s]
 80%|████████████████████████████████████████████████████████████████████████▍                  | 430/540 [02:17<00:23,  4.66it/s]
 80%|████████████████████████████████████████████████████████████████████████▋                  | 431/540 [02:17<00:21,  5.06it/s]
 80%|████████████████████████████████████████████████████████████████████████▊                  | 432/540 [02:17<00:19,  5.41it/s]
 80%|████████████████████████████████████████████████████████████████████████▉                  | 433/540 [02:17<00:18,  5.69it/s]
 80%|█████████████████████████████████████████████████████████████████████████▏                 | 434/540 [02:18<00:17,  5.89it/s]
 81%|█████████████████████████████████████████████████████████████████████████▎                 | 435/540 [02:18<00:17,  6.04it/s]
 81%|█████████████████████████████████████████████████████████████████████████▍                 | 436/540 [02:18<00:16,  6.16it/s]
 81%|█████████████████████████████████████████████████████████████████████████▋                 | 437/540 [02:18<00:16,  6.24it/s]
 81%|█████████████████████████████████████████████████████████████████████████▊                 | 438/540 [02:18<00:16,  6.30it/s]
 81%|█████████████████████████████████████████████████████████████████████████▉                 | 439/540 [02:18<00:15,  6.33it/s]
 81%|██████████████████████████████████████████████████████████████████████████▏                | 440/540 [02:19<00:15,  6.37it/s]
 82%|██████████████████████████████████████████████████████████████████████████▎                | 441/540 [02:19<00:15,  6.39it/s]
 82%|██████████████████████████████████████████████████████████████████████████▍                | 442/540 [02:19<00:15,  6.39it/s]
 82%|██████████████████████████████████████████████████████████████████████████▋                | 443/540 [02:19<00:15,  6.42it/s]
 82%|██████████████████████████████████████████████████████████████████████████▊                | 444/540 [02:19<00:14,  6.41it/s]
 82%|██████████████████████████████████████████████████████████████████████████▉                | 445/540 [02:19<00:14,  6.41it/s]
 83%|███████████████████████████████████████████████████████████████████████████▏               | 446/540 [02:19<00:14,  6.41it/s]
 83%|███████████████████████████████████████████████████████████████████████████▎               | 447/540 [02:20<00:14,  6.42it/s]
 83%|███████████████████████████████████████████████████████████████████████████▍               | 448/540 [02:20<00:14,  6.42it/s]
 83%|███████████████████████████████████████████████████████████████████████████▋               | 449/540 [02:20<00:14,  6.42it/s]
                                                                                                                                  

 83%|███████████████████████████████████████████████████████████████████████████▊               | 450/540 [02:20<00:14,  6.42it/s]{'loss': '0.1852', 'grad_norm': '1.51', 'learning_rate': '1.137e-05', 'epoch': '14.17'}
{'loss': '0.1767', 'grad_norm': '7.838', 'learning_rate': '8.922e-06', 'epoch': '15'}


Writing model shards:   0%|                                                                                 | 0/1 [00:00<?, ?it/s][A

Writing model shards: 100%|█████████████████████████████████████████████████████████████████████████| 1/1 [00:01<00:00,  1.56s/it][A
Writing model shards: 100%|█████████████████████████████████████████████████████████████████████████| 1/1 [00:01<00:00,  1.56s/it]

 84%|████████████████████████████████████████████████████████████████████████████               | 451/540 [02:25<01:51,  1.26s/it]
 84%|████████████████████████████████████████████████████████████████████████████▏              | 452/540 [02:25<01:26,  1.01it/s]
 84%|████████████████████████████████████████████████████████████████████████████▎              | 453/540 [02:25<01:06,  1.30it/s]
 84%|████████████████████████████████████████████████████████████████████████████▌              | 454/540 [02:26<00:51,  1.66it/s]
 84%|████████████████████████████████████████████████████████████████████████████▋              | 455/540 [02:26<00:40,  2.10it/s]
 84%|████████████████████████████████████████████████████████████████████████████▊              | 456/540 [02:26<00:32,  2.60it/s]
 85%|█████████████████████████████████████████████████████████████████████████████              | 457/540 [02:26<00:26,  3.14it/s]
 85%|█████████████████████████████████████████████████████████████████████████████▏             | 458/540 [02:26<00:22,  3.69it/s]
 85%|█████████████████████████████████████████████████████████████████████████████▎             | 459/540 [02:26<00:19,  4.22it/s]
 85%|█████████████████████████████████████████████████████████████████████████████▌             | 460/540 [02:26<00:17,  4.70it/s]
 85%|█████████████████████████████████████████████████████████████████████████████▋             | 461/540 [02:27<00:15,  5.10it/s]
 86%|█████████████████████████████████████████████████████████████████████████████▊             | 462/540 [02:27<00:14,  5.43it/s]
 86%|██████████████████████████████████████████████████████████████████████████████             | 463/540 [02:27<00:13,  5.70it/s]
 86%|██████████████████████████████████████████████████████████████████████████████▏            | 464/540 [02:27<00:12,  5.91it/s]
 86%|██████████████████████████████████████████████████████████████████████████████▎            | 465/540 [02:27<00:12,  6.05it/s]
 86%|██████████████████████████████████████████████████████████████████████████████▌            | 466/540 [02:27<00:11,  6.17it/s]
 86%|██████████████████████████████████████████████████████████████████████████████▋            | 467/540 [02:28<00:11,  6.21it/s]
 87%|██████████████████████████████████████████████████████████████████████████████▊            | 468/540 [02:28<00:11,  6.31it/s]
 87%|███████████████████████████████████████████████████████████████████████████████            | 469/540 [02:28<00:11,  6.35it/s]
 87%|███████████████████████████████████████████████████████████████████████████████▏           | 470/540 [02:28<00:10,  6.38it/s]
 87%|███████████████████████████████████████████████████████████████████████████████▎           | 471/540 [02:28<00:10,  6.40it/s]
 87%|███████████████████████████████████████████████████████████████████████████████▌           | 472/540 [02:28<00:10,  6.41it/s]
 88%|███████████████████████████████████████████████████████████████████████████████▋           | 473/540 [02:28<00:10,  6.43it/s]
 88%|███████████████████████████████████████████████████████████████████████████████▉           | 474/540 [02:29<00:10,  6.42it/s]
 88%|████████████████████████████████████████████████████████████████████████████████           | 475/540 [02:29<00:10,  6.44it/s]
                                                                                                                                  

 88%|████████████████████████████████████████████████████████████████████████████████           | 475/540 [02:29<00:10,  6.44it/s]
 88%|████████████████████████████████████████████████████████████████████████████████▏          | 476/540 [02:29<00:09,  6.43it/s]
 88%|████████████████████████████████████████████████████████████████████████████████▍          | 477/540 [02:29<00:09,  6.43it/s]
 89%|████████████████████████████████████████████████████████████████████████████████▌          | 478/540 [02:29<00:09,  6.43it/s]
 89%|████████████████████████████████████████████████████████████████████████████████▋          | 479/540 [02:29<00:09,  6.44it/s]{'loss': '0.1657', 'grad_norm': '1.499', 'learning_rate': '6.471e-06', 'epoch': '15.85'}


Writing model shards:   0%|                                                                                 | 0/1 [00:00<?, ?it/s][A

Writing model shards: 100%|█████████████████████████████████████████████████████████████████████████| 1/1 [00:01<00:00,  1.71s/it][A
Writing model shards: 100%|█████████████████████████████████████████████████████████████████████████| 1/1 [00:01<00:00,  1.71s/it]

 89%|█████████████████████████████████████████████████████████████████████████████████          | 481/540 [02:35<01:19,  1.35s/it]
 89%|█████████████████████████████████████████████████████████████████████████████████▏         | 482/540 [02:35<01:01,  1.05s/it]
 89%|█████████████████████████████████████████████████████████████████████████████████▍         | 483/540 [02:35<00:46,  1.22it/s]
 90%|█████████████████████████████████████████████████████████████████████████████████▌         | 484/540 [02:35<00:35,  1.57it/s]
 90%|█████████████████████████████████████████████████████████████████████████████████▋         | 485/540 [02:36<00:27,  1.99it/s]
 90%|█████████████████████████████████████████████████████████████████████████████████▉         | 486/540 [02:36<00:21,  2.47it/s]
 90%|██████████████████████████████████████████████████████████████████████████████████         | 487/540 [02:36<00:17,  3.01it/s]
 90%|██████████████████████████████████████████████████████████████████████████████████▏        | 488/540 [02:36<00:14,  3.57it/s]
 91%|██████████████████████████████████████████████████████████████████████████████████▍        | 489/540 [02:36<00:12,  4.10it/s]
 91%|██████████████████████████████████████████████████████████████████████████████████▌        | 490/540 [02:36<00:10,  4.58it/s]
 91%|██████████████████████████████████████████████████████████████████████████████████▋        | 491/540 [02:36<00:09,  5.00it/s]
 91%|██████████████████████████████████████████████████████████████████████████████████▉        | 492/540 [02:37<00:08,  5.36it/s]
 91%|███████████████████████████████████████████████████████████████████████████████████        | 493/540 [02:37<00:08,  5.65it/s]
 91%|███████████████████████████████████████████████████████████████████████████████████▏       | 494/540 [02:37<00:07,  5.86it/s]
 92%|███████████████████████████████████████████████████████████████████████████████████▍       | 495/540 [02:37<00:07,  6.01it/s]
 92%|███████████████████████████████████████████████████████████████████████████████████▌       | 496/540 [02:37<00:07,  6.13it/s]
 92%|███████████████████████████████████████████████████████████████████████████████████▊       | 497/540 [02:37<00:06,  6.21it/s]
 92%|███████████████████████████████████████████████████████████████████████████████████▉       | 498/540 [02:38<00:06,  6.28it/s]
 92%|████████████████████████████████████████████████████████████████████████████████████       | 499/540 [02:38<00:06,  6.33it/s]
 93%|████████████████████████████████████████████████████████████████████████████████████▎      | 500/540 [02:38<00:06,  6.36it/s]
                                                                                                                                  

 93%|████████████████████████████████████████████████████████████████████████████████████▎      | 500/540 [02:38<00:06,  6.36it/s]
 93%|████████████████████████████████████████████████████████████████████████████████████▍      | 501/540 [02:38<00:06,  6.38it/s]
 93%|████████████████████████████████████████████████████████████████████████████████████▌      | 502/540 [02:38<00:05,  6.40it/s]
 93%|████████████████████████████████████████████████████████████████████████████████████▊      | 503/540 [02:38<00:05,  6.41it/s]
 93%|████████████████████████████████████████████████████████████████████████████████████▉      | 504/540 [02:38<00:05,  6.41it/s]
 94%|█████████████████████████████████████████████████████████████████████████████████████      | 505/540 [02:39<00:05,  6.42it/s]
 94%|█████████████████████████████████████████████████████████████████████████████████████▎     | 506/540 [02:39<00:05,  6.43it/s]
 94%|█████████████████████████████████████████████████████████████████████████████████████▍     | 507/540 [02:39<00:05,  6.43it/s]
 94%|█████████████████████████████████████████████████████████████████████████████████████▌     | 508/540 [02:39<00:04,  6.44it/s]
 94%|█████████████████████████████████████████████████████████████████████████████████████▊     | 509/540 [02:39<00:04,  6.44it/s]{'loss': '0.1633', 'grad_norm': '1.424', 'learning_rate': '4.02e-06', 'epoch': '16.68'}


Writing model shards:   0%|                                                                                 | 0/1 [00:00<?, ?it/s][A

Writing model shards: 100%|█████████████████████████████████████████████████████████████████████████| 1/1 [00:01<00:00,  1.69s/it][A
Writing model shards: 100%|█████████████████████████████████████████████████████████████████████████| 1/1 [00:01<00:00,  1.69s/it]

 95%|██████████████████████████████████████████████████████████████████████████████████████     | 511/540 [02:46<00:45,  1.56s/it]
 95%|██████████████████████████████████████████████████████████████████████████████████████▎    | 512/540 [02:46<00:33,  1.21s/it]
 95%|██████████████████████████████████████████████████████████████████████████████████████▍    | 513/540 [02:46<00:25,  1.07it/s]
 95%|██████████████████████████████████████████████████████████████████████████████████████▌    | 514/540 [02:46<00:18,  1.38it/s]
 95%|██████████████████████████████████████████████████████████████████████████████████████▊    | 515/540 [02:46<00:14,  1.77it/s]
 96%|██████████████████████████████████████████████████████████████████████████████████████▉    | 516/540 [02:46<00:10,  2.24it/s]
 96%|███████████████████████████████████████████████████████████████████████████████████████    | 517/540 [02:47<00:08,  2.76it/s]
 96%|███████████████████████████████████████████████████████████████████████████████████████▎   | 518/540 [02:47<00:06,  3.31it/s]
 96%|███████████████████████████████████████████████████████████████████████████████████████▍   | 519/540 [02:47<00:05,  3.87it/s]
 96%|███████████████████████████████████████████████████████████████████████████████████████▋   | 520/540 [02:47<00:04,  4.39it/s]
 96%|███████████████████████████████████████████████████████████████████████████████████████▊   | 521/540 [02:47<00:03,  4.85it/s]
 97%|███████████████████████████████████████████████████████████████████████████████████████▉   | 522/540 [02:47<00:03,  5.24it/s]
 97%|████████████████████████████████████████████████████████████████████████████████████████▏  | 523/540 [02:48<00:03,  5.55it/s]
 97%|████████████████████████████████████████████████████████████████████████████████████████▎  | 524/540 [02:48<00:02,  5.79it/s]
 97%|████████████████████████████████████████████████████████████████████████████████████████▍  | 525/540 [02:48<00:02,  5.97it/s]
                                                                                                                                  

 97%|████████████████████████████████████████████████████████████████████████████████████████▍  | 525/540 [02:48<00:02,  5.97it/s]
 97%|████████████████████████████████████████████████████████████████████████████████████████▋  | 526/540 [02:48<00:02,  6.11it/s]
 98%|████████████████████████████████████████████████████████████████████████████████████████▊  | 527/540 [02:48<00:02,  6.20it/s]
 98%|████████████████████████████████████████████████████████████████████████████████████████▉  | 528/540 [02:48<00:01,  6.27it/s]
 98%|█████████████████████████████████████████████████████████████████████████████████████████▏ | 529/540 [02:48<00:01,  6.32it/s]
 98%|█████████████████████████████████████████████████████████████████████████████████████████▎ | 530/540 [02:49<00:01,  6.35it/s]
 98%|█████████████████████████████████████████████████████████████████████████████████████████▍ | 531/540 [02:49<00:01,  6.37it/s]
 99%|█████████████████████████████████████████████████████████████████████████████████████████▋ | 532/540 [02:49<00:01,  6.40it/s]
 99%|█████████████████████████████████████████████████████████████████████████████████████████▊ | 533/540 [02:49<00:01,  6.41it/s]
 99%|█████████████████████████████████████████████████████████████████████████████████████████▉ | 534/540 [02:49<00:00,  6.41it/s]
 99%|██████████████████████████████████████████████████████████████████████████████████████████▏| 535/540 [02:49<00:00,  6.42it/s]
 99%|██████████████████████████████████████████████████████████████████████████████████████████▎| 536/540 [02:50<00:00,  6.42it/s]
 99%|██████████████████████████████████████████████████████████████████████████████████████████▍| 537/540 [02:50<00:00,  6.43it/s]
100%|██████████████████████████████████████████████████████████████████████████████████████████▋| 538/540 [02:50<00:00,  6.44it/s]
100%|██████████████████████████████████████████████████████████████████████████████████████████▊| 539/540 [02:50<00:00,  6.44it/s]{'loss': '0.1506', 'grad_norm': '1.359', 'learning_rate': '1.569e-06', 'epoch': '17.51'}


Writing model shards:   0%|                                                                                 | 0/1 [00:00<?, ?it/s][A

Writing model shards: 100%|█████████████████████████████████████████████████████████████████████████| 1/1 [00:01<00:00,  1.47s/it][A
Writing model shards: 100%|█████████████████████████████████████████████████████████████████████████| 1/1 [00:01<00:00,  1.47s/it]

                                                                                                                                  

100%|███████████████████████████████████████████████████████████████████████████████████████████| 540/540 [02:57<00:00,  6.44it/s]
100%|███████████████████████████████████████████████████████████████████████████████████████████| 540/540 [02:57<00:00,  3.03it/s]
{'train_runtime': '178', 'train_samples_per_second': '47.03', 'train_steps_per_second': '3.034', 'train_loss': '0.585', 'epoch': '18'}

  0%|                                                                                                       | 0/9 [00:00<?, ?it/s]
 67%|███████████████████████████████████████████████████████████████▎                               | 6/9 [00:00<00:00, 51.04it/s]
100%|███████████████████████████████████████████████████████████████████████████████████████████████| 9/9 [00:00<00:00, 48.82it/s]

Writing model shards:   0%|                                                                                 | 0/1 [00:00<?, ?it/s]
Writing model shards: 100%|█████████████████████████████████████████████████████████████████████████| 1/1 [00:01<00:00,  1.64s/it]
Writing model shards: 100%|█████████████████████████████████████████████████████████████████████████| 1/1 [00:01<00:00,  1.64s/it]

Loading weights:   0%|                                                                                    | 0/388 [00:00<?, ?it/s]
Loading weights:  48%|██████████████████████████████████▉                                     | 188/388 [00:00<00:00, 1878.63it/s]
Loading weights:  97%|█████████████████████████████████████████████████████████████████████▊  | 376/388 [00:00<00:00, 1791.78it/s]
Loading weights: 100%|████████████████████████████████████████████████████████████████████████| 388/388 [00:00<00:00, 1834.46it/s]

Loading weights:   0%|                                                                                    | 0/388 [00:00<?, ?it/s]
Loading weights:  84%|████████████████████████████████████████████████████████████▍           | 326/388 [00:00<00:00, 3245.22it/s]
Loading weights: 100%|████████████████████████████████████████████████████████████████████████| 388/388 [00:00<00:00, 3257.54it/s]

Loading weights:   0%|                                                                                    | 0/388 [00:00<?, ?it/s]
Loading weights:  23%|████████████████▊                                                         | 88/388 [00:00<00:00, 870.13it/s]
Loading weights:  52%|█████████████████████████████████████▍                                  | 202/388 [00:00<00:00, 1028.01it/s]
Loading weights:  79%|█████████████████████████████████████████████████████████▍               | 305/388 [00:00<00:00, 846.10it/s]
Loading weights: 100%|█████████████████████████████████████████████████████████████████████████| 388/388 [00:00<00:00, 803.26it/s]

Loading weights:   0%|                                                                                    | 0/388 [00:00<?, ?it/s]
Loading weights:  30%|█████████████████████▉                                                  | 118/388 [00:00<00:00, 1164.66it/s]
Loading weights:  68%|████████████████████████████████████████████████▉                       | 264/388 [00:00<00:00, 1325.18it/s]
Loading weights: 100%|████████████████████████████████████████████████████████████████████████| 388/388 [00:00<00:00, 1353.42it/s]

Loading weights:   0%|                                                                                    | 0/773 [00:00<?, ?it/s]
Loading weights: 100%|███████████████████████████████████████████████████████████████████████| 773/773 [00:00<00:00, 26359.54it/s]
[RANK 0] Detected kernel version 5.4.0, which is below the recommended minimum of 5.5.0; this can cause the process to hang. It is recommended to upgrade the kernel to the minimum version or higher.

  0%|                                                                                                     | 0/360 [00:00<?, ?it/s]
  0%|▎                                                                                            | 1/360 [00:01<06:44,  1.13s/it]
  1%|▌                                                                                            | 2/360 [00:02<05:52,  1.02it/s]
  1%|▊                                                                                            | 3/360 [00:02<05:48,  1.02it/s]
  1%|█                                                                                            | 4/360 [00:03<05:47,  1.02it/s]
  1%|█▎                                                                                           | 5/360 [00:04<05:45,  1.03it/s]
  2%|█▌                                                                                           | 6/360 [00:05<05:43,  1.03it/s]
  2%|█▊                                                                                           | 7/360 [00:06<05:42,  1.03it/s]
  2%|██                                                                                           | 8/360 [00:07<05:41,  1.03it/s]
  2%|██▎                                                                                          | 9/360 [00:08<05:42,  1.03it/s]
  3%|██▌                                                                                         | 10/360 [00:09<05:40,  1.03it/s]
  3%|██▊                                                                                         | 11/360 [00:10<05:38,  1.03it/s]
  3%|███                                                                                         | 12/360 [00:11<05:37,  1.03it/s]
  4%|███▎                                                                                        | 13/360 [00:12<05:35,  1.03it/s]
  4%|███▌                                                                                        | 14/360 [00:13<05:34,  1.03it/s]
  4%|███▊                                                                                        | 15/360 [00:14<05:32,  1.04it/s]
  4%|████                                                                                        | 16/360 [00:15<05:31,  1.04it/s]
  5%|████▎                                                                                       | 17/360 [00:16<05:30,  1.04it/s]
  5%|████▌                                                                                       | 18/360 [00:17<05:29,  1.04it/s]
  5%|████▊                                                                                       | 19/360 [00:18<05:28,  1.04it/s]
  6%|█████                                                                                       | 20/360 [00:19<05:54,  1.04s/it]
  6%|█████▎                                                                                      | 21/360 [00:20<05:46,  1.02s/it]
  6%|█████▌                                                                                      | 22/360 [00:21<05:40,  1.01s/it]
  6%|█████▉                                                                                      | 23/360 [00:22<05:36,  1.00it/s]
  7%|██████▏                                                                                     | 24/360 [00:23<05:37,  1.00s/it]
  7%|██████▍                                                                                     | 25/360 [00:24<05:34,  1.00it/s]
                                                                                                                                  

  7%|██████▍                                                                                     | 25/360 [00:24<05:34,  1.00it/s]
  7%|██████▋                                                                                     | 26/360 [00:25<05:31,  1.01it/s]
  8%|██████▉                                                                                     | 27/360 [00:26<05:27,  1.02it/s]
  8%|███████▏                                                                                    | 28/360 [00:27<05:24,  1.02it/s]
  8%|███████▍                                                                                    | 29/360 [00:28<05:22,  1.03it/s]
  8%|███████▋                                                                                    | 30/360 [00:28<04:16,  1.29it/s]{'loss': '2.678', 'grad_norm': '1.826', 'learning_rate': '4e-05', 'epoch': '0.8547'}


Writing model shards:   0%|                                                                                 | 0/1 [00:00<?, ?it/s][A

Writing model shards: 100%|█████████████████████████████████████████████████████████████████████████| 1/1 [00:11<00:00, 11.00s/it][A
Writing model shards: 100%|█████████████████████████████████████████████████████████████████████████| 1/1 [00:11<00:00, 11.00s/it]

  9%|███████▉                                                                                    | 31/360 [00:55<46:08,  8.42s/it]
  9%|████████▏                                                                                   | 32/360 [00:56<33:51,  6.19s/it]
  9%|████████▍                                                                                   | 33/360 [00:57<25:16,  4.64s/it]
  9%|████████▋                                                                                   | 34/360 [00:58<19:16,  3.55s/it]
 10%|████████▉                                                                                   | 35/360 [00:59<15:05,  2.79s/it]
 10%|█████████▏                                                                                  | 36/360 [01:00<12:09,  2.25s/it]
 10%|█████████▍                                                                                  | 37/360 [01:01<10:07,  1.88s/it]
 11%|█████████▋                                                                                  | 38/360 [01:02<08:40,  1.62s/it]
 11%|█████████▉                                                                                  | 39/360 [01:03<07:39,  1.43s/it]
 11%|██████████▏                                                                                 | 40/360 [01:04<06:56,  1.30s/it]
 11%|██████████▍                                                                                 | 41/360 [01:05<07:19,  1.38s/it]
 12%|██████████▋                                                                                 | 42/360 [01:06<06:43,  1.27s/it]
 12%|██████████▉                                                                                 | 43/360 [01:07<06:20,  1.20s/it]
 12%|███████████▏                                                                                | 44/360 [01:08<06:02,  1.15s/it]
 12%|███████████▌                                                                                | 45/360 [01:09<05:48,  1.11s/it]
 13%|███████████▊                                                                                | 46/360 [01:10<05:38,  1.08s/it]
 13%|████████████                                                                                | 47/360 [01:11<05:30,  1.06s/it]
 13%|████████████▎                                                                               | 48/360 [01:12<05:23,  1.04s/it]
 14%|████████████▌                                                                               | 49/360 [01:13<05:18,  1.02s/it]
 14%|████████████▊                                                                               | 50/360 [01:14<05:14,  1.01s/it]
                                                                                                                                  

 14%|████████████▊                                                                               | 50/360 [01:14<05:14,  1.01s/it]
 14%|█████████████                                                                               | 51/360 [01:15<05:11,  1.01s/it]
 14%|█████████████▎                                                                              | 52/360 [01:16<05:09,  1.01s/it]
 15%|█████████████▌                                                                              | 53/360 [01:17<05:08,  1.01s/it]
 15%|█████████████▊                                                                              | 54/360 [01:18<05:06,  1.00s/it]
 15%|██████████████                                                                              | 55/360 [01:19<05:05,  1.00s/it]
 16%|██████████████▎                                                                             | 56/360 [01:20<05:05,  1.00s/it]
 16%|██████████████▌                                                                             | 57/360 [01:21<05:04,  1.00s/it]
 16%|██████████████▊                                                                             | 58/360 [01:22<05:02,  1.00s/it]
 16%|███████████████                                                                             | 59/360 [01:23<05:01,  1.00s/it]
 17%|███████████████▎                                                                            | 60/360 [01:24<04:00,  1.24it/s]{'loss': '1.534', 'grad_norm': '1.605', 'learning_rate': '4.727e-05', 'epoch': '1.684'}


Writing model shards:   0%|                                                                                 | 0/1 [00:00<?, ?it/s][A

Writing model shards: 100%|█████████████████████████████████████████████████████████████████████████| 1/1 [00:10<00:00, 10.49s/it][A
Writing model shards: 100%|█████████████████████████████████████████████████████████████████████████| 1/1 [00:10<00:00, 10.49s/it]

 17%|███████████████▌                                                                            | 61/360 [01:50<41:54,  8.41s/it]
 17%|███████████████▊                                                                            | 62/360 [01:51<30:45,  6.19s/it]
 18%|████████████████                                                                            | 63/360 [01:52<22:57,  4.64s/it]
 18%|████████████████▎                                                                           | 64/360 [01:53<17:30,  3.55s/it]
 18%|████████████████▌                                                                           | 65/360 [01:54<13:41,  2.78s/it]
 18%|████████████████▊                                                                           | 66/360 [01:55<11:01,  2.25s/it]
 19%|█████████████████                                                                           | 67/360 [01:56<09:09,  1.88s/it]
 19%|█████████████████▍                                                                          | 68/360 [01:57<07:51,  1.62s/it]
 19%|█████████████████▋                                                                          | 69/360 [01:58<06:56,  1.43s/it]
 19%|█████████████████▉                                                                          | 70/360 [01:59<06:18,  1.30s/it]
 20%|██████████████████▏                                                                         | 71/360 [02:00<05:50,  1.21s/it]
 20%|██████████████████▍                                                                         | 72/360 [02:01<05:31,  1.15s/it]
 20%|██████████████████▋                                                                         | 73/360 [02:02<05:19,  1.11s/it]
 21%|██████████████████▉                                                                         | 74/360 [02:03<05:09,  1.08s/it]
 21%|███████████████████▏                                                                        | 75/360 [02:04<05:02,  1.06s/it]
                                                                                                                                  

 21%|███████████████████▏                                                                        | 75/360 [02:04<05:02,  1.06s/it]
 21%|███████████████████▍                                                                        | 76/360 [02:05<04:56,  1.05s/it]
 21%|███████████████████▋                                                                        | 77/360 [02:06<04:52,  1.03s/it]
 22%|███████████████████▉                                                                        | 78/360 [02:07<04:48,  1.02s/it]
 22%|████████████████████▏                                                                       | 79/360 [02:08<04:44,  1.01s/it]
 22%|████████████████████▍                                                                       | 80/360 [02:09<04:42,  1.01s/it]
 22%|████████████████████▋                                                                       | 81/360 [02:10<04:40,  1.01s/it]
 23%|████████████████████▉                                                                       | 82/360 [02:11<05:17,  1.14s/it]
 23%|█████████████████████▏                                                                      | 83/360 [02:12<05:05,  1.10s/it]
 23%|█████████████████████▍                                                                      | 84/360 [02:13<04:55,  1.07s/it]
 24%|█████████████████████▋                                                                      | 85/360 [02:14<04:48,  1.05s/it]
 24%|█████████████████████▉                                                                      | 86/360 [02:15<04:42,  1.03s/it]
 24%|██████████████████████▏                                                                     | 87/360 [02:16<04:40,  1.03s/it]
 24%|██████████████████████▍                                                                     | 88/360 [02:17<04:36,  1.02s/it]
 25%|██████████████████████▋                                                                     | 89/360 [02:18<04:33,  1.01s/it]
 25%|███████████████████████                                                                     | 90/360 [02:19<03:38,  1.24it/s]{'loss': '1.17', 'grad_norm': '2.077', 'learning_rate': '4.348e-05', 'epoch': '2.513'}


Writing model shards:   0%|                                                                                 | 0/1 [00:00<?, ?it/s][A

Writing model shards: 100%|█████████████████████████████████████████████████████████████████████████| 1/1 [00:08<00:00,  8.41s/it][A
Writing model shards: 100%|█████████████████████████████████████████████████████████████████████████| 1/1 [00:08<00:00,  8.41s/it]

 25%|███████████████████████▎                                                                    | 91/360 [02:42<34:00,  7.58s/it]
 26%|███████████████████████▌                                                                    | 92/360 [02:43<25:04,  5.61s/it]
 26%|███████████████████████▊                                                                    | 93/360 [02:44<18:49,  4.23s/it]
 26%|████████████████████████                                                                    | 94/360 [02:45<14:27,  3.26s/it]
 26%|████████████████████████▎                                                                   | 95/360 [02:46<11:25,  2.59s/it]
 27%|████████████████████████▌                                                                   | 96/360 [02:47<09:16,  2.11s/it]
 27%|████████████████████████▊                                                                   | 97/360 [02:48<07:46,  1.77s/it]
 27%|█████████████████████████                                                                   | 98/360 [02:49<06:41,  1.53s/it]
 28%|█████████████████████████▎                                                                  | 99/360 [02:50<05:55,  1.36s/it]
 28%|█████████████████████████▎                                                                 | 100/360 [02:51<05:23,  1.24s/it]
                                                                                                                                  

 28%|█████████████████████████▎                                                                 | 100/360 [02:51<05:23,  1.24s/it]
 28%|█████████████████████████▌                                                                 | 101/360 [02:52<05:01,  1.16s/it]
 28%|█████████████████████████▊                                                                 | 102/360 [02:53<05:07,  1.19s/it]
 29%|██████████████████████████                                                                 | 103/360 [02:54<04:48,  1.12s/it]
 29%|██████████████████████████▎                                                                | 104/360 [02:55<04:35,  1.08s/it]
 29%|██████████████████████████▌                                                                | 105/360 [02:56<04:25,  1.04s/it]
 29%|██████████████████████████▊                                                                | 106/360 [02:57<04:19,  1.02s/it]
 30%|███████████████████████████                                                                | 107/360 [02:58<04:16,  1.01s/it]
 30%|███████████████████████████▎                                                               | 108/360 [02:59<04:13,  1.01s/it]
 30%|███████████████████████████▌                                                               | 109/360 [03:00<04:10,  1.00it/s]
 31%|███████████████████████████▊                                                               | 110/360 [03:01<04:08,  1.01it/s]
 31%|████████████████████████████                                                               | 111/360 [03:02<04:06,  1.01it/s]
 31%|████████████████████████████▎                                                              | 112/360 [03:03<04:04,  1.01it/s]
 31%|████████████████████████████▌                                                              | 113/360 [03:04<04:02,  1.02it/s]
 32%|████████████████████████████▊                                                              | 114/360 [03:05<04:02,  1.02it/s]
 32%|█████████████████████████████                                                              | 115/360 [03:06<04:03,  1.01it/s]
 32%|█████████████████████████████▎                                                             | 116/360 [03:07<04:03,  1.00it/s]
 32%|█████████████████████████████▌                                                             | 117/360 [03:08<04:02,  1.00it/s]
 33%|█████████████████████████████▊                                                             | 118/360 [03:09<04:02,  1.00s/it]
 33%|██████████████████████████████                                                             | 119/360 [03:10<03:59,  1.01it/s]
 33%|██████████████████████████████▎                                                            | 120/360 [03:10<03:11,  1.26it/s]{'loss': '0.9183', 'grad_norm': '2.141', 'learning_rate': '3.97e-05', 'epoch': '3.342'}


Writing model shards:   0%|                                                                                 | 0/1 [00:00<?, ?it/s][A

Writing model shards: 100%|█████████████████████████████████████████████████████████████████████████| 1/1 [00:09<00:00,  9.10s/it][A
Writing model shards: 100%|█████████████████████████████████████████████████████████████████████████| 1/1 [00:09<00:00,  9.10s/it]

 34%|██████████████████████████████▌                                                            | 121/360 [03:36<32:31,  8.17s/it]
 34%|██████████████████████████████▊                                                            | 122/360 [03:37<23:49,  6.01s/it]
 34%|███████████████████████████████                                                            | 123/360 [03:38<18:08,  4.59s/it]
 34%|███████████████████████████████▎                                                           | 124/360 [03:39<13:48,  3.51s/it]
 35%|███████████████████████████████▌                                                           | 125/360 [03:40<10:46,  2.75s/it]
                                                                                                                                  

 35%|███████████████████████████████▌                                                           | 125/360 [03:40<10:46,  2.75s/it]
 35%|███████████████████████████████▊                                                           | 126/360 [03:41<08:40,  2.22s/it]
 35%|████████████████████████████████                                                           | 127/360 [03:42<07:11,  1.85s/it]
 36%|████████████████████████████████▎                                                          | 128/360 [03:43<06:09,  1.59s/it]
 36%|████████████████████████████████▌                                                          | 129/360 [03:44<05:25,  1.41s/it]
 36%|████████████████████████████████▊                                                          | 130/360 [03:45<04:54,  1.28s/it]
 36%|█████████████████████████████████                                                          | 131/360 [03:46<04:33,  1.19s/it]
 37%|█████████████████████████████████▎                                                         | 132/360 [03:47<04:17,  1.13s/it]
 37%|█████████████████████████████████▌                                                         | 133/360 [03:48<04:06,  1.09s/it]
 37%|█████████████████████████████████▊                                                         | 134/360 [03:49<03:57,  1.05s/it]
 38%|██████████████████████████████████▏                                                        | 135/360 [03:50<03:51,  1.03s/it]
 38%|██████████████████████████████████▍                                                        | 136/360 [03:51<03:47,  1.02s/it]
 38%|██████████████████████████████████▋                                                        | 137/360 [03:52<03:43,  1.00s/it]
 38%|██████████████████████████████████▉                                                        | 138/360 [03:53<03:40,  1.01it/s]
 39%|███████████████████████████████████▏                                                       | 139/360 [03:54<03:39,  1.01it/s]
 39%|███████████████████████████████████▍                                                       | 140/360 [03:55<03:38,  1.01it/s]
 39%|███████████████████████████████████▋                                                       | 141/360 [03:56<03:35,  1.02it/s]
 39%|███████████████████████████████████▉                                                       | 142/360 [03:57<03:51,  1.06s/it]
 40%|████████████████████████████████████▏                                                      | 143/360 [03:58<03:43,  1.03s/it]
 40%|████████████████████████████████████▍                                                      | 144/360 [03:59<03:38,  1.01s/it]
 40%|████████████████████████████████████▋                                                      | 145/360 [04:00<03:33,  1.01it/s]
 41%|████████████████████████████████████▉                                                      | 146/360 [04:01<03:30,  1.02it/s]
 41%|█████████████████████████████████████▏                                                     | 147/360 [04:02<03:29,  1.02it/s]
 41%|█████████████████████████████████████▍                                                     | 148/360 [04:03<03:29,  1.01it/s]
 41%|█████████████████████████████████████▋                                                     | 149/360 [04:04<03:27,  1.01it/s]
 42%|█████████████████████████████████████▉                                                     | 150/360 [04:04<02:45,  1.27it/s]
                                                                                                                                  

 42%|█████████████████████████████████████▉                                                     | 150/360 [04:04<02:45,  1.27it/s]{'loss': '0.7485', 'grad_norm': '1.688', 'learning_rate': '3.591e-05', 'epoch': '4.171'}
{'loss': '0.6331', 'grad_norm': '7.594', 'learning_rate': '3.212e-05', 'epoch': '5'}


Writing model shards:   0%|                                                                                 | 0/1 [00:00<?, ?it/s][A

Writing model shards: 100%|█████████████████████████████████████████████████████████████████████████| 1/1 [00:07<00:00,  7.46s/it][A
Writing model shards: 100%|█████████████████████████████████████████████████████████████████████████| 1/1 [00:07<00:00,  7.46s/it]

 42%|██████████████████████████████████████▏                                                    | 151/360 [04:27<26:25,  7.59s/it]
 42%|██████████████████████████████████████▍                                                    | 152/360 [04:28<19:24,  5.60s/it]
 42%|██████████████████████████████████████▋                                                    | 153/360 [04:29<14:30,  4.20s/it]
 43%|██████████████████████████████████████▉                                                    | 154/360 [04:30<11:05,  3.23s/it]
 43%|███████████████████████████████████████▏                                                   | 155/360 [04:31<08:41,  2.55s/it]
 43%|███████████████████████████████████████▍                                                   | 156/360 [04:32<07:01,  2.07s/it]
 44%|███████████████████████████████████████▋                                                   | 157/360 [04:33<05:51,  1.73s/it]
 44%|███████████████████████████████████████▉                                                   | 158/360 [04:34<05:02,  1.50s/it]
 44%|████████████████████████████████████████▏                                                  | 159/360 [04:35<04:28,  1.34s/it]
 44%|████████████████████████████████████████▍                                                  | 160/360 [04:36<04:04,  1.22s/it]
 45%|████████████████████████████████████████▋                                                  | 161/360 [04:37<03:47,  1.15s/it]
 45%|████████████████████████████████████████▉                                                  | 162/360 [04:38<03:35,  1.09s/it]
 45%|█████████████████████████████████████████▏                                                 | 163/360 [04:39<03:44,  1.14s/it]
 46%|█████████████████████████████████████████▍                                                 | 164/360 [04:40<03:33,  1.09s/it]
 46%|█████████████████████████████████████████▋                                                 | 165/360 [04:41<03:25,  1.05s/it]
 46%|█████████████████████████████████████████▉                                                 | 166/360 [04:42<03:19,  1.03s/it]
 46%|██████████████████████████████████████████▏                                                | 167/360 [04:43<03:14,  1.01s/it]
 47%|██████████████████████████████████████████▍                                                | 168/360 [04:44<03:11,  1.00it/s]
 47%|██████████████████████████████████████████▋                                                | 169/360 [04:45<03:08,  1.01it/s]
 47%|██████████████████████████████████████████▉                                                | 170/360 [04:46<03:07,  1.01it/s]
 48%|███████████████████████████████████████████▏                                               | 171/360 [04:47<03:05,  1.02it/s]
 48%|███████████████████████████████████████████▍                                               | 172/360 [04:48<03:04,  1.02it/s]
 48%|███████████████████████████████████████████▋                                               | 173/360 [04:49<03:04,  1.02it/s]
 48%|███████████████████████████████████████████▉                                               | 174/360 [04:50<03:02,  1.02it/s]
 49%|████████████████████████████████████████████▏                                              | 175/360 [04:51<03:00,  1.02it/s]
                                                                                                                                  

 49%|████████████████████████████████████████████▏                                              | 175/360 [04:51<03:00,  1.02it/s]
 49%|████████████████████████████████████████████▍                                              | 176/360 [04:52<02:59,  1.03it/s]
 49%|████████████████████████████████████████████▋                                              | 177/360 [04:53<03:00,  1.01it/s]
 49%|████████████████████████████████████████████▉                                              | 178/360 [04:54<02:59,  1.01it/s]
 50%|█████████████████████████████████████████████▏                                             | 179/360 [04:55<02:58,  1.02it/s]
 50%|█████████████████████████████████████████████▌                                             | 180/360 [04:55<02:22,  1.27it/s]{'loss': '0.4851', 'grad_norm': '1.574', 'learning_rate': '2.833e-05', 'epoch': '5.855'}


Writing model shards:   0%|                                                                                 | 0/1 [00:00<?, ?it/s][A

Writing model shards: 100%|█████████████████████████████████████████████████████████████████████████| 1/1 [00:08<00:00,  8.93s/it][A
Writing model shards: 100%|█████████████████████████████████████████████████████████████████████████| 1/1 [00:08<00:00,  8.93s/it]

 50%|█████████████████████████████████████████████▊                                             | 181/360 [05:19<23:21,  7.83s/it]
 51%|██████████████████████████████████████████████                                             | 182/360 [05:20<17:07,  5.77s/it]
 51%|██████████████████████████████████████████████▎                                            | 183/360 [05:21<12:47,  4.33s/it]
 51%|██████████████████████████████████████████████▌                                            | 184/360 [05:23<09:59,  3.41s/it]
 51%|██████████████████████████████████████████████▊                                            | 185/360 [05:24<07:48,  2.68s/it]
 52%|███████████████████████████████████████████████                                            | 186/360 [05:25<06:16,  2.16s/it]
 52%|███████████████████████████████████████████████▎                                           | 187/360 [05:25<05:11,  1.80s/it]
 52%|███████████████████████████████████████████████▌                                           | 188/360 [05:26<04:26,  1.55s/it]
 52%|███████████████████████████████████████████████▊                                           | 189/360 [05:27<03:54,  1.37s/it]
 53%|████████████████████████████████████████████████                                           | 190/360 [05:28<03:31,  1.24s/it]
 53%|████████████████████████████████████████████████▎                                          | 191/360 [05:29<03:16,  1.16s/it]
 53%|████████████████████████████████████████████████▌                                          | 192/360 [05:30<03:04,  1.10s/it]
 54%|████████████████████████████████████████████████▊                                          | 193/360 [05:31<02:57,  1.06s/it]
 54%|█████████████████████████████████████████████████                                          | 194/360 [05:32<02:52,  1.04s/it]
 54%|█████████████████████████████████████████████████▎                                         | 195/360 [05:33<02:47,  1.01s/it]
 54%|█████████████████████████████████████████████████▌                                         | 196/360 [05:34<02:43,  1.00it/s]
 55%|█████████████████████████████████████████████████▊                                         | 197/360 [05:35<02:40,  1.01it/s]
 55%|██████████████████████████████████████████████████                                         | 198/360 [05:36<02:38,  1.03it/s]
 55%|██████████████████████████████████████████████████▎                                        | 199/360 [05:37<02:35,  1.03it/s]
 56%|██████████████████████████████████████████████████▌                                        | 200/360 [05:38<02:34,  1.04it/s]
                                                                                                                                  

 56%|██████████████████████████████████████████████████▌                                        | 200/360 [05:38<02:34,  1.04it/s]
 56%|██████████████████████████████████████████████████▊                                        | 201/360 [05:39<02:32,  1.04it/s]
 56%|███████████████████████████████████████████████████                                        | 202/360 [05:40<02:31,  1.04it/s]
 56%|███████████████████████████████████████████████████▎                                       | 203/360 [05:41<02:30,  1.05it/s]
 57%|███████████████████████████████████████████████████▌                                       | 204/360 [05:42<02:29,  1.04it/s]
 57%|███████████████████████████████████████████████████▊                                       | 205/360 [05:43<02:41,  1.04s/it]
 57%|████████████████████████████████████████████████████                                       | 206/360 [05:44<02:37,  1.02s/it]
 57%|████████████████████████████████████████████████████▎                                      | 207/360 [05:45<02:33,  1.00s/it]
 58%|████████████████████████████████████████████████████▌                                      | 208/360 [05:46<02:30,  1.01it/s]
 58%|████████████████████████████████████████████████████▊                                      | 209/360 [05:47<02:28,  1.02it/s]
 58%|█████████████████████████████████████████████████████                                      | 210/360 [05:47<01:57,  1.27it/s]{'loss': '0.3996', 'grad_norm': '1.79', 'learning_rate': '2.455e-05', 'epoch': '6.684'}


Writing model shards:   0%|                                                                                 | 0/1 [00:00<?, ?it/s][A

Writing model shards: 100%|█████████████████████████████████████████████████████████████████████████| 1/1 [00:07<00:00,  7.81s/it][A
Writing model shards: 100%|█████████████████████████████████████████████████████████████████████████| 1/1 [00:07<00:00,  7.81s/it]

 59%|█████████████████████████████████████████████████████▎                                     | 211/360 [06:11<19:10,  7.72s/it]
 59%|█████████████████████████████████████████████████████▌                                     | 212/360 [06:12<14:01,  5.69s/it]
 59%|█████████████████████████████████████████████████████▊                                     | 213/360 [06:13<10:27,  4.27s/it]
 59%|██████████████████████████████████████████████████████                                     | 214/360 [06:14<07:57,  3.27s/it]
 60%|██████████████████████████████████████████████████████▎                                    | 215/360 [06:15<06:13,  2.58s/it]
 60%|██████████████████████████████████████████████████████▌                                    | 216/360 [06:16<05:01,  2.09s/it]
 60%|██████████████████████████████████████████████████████▊                                    | 217/360 [06:17<04:10,  1.75s/it]
 61%|███████████████████████████████████████████████████████                                    | 218/360 [06:18<03:34,  1.51s/it]
 61%|███████████████████████████████████████████████████████▎                                   | 219/360 [06:19<03:09,  1.35s/it]
 61%|███████████████████████████████████████████████████████▌                                   | 220/360 [06:20<02:52,  1.23s/it]
 61%|███████████████████████████████████████████████████████▊                                   | 221/360 [06:21<02:39,  1.15s/it]
 62%|████████████████████████████████████████████████████████                                   | 222/360 [06:22<02:30,  1.09s/it]
 62%|████████████████████████████████████████████████████████▎                                  | 223/360 [06:23<02:23,  1.05s/it]
 62%|████████████████████████████████████████████████████████▌                                  | 224/360 [06:23<02:19,  1.02s/it]
 62%|████████████████████████████████████████████████████████▉                                  | 225/360 [06:24<02:15,  1.01s/it]
                                                                                                                                  

 62%|████████████████████████████████████████████████████████▉                                  | 225/360 [06:25<02:15,  1.01s/it]
 63%|█████████████████████████████████████████████████████████▏                                 | 226/360 [06:26<02:23,  1.07s/it]
 63%|█████████████████████████████████████████████████████████▍                                 | 227/360 [06:27<02:18,  1.04s/it]
 63%|█████████████████████████████████████████████████████████▋                                 | 228/360 [06:28<02:13,  1.01s/it]
 64%|█████████████████████████████████████████████████████████▉                                 | 229/360 [06:29<02:10,  1.00it/s]
 64%|██████████████████████████████████████████████████████████▏                                | 230/360 [06:30<02:07,  1.02it/s]
 64%|██████████████████████████████████████████████████████████▍                                | 231/360 [06:30<02:05,  1.02it/s]
 64%|██████████████████████████████████████████████████████████▋                                | 232/360 [06:31<02:04,  1.03it/s]
 65%|██████████████████████████████████████████████████████████▉                                | 233/360 [06:32<02:02,  1.03it/s]
 65%|███████████████████████████████████████████████████████████▏                               | 234/360 [06:33<02:01,  1.04it/s]
 65%|███████████████████████████████████████████████████████████▍                               | 235/360 [06:34<02:00,  1.04it/s]
 66%|███████████████████████████████████████████████████████████▋                               | 236/360 [06:35<01:59,  1.04it/s]
 66%|███████████████████████████████████████████████████████████▉                               | 237/360 [06:36<01:57,  1.04it/s]
 66%|████████████████████████████████████████████████████████████▏                              | 238/360 [06:37<01:56,  1.04it/s]
 66%|████████████████████████████████████████████████████████████▍                              | 239/360 [06:38<01:56,  1.04it/s]
 67%|████████████████████████████████████████████████████████████▋                              | 240/360 [06:38<01:32,  1.30it/s]{'loss': '0.359', 'grad_norm': '1.438', 'learning_rate': '2.076e-05', 'epoch': '7.513'}


Writing model shards:   0%|                                                                                 | 0/1 [00:00<?, ?it/s][A

Writing model shards: 100%|█████████████████████████████████████████████████████████████████████████| 1/1 [00:07<00:00,  7.43s/it][A
Writing model shards: 100%|█████████████████████████████████████████████████████████████████████████| 1/1 [00:07<00:00,  7.43s/it]

 67%|████████████████████████████████████████████████████████████▉                              | 241/360 [07:01<14:28,  7.30s/it]
 67%|█████████████████████████████████████████████████████████████▏                             | 242/360 [07:02<10:37,  5.40s/it]
 68%|█████████████████████████████████████████████████████████████▍                             | 243/360 [07:03<07:55,  4.07s/it]
 68%|█████████████████████████████████████████████████████████████▋                             | 244/360 [07:04<06:03,  3.13s/it]
 68%|█████████████████████████████████████████████████████████████▉                             | 245/360 [07:05<04:45,  2.48s/it]
 68%|██████████████████████████████████████████████████████████████▏                            | 246/360 [07:06<04:00,  2.11s/it]
 69%|██████████████████████████████████████████████████████████████▍                            | 247/360 [07:07<03:19,  1.76s/it]
 69%|██████████████████████████████████████████████████████████████▋                            | 248/360 [07:08<02:50,  1.52s/it]
 69%|██████████████████████████████████████████████████████████████▉                            | 249/360 [07:09<02:30,  1.35s/it]
 69%|███████████████████████████████████████████████████████████████▏                           | 250/360 [07:10<02:15,  1.23s/it]
                                                                                                                                  

 69%|███████████████████████████████████████████████████████████████▏                           | 250/360 [07:10<02:15,  1.23s/it]
 70%|███████████████████████████████████████████████████████████████▍                           | 251/360 [07:11<02:05,  1.15s/it]
 70%|███████████████████████████████████████████████████████████████▋                           | 252/360 [07:12<01:57,  1.09s/it]
 70%|███████████████████████████████████████████████████████████████▉                           | 253/360 [07:13<01:52,  1.05s/it]
 71%|████████████████████████████████████████████████████████████████▏                          | 254/360 [07:14<01:48,  1.02s/it]
 71%|████████████████████████████████████████████████████████████████▍                          | 255/360 [07:15<01:45,  1.00s/it]
 71%|████████████████████████████████████████████████████████████████▋                          | 256/360 [07:16<01:42,  1.01it/s]
 71%|████████████████████████████████████████████████████████████████▉                          | 257/360 [07:17<01:40,  1.02it/s]
 72%|█████████████████████████████████████████████████████████████████▏                         | 258/360 [07:18<01:39,  1.03it/s]
 72%|█████████████████████████████████████████████████████████████████▍                         | 259/360 [07:18<01:37,  1.04it/s]
 72%|█████████████████████████████████████████████████████████████████▋                         | 260/360 [07:19<01:36,  1.04it/s]
 72%|█████████████████████████████████████████████████████████████████▉                         | 261/360 [07:20<01:34,  1.04it/s]
 73%|██████████████████████████████████████████████████████████████████▏                        | 262/360 [07:21<01:33,  1.04it/s]
 73%|██████████████████████████████████████████████████████████████████▍                        | 263/360 [07:22<01:32,  1.04it/s]
 73%|██████████████████████████████████████████████████████████████████▋                        | 264/360 [07:23<01:31,  1.05it/s]
 74%|██████████████████████████████████████████████████████████████████▉                        | 265/360 [07:24<01:31,  1.04it/s]
 74%|███████████████████████████████████████████████████████████████████▏                       | 266/360 [07:25<01:36,  1.03s/it]
 74%|███████████████████████████████████████████████████████████████████▍                       | 267/360 [07:26<01:33,  1.01s/it]
 74%|███████████████████████████████████████████████████████████████████▋                       | 268/360 [07:27<01:31,  1.01it/s]
 75%|███████████████████████████████████████████████████████████████████▉                       | 269/360 [07:28<01:29,  1.02it/s]
 75%|████████████████████████████████████████████████████████████████████▎                      | 270/360 [07:29<01:10,  1.28it/s]{'loss': '0.3071', 'grad_norm': '1.2', 'learning_rate': '1.697e-05', 'epoch': '8.342'}


Writing model shards:   0%|                                                                                 | 0/1 [00:00<?, ?it/s][A

Writing model shards: 100%|█████████████████████████████████████████████████████████████████████████| 1/1 [00:07<00:00,  7.07s/it][A
Writing model shards: 100%|█████████████████████████████████████████████████████████████████████████| 1/1 [00:07<00:00,  7.07s/it]

 75%|████████████████████████████████████████████████████████████████████▌                      | 271/360 [07:50<10:31,  7.09s/it]
 76%|████████████████████████████████████████████████████████████████████▊                      | 272/360 [07:51<07:42,  5.25s/it]
 76%|█████████████████████████████████████████████████████████████████████                      | 273/360 [07:52<05:44,  3.96s/it]
 76%|█████████████████████████████████████████████████████████████████████▎                     | 274/360 [07:53<04:23,  3.06s/it]
 76%|█████████████████████████████████████████████████████████████████████▌                     | 275/360 [07:54<03:26,  2.43s/it]
                                                                                                                                  

 76%|█████████████████████████████████████████████████████████████████████▌                     | 275/360 [07:54<03:26,  2.43s/it]
 77%|█████████████████████████████████████████████████████████████████████▊                     | 276/360 [07:55<02:47,  1.99s/it]
 77%|██████████████████████████████████████████████████████████████████████                     | 277/360 [07:56<02:19,  1.68s/it]
 77%|██████████████████████████████████████████████████████████████████████▎                    | 278/360 [07:57<02:00,  1.47s/it]
 78%|██████████████████████████████████████████████████████████████████████▌                    | 279/360 [07:58<01:46,  1.31s/it]
 78%|██████████████████████████████████████████████████████████████████████▊                    | 280/360 [07:59<01:36,  1.20s/it]
 78%|███████████████████████████████████████████████████████████████████████                    | 281/360 [08:00<01:29,  1.13s/it]
 78%|███████████████████████████████████████████████████████████████████████▎                   | 282/360 [08:01<01:23,  1.08s/it]
 79%|███████████████████████████████████████████████████████████████████████▌                   | 283/360 [08:02<01:20,  1.04s/it]
 79%|███████████████████████████████████████████████████████████████████████▊                   | 284/360 [08:03<01:17,  1.01s/it]
 79%|████████████████████████████████████████████████████████████████████████                   | 285/360 [08:04<01:14,  1.00it/s]
 79%|████████████████████████████████████████████████████████████████████████▎                  | 286/360 [08:05<01:18,  1.06s/it]
 80%|████████████████████████████████████████████████████████████████████████▌                  | 287/360 [08:06<01:15,  1.03s/it]
 80%|████████████████████████████████████████████████████████████████████████▊                  | 288/360 [08:07<01:12,  1.01s/it]
 80%|█████████████████████████████████████████████████████████████████████████                  | 289/360 [08:08<01:10,  1.01it/s]
 81%|█████████████████████████████████████████████████████████████████████████▎                 | 290/360 [08:09<01:08,  1.02it/s]
 81%|█████████████████████████████████████████████████████████████████████████▌                 | 291/360 [08:10<01:07,  1.03it/s]
 81%|█████████████████████████████████████████████████████████████████████████▊                 | 292/360 [08:11<01:05,  1.04it/s]
 81%|██████████████████████████████████████████████████████████████████████████                 | 293/360 [08:12<01:04,  1.04it/s]
 82%|██████████████████████████████████████████████████████████████████████████▎                | 294/360 [08:13<01:03,  1.04it/s]
 82%|██████████████████████████████████████████████████████████████████████████▌                | 295/360 [08:14<01:02,  1.04it/s]
 82%|██████████████████████████████████████████████████████████████████████████▊                | 296/360 [08:15<01:01,  1.04it/s]
 82%|███████████████████████████████████████████████████████████████████████████                | 297/360 [08:16<01:00,  1.05it/s]
 83%|███████████████████████████████████████████████████████████████████████████▎               | 298/360 [08:16<00:59,  1.05it/s]
 83%|███████████████████████████████████████████████████████████████████████████▌               | 299/360 [08:17<00:58,  1.05it/s]
 83%|███████████████████████████████████████████████████████████████████████████▊               | 300/360 [08:18<00:45,  1.31it/s]
                                                                                                                                  

 83%|███████████████████████████████████████████████████████████████████████████▊               | 300/360 [08:18<00:45,  1.31it/s]{'loss': '0.2648', 'grad_norm': '1.234', 'learning_rate': '1.318e-05', 'epoch': '9.171'}
{'loss': '0.2472', 'grad_norm': '4.859', 'learning_rate': '9.394e-06', 'epoch': '10'}


Writing model shards:   0%|                                                                                 | 0/1 [00:00<?, ?it/s][A

Writing model shards: 100%|█████████████████████████████████████████████████████████████████████████| 1/1 [00:07<00:00,  7.72s/it][A
Writing model shards: 100%|█████████████████████████████████████████████████████████████████████████| 1/1 [00:07<00:00,  7.72s/it]

 84%|████████████████████████████████████████████████████████████████████████████               | 301/360 [08:41<07:17,  7.42s/it]
 84%|████████████████████████████████████████████████████████████████████████████▎              | 302/360 [08:42<05:17,  5.48s/it]
 84%|████████████████████████████████████████████████████████████████████████████▌              | 303/360 [08:43<03:54,  4.12s/it]
 84%|████████████████████████████████████████████████████████████████████████████▊              | 304/360 [08:44<02:57,  3.17s/it]
 85%|█████████████████████████████████████████████████████████████████████████████              | 305/360 [08:45<02:18,  2.51s/it]
 85%|█████████████████████████████████████████████████████████████████████████████▎             | 306/360 [08:46<01:50,  2.05s/it]
 85%|█████████████████████████████████████████████████████████████████████████████▌             | 307/360 [08:47<01:35,  1.80s/it]
 86%|█████████████████████████████████████████████████████████████████████████████▊             | 308/360 [08:48<01:20,  1.55s/it]
 86%|██████████████████████████████████████████████████████████████████████████████             | 309/360 [08:49<01:09,  1.37s/it]
 86%|██████████████████████████████████████████████████████████████████████████████▎            | 310/360 [08:50<01:02,  1.25s/it]
 86%|██████████████████████████████████████████████████████████████████████████████▌            | 311/360 [08:51<00:56,  1.16s/it]
 87%|██████████████████████████████████████████████████████████████████████████████▊            | 312/360 [08:52<00:52,  1.10s/it]
 87%|███████████████████████████████████████████████████████████████████████████████            | 313/360 [08:52<00:49,  1.06s/it]
 87%|███████████████████████████████████████████████████████████████████████████████▎           | 314/360 [08:53<00:47,  1.03s/it]
 88%|███████████████████████████████████████████████████████████████████████████████▋           | 315/360 [08:54<00:45,  1.01s/it]
 88%|███████████████████████████████████████████████████████████████████████████████▉           | 316/360 [08:55<00:43,  1.01it/s]
 88%|████████████████████████████████████████████████████████████████████████████████▏          | 317/360 [08:56<00:42,  1.02it/s]
 88%|████████████████████████████████████████████████████████████████████████████████▍          | 318/360 [08:57<00:40,  1.03it/s]
 89%|████████████████████████████████████████████████████████████████████████████████▋          | 319/360 [08:58<00:39,  1.04it/s]
 89%|████████████████████████████████████████████████████████████████████████████████▉          | 320/360 [08:59<00:38,  1.04it/s]
 89%|█████████████████████████████████████████████████████████████████████████████████▏         | 321/360 [09:00<00:37,  1.05it/s]
 89%|█████████████████████████████████████████████████████████████████████████████████▍         | 322/360 [09:01<00:36,  1.05it/s]
 90%|█████████████████████████████████████████████████████████████████████████████████▋         | 323/360 [09:02<00:35,  1.06it/s]
 90%|█████████████████████████████████████████████████████████████████████████████████▉         | 324/360 [09:03<00:34,  1.06it/s]
 90%|██████████████████████████████████████████████████████████████████████████████████▏        | 325/360 [09:04<00:32,  1.06it/s]
                                                                                                                                  

 90%|██████████████████████████████████████████████████████████████████████████████████▏        | 325/360 [09:04<00:32,  1.06it/s]
 91%|██████████████████████████████████████████████████████████████████████████████████▍        | 326/360 [09:05<00:31,  1.06it/s]
 91%|██████████████████████████████████████████████████████████████████████████████████▋        | 327/360 [09:06<00:33,  1.02s/it]
 91%|██████████████████████████████████████████████████████████████████████████████████▉        | 328/360 [09:07<00:31,  1.00it/s]
 91%|███████████████████████████████████████████████████████████████████████████████████▏       | 329/360 [09:08<00:30,  1.02it/s]
 92%|███████████████████████████████████████████████████████████████████████████████████▍       | 330/360 [09:08<00:23,  1.28it/s]{'loss': '0.2245', 'grad_norm': '1.618', 'learning_rate': '5.606e-06', 'epoch': '10.85'}


Writing model shards:   0%|                                                                                 | 0/1 [00:00<?, ?it/s][A

Writing model shards: 100%|█████████████████████████████████████████████████████████████████████████| 1/1 [00:07<00:00,  7.51s/it][A
Writing model shards: 100%|█████████████████████████████████████████████████████████████████████████| 1/1 [00:07<00:00,  7.51s/it]

 92%|███████████████████████████████████████████████████████████████████████████████████▋       | 331/360 [09:31<03:32,  7.33s/it]
 92%|███████████████████████████████████████████████████████████████████████████████████▉       | 332/360 [09:32<02:31,  5.41s/it]
 92%|████████████████████████████████████████████████████████████████████████████████████▏      | 333/360 [09:33<01:49,  4.07s/it]
 93%|████████████████████████████████████████████████████████████████████████████████████▍      | 334/360 [09:34<01:21,  3.14s/it]
 93%|████████████████████████████████████████████████████████████████████████████████████▋      | 335/360 [09:35<01:02,  2.49s/it]
 93%|████████████████████████████████████████████████████████████████████████████████████▉      | 336/360 [09:36<00:48,  2.03s/it]
 94%|█████████████████████████████████████████████████████████████████████████████████████▏     | 337/360 [09:37<00:39,  1.71s/it]
 94%|█████████████████████████████████████████████████████████████████████████████████████▍     | 338/360 [09:37<00:32,  1.48s/it]
 94%|█████████████████████████████████████████████████████████████████████████████████████▋     | 339/360 [09:38<00:27,  1.32s/it]
 94%|█████████████████████████████████████████████████████████████████████████████████████▉     | 340/360 [09:39<00:24,  1.21s/it]
 95%|██████████████████████████████████████████████████████████████████████████████████████▏    | 341/360 [09:40<00:21,  1.14s/it]
 95%|██████████████████████████████████████████████████████████████████████████████████████▍    | 342/360 [09:41<00:19,  1.08s/it]
 95%|██████████████████████████████████████████████████████████████████████████████████████▋    | 343/360 [09:42<00:17,  1.04s/it]
 96%|██████████████████████████████████████████████████████████████████████████████████████▉    | 344/360 [09:43<00:16,  1.01s/it]
 96%|███████████████████████████████████████████████████████████████████████████████████████▏   | 345/360 [09:44<00:14,  1.01it/s]
 96%|███████████████████████████████████████████████████████████████████████████████████████▍   | 346/360 [09:45<00:13,  1.02it/s]
 96%|███████████████████████████████████████████████████████████████████████████████████████▋   | 347/360 [09:46<00:13,  1.06s/it]
 97%|███████████████████████████████████████████████████████████████████████████████████████▉   | 348/360 [09:47<00:12,  1.02s/it]
 97%|████████████████████████████████████████████████████████████████████████████████████████▏  | 349/360 [09:48<00:11,  1.00s/it]
 97%|████████████████████████████████████████████████████████████████████████████████████████▍  | 350/360 [09:49<00:09,  1.01it/s]
                                                                                                                                  

 97%|████████████████████████████████████████████████████████████████████████████████████████▍  | 350/360 [09:49<00:09,  1.01it/s]
 98%|████████████████████████████████████████████████████████████████████████████████████████▋  | 351/360 [09:50<00:08,  1.03it/s]
 98%|████████████████████████████████████████████████████████████████████████████████████████▉  | 352/360 [09:51<00:07,  1.04it/s]
 98%|█████████████████████████████████████████████████████████████████████████████████████████▏ | 353/360 [09:52<00:06,  1.04it/s]
 98%|█████████████████████████████████████████████████████████████████████████████████████████▍ | 354/360 [09:53<00:05,  1.04it/s]
 99%|█████████████████████████████████████████████████████████████████████████████████████████▋ | 355/360 [09:54<00:04,  1.03it/s]
 99%|█████████████████████████████████████████████████████████████████████████████████████████▉ | 356/360 [09:55<00:03,  1.03it/s]
 99%|██████████████████████████████████████████████████████████████████████████████████████████▏| 357/360 [09:56<00:02,  1.04it/s]
 99%|██████████████████████████████████████████████████████████████████████████████████████████▍| 358/360 [09:57<00:01,  1.04it/s]
100%|██████████████████████████████████████████████████████████████████████████████████████████▋| 359/360 [09:58<00:00,  1.04it/s]
100%|███████████████████████████████████████████████████████████████████████████████████████████| 360/360 [09:58<00:00,  1.30it/s]{'loss': '0.2056', 'grad_norm': '0.9811', 'learning_rate': '1.818e-06', 'epoch': '11.68'}


Writing model shards:   0%|                                                                                 | 0/1 [00:00<?, ?it/s][A

Writing model shards: 100%|█████████████████████████████████████████████████████████████████████████| 1/1 [00:07<00:00,  7.03s/it][A
Writing model shards: 100%|█████████████████████████████████████████████████████████████████████████| 1/1 [00:07<00:00,  7.03s/it]

                                                                                                                                  

100%|███████████████████████████████████████████████████████████████████████████████████████████| 360/360 [10:19<00:00,  1.30it/s]
100%|███████████████████████████████████████████████████████████████████████████████████████████| 360/360 [10:19<00:00,  1.72s/it]
{'train_runtime': '619.4', 'train_samples_per_second': '9.009', 'train_steps_per_second': '0.581', 'train_loss': '0.7125', 'epoch': '12'}

  0%|                                                                                                      | 0/17 [00:00<?, ?it/s]
 24%|██████████████████████                                                                        | 4/17 [00:00<00:00, 27.16it/s]
 41%|██████████████████████████████████████▋                                                       | 7/17 [00:00<00:00, 23.43it/s]
 59%|██████████████████████████████████████████████████████▋                                      | 10/17 [00:00<00:00, 23.43it/s]
 76%|███████████████████████████████████████████████████████████████████████                      | 13/17 [00:00<00:00, 23.44it/s]
 94%|███████████████████████████████████████████████████████████████████████████████████████▌     | 16/17 [00:00<00:00, 23.38it/s]
100%|█████████████████████████████████████████████████████████████████████████████████████████████| 17/17 [00:00<00:00, 23.38it/s]

Writing model shards:   0%|                                                                                 | 0/1 [00:00<?, ?it/s]
Writing model shards: 100%|█████████████████████████████████████████████████████████████████████████| 1/1 [00:07<00:00,  7.83s/it]
Writing model shards: 100%|█████████████████████████████████████████████████████████████████████████| 1/1 [00:07<00:00,  7.83s/it]

Loading weights:   0%|                                                                                    | 0/772 [00:00<?, ?it/s]
Loading weights:   0%|▏                                                                           | 2/772 [00:00<00:51, 14.87it/s]
Loading weights:   3%|██▎                                                                       | 24/772 [00:00<00:06, 111.94it/s]
Loading weights:  10%|███████▋                                                                  | 80/772 [00:00<00:02, 293.33it/s]
Loading weights:  26%|██████████████████▉                                                      | 200/772 [00:00<00:00, 617.56it/s]
Loading weights:  42%|██████████████████████████████▌                                          | 323/772 [00:00<00:00, 826.06it/s]
Loading weights:  57%|█████████████████████████████████████████▌                               | 439/772 [00:00<00:00, 926.56it/s]
Loading weights:  73%|████████████████████████████████████████████████████▌                   | 564/772 [00:00<00:00, 1014.93it/s]
Loading weights:  89%|████████████████████████████████████████████████████████████████▎       | 690/772 [00:00<00:00, 1087.80it/s]
Loading weights: 100%|█████████████████████████████████████████████████████████████████████████| 772/772 [00:00<00:00, 823.86it/s]

Loading weights:   0%|                                                                                    | 0/772 [00:00<?, ?it/s]
Loading weights:  21%|██████████████▊                                                         | 159/772 [00:00<00:00, 1589.72it/s]
Loading weights:  41%|█████████████████████████████▋                                          | 318/772 [00:00<00:00, 1478.07it/s]
Loading weights:  60%|███████████████████████████████████████████▌                            | 467/772 [00:00<00:00, 1403.68it/s]
Loading weights:  79%|████████████████████████████████████████████████████████▋               | 608/772 [00:00<00:00, 1352.74it/s]
Loading weights:  96%|█████████████████████████████████████████████████████████████████████▍  | 744/772 [00:00<00:00, 1291.56it/s]
Loading weights: 100%|████████████████████████████████████████████████████████████████████████| 772/772 [00:00<00:00, 1371.46it/s]

Loading weights:   0%|                                                                                    | 0/772 [00:00<?, ?it/s]
Loading weights:   4%|██▉                                                                       | 30/772 [00:00<00:02, 297.17it/s]
Loading weights:  10%|███████▋                                                                  | 80/772 [00:00<00:01, 410.76it/s]
Loading weights:  16%|███████████▌                                                             | 122/772 [00:00<00:01, 409.04it/s]
Loading weights:  22%|███████████████▋                                                         | 166/772 [00:00<00:01, 409.21it/s]
Loading weights:  27%|███████████████████▌                                                     | 207/772 [00:00<00:01, 396.66it/s]
Loading weights:  32%|███████████████████████▎                                                 | 247/772 [00:00<00:01, 373.93it/s]
Loading weights:  37%|██████████████████████████▉                                              | 285/772 [00:00<00:01, 367.44it/s]
Loading weights:  42%|██████████████████████████████▊                                          | 326/772 [00:00<00:01, 366.50it/s]
Loading weights:  47%|██████████████████████████████████▎                                      | 363/772 [00:00<00:01, 362.01it/s]
Loading weights:  53%|██████████████████████████████████████▍                                  | 406/772 [00:01<00:01, 365.35it/s]
Loading weights:  57%|█████████████████████████████████████████▉                               | 443/772 [00:01<00:00, 360.60it/s]
Loading weights:  63%|█████████████████████████████████████████████▉                           | 486/772 [00:01<00:00, 364.94it/s]
Loading weights:  68%|█████████████████████████████████████████████████▍                       | 523/772 [00:01<00:00, 361.17it/s]
Loading weights:  73%|█████████████████████████████████████████████████████▌                   | 566/772 [00:01<00:00, 365.33it/s]
Loading weights:  78%|█████████████████████████████████████████████████████████                | 603/772 [00:01<00:00, 361.56it/s]
Loading weights:  84%|█████████████████████████████████████████████████████████████            | 646/772 [00:01<00:00, 365.51it/s]
Loading weights:  88%|████████████████████████████████████████████████████████████████▌        | 683/772 [00:01<00:00, 361.48it/s]
Loading weights:  94%|████████████████████████████████████████████████████████████████████▋    | 726/772 [00:01<00:00, 366.05it/s]
Loading weights:  99%|████████████████████████████████████████████████████████████████████████▏| 763/772 [00:02<00:00, 360.98it/s]
Loading weights: 100%|█████████████████████████████████████████████████████████████████████████| 772/772 [00:02<00:00, 371.09it/s]

Loading weights:   0%|                                                                                    | 0/772 [00:00<?, ?it/s]
Loading weights:   5%|███▋                                                                      | 38/772 [00:00<00:01, 375.10it/s]
Loading weights:  12%|█████████                                                                 | 94/772 [00:00<00:01, 481.31it/s]
Loading weights:  22%|███████████████▉                                                         | 168/772 [00:00<00:01, 584.24it/s]
Loading weights:  32%|███████████████████████▎                                                 | 246/772 [00:00<00:00, 647.64it/s]
Loading weights:  41%|██████████████████████████████▎                                          | 320/772 [00:00<00:00, 679.60it/s]
Loading weights:  51%|█████████████████████████████████████                                    | 392/772 [00:00<00:00, 681.09it/s]
Loading weights:  61%|████████████████████████████████████████████▍                            | 470/772 [00:00<00:00, 703.19it/s]
Loading weights:  70%|███████████████████████████████████████████████████▎                     | 542/772 [00:00<00:00, 707.51it/s]
Loading weights:  80%|██████████████████████████████████████████████████████████               | 614/772 [00:00<00:00, 709.75it/s]
Loading weights:  89%|████████████████████████████████████████████████████████████████▊        | 686/772 [00:01<00:00, 710.94it/s]
Loading weights:  98%|███████████████████████████████████████████████████████████████████████▋ | 758/772 [00:01<00:00, 710.42it/s]
Loading weights: 100%|█████████████████████████████████████████████████████████████████████████| 772/772 [00:01<00:00, 676.18it/s]
