<local-root>/miniconda3/lib/python3.13/site-packages/torch/cuda/__init__.py:61: FutureWarning: The pynvml package is deprecated. Please install nvidia-ml-py instead. If you did not install pynvml directly, please report this to the maintainers of the package that installed pynvml for you.
  import pynvml  # type: ignore[import]
Skipping import of cpp extensions due to incompatible torch version. Please upgrade to torch >= 2.11.0 (found 2.7.1+cu118).

Loading weights:   0%|                                                                                     | 0/76 [00:00<?, ?it/s]
Loading weights: 100%|█████████████████████████████████████████████████████████████████████████| 76/76 [00:00<00:00, 12328.55it/s]
[RANK 0] Detected kernel version 5.4.0, which is below the recommended minimum of 5.5.0; this can cause the process to hang. It is recommended to upgrade the kernel to the minimum version or higher.

  0%|                                                                                                     | 0/600 [00:00<?, ?it/s][transformers] `loss_type=None` was set in the config but it is unrecognized. Using the default loss: `ForCausalLMLoss`.

  0%|▏                                                                                            | 1/600 [00:00<03:00,  3.33it/s]
  0%|▍                                                                                            | 3/600 [00:00<01:20,  7.42it/s]
  1%|▊                                                                                            | 5/600 [00:00<00:58, 10.25it/s]
  1%|█                                                                                            | 7/600 [00:00<00:48, 12.11it/s]
  2%|█▍                                                                                           | 9/600 [00:00<00:44, 13.38it/s]
  2%|█▋                                                                                          | 11/600 [00:00<00:41, 14.25it/s]
  2%|█▉                                                                                          | 13/600 [00:01<00:39, 14.83it/s]
  2%|██▎                                                                                         | 15/600 [00:01<00:38, 15.20it/s]
  3%|██▌                                                                                         | 17/600 [00:01<00:37, 15.50it/s]
  3%|██▉                                                                                         | 19/600 [00:01<00:36, 15.71it/s]
  4%|███▏                                                                                        | 21/600 [00:01<00:36, 15.85it/s]
  4%|███▌                                                                                        | 23/600 [00:01<00:36, 15.95it/s]
  4%|███▊                                                                                        | 25/600 [00:01<00:35, 16.02it/s]
                                                                                                                                  

  4%|███▊                                                                                        | 25/600 [00:01<00:35, 16.02it/s]
  4%|████▏                                                                                       | 27/600 [00:01<00:36, 15.87it/s]
  5%|████▍                                                                                       | 29/600 [00:02<00:35, 15.93it/s]{'loss': '4.106', 'grad_norm': '6.649', 'learning_rate': '3.667e-05', 'epoch': '0.8475'}


Writing model shards:   0%|                                                                                 | 0/1 [00:00<?, ?it/s][A

Writing model shards: 100%|█████████████████████████████████████████████████████████████████████████| 1/1 [00:00<00:00,  2.38it/s][A
Writing model shards: 100%|█████████████████████████████████████████████████████████████████████████| 1/1 [00:00<00:00,  2.38it/s]

  5%|████▊                                                                                       | 31/600 [00:03<02:15,  4.21it/s]
  6%|█████                                                                                       | 33/600 [00:03<01:44,  5.42it/s]
  6%|█████▎                                                                                      | 35/600 [00:03<01:23,  6.77it/s]
  6%|█████▋                                                                                      | 37/600 [00:03<01:08,  8.20it/s]
  6%|█████▉                                                                                      | 39/600 [00:03<00:58,  9.63it/s]
  7%|██████▎                                                                                     | 41/600 [00:03<00:51, 10.96it/s]
  7%|██████▌                                                                                     | 43/600 [00:04<00:45, 12.13it/s]
  8%|██████▉                                                                                     | 45/600 [00:04<00:42, 13.10it/s]
  8%|███████▏                                                                                    | 47/600 [00:04<00:39, 13.87it/s]
  8%|███████▌                                                                                    | 49/600 [00:04<00:38, 14.49it/s]
                                                                                                                                  

  8%|███████▋                                                                                    | 50/600 [00:04<00:37, 14.49it/s]
  8%|███████▊                                                                                    | 51/600 [00:04<00:36, 14.95it/s]
  9%|████████▏                                                                                   | 53/600 [00:04<00:35, 15.31it/s]
  9%|████████▍                                                                                   | 55/600 [00:04<00:35, 15.56it/s]
 10%|████████▋                                                                                   | 57/600 [00:04<00:34, 15.75it/s]
 10%|█████████                                                                                   | 59/600 [00:05<00:34, 15.87it/s]{'loss': '2.686', 'grad_norm': '5.773', 'learning_rate': '4.851e-05', 'epoch': '1.678'}


Writing model shards:   0%|                                                                                 | 0/1 [00:00<?, ?it/s][A

Writing model shards: 100%|█████████████████████████████████████████████████████████████████████████| 1/1 [00:00<00:00,  2.73it/s][A
Writing model shards: 100%|█████████████████████████████████████████████████████████████████████████| 1/1 [00:00<00:00,  2.73it/s]

 10%|█████████▎                                                                                  | 61/600 [00:06<01:57,  4.60it/s]
 10%|█████████▋                                                                                  | 63/600 [00:06<01:31,  5.86it/s]
 11%|█████████▉                                                                                  | 65/600 [00:06<01:13,  7.25it/s]
 11%|██████████▎                                                                                 | 67/600 [00:06<01:01,  8.69it/s]
 12%|██████████▌                                                                                 | 69/600 [00:06<00:52, 10.09it/s]
 12%|██████████▉                                                                                 | 71/600 [00:06<00:46, 11.38it/s]
 12%|███████████▏                                                                                | 73/600 [00:06<00:42, 12.49it/s]
 12%|███████████▌                                                                                | 75/600 [00:07<00:39, 13.40it/s]
                                                                                                                                  

 12%|███████████▌                                                                                | 75/600 [00:07<00:39, 13.40it/s]
 13%|███████████▊                                                                                | 77/600 [00:07<00:37, 14.12it/s]
 13%|████████████                                                                                | 79/600 [00:07<00:35, 14.69it/s]
 14%|████████████▍                                                                               | 81/600 [00:07<00:34, 15.11it/s]
 14%|████████████▋                                                                               | 83/600 [00:07<00:33, 15.30it/s]
 14%|█████████████                                                                               | 85/600 [00:07<00:33, 15.55it/s]
 14%|█████████████▎                                                                              | 87/600 [00:07<00:32, 15.74it/s]
 15%|█████████████▋                                                                              | 89/600 [00:07<00:32, 15.87it/s]{'loss': '2.017', 'grad_norm': '5.4', 'learning_rate': '4.64e-05', 'epoch': '2.508'}


Writing model shards:   0%|                                                                                 | 0/1 [00:00<?, ?it/s][A

Writing model shards: 100%|█████████████████████████████████████████████████████████████████████████| 1/1 [00:00<00:00,  2.58it/s][A
Writing model shards: 100%|█████████████████████████████████████████████████████████████████████████| 1/1 [00:00<00:00,  2.58it/s]

 15%|█████████████▉                                                                              | 91/600 [00:09<02:07,  3.99it/s]
 16%|██████████████▎                                                                             | 93/600 [00:09<01:38,  5.16it/s]
 16%|██████████████▌                                                                             | 95/600 [00:09<01:17,  6.49it/s]
 16%|██████████████▊                                                                             | 97/600 [00:09<01:03,  7.91it/s]
 16%|███████████████▏                                                                            | 99/600 [00:09<00:53,  9.34it/s]
                                                                                                                                  

 17%|███████████████▏                                                                           | 100/600 [00:09<00:53,  9.34it/s]
 17%|███████████████▎                                                                           | 101/600 [00:09<00:46, 10.70it/s]
 17%|███████████████▌                                                                           | 103/600 [00:10<00:41, 11.91it/s]
 18%|███████████████▉                                                                           | 105/600 [00:10<00:38, 12.94it/s]
 18%|████████████████▏                                                                          | 107/600 [00:10<00:35, 13.77it/s]
 18%|████████████████▌                                                                          | 109/600 [00:10<00:34, 14.41it/s]
 18%|████████████████▊                                                                          | 111/600 [00:10<00:32, 14.87it/s]
 19%|█████████████████▏                                                                         | 113/600 [00:10<00:31, 15.25it/s]
 19%|█████████████████▍                                                                         | 115/600 [00:10<00:31, 15.52it/s]
 20%|█████████████████▋                                                                         | 117/600 [00:10<00:30, 15.71it/s]
 20%|██████████████████                                                                         | 119/600 [00:11<00:30, 15.85it/s]{'loss': '1.784', 'grad_norm': '6.513', 'learning_rate': '4.421e-05', 'epoch': '3.339'}


Writing model shards:   0%|                                                                                 | 0/1 [00:00<?, ?it/s][A

Writing model shards: 100%|█████████████████████████████████████████████████████████████████████████| 1/1 [00:00<00:00,  2.45it/s][A
Writing model shards: 100%|█████████████████████████████████████████████████████████████████████████| 1/1 [00:00<00:00,  2.45it/s]

 20%|██████████████████▎                                                                        | 121/600 [00:12<01:59,  4.00it/s]
 20%|██████████████████▋                                                                        | 123/600 [00:12<01:32,  5.16it/s]
 21%|██████████████████▉                                                                        | 125/600 [00:12<01:13,  6.49it/s]
                                                                                                                                  

 21%|██████████████████▉                                                                        | 125/600 [00:12<01:13,  6.49it/s]
 21%|███████████████████▎                                                                       | 127/600 [00:12<00:59,  7.90it/s]
 22%|███████████████████▌                                                                       | 129/600 [00:12<00:50,  9.34it/s]
 22%|███████████████████▊                                                                       | 131/600 [00:13<00:43, 10.70it/s]
 22%|████████████████████▏                                                                      | 133/600 [00:13<00:39, 11.90it/s]
 22%|████████████████████▍                                                                      | 135/600 [00:13<00:35, 12.93it/s]
 23%|████████████████████▊                                                                      | 137/600 [00:13<00:33, 13.76it/s]
 23%|█████████████████████                                                                      | 139/600 [00:13<00:32, 14.28it/s]
 24%|█████████████████████▍                                                                     | 141/600 [00:13<00:31, 14.79it/s]
 24%|█████████████████████▋                                                                     | 143/600 [00:13<00:30, 15.17it/s]
 24%|█████████████████████▉                                                                     | 145/600 [00:13<00:29, 15.46it/s]
 24%|██████████████████████▎                                                                    | 147/600 [00:14<00:28, 15.67it/s]
 25%|██████████████████████▌                                                                    | 149/600 [00:14<00:28, 15.82it/s]
                                                                                                                                  

 25%|██████████████████████▊                                                                    | 150/600 [00:14<00:28, 15.82it/s]{'loss': '1.567', 'grad_norm': '6.89', 'learning_rate': '4.202e-05', 'epoch': '4.169'}
{'loss': '1.585', 'grad_norm': '20.11', 'learning_rate': '3.982e-05', 'epoch': '5'}


Writing model shards:   0%|                                                                                 | 0/1 [00:00<?, ?it/s][A

Writing model shards: 100%|█████████████████████████████████████████████████████████████████████████| 1/1 [00:00<00:00,  2.76it/s][A
Writing model shards: 100%|█████████████████████████████████████████████████████████████████████████| 1/1 [00:00<00:00,  2.76it/s]

 25%|██████████████████████▉                                                                    | 151/600 [00:15<01:44,  4.32it/s]
 26%|███████████████████████▏                                                                   | 153/600 [00:15<01:20,  5.53it/s]
 26%|███████████████████████▌                                                                   | 155/600 [00:15<01:04,  6.89it/s]
 26%|███████████████████████▊                                                                   | 157/600 [00:15<00:53,  8.32it/s]
 26%|████████████████████████                                                                   | 159/600 [00:15<00:45,  9.74it/s]
 27%|████████████████████████▍                                                                  | 161/600 [00:16<00:39, 11.06it/s]
 27%|████████████████████████▋                                                                  | 163/600 [00:16<00:35, 12.22it/s]
 28%|█████████████████████████                                                                  | 165/600 [00:16<00:33, 13.03it/s]
 28%|█████████████████████████▎                                                                 | 167/600 [00:16<00:31, 13.83it/s]
 28%|█████████████████████████▋                                                                 | 169/600 [00:16<00:29, 14.42it/s]
 28%|█████████████████████████▉                                                                 | 171/600 [00:16<00:28, 14.90it/s]
 29%|██████████████████████████▏                                                                | 173/600 [00:16<00:28, 15.21it/s]
 29%|██████████████████████████▌                                                                | 175/600 [00:16<00:27, 15.34it/s]
                                                                                                                                  

 29%|██████████████████████████▌                                                                | 175/600 [00:16<00:27, 15.34it/s]
 30%|██████████████████████████▊                                                                | 177/600 [00:17<00:27, 15.34it/s]
 30%|███████████████████████████▏                                                               | 179/600 [00:17<00:27, 15.43it/s]{'loss': '1.476', 'grad_norm': '6.272', 'learning_rate': '3.763e-05', 'epoch': '5.847'}


Writing model shards:   0%|                                                                                 | 0/1 [00:00<?, ?it/s][A

Writing model shards: 100%|█████████████████████████████████████████████████████████████████████████| 1/1 [00:00<00:00,  2.58it/s][A
Writing model shards: 100%|█████████████████████████████████████████████████████████████████████████| 1/1 [00:00<00:00,  2.58it/s]

 30%|███████████████████████████▍                                                               | 181/600 [00:18<01:43,  4.04it/s]
 30%|███████████████████████████▊                                                               | 183/600 [00:18<01:19,  5.22it/s]
 31%|████████████████████████████                                                               | 185/600 [00:18<01:03,  6.55it/s]
 31%|████████████████████████████▎                                                              | 187/600 [00:18<00:51,  7.97it/s]
 32%|████████████████████████████▋                                                              | 189/600 [00:19<00:43,  9.38it/s]
 32%|████████████████████████████▉                                                              | 191/600 [00:19<00:38, 10.71it/s]
 32%|█████████████████████████████▎                                                             | 193/600 [00:19<00:34, 11.92it/s]
 32%|█████████████████████████████▌                                                             | 195/600 [00:19<00:31, 12.91it/s]
 33%|█████████████████████████████▉                                                             | 197/600 [00:19<00:29, 13.75it/s]
 33%|██████████████████████████████▏                                                            | 199/600 [00:19<00:28, 14.22it/s]
                                                                                                                                  

 33%|██████████████████████████████▎                                                            | 200/600 [00:19<00:28, 14.22it/s]
 34%|██████████████████████████████▍                                                            | 201/600 [00:19<00:27, 14.74it/s]
 34%|██████████████████████████████▊                                                            | 203/600 [00:19<00:26, 15.08it/s]
 34%|███████████████████████████████                                                            | 205/600 [00:20<00:25, 15.38it/s]
 34%|███████████████████████████████▍                                                           | 207/600 [00:20<00:25, 15.61it/s]
 35%|███████████████████████████████▋                                                           | 209/600 [00:20<00:24, 15.75it/s]{'loss': '1.385', 'grad_norm': '6.176', 'learning_rate': '3.544e-05', 'epoch': '6.678'}


Writing model shards:   0%|                                                                                 | 0/1 [00:00<?, ?it/s][A

Writing model shards: 100%|█████████████████████████████████████████████████████████████████████████| 1/1 [00:00<00:00,  2.45it/s][A
Writing model shards: 100%|█████████████████████████████████████████████████████████████████████████| 1/1 [00:00<00:00,  2.45it/s]

 35%|████████████████████████████████                                                           | 211/600 [00:21<01:37,  3.97it/s]
 36%|████████████████████████████████▎                                                          | 213/600 [00:21<01:15,  5.13it/s]
 36%|████████████████████████████████▌                                                          | 215/600 [00:21<00:59,  6.46it/s]
 36%|████████████████████████████████▉                                                          | 217/600 [00:22<00:48,  7.87it/s]
 36%|█████████████████████████████████▏                                                         | 219/600 [00:22<00:40,  9.30it/s]
 37%|█████████████████████████████████▌                                                         | 221/600 [00:22<00:35, 10.67it/s]
 37%|█████████████████████████████████▊                                                         | 223/600 [00:22<00:31, 11.88it/s]
 38%|██████████████████████████████████▏                                                        | 225/600 [00:22<00:29, 12.80it/s]
                                                                                                                                  

 38%|██████████████████████████████████▏                                                        | 225/600 [00:22<00:29, 12.80it/s]
 38%|██████████████████████████████████▍                                                        | 227/600 [00:22<00:27, 13.65it/s]
 38%|██████████████████████████████████▋                                                        | 229/600 [00:22<00:25, 14.32it/s]
 38%|███████████████████████████████████                                                        | 231/600 [00:22<00:24, 14.83it/s]
 39%|███████████████████████████████████▎                                                       | 233/600 [00:23<00:24, 15.22it/s]
 39%|███████████████████████████████████▋                                                       | 235/600 [00:23<00:23, 15.49it/s]
 40%|███████████████████████████████████▉                                                       | 237/600 [00:23<00:23, 15.70it/s]
 40%|████████████████████████████████████▏                                                      | 239/600 [00:23<00:22, 15.75it/s]{'loss': '1.347', 'grad_norm': '5.665', 'learning_rate': '3.333e-05', 'epoch': '7.508'}


Writing model shards:   0%|                                                                                 | 0/1 [00:00<?, ?it/s][A

Writing model shards: 100%|█████████████████████████████████████████████████████████████████████████| 1/1 [00:00<00:00,  2.67it/s][A
Writing model shards: 100%|█████████████████████████████████████████████████████████████████████████| 1/1 [00:00<00:00,  2.66it/s]

 40%|████████████████████████████████████▌                                                      | 241/600 [00:24<01:34,  3.80it/s]
 40%|████████████████████████████████████▊                                                      | 243/600 [00:24<01:12,  4.92it/s]
 41%|█████████████████████████████████████▏                                                     | 245/600 [00:25<00:57,  6.22it/s]
 41%|█████████████████████████████████████▍                                                     | 247/600 [00:25<00:46,  7.63it/s]
 42%|█████████████████████████████████████▊                                                     | 249/600 [00:25<00:38,  9.06it/s]
                                                                                                                                  

 42%|█████████████████████████████████████▉                                                     | 250/600 [00:25<00:38,  9.06it/s]
 42%|██████████████████████████████████████                                                     | 251/600 [00:25<00:33, 10.44it/s]
 42%|██████████████████████████████████████▎                                                    | 253/600 [00:25<00:29, 11.67it/s]
 42%|██████████████████████████████████████▋                                                    | 255/600 [00:25<00:27, 12.74it/s]
 43%|██████████████████████████████████████▉                                                    | 257/600 [00:25<00:25, 13.60it/s]
 43%|███████████████████████████████████████▎                                                   | 259/600 [00:25<00:23, 14.28it/s]
 44%|███████████████████████████████████████▌                                                   | 261/600 [00:26<00:22, 14.80it/s]
 44%|███████████████████████████████████████▉                                                   | 263/600 [00:26<00:22, 15.18it/s]
 44%|████████████████████████████████████████▏                                                  | 265/600 [00:26<00:22, 14.91it/s]
 44%|████████████████████████████████████████▍                                                  | 267/600 [00:26<00:21, 15.27it/s]
 45%|████████████████████████████████████████▊                                                  | 269/600 [00:26<00:21, 15.49it/s]{'loss': '1.325', 'grad_norm': '5.833', 'learning_rate': '3.114e-05', 'epoch': '8.339'}


Writing model shards:   0%|                                                                                 | 0/1 [00:00<?, ?it/s][A

Writing model shards: 100%|█████████████████████████████████████████████████████████████████████████| 1/1 [00:00<00:00,  2.58it/s][A
Writing model shards: 100%|█████████████████████████████████████████████████████████████████████████| 1/1 [00:00<00:00,  2.58it/s]

 45%|█████████████████████████████████████████                                                  | 271/600 [00:28<01:27,  3.76it/s]
 46%|█████████████████████████████████████████▍                                                 | 273/600 [00:28<01:07,  4.88it/s]
 46%|█████████████████████████████████████████▋                                                 | 275/600 [00:28<00:52,  6.16it/s]
                                                                                                                                  

 46%|█████████████████████████████████████████▋                                                 | 275/600 [00:28<00:52,  6.16it/s]
 46%|██████████████████████████████████████████                                                 | 277/600 [00:28<00:42,  7.56it/s]
 46%|██████████████████████████████████████████▎                                                | 279/600 [00:28<00:35,  9.00it/s]
 47%|██████████████████████████████████████████▌                                                | 281/600 [00:28<00:30, 10.38it/s]
 47%|██████████████████████████████████████████▉                                                | 283/600 [00:28<00:27, 11.63it/s]
 48%|███████████████████████████████████████████▏                                               | 285/600 [00:28<00:24, 12.69it/s]
 48%|███████████████████████████████████████████▌                                               | 287/600 [00:29<00:23, 13.57it/s]
 48%|███████████████████████████████████████████▊                                               | 289/600 [00:29<00:21, 14.26it/s]
 48%|████████████████████████████████████████████▏                                              | 291/600 [00:29<00:20, 14.79it/s]
 49%|████████████████████████████████████████████▍                                              | 293/600 [00:29<00:20, 15.18it/s]
 49%|████████████████████████████████████████████▋                                              | 295/600 [00:29<00:19, 15.47it/s]
 50%|█████████████████████████████████████████████                                              | 297/600 [00:29<00:19, 15.68it/s]
 50%|█████████████████████████████████████████████▎                                             | 299/600 [00:29<00:19, 15.83it/s]
                                                                                                                                  

 50%|█████████████████████████████████████████████▌                                             | 300/600 [00:29<00:18, 15.83it/s]{'loss': '1.327', 'grad_norm': '6.211', 'learning_rate': '2.895e-05', 'epoch': '9.169'}
{'loss': '1.215', 'grad_norm': '24.49', 'learning_rate': '2.675e-05', 'epoch': '10'}


Writing model shards:   0%|                                                                                 | 0/1 [00:00<?, ?it/s][A

Writing model shards: 100%|█████████████████████████████████████████████████████████████████████████| 1/1 [00:00<00:00,  2.41it/s][A
Writing model shards: 100%|█████████████████████████████████████████████████████████████████████████| 1/1 [00:00<00:00,  2.41it/s]

 50%|█████████████████████████████████████████████▋                                             | 301/600 [00:31<01:16,  3.93it/s]
 50%|█████████████████████████████████████████████▉                                             | 303/600 [00:31<00:58,  5.08it/s]
 51%|██████████████████████████████████████████████▎                                            | 305/600 [00:31<00:46,  6.40it/s]
 51%|██████████████████████████████████████████████▌                                            | 307/600 [00:31<00:37,  7.81it/s]
 52%|██████████████████████████████████████████████▊                                            | 309/600 [00:31<00:31,  9.24it/s]
 52%|███████████████████████████████████████████████▏                                           | 311/600 [00:31<00:27, 10.60it/s]
 52%|███████████████████████████████████████████████▍                                           | 313/600 [00:31<00:24, 11.81it/s]
 52%|███████████████████████████████████████████████▊                                           | 315/600 [00:32<00:22, 12.84it/s]
 53%|████████████████████████████████████████████████                                           | 317/600 [00:32<00:20, 13.70it/s]
 53%|████████████████████████████████████████████████▍                                          | 319/600 [00:32<00:19, 14.34it/s]
 54%|████████████████████████████████████████████████▋                                          | 321/600 [00:32<00:18, 14.83it/s]
 54%|████████████████████████████████████████████████▉                                          | 323/600 [00:32<00:18, 15.21it/s]
 54%|█████████████████████████████████████████████████▎                                         | 325/600 [00:32<00:17, 15.46it/s]
                                                                                                                                  

 54%|█████████████████████████████████████████████████▎                                         | 325/600 [00:32<00:17, 15.46it/s]
 55%|█████████████████████████████████████████████████▌                                         | 327/600 [00:32<00:17, 15.66it/s]
 55%|█████████████████████████████████████████████████▉                                         | 329/600 [00:32<00:17, 15.65it/s]{'loss': '1.223', 'grad_norm': '5.495', 'learning_rate': '2.456e-05', 'epoch': '10.85'}


Writing model shards:   0%|                                                                                 | 0/1 [00:00<?, ?it/s][A

Writing model shards: 100%|█████████████████████████████████████████████████████████████████████████| 1/1 [00:00<00:00,  2.74it/s][A
Writing model shards: 100%|█████████████████████████████████████████████████████████████████████████| 1/1 [00:00<00:00,  2.74it/s]

 55%|██████████████████████████████████████████████████▏                                        | 331/600 [00:34<01:20,  3.33it/s]
 56%|██████████████████████████████████████████████████▌                                        | 333/600 [00:34<01:01,  4.38it/s]
 56%|██████████████████████████████████████████████████▊                                        | 335/600 [00:34<00:47,  5.60it/s]
 56%|███████████████████████████████████████████████████                                        | 337/600 [00:35<00:37,  6.97it/s]
 56%|███████████████████████████████████████████████████▍                                       | 339/600 [00:35<00:31,  8.40it/s]
 57%|███████████████████████████████████████████████████▋                                       | 341/600 [00:35<00:26,  9.81it/s]
 57%|████████████████████████████████████████████████████                                       | 343/600 [00:35<00:23, 11.13it/s]
 57%|████████████████████████████████████████████████████▎                                      | 345/600 [00:35<00:20, 12.28it/s]
 58%|████████████████████████████████████████████████████▋                                      | 347/600 [00:35<00:19, 13.23it/s]
 58%|████████████████████████████████████████████████████▉                                      | 349/600 [00:35<00:17, 13.99it/s]
                                                                                                                                  

 58%|█████████████████████████████████████████████████████                                      | 350/600 [00:35<00:17, 13.99it/s]
 58%|█████████████████████████████████████████████████████▏                                     | 351/600 [00:35<00:17, 14.57it/s]
 59%|█████████████████████████████████████████████████████▌                                     | 353/600 [00:36<00:16, 15.02it/s]
 59%|█████████████████████████████████████████████████████▊                                     | 355/600 [00:36<00:15, 15.33it/s]
 60%|██████████████████████████████████████████████████████▏                                    | 357/600 [00:36<00:15, 15.57it/s]
 60%|██████████████████████████████████████████████████████▍                                    | 359/600 [00:36<00:15, 15.74it/s]{'loss': '1.231', 'grad_norm': '6.335', 'learning_rate': '2.237e-05', 'epoch': '11.68'}


Writing model shards:   0%|                                                                                 | 0/1 [00:00<?, ?it/s][A

Writing model shards: 100%|█████████████████████████████████████████████████████████████████████████| 1/1 [00:00<00:00,  2.65it/s][A
Writing model shards: 100%|█████████████████████████████████████████████████████████████████████████| 1/1 [00:00<00:00,  2.65it/s]

 60%|██████████████████████████████████████████████████████▊                                    | 361/600 [00:37<00:54,  4.39it/s]
 60%|███████████████████████████████████████████████████████                                    | 363/600 [00:37<00:42,  5.62it/s]
 61%|███████████████████████████████████████████████████████▎                                   | 365/600 [00:37<00:33,  6.99it/s]
 61%|███████████████████████████████████████████████████████▋                                   | 367/600 [00:37<00:27,  8.41it/s]
 62%|███████████████████████████████████████████████████████▉                                   | 369/600 [00:38<00:23,  9.83it/s]
 62%|████████████████████████████████████████████████████████▎                                  | 371/600 [00:38<00:20, 11.14it/s]
 62%|████████████████████████████████████████████████████████▌                                  | 373/600 [00:38<00:18, 12.29it/s]
 62%|████████████████████████████████████████████████████████▉                                  | 375/600 [00:38<00:17, 13.23it/s]
                                                                                                                                  

 62%|████████████████████████████████████████████████████████▉                                  | 375/600 [00:38<00:17, 13.23it/s]
 63%|█████████████████████████████████████████████████████████▏                                 | 377/600 [00:38<00:15, 13.98it/s]
 63%|█████████████████████████████████████████████████████████▍                                 | 379/600 [00:38<00:15, 14.58it/s]
 64%|█████████████████████████████████████████████████████████▊                                 | 381/600 [00:38<00:14, 15.02it/s]
 64%|██████████████████████████████████████████████████████████                                 | 383/600 [00:38<00:14, 15.35it/s]
 64%|██████████████████████████████████████████████████████████▍                                | 385/600 [00:39<00:16, 13.04it/s]
 64%|██████████████████████████████████████████████████████████▋                                | 387/600 [00:39<00:15, 13.84it/s]
 65%|██████████████████████████████████████████████████████████▉                                | 389/600 [00:39<00:14, 14.47it/s]{'loss': '1.148', 'grad_norm': '5.589', 'learning_rate': '2.018e-05', 'epoch': '12.51'}


Writing model shards:   0%|                                                                                 | 0/1 [00:00<?, ?it/s][A

Writing model shards: 100%|█████████████████████████████████████████████████████████████████████████| 1/1 [00:00<00:00,  2.59it/s][A
Writing model shards: 100%|█████████████████████████████████████████████████████████████████████████| 1/1 [00:00<00:00,  2.59it/s]

 65%|███████████████████████████████████████████████████████████▎                               | 391/600 [00:40<00:53,  3.93it/s]
 66%|███████████████████████████████████████████████████████████▌                               | 393/600 [00:40<00:40,  5.08it/s]
 66%|███████████████████████████████████████████████████████████▉                               | 395/600 [00:41<00:32,  6.40it/s]
 66%|████████████████████████████████████████████████████████████▏                              | 397/600 [00:41<00:25,  7.81it/s]
 66%|████████████████████████████████████████████████████████████▌                              | 399/600 [00:41<00:21,  9.25it/s]
                                                                                                                                  

 67%|████████████████████████████████████████████████████████████▋                              | 400/600 [00:41<00:21,  9.25it/s]
 67%|████████████████████████████████████████████████████████████▊                              | 401/600 [00:41<00:18, 10.60it/s]
 67%|█████████████████████████████████████████████████████████████                              | 403/600 [00:41<00:16, 11.82it/s]
 68%|█████████████████████████████████████████████████████████████▍                             | 405/600 [00:41<00:15, 12.86it/s]
 68%|█████████████████████████████████████████████████████████████▋                             | 407/600 [00:41<00:14, 13.70it/s]
 68%|██████████████████████████████████████████████████████████████                             | 409/600 [00:41<00:13, 14.34it/s]
 68%|██████████████████████████████████████████████████████████████▎                            | 411/600 [00:42<00:12, 14.80it/s]
 69%|██████████████████████████████████████████████████████████████▋                            | 413/600 [00:42<00:12, 15.16it/s]
 69%|██████████████████████████████████████████████████████████████▉                            | 415/600 [00:42<00:11, 15.44it/s]
 70%|███████████████████████████████████████████████████████████████▏                           | 417/600 [00:42<00:11, 15.64it/s]
 70%|███████████████████████████████████████████████████████████████▌                           | 419/600 [00:42<00:11, 15.80it/s]{'loss': '1.135', 'grad_norm': '5.554', 'learning_rate': '1.798e-05', 'epoch': '13.34'}


Writing model shards:   0%|                                                                                 | 0/1 [00:00<?, ?it/s][A

Writing model shards: 100%|█████████████████████████████████████████████████████████████████████████| 1/1 [00:00<00:00,  2.99it/s][A
Writing model shards: 100%|█████████████████████████████████████████████████████████████████████████| 1/1 [00:00<00:00,  2.98it/s]

 70%|███████████████████████████████████████████████████████████████▊                           | 421/600 [00:44<00:53,  3.35it/s]
 70%|████████████████████████████████████████████████████████████████▏                          | 423/600 [00:44<00:40,  4.40it/s]
 71%|████████████████████████████████████████████████████████████████▍                          | 425/600 [00:44<00:31,  5.63it/s]
                                                                                                                                  

 71%|████████████████████████████████████████████████████████████████▍                          | 425/600 [00:44<00:31,  5.63it/s]
 71%|████████████████████████████████████████████████████████████████▊                          | 427/600 [00:44<00:24,  6.99it/s]
 72%|█████████████████████████████████████████████████████████████████                          | 429/600 [00:44<00:20,  8.43it/s]
 72%|█████████████████████████████████████████████████████████████████▎                         | 431/600 [00:44<00:17,  9.84it/s]
 72%|█████████████████████████████████████████████████████████████████▋                         | 433/600 [00:44<00:14, 11.14it/s]
 72%|█████████████████████████████████████████████████████████████████▉                         | 435/600 [00:45<00:13, 12.30it/s]
 73%|██████████████████████████████████████████████████████████████████▎                        | 437/600 [00:45<00:12, 13.26it/s]
 73%|██████████████████████████████████████████████████████████████████▌                        | 439/600 [00:45<00:11, 14.02it/s]
 74%|██████████████████████████████████████████████████████████████████▉                        | 441/600 [00:45<00:10, 14.61it/s]
 74%|███████████████████████████████████████████████████████████████████▏                       | 443/600 [00:45<00:10, 15.05it/s]
 74%|███████████████████████████████████████████████████████████████████▍                       | 445/600 [00:45<00:10, 15.36it/s]
 74%|███████████████████████████████████████████████████████████████████▊                       | 447/600 [00:45<00:09, 15.58it/s]
 75%|████████████████████████████████████████████████████████████████████                       | 449/600 [00:45<00:09, 15.74it/s]
                                                                                                                                  

 75%|████████████████████████████████████████████████████████████████████▎                      | 450/600 [00:45<00:09, 15.74it/s]{'loss': '1.126', 'grad_norm': '5', 'learning_rate': '1.579e-05', 'epoch': '14.17'}
{'loss': '1.079', 'grad_norm': '25.62', 'learning_rate': '1.36e-05', 'epoch': '15'}


Writing model shards:   0%|                                                                                 | 0/1 [00:00<?, ?it/s][A

Writing model shards: 100%|█████████████████████████████████████████████████████████████████████████| 1/1 [00:00<00:00,  3.15it/s][A
Writing model shards: 100%|█████████████████████████████████████████████████████████████████████████| 1/1 [00:00<00:00,  3.15it/s]

 75%|████████████████████████████████████████████████████████████████████▍                      | 451/600 [00:47<00:33,  4.47it/s]
 76%|████████████████████████████████████████████████████████████████████▋                      | 453/600 [00:47<00:25,  5.71it/s]
 76%|█████████████████████████████████████████████████████████████████████                      | 455/600 [00:47<00:20,  7.08it/s]
 76%|█████████████████████████████████████████████████████████████████████▎                     | 457/600 [00:47<00:16,  8.51it/s]
 76%|█████████████████████████████████████████████████████████████████████▌                     | 459/600 [00:47<00:14,  9.91it/s]
 77%|█████████████████████████████████████████████████████████████████████▉                     | 461/600 [00:47<00:12, 11.21it/s]
 77%|██████████████████████████████████████████████████████████████████████▏                    | 463/600 [00:47<00:11, 12.34it/s]
 78%|██████████████████████████████████████████████████████████████████████▌                    | 465/600 [00:48<00:10, 13.28it/s]
 78%|██████████████████████████████████████████████████████████████████████▊                    | 467/600 [00:48<00:09, 14.03it/s]
 78%|███████████████████████████████████████████████████████████████████████▏                   | 469/600 [00:48<00:08, 14.62it/s]
 78%|███████████████████████████████████████████████████████████████████████▍                   | 471/600 [00:48<00:08, 15.06it/s]
 79%|███████████████████████████████████████████████████████████████████████▋                   | 473/600 [00:48<00:08, 15.38it/s]
 79%|████████████████████████████████████████████████████████████████████████                   | 475/600 [00:48<00:08, 15.61it/s]
                                                                                                                                  

 79%|████████████████████████████████████████████████████████████████████████                   | 475/600 [00:48<00:08, 15.61it/s]
 80%|████████████████████████████████████████████████████████████████████████▎                  | 477/600 [00:48<00:07, 15.77it/s]
 80%|████████████████████████████████████████████████████████████████████████▋                  | 479/600 [00:48<00:07, 15.89it/s]{'loss': '1.091', 'grad_norm': '5.474', 'learning_rate': '1.14e-05', 'epoch': '15.85'}


Writing model shards:   0%|                                                                                 | 0/1 [00:00<?, ?it/s][A

Writing model shards: 100%|█████████████████████████████████████████████████████████████████████████| 1/1 [00:00<00:00,  2.07it/s][A
Writing model shards: 100%|█████████████████████████████████████████████████████████████████████████| 1/1 [00:00<00:00,  2.07it/s]

 80%|████████████████████████████████████████████████████████████████████████▉                  | 481/600 [00:50<00:32,  3.66it/s]
 80%|█████████████████████████████████████████████████████████████████████████▎                 | 483/600 [00:50<00:24,  4.77it/s]
 81%|█████████████████████████████████████████████████████████████████████████▌                 | 485/600 [00:50<00:19,  6.05it/s]
 81%|█████████████████████████████████████████████████████████████████████████▊                 | 487/600 [00:50<00:15,  7.45it/s]
 82%|██████████████████████████████████████████████████████████████████████████▏                | 489/600 [00:50<00:12,  8.88it/s]
 82%|██████████████████████████████████████████████████████████████████████████▍                | 491/600 [00:51<00:10, 10.27it/s]
 82%|██████████████████████████████████████████████████████████████████████████▊                | 493/600 [00:51<00:09, 11.52it/s]
 82%|███████████████████████████████████████████████████████████████████████████                | 495/600 [00:51<00:08, 12.61it/s]
 83%|███████████████████████████████████████████████████████████████████████████▍               | 497/600 [00:51<00:07, 13.48it/s]
 83%|███████████████████████████████████████████████████████████████████████████▋               | 499/600 [00:51<00:07, 14.17it/s]
                                                                                                                                  

 83%|███████████████████████████████████████████████████████████████████████████▊               | 500/600 [00:51<00:07, 14.17it/s]
 84%|███████████████████████████████████████████████████████████████████████████▉               | 501/600 [00:51<00:06, 14.70it/s]
 84%|████████████████████████████████████████████████████████████████████████████▎              | 503/600 [00:51<00:06, 15.09it/s]
 84%|████████████████████████████████████████████████████████████████████████████▌              | 505/600 [00:51<00:06, 15.38it/s]
 84%|████████████████████████████████████████████████████████████████████████████▉              | 507/600 [00:52<00:05, 15.62it/s]
 85%|█████████████████████████████████████████████████████████████████████████████▏             | 509/600 [00:52<00:05, 15.78it/s]{'loss': '1.033', 'grad_norm': '5.382', 'learning_rate': '9.211e-06', 'epoch': '16.68'}


Writing model shards:   0%|                                                                                 | 0/1 [00:00<?, ?it/s][A

Writing model shards: 100%|█████████████████████████████████████████████████████████████████████████| 1/1 [00:00<00:00,  2.75it/s][A
Writing model shards: 100%|█████████████████████████████████████████████████████████████████████████| 1/1 [00:00<00:00,  2.74it/s]

 85%|█████████████████████████████████████████████████████████████████████████████▌             | 511/600 [00:53<00:24,  3.67it/s]
 86%|█████████████████████████████████████████████████████████████████████████████▊             | 513/600 [00:53<00:18,  4.78it/s]
 86%|██████████████████████████████████████████████████████████████████████████████             | 515/600 [00:53<00:14,  6.06it/s]
 86%|██████████████████████████████████████████████████████████████████████████████▍            | 517/600 [00:54<00:11,  7.45it/s]
 86%|██████████████████████████████████████████████████████████████████████████████▋            | 519/600 [00:54<00:09,  8.89it/s]
 87%|███████████████████████████████████████████████████████████████████████████████            | 521/600 [00:54<00:07, 10.28it/s]
 87%|███████████████████████████████████████████████████████████████████████████████▎           | 523/600 [00:54<00:06, 11.54it/s]
 88%|███████████████████████████████████████████████████████████████████████████████▋           | 525/600 [00:54<00:05, 12.63it/s]
                                                                                                                                  

 88%|███████████████████████████████████████████████████████████████████████████████▋           | 525/600 [00:54<00:05, 12.63it/s]
 88%|███████████████████████████████████████████████████████████████████████████████▉           | 527/600 [00:54<00:05, 13.50it/s]
 88%|████████████████████████████████████████████████████████████████████████████████▏          | 529/600 [00:54<00:05, 14.20it/s]
 88%|████████████████████████████████████████████████████████████████████████████████▌          | 531/600 [00:54<00:04, 14.75it/s]
 89%|████████████████████████████████████████████████████████████████████████████████▊          | 533/600 [00:55<00:04, 15.15it/s]
 89%|█████████████████████████████████████████████████████████████████████████████████▏         | 535/600 [00:55<00:04, 15.44it/s]
 90%|█████████████████████████████████████████████████████████████████████████████████▍         | 537/600 [00:55<00:04, 15.64it/s]
 90%|█████████████████████████████████████████████████████████████████████████████████▋         | 539/600 [00:55<00:03, 15.79it/s]{'loss': '1.113', 'grad_norm': '5.536', 'learning_rate': '7.018e-06', 'epoch': '17.51'}


Writing model shards:   0%|                                                                                 | 0/1 [00:00<?, ?it/s][A

Writing model shards: 100%|█████████████████████████████████████████████████████████████████████████| 1/1 [00:00<00:00,  3.10it/s][A
Writing model shards: 100%|█████████████████████████████████████████████████████████████████████████| 1/1 [00:00<00:00,  3.09it/s]

 90%|██████████████████████████████████████████████████████████████████████████████████         | 541/600 [00:56<00:13,  4.50it/s]
 90%|██████████████████████████████████████████████████████████████████████████████████▎        | 543/600 [00:56<00:09,  5.74it/s]
 91%|██████████████████████████████████████████████████████████████████████████████████▋        | 545/600 [00:56<00:07,  7.11it/s]
 91%|██████████████████████████████████████████████████████████████████████████████████▉        | 547/600 [00:56<00:06,  8.55it/s]
 92%|███████████████████████████████████████████████████████████████████████████████████▎       | 549/600 [00:57<00:05,  9.96it/s]
                                                                                                                                  

 92%|███████████████████████████████████████████████████████████████████████████████████▍       | 550/600 [00:57<00:05,  9.96it/s]
 92%|███████████████████████████████████████████████████████████████████████████████████▌       | 551/600 [00:57<00:04, 11.24it/s]
 92%|███████████████████████████████████████████████████████████████████████████████████▊       | 553/600 [00:57<00:03, 12.37it/s]
 92%|████████████████████████████████████████████████████████████████████████████████████▏      | 555/600 [00:57<00:03, 13.28it/s]
 93%|████████████████████████████████████████████████████████████████████████████████████▍      | 557/600 [00:57<00:03, 14.04it/s]
 93%|████████████████████████████████████████████████████████████████████████████████████▊      | 559/600 [00:57<00:02, 14.62it/s]
 94%|█████████████████████████████████████████████████████████████████████████████████████      | 561/600 [00:57<00:02, 15.06it/s]
 94%|█████████████████████████████████████████████████████████████████████████████████████▍     | 563/600 [00:57<00:02, 15.38it/s]
 94%|█████████████████████████████████████████████████████████████████████████████████████▋     | 565/600 [00:58<00:02, 15.60it/s]
 94%|█████████████████████████████████████████████████████████████████████████████████████▉     | 567/600 [00:58<00:02, 15.73it/s]
 95%|██████████████████████████████████████████████████████████████████████████████████████▎    | 569/600 [00:58<00:01, 15.61it/s]{'loss': '1.002', 'grad_norm': '5.695', 'learning_rate': '4.825e-06', 'epoch': '18.34'}


Writing model shards:   0%|                                                                                 | 0/1 [00:00<?, ?it/s][A

Writing model shards: 100%|█████████████████████████████████████████████████████████████████████████| 1/1 [00:00<00:00,  2.53it/s][A
Writing model shards: 100%|█████████████████████████████████████████████████████████████████████████| 1/1 [00:00<00:00,  2.53it/s]

 95%|██████████████████████████████████████████████████████████████████████████████████████▌    | 571/600 [00:59<00:07,  4.05it/s]
 96%|██████████████████████████████████████████████████████████████████████████████████████▉    | 573/600 [00:59<00:05,  5.22it/s]
 96%|███████████████████████████████████████████████████████████████████████████████████████▏   | 575/600 [00:59<00:03,  6.55it/s]
                                                                                                                                  

 96%|███████████████████████████████████████████████████████████████████████████████████████▏   | 575/600 [00:59<00:03,  6.55it/s]
 96%|███████████████████████████████████████████████████████████████████████████████████████▌   | 577/600 [01:00<00:02,  7.97it/s]
 96%|███████████████████████████████████████████████████████████████████████████████████████▊   | 579/600 [01:00<00:02,  9.40it/s]
 97%|████████████████████████████████████████████████████████████████████████████████████████   | 581/600 [01:00<00:01, 10.76it/s]
 97%|████████████████████████████████████████████████████████████████████████████████████████▍  | 583/600 [01:00<00:01, 11.95it/s]
 98%|████████████████████████████████████████████████████████████████████████████████████████▋  | 585/600 [01:00<00:01, 12.95it/s]
 98%|█████████████████████████████████████████████████████████████████████████████████████████  | 587/600 [01:00<00:00, 13.78it/s]
 98%|█████████████████████████████████████████████████████████████████████████████████████████▎ | 589/600 [01:00<00:00, 14.38it/s]
 98%|█████████████████████████████████████████████████████████████████████████████████████████▋ | 591/600 [01:00<00:00, 14.85it/s]
 99%|█████████████████████████████████████████████████████████████████████████████████████████▉ | 593/600 [01:01<00:00, 15.22it/s]
 99%|██████████████████████████████████████████████████████████████████████████████████████████▏| 595/600 [01:01<00:00, 15.43it/s]
100%|██████████████████████████████████████████████████████████████████████████████████████████▌| 597/600 [01:01<00:00, 15.64it/s]
100%|██████████████████████████████████████████████████████████████████████████████████████████▊| 599/600 [01:01<00:00, 15.80it/s]
                                                                                                                                  

100%|███████████████████████████████████████████████████████████████████████████████████████████| 600/600 [01:01<00:00, 15.80it/s]{'loss': '1.057', 'grad_norm': '4.906', 'learning_rate': '2.632e-06', 'epoch': '19.17'}
{'loss': '1.024', 'grad_norm': '17.77', 'learning_rate': '4.386e-07', 'epoch': '20'}


Writing model shards:   0%|                                                                                 | 0/1 [00:00<?, ?it/s][A

Writing model shards: 100%|█████████████████████████████████████████████████████████████████████████| 1/1 [00:00<00:00,  3.13it/s][A
Writing model shards: 100%|█████████████████████████████████████████████████████████████████████████| 1/1 [00:00<00:00,  3.13it/s]

                                                                                                                                  

100%|███████████████████████████████████████████████████████████████████████████████████████████| 600/600 [01:07<00:00, 15.80it/s]
100%|███████████████████████████████████████████████████████████████████████████████████████████| 600/600 [01:07<00:00,  8.93it/s]
{'train_runtime': '67.2', 'train_samples_per_second': '138.4', 'train_steps_per_second': '8.929', 'train_loss': '1.462', 'epoch': '20'}

  0%|                                                                                                       | 0/9 [00:00<?, ?it/s]
100%|███████████████████████████████████████████████████████████████████████████████████████████████| 9/9 [00:00<00:00, 92.36it/s]

Writing model shards:   0%|                                                                                 | 0/1 [00:00<?, ?it/s]
Writing model shards: 100%|█████████████████████████████████████████████████████████████████████████| 1/1 [00:00<00:00,  2.74it/s]
Writing model shards: 100%|█████████████████████████████████████████████████████████████████████████| 1/1 [00:00<00:00,  2.74it/s]

Loading weights:   0%|                                                                                     | 0/76 [00:00<?, ?it/s]
Loading weights: 100%|██████████████████████████████████████████████████████████████████████████| 76/76 [00:00<00:00, 1940.71it/s]

Loading weights:   0%|                                                                                     | 0/76 [00:00<?, ?it/s]
Loading weights: 100%|██████████████████████████████████████████████████████████████████████████| 76/76 [00:00<00:00, 1886.64it/s]
<local-root>/miniconda3/lib/python3.13/site-packages/torch/cuda/__init__.py:61: FutureWarning: The pynvml package is deprecated. Please install nvidia-ml-py instead. If you did not install pynvml directly, please report this to the maintainers of the package that installed pynvml for you.
  import pynvml  # type: ignore[import]

Loading weights:   0%|                                                                                     | 0/76 [00:00<?, ?it/s]
Loading weights:  79%|███████████████████████████████████████████████████████████▏               | 60/76 [00:00<00:00, 571.80it/s]
Loading weights: 100%|███████████████████████████████████████████████████████████████████████████| 76/76 [00:00<00:00, 509.29it/s]

Loading weights:   0%|                                                                                     | 0/76 [00:00<?, ?it/s]
Loading weights: 100%|██████████████████████████████████████████████████████████████████████████| 76/76 [00:00<00:00, 1298.69it/s]

Loading weights:   0%|                                                                                    | 0/292 [00:00<?, ?it/s]
Loading weights:  48%|██████████████████████████████████▎                                     | 139/292 [00:00<00:00, 1389.74it/s]
Loading weights: 100%|████████████████████████████████████████████████████████████████████████| 292/292 [00:00<00:00, 1761.28it/s]
[RANK 0] Detected kernel version 5.4.0, which is below the recommended minimum of 5.5.0; this can cause the process to hang. It is recommended to upgrade the kernel to the minimum version or higher.

  0%|                                                                                                     | 0/540 [00:00<?, ?it/s]
  0%|▏                                                                                            | 1/540 [00:00<02:16,  3.94it/s]
  0%|▎                                                                                            | 2/540 [00:00<01:56,  4.62it/s]
  1%|▌                                                                                            | 3/540 [00:00<01:52,  4.78it/s]
  1%|▋                                                                                            | 4/540 [00:00<01:51,  4.79it/s]
  1%|▊                                                                                            | 5/540 [00:01<01:52,  4.77it/s]
  1%|█                                                                                            | 6/540 [00:01<01:52,  4.76it/s]
  1%|█▏                                                                                           | 7/540 [00:01<01:52,  4.74it/s]
  1%|█▍                                                                                           | 8/540 [00:01<01:51,  4.77it/s]
  2%|█▌                                                                                           | 9/540 [00:01<01:48,  4.89it/s]
  2%|█▋                                                                                          | 10/540 [00:02<01:49,  4.84it/s]
  2%|█▊                                                                                          | 11/540 [00:02<01:50,  4.81it/s]
  2%|██                                                                                          | 12/540 [00:02<01:50,  4.79it/s]
  2%|██▏                                                                                         | 13/540 [00:02<01:50,  4.77it/s]
  3%|██▍                                                                                         | 14/540 [00:02<01:50,  4.75it/s]
  3%|██▌                                                                                         | 15/540 [00:03<01:50,  4.74it/s]
  3%|██▋                                                                                         | 16/540 [00:03<01:50,  4.74it/s]
  3%|██▉                                                                                         | 17/540 [00:03<01:50,  4.74it/s]
  3%|███                                                                                         | 18/540 [00:03<01:50,  4.73it/s]
  4%|███▏                                                                                        | 19/540 [00:04<01:50,  4.73it/s]
  4%|███▍                                                                                        | 20/540 [00:04<01:49,  4.73it/s]
  4%|███▌                                                                                        | 21/540 [00:04<01:49,  4.73it/s]
  4%|███▋                                                                                        | 22/540 [00:04<01:49,  4.73it/s]
  4%|███▉                                                                                        | 23/540 [00:04<01:49,  4.72it/s]
  4%|████                                                                                        | 24/540 [00:05<01:49,  4.72it/s]
  5%|████▎                                                                                       | 25/540 [00:05<01:48,  4.73it/s]
                                                                                                                                  

  5%|████▎                                                                                       | 25/540 [00:05<01:48,  4.73it/s]
  5%|████▍                                                                                       | 26/540 [00:05<01:48,  4.73it/s]
  5%|████▌                                                                                       | 27/540 [00:05<01:48,  4.73it/s]
  5%|████▊                                                                                       | 28/540 [00:05<01:48,  4.73it/s]
  5%|████▉                                                                                       | 29/540 [00:06<01:48,  4.73it/s]{'loss': '3.173', 'grad_norm': '8.281', 'learning_rate': '3.5e-05', 'epoch': '0.8475'}


Writing model shards:   0%|                                                                                 | 0/1 [00:00<?, ?it/s][A

Writing model shards: 100%|█████████████████████████████████████████████████████████████████████████| 1/1 [00:01<00:00,  1.50s/it][A
Writing model shards: 100%|█████████████████████████████████████████████████████████████████████████| 1/1 [00:01<00:00,  1.50s/it]

  6%|█████▎                                                                                      | 31/540 [00:10<10:28,  1.23s/it]
  6%|█████▍                                                                                      | 32/540 [00:11<08:18,  1.02it/s]
  6%|█████▌                                                                                      | 33/540 [00:11<06:35,  1.28it/s]
  6%|█████▊                                                                                      | 34/540 [00:11<05:16,  1.60it/s]
  6%|█████▉                                                                                      | 35/540 [00:11<04:17,  1.96it/s]
  7%|██████▏                                                                                     | 36/540 [00:12<03:33,  2.36it/s]
  7%|██████▎                                                                                     | 37/540 [00:12<03:02,  2.76it/s]
  7%|██████▍                                                                                     | 38/540 [00:12<02:39,  3.14it/s]
  7%|██████▋                                                                                     | 39/540 [00:12<02:23,  3.49it/s]
  7%|██████▊                                                                                     | 40/540 [00:12<02:12,  3.78it/s]
  8%|██████▉                                                                                     | 41/540 [00:13<02:04,  4.02it/s]
  8%|███████▏                                                                                    | 42/540 [00:13<01:58,  4.21it/s]
  8%|███████▎                                                                                    | 43/540 [00:13<01:53,  4.36it/s]
  8%|███████▍                                                                                    | 44/540 [00:13<01:51,  4.47it/s]
  8%|███████▋                                                                                    | 45/540 [00:13<01:49,  4.54it/s]
  9%|███████▊                                                                                    | 46/540 [00:14<01:47,  4.60it/s]
  9%|████████                                                                                    | 47/540 [00:14<01:46,  4.64it/s]
  9%|████████▏                                                                                   | 48/540 [00:14<01:45,  4.67it/s]
  9%|████████▎                                                                                   | 49/540 [00:14<01:44,  4.68it/s]
  9%|████████▌                                                                                   | 50/540 [00:14<01:44,  4.69it/s]
                                                                                                                                  

  9%|████████▌                                                                                   | 50/540 [00:15<01:44,  4.69it/s]
  9%|████████▋                                                                                   | 51/540 [00:15<01:44,  4.69it/s]
 10%|████████▊                                                                                   | 52/540 [00:15<01:43,  4.70it/s]
 10%|█████████                                                                                   | 53/540 [00:15<01:43,  4.71it/s]
 10%|█████████▏                                                                                  | 54/540 [00:15<01:42,  4.72it/s]
 10%|█████████▎                                                                                  | 55/540 [00:16<01:42,  4.73it/s]
 10%|█████████▌                                                                                  | 56/540 [00:16<01:42,  4.73it/s]
 11%|█████████▋                                                                                  | 57/540 [00:16<01:41,  4.74it/s]
 11%|█████████▉                                                                                  | 58/540 [00:16<01:41,  4.74it/s]
 11%|██████████                                                                                  | 59/540 [00:16<01:41,  4.74it/s]{'loss': '1.869', 'grad_norm': '8.645', 'learning_rate': '4.853e-05', 'epoch': '1.678'}


Writing model shards:   0%|                                                                                 | 0/1 [00:00<?, ?it/s][A

Writing model shards: 100%|█████████████████████████████████████████████████████████████████████████| 1/1 [00:01<00:00,  1.84s/it][A
Writing model shards: 100%|█████████████████████████████████████████████████████████████████████████| 1/1 [00:01<00:00,  1.84s/it]

 11%|██████████▍                                                                                 | 61/540 [00:22<10:35,  1.33s/it]
 11%|██████████▌                                                                                 | 62/540 [00:22<08:22,  1.05s/it]
 12%|██████████▋                                                                                 | 63/540 [00:22<06:36,  1.20it/s]
 12%|██████████▉                                                                                 | 64/540 [00:22<05:15,  1.51it/s]
 12%|███████████                                                                                 | 65/540 [00:22<04:14,  1.87it/s]
 12%|███████████▏                                                                                | 66/540 [00:23<03:30,  2.25it/s]
 12%|███████████▍                                                                                | 67/540 [00:23<02:57,  2.66it/s]
 13%|███████████▌                                                                                | 68/540 [00:23<02:34,  3.05it/s]
 13%|███████████▊                                                                                | 69/540 [00:23<02:18,  3.40it/s]
 13%|███████████▉                                                                                | 70/540 [00:24<02:06,  3.71it/s]
 13%|████████████                                                                                | 71/540 [00:24<01:58,  3.97it/s]
 13%|████████████▎                                                                               | 72/540 [00:24<01:52,  4.16it/s]
 14%|████████████▍                                                                               | 73/540 [00:24<01:48,  4.32it/s]
 14%|████████████▌                                                                               | 74/540 [00:24<01:44,  4.44it/s]
 14%|████████████▊                                                                               | 75/540 [00:25<01:42,  4.52it/s]
                                                                                                                                  

 14%|████████████▊                                                                               | 75/540 [00:25<01:42,  4.52it/s]
 14%|████████████▉                                                                               | 76/540 [00:25<01:41,  4.58it/s]
 14%|█████████████                                                                               | 77/540 [00:25<01:40,  4.63it/s]
 14%|█████████████▎                                                                              | 78/540 [00:25<01:39,  4.66it/s]
 15%|█████████████▍                                                                              | 79/540 [00:25<01:38,  4.69it/s]
 15%|█████████████▋                                                                              | 80/540 [00:26<01:38,  4.69it/s]
 15%|█████████████▊                                                                              | 81/540 [00:26<01:37,  4.70it/s]
 15%|█████████████▉                                                                              | 82/540 [00:26<01:37,  4.72it/s]
 15%|██████████████▏                                                                             | 83/540 [00:26<01:36,  4.72it/s]
 16%|██████████████▎                                                                             | 84/540 [00:27<01:36,  4.73it/s]
 16%|██████████████▍                                                                             | 85/540 [00:27<01:36,  4.73it/s]
 16%|██████████████▋                                                                             | 86/540 [00:27<01:35,  4.74it/s]
 16%|██████████████▊                                                                             | 87/540 [00:27<01:35,  4.73it/s]
 16%|██████████████▉                                                                             | 88/540 [00:27<01:35,  4.74it/s]
 16%|███████████████▏                                                                            | 89/540 [00:28<01:35,  4.74it/s]{'loss': '1.459', 'grad_norm': '8.984', 'learning_rate': '4.608e-05', 'epoch': '2.508'}


Writing model shards:   0%|                                                                                 | 0/1 [00:00<?, ?it/s][A

Writing model shards: 100%|█████████████████████████████████████████████████████████████████████████| 1/1 [00:01<00:00,  1.77s/it][A
Writing model shards: 100%|█████████████████████████████████████████████████████████████████████████| 1/1 [00:01<00:00,  1.77s/it]

 17%|███████████████▌                                                                            | 91/540 [00:33<10:30,  1.40s/it]
 17%|███████████████▋                                                                            | 92/540 [00:33<08:16,  1.11s/it]
 17%|███████████████▊                                                                            | 93/540 [00:34<06:30,  1.14it/s]
 17%|████████████████                                                                            | 94/540 [00:34<05:09,  1.44it/s]
 18%|████████████████▏                                                                           | 95/540 [00:34<04:08,  1.79it/s]
 18%|████████████████▎                                                                           | 96/540 [00:34<03:24,  2.17it/s]
 18%|████████████████▌                                                                           | 97/540 [00:34<02:51,  2.58it/s]
 18%|████████████████▋                                                                           | 98/540 [00:35<02:28,  2.98it/s]
 18%|████████████████▊                                                                           | 99/540 [00:35<02:12,  3.34it/s]
 19%|████████████████▊                                                                          | 100/540 [00:35<02:00,  3.65it/s]
                                                                                                                                  

 19%|████████████████▊                                                                          | 100/540 [00:35<02:00,  3.65it/s]
 19%|█████████████████                                                                          | 101/540 [00:35<01:52,  3.90it/s]
 19%|█████████████████▏                                                                         | 102/540 [00:35<01:46,  4.12it/s]
 19%|█████████████████▎                                                                         | 103/540 [00:36<01:42,  4.28it/s]
 19%|█████████████████▌                                                                         | 104/540 [00:36<01:38,  4.41it/s]
 19%|█████████████████▋                                                                         | 105/540 [00:36<01:36,  4.50it/s]
 20%|█████████████████▊                                                                         | 106/540 [00:36<01:34,  4.57it/s]
 20%|██████████████████                                                                         | 107/540 [00:37<01:33,  4.62it/s]
 20%|██████████████████▏                                                                        | 108/540 [00:37<01:32,  4.66it/s]
 20%|██████████████████▎                                                                        | 109/540 [00:37<01:32,  4.68it/s]
 20%|██████████████████▌                                                                        | 110/540 [00:37<01:31,  4.70it/s]
 21%|██████████████████▋                                                                        | 111/540 [00:37<01:30,  4.72it/s]
 21%|██████████████████▊                                                                        | 112/540 [00:38<01:30,  4.72it/s]
 21%|███████████████████                                                                        | 113/540 [00:38<01:30,  4.73it/s]
 21%|███████████████████▏                                                                       | 114/540 [00:38<01:30,  4.72it/s]
 21%|███████████████████▍                                                                       | 115/540 [00:38<01:29,  4.73it/s]
 21%|███████████████████▌                                                                       | 116/540 [00:38<01:29,  4.72it/s]
 22%|███████████████████▋                                                                       | 117/540 [00:39<01:30,  4.70it/s]
 22%|███████████████████▉                                                                       | 118/540 [00:39<01:29,  4.71it/s]
 22%|████████████████████                                                                       | 119/540 [00:39<01:29,  4.71it/s]{'loss': '1.281', 'grad_norm': '8.578', 'learning_rate': '4.363e-05', 'epoch': '3.339'}


Writing model shards:   0%|                                                                                 | 0/1 [00:00<?, ?it/s][A

Writing model shards: 100%|█████████████████████████████████████████████████████████████████████████| 1/1 [00:01<00:00,  1.56s/it][A
Writing model shards: 100%|█████████████████████████████████████████████████████████████████████████| 1/1 [00:01<00:00,  1.56s/it]

 22%|████████████████████▍                                                                      | 121/540 [00:45<09:41,  1.39s/it]
 23%|████████████████████▌                                                                      | 122/540 [00:45<07:37,  1.10s/it]
 23%|████████████████████▋                                                                      | 123/540 [00:45<06:00,  1.16it/s]
 23%|████████████████████▉                                                                      | 124/540 [00:45<04:45,  1.46it/s]
 23%|█████████████████████                                                                      | 125/540 [00:45<03:49,  1.81it/s]
                                                                                                                                  

 23%|█████████████████████                                                                      | 125/540 [00:45<03:49,  1.81it/s]
 23%|█████████████████████▏                                                                     | 126/540 [00:46<03:08,  2.20it/s]
 24%|█████████████████████▍                                                                     | 127/540 [00:46<02:38,  2.60it/s]
 24%|█████████████████████▌                                                                     | 128/540 [00:46<02:17,  3.00it/s]
 24%|█████████████████████▋                                                                     | 129/540 [00:46<02:02,  3.36it/s]
 24%|█████████████████████▉                                                                     | 130/540 [00:46<01:51,  3.68it/s]
 24%|██████████████████████                                                                     | 131/540 [00:47<01:43,  3.94it/s]
 24%|██████████████████████▏                                                                    | 132/540 [00:47<01:38,  4.14it/s]
 25%|██████████████████████▍                                                                    | 133/540 [00:47<01:34,  4.30it/s]
 25%|██████████████████████▌                                                                    | 134/540 [00:47<01:31,  4.42it/s]
 25%|██████████████████████▊                                                                    | 135/540 [00:48<01:29,  4.51it/s]
 25%|██████████████████████▉                                                                    | 136/540 [00:48<01:28,  4.57it/s]
 25%|███████████████████████                                                                    | 137/540 [00:48<01:27,  4.62it/s]
 26%|███████████████████████▎                                                                   | 138/540 [00:48<01:26,  4.64it/s]
 26%|███████████████████████▍                                                                   | 139/540 [00:48<01:25,  4.67it/s]
 26%|███████████████████████▌                                                                   | 140/540 [00:49<01:25,  4.68it/s]
 26%|███████████████████████▊                                                                   | 141/540 [00:49<01:24,  4.70it/s]
 26%|███████████████████████▉                                                                   | 142/540 [00:49<01:24,  4.71it/s]
 26%|████████████████████████                                                                   | 143/540 [00:49<01:24,  4.72it/s]
 27%|████████████████████████▎                                                                  | 144/540 [00:49<01:23,  4.72it/s]
 27%|████████████████████████▍                                                                  | 145/540 [00:50<01:23,  4.71it/s]
 27%|████████████████████████▌                                                                  | 146/540 [00:50<01:23,  4.71it/s]
 27%|████████████████████████▊                                                                  | 147/540 [00:50<01:23,  4.71it/s]
 27%|████████████████████████▉                                                                  | 148/540 [00:50<01:23,  4.71it/s]
 28%|█████████████████████████                                                                  | 149/540 [00:51<01:23,  4.70it/s]
                                                                                                                                  

 28%|█████████████████████████▎                                                                 | 150/540 [00:51<01:22,  4.70it/s]{'loss': '1.115', 'grad_norm': '7.953', 'learning_rate': '4.118e-05', 'epoch': '4.169'}
{'loss': '1.094', 'grad_norm': '23.97', 'learning_rate': '3.873e-05', 'epoch': '5'}


Writing model shards:   0%|                                                                                 | 0/1 [00:00<?, ?it/s][A

Writing model shards: 100%|█████████████████████████████████████████████████████████████████████████| 1/1 [00:01<00:00,  1.88s/it][A
Writing model shards: 100%|█████████████████████████████████████████████████████████████████████████| 1/1 [00:01<00:00,  1.88s/it]

 28%|█████████████████████████▍                                                                 | 151/540 [00:56<09:31,  1.47s/it]
 28%|█████████████████████████▌                                                                 | 152/540 [00:57<07:29,  1.16s/it]
 28%|█████████████████████████▊                                                                 | 153/540 [00:57<05:52,  1.10it/s]
 29%|█████████████████████████▉                                                                 | 154/540 [00:57<04:38,  1.39it/s]
 29%|██████████████████████████                                                                 | 155/540 [00:57<03:42,  1.73it/s]
 29%|██████████████████████████▎                                                                | 156/540 [00:57<03:01,  2.11it/s]
 29%|██████████████████████████▍                                                                | 157/540 [00:58<02:32,  2.52it/s]
 29%|██████████████████████████▋                                                                | 158/540 [00:58<02:10,  2.92it/s]
 29%|██████████████████████████▊                                                                | 159/540 [00:58<01:55,  3.29it/s]
 30%|██████████████████████████▉                                                                | 160/540 [00:58<01:45,  3.62it/s]
 30%|███████████████████████████▏                                                               | 161/540 [00:59<01:37,  3.89it/s]
 30%|███████████████████████████▎                                                               | 162/540 [00:59<01:31,  4.11it/s]
 30%|███████████████████████████▍                                                               | 163/540 [00:59<01:28,  4.28it/s]
 30%|███████████████████████████▋                                                               | 164/540 [00:59<01:25,  4.41it/s]
 31%|███████████████████████████▊                                                               | 165/540 [00:59<01:23,  4.49it/s]
 31%|███████████████████████████▉                                                               | 166/540 [01:00<01:21,  4.56it/s]
 31%|████████████████████████████▏                                                              | 167/540 [01:00<01:20,  4.61it/s]
 31%|████████████████████████████▎                                                              | 168/540 [01:00<01:20,  4.65it/s]
 31%|████████████████████████████▍                                                              | 169/540 [01:00<01:19,  4.67it/s]
 31%|████████████████████████████▋                                                              | 170/540 [01:00<01:18,  4.69it/s]
 32%|████████████████████████████▊                                                              | 171/540 [01:01<01:18,  4.70it/s]
 32%|████████████████████████████▉                                                              | 172/540 [01:01<01:18,  4.71it/s]
 32%|█████████████████████████████▏                                                             | 173/540 [01:01<01:17,  4.72it/s]
 32%|█████████████████████████████▎                                                             | 174/540 [01:01<01:17,  4.73it/s]
 32%|█████████████████████████████▍                                                             | 175/540 [01:01<01:17,  4.73it/s]
                                                                                                                                  

 32%|█████████████████████████████▍                                                             | 175/540 [01:01<01:17,  4.73it/s]
 33%|█████████████████████████████▋                                                             | 176/540 [01:02<01:16,  4.73it/s]
 33%|█████████████████████████████▊                                                             | 177/540 [01:02<01:16,  4.73it/s]
 33%|█████████████████████████████▉                                                             | 178/540 [01:02<01:16,  4.73it/s]
 33%|██████████████████████████████▏                                                            | 179/540 [01:02<01:16,  4.72it/s]{'loss': '0.9777', 'grad_norm': '7.639', 'learning_rate': '3.627e-05', 'epoch': '5.847'}


Writing model shards:   0%|                                                                                 | 0/1 [00:00<?, ?it/s][A

Writing model shards: 100%|█████████████████████████████████████████████████████████████████████████| 1/1 [00:01<00:00,  1.99s/it][A
Writing model shards: 100%|█████████████████████████████████████████████████████████████████████████| 1/1 [00:01<00:00,  1.99s/it]

 34%|██████████████████████████████▌                                                            | 181/540 [01:08<08:48,  1.47s/it]
 34%|██████████████████████████████▋                                                            | 182/540 [01:08<06:55,  1.16s/it]
 34%|██████████████████████████████▊                                                            | 183/540 [01:09<05:25,  1.10it/s]
 34%|███████████████████████████████                                                            | 184/540 [01:09<04:16,  1.39it/s]
 34%|███████████████████████████████▏                                                           | 185/540 [01:09<03:25,  1.73it/s]
 34%|███████████████████████████████▎                                                           | 186/540 [01:09<02:47,  2.11it/s]
 35%|███████████████████████████████▌                                                           | 187/540 [01:09<02:20,  2.52it/s]
 35%|███████████████████████████████▋                                                           | 188/540 [01:10<02:00,  2.92it/s]
 35%|███████████████████████████████▊                                                           | 189/540 [01:10<01:46,  3.29it/s]
 35%|████████████████████████████████                                                           | 190/540 [01:10<01:36,  3.62it/s]
 35%|████████████████████████████████▏                                                          | 191/540 [01:10<01:29,  3.89it/s]
 36%|████████████████████████████████▎                                                          | 192/540 [01:11<01:24,  4.10it/s]
 36%|████████████████████████████████▌                                                          | 193/540 [01:11<01:21,  4.28it/s]
 36%|████████████████████████████████▋                                                          | 194/540 [01:11<01:18,  4.41it/s]
 36%|████████████████████████████████▊                                                          | 195/540 [01:11<01:16,  4.50it/s]
 36%|█████████████████████████████████                                                          | 196/540 [01:11<01:15,  4.57it/s]
 36%|█████████████████████████████████▏                                                         | 197/540 [01:12<01:14,  4.62it/s]
 37%|█████████████████████████████████▎                                                         | 198/540 [01:12<01:13,  4.64it/s]
 37%|█████████████████████████████████▌                                                         | 199/540 [01:12<01:13,  4.67it/s]
 37%|█████████████████████████████████▋                                                         | 200/540 [01:12<01:12,  4.69it/s]
                                                                                                                                  

 37%|█████████████████████████████████▋                                                         | 200/540 [01:12<01:12,  4.69it/s]
 37%|█████████████████████████████████▊                                                         | 201/540 [01:12<01:12,  4.70it/s]
 37%|██████████████████████████████████                                                         | 202/540 [01:13<01:11,  4.71it/s]
 38%|██████████████████████████████████▏                                                        | 203/540 [01:13<01:11,  4.72it/s]
 38%|██████████████████████████████████▍                                                        | 204/540 [01:13<01:11,  4.72it/s]
 38%|██████████████████████████████████▌                                                        | 205/540 [01:13<01:11,  4.72it/s]
 38%|██████████████████████████████████▋                                                        | 206/540 [01:13<01:10,  4.72it/s]
 38%|██████████████████████████████████▉                                                        | 207/540 [01:14<01:10,  4.72it/s]
 39%|███████████████████████████████████                                                        | 208/540 [01:14<01:10,  4.72it/s]
 39%|███████████████████████████████████▏                                                       | 209/540 [01:14<01:10,  4.72it/s]{'loss': '0.8824', 'grad_norm': '6.253', 'learning_rate': '3.382e-05', 'epoch': '6.678'}


Writing model shards:   0%|                                                                                 | 0/1 [00:00<?, ?it/s][A

Writing model shards: 100%|█████████████████████████████████████████████████████████████████████████| 1/1 [00:01<00:00,  1.73s/it][A
Writing model shards: 100%|█████████████████████████████████████████████████████████████████████████| 1/1 [00:01<00:00,  1.73s/it]

 39%|███████████████████████████████████▌                                                       | 211/540 [01:20<07:35,  1.38s/it]
 39%|███████████████████████████████████▋                                                       | 212/540 [01:20<05:58,  1.09s/it]
 39%|███████████████████████████████████▉                                                       | 213/540 [01:20<04:42,  1.16it/s]
 40%|████████████████████████████████████                                                       | 214/540 [01:20<03:43,  1.46it/s]
 40%|████████████████████████████████████▏                                                      | 215/540 [01:20<02:59,  1.81it/s]
 40%|████████████████████████████████████▍                                                      | 216/540 [01:21<02:27,  2.19it/s]
 40%|████████████████████████████████████▌                                                      | 217/540 [01:21<02:04,  2.60it/s]
 40%|████████████████████████████████████▋                                                      | 218/540 [01:21<01:47,  2.99it/s]
 41%|████████████████████████████████████▉                                                      | 219/540 [01:21<01:35,  3.36it/s]
 41%|█████████████████████████████████████                                                      | 220/540 [01:22<01:27,  3.67it/s]
 41%|█████████████████████████████████████▏                                                     | 221/540 [01:22<01:21,  3.93it/s]
 41%|█████████████████████████████████████▍                                                     | 222/540 [01:22<01:16,  4.14it/s]
 41%|█████████████████████████████████████▌                                                     | 223/540 [01:22<01:13,  4.30it/s]
 41%|█████████████████████████████████████▋                                                     | 224/540 [01:22<01:11,  4.41it/s]
 42%|█████████████████████████████████████▉                                                     | 225/540 [01:23<01:09,  4.50it/s]
                                                                                                                                  

 42%|█████████████████████████████████████▉                                                     | 225/540 [01:23<01:09,  4.50it/s]
 42%|██████████████████████████████████████                                                     | 226/540 [01:23<01:08,  4.57it/s]
 42%|██████████████████████████████████████▎                                                    | 227/540 [01:23<01:07,  4.62it/s]
 42%|██████████████████████████████████████▍                                                    | 228/540 [01:23<01:07,  4.64it/s]
 42%|██████████████████████████████████████▌                                                    | 229/540 [01:23<01:06,  4.66it/s]
 43%|██████████████████████████████████████▊                                                    | 230/540 [01:24<01:06,  4.68it/s]
 43%|██████████████████████████████████████▉                                                    | 231/540 [01:24<01:05,  4.70it/s]
 43%|███████████████████████████████████████                                                    | 232/540 [01:24<01:05,  4.71it/s]
 43%|███████████████████████████████████████▎                                                   | 233/540 [01:24<01:05,  4.71it/s]
 43%|███████████████████████████████████████▍                                                   | 234/540 [01:24<01:04,  4.71it/s]
 44%|███████████████████████████████████████▌                                                   | 235/540 [01:25<01:04,  4.72it/s]
 44%|███████████████████████████████████████▊                                                   | 236/540 [01:25<01:04,  4.72it/s]
 44%|███████████████████████████████████████▉                                                   | 237/540 [01:25<01:04,  4.73it/s]
 44%|████████████████████████████████████████                                                   | 238/540 [01:25<01:03,  4.73it/s]
 44%|████████████████████████████████████████▎                                                  | 239/540 [01:26<01:03,  4.74it/s]{'loss': '0.8405', 'grad_norm': '6.557', 'learning_rate': '3.147e-05', 'epoch': '7.508'}


Writing model shards:   0%|                                                                                 | 0/1 [00:00<?, ?it/s][A

Writing model shards: 100%|█████████████████████████████████████████████████████████████████████████| 1/1 [00:01<00:00,  1.81s/it][A
Writing model shards: 100%|█████████████████████████████████████████████████████████████████████████| 1/1 [00:01<00:00,  1.81s/it]

 45%|████████████████████████████████████████▌                                                  | 241/540 [01:31<07:07,  1.43s/it]
 45%|████████████████████████████████████████▊                                                  | 242/540 [01:31<05:36,  1.13s/it]
 45%|████████████████████████████████████████▉                                                  | 243/540 [01:32<04:23,  1.13it/s]
 45%|█████████████████████████████████████████                                                  | 244/540 [01:32<03:28,  1.42it/s]
 45%|█████████████████████████████████████████▎                                                 | 245/540 [01:32<02:47,  1.77it/s]
 46%|█████████████████████████████████████████▍                                                 | 246/540 [01:32<02:16,  2.15it/s]
 46%|█████████████████████████████████████████▌                                                 | 247/540 [01:33<01:54,  2.55it/s]
 46%|█████████████████████████████████████████▊                                                 | 248/540 [01:33<01:38,  2.95it/s]
 46%|█████████████████████████████████████████▉                                                 | 249/540 [01:33<01:27,  3.32it/s]
 46%|██████████████████████████████████████████▏                                                | 250/540 [01:33<01:19,  3.64it/s]
                                                                                                                                  

 46%|██████████████████████████████████████████▏                                                | 250/540 [01:33<01:19,  3.64it/s]
 46%|██████████████████████████████████████████▎                                                | 251/540 [01:33<01:14,  3.90it/s]
 47%|██████████████████████████████████████████▍                                                | 252/540 [01:34<01:09,  4.12it/s]
 47%|██████████████████████████████████████████▋                                                | 253/540 [01:34<01:06,  4.29it/s]
 47%|██████████████████████████████████████████▊                                                | 254/540 [01:34<01:04,  4.40it/s]
 47%|██████████████████████████████████████████▉                                                | 255/540 [01:34<01:03,  4.50it/s]
 47%|███████████████████████████████████████████▏                                               | 256/540 [01:34<01:02,  4.56it/s]
 48%|███████████████████████████████████████████▎                                               | 257/540 [01:35<01:01,  4.61it/s]
 48%|███████████████████████████████████████████▍                                               | 258/540 [01:35<01:00,  4.65it/s]
 48%|███████████████████████████████████████████▋                                               | 259/540 [01:35<01:00,  4.67it/s]
 48%|███████████████████████████████████████████▊                                               | 260/540 [01:35<00:59,  4.69it/s]
 48%|███████████████████████████████████████████▉                                               | 261/540 [01:35<00:59,  4.71it/s]
 49%|████████████████████████████████████████████▏                                              | 262/540 [01:36<00:58,  4.71it/s]
 49%|████████████████████████████████████████████▎                                              | 263/540 [01:36<00:58,  4.71it/s]
 49%|████████████████████████████████████████████▍                                              | 264/540 [01:36<00:58,  4.72it/s]
 49%|████████████████████████████████████████████▋                                              | 265/540 [01:36<00:58,  4.73it/s]
 49%|████████████████████████████████████████████▊                                              | 266/540 [01:37<00:57,  4.73it/s]
 49%|████████████████████████████████████████████▉                                              | 267/540 [01:37<00:57,  4.73it/s]
 50%|█████████████████████████████████████████████▏                                             | 268/540 [01:37<00:57,  4.73it/s]
 50%|█████████████████████████████████████████████▎                                             | 269/540 [01:37<00:57,  4.73it/s]{'loss': '0.782', 'grad_norm': '5.881', 'learning_rate': '2.902e-05', 'epoch': '8.339'}


Writing model shards:   0%|                                                                                 | 0/1 [00:00<?, ?it/s][A

Writing model shards: 100%|█████████████████████████████████████████████████████████████████████████| 1/1 [00:01<00:00,  1.52s/it][A
Writing model shards: 100%|█████████████████████████████████████████████████████████████████████████| 1/1 [00:01<00:00,  1.52s/it]

 50%|█████████████████████████████████████████████▋                                             | 271/540 [01:43<06:19,  1.41s/it]
 50%|█████████████████████████████████████████████▊                                             | 272/540 [01:43<04:58,  1.11s/it]
 51%|██████████████████████████████████████████████                                             | 273/540 [01:43<03:54,  1.14it/s]
 51%|██████████████████████████████████████████████▏                                            | 274/540 [01:43<03:05,  1.43it/s]
 51%|██████████████████████████████████████████████▎                                            | 275/540 [01:44<02:28,  1.78it/s]
                                                                                                                                  

 51%|██████████████████████████████████████████████▎                                            | 275/540 [01:44<02:28,  1.78it/s]
 51%|██████████████████████████████████████████████▌                                            | 276/540 [01:44<02:01,  2.17it/s]
 51%|██████████████████████████████████████████████▋                                            | 277/540 [01:44<01:42,  2.57it/s]
 51%|██████████████████████████████████████████████▊                                            | 278/540 [01:44<01:28,  2.97it/s]
 52%|███████████████████████████████████████████████                                            | 279/540 [01:44<01:18,  3.34it/s]
 52%|███████████████████████████████████████████████▏                                           | 280/540 [01:45<01:11,  3.66it/s]
 52%|███████████████████████████████████████████████▎                                           | 281/540 [01:45<01:05,  3.92it/s]
 52%|███████████████████████████████████████████████▌                                           | 282/540 [01:45<01:02,  4.13it/s]
 52%|███████████████████████████████████████████████▋                                           | 283/540 [01:45<00:59,  4.29it/s]
 53%|███████████████████████████████████████████████▊                                           | 284/540 [01:46<00:58,  4.41it/s]
 53%|████████████████████████████████████████████████                                           | 285/540 [01:46<00:56,  4.51it/s]
 53%|████████████████████████████████████████████████▏                                          | 286/540 [01:46<00:55,  4.58it/s]
 53%|████████████████████████████████████████████████▎                                          | 287/540 [01:46<00:54,  4.62it/s]
 53%|████████████████████████████████████████████████▌                                          | 288/540 [01:46<00:54,  4.66it/s]
 54%|████████████████████████████████████████████████▋                                          | 289/540 [01:47<00:53,  4.68it/s]
 54%|████████████████████████████████████████████████▊                                          | 290/540 [01:47<00:53,  4.70it/s]
 54%|█████████████████████████████████████████████████                                          | 291/540 [01:47<00:52,  4.71it/s]
 54%|█████████████████████████████████████████████████▏                                         | 292/540 [01:47<00:52,  4.72it/s]
 54%|█████████████████████████████████████████████████▍                                         | 293/540 [01:47<00:52,  4.73it/s]
 54%|█████████████████████████████████████████████████▌                                         | 294/540 [01:48<00:52,  4.73it/s]
 55%|█████████████████████████████████████████████████▋                                         | 295/540 [01:48<00:51,  4.73it/s]
 55%|█████████████████████████████████████████████████▉                                         | 296/540 [01:48<00:51,  4.73it/s]
 55%|██████████████████████████████████████████████████                                         | 297/540 [01:48<00:51,  4.74it/s]
 55%|██████████████████████████████████████████████████▏                                        | 298/540 [01:49<00:51,  4.74it/s]
 55%|██████████████████████████████████████████████████▍                                        | 299/540 [01:49<00:50,  4.74it/s]
                                                                                                                                  

 56%|██████████████████████████████████████████████████▌                                        | 300/540 [01:49<00:50,  4.74it/s]{'loss': '0.748', 'grad_norm': '5.948', 'learning_rate': '2.657e-05', 'epoch': '9.169'}
{'loss': '0.6583', 'grad_norm': '24.77', 'learning_rate': '2.412e-05', 'epoch': '10'}


Writing model shards:   0%|                                                                                 | 0/1 [00:00<?, ?it/s][A

Writing model shards: 100%|█████████████████████████████████████████████████████████████████████████| 1/1 [00:02<00:00,  2.04s/it][A
Writing model shards: 100%|█████████████████████████████████████████████████████████████████████████| 1/1 [00:02<00:00,  2.04s/it]

 56%|██████████████████████████████████████████████████▋                                        | 301/540 [01:55<05:59,  1.50s/it]
 56%|██████████████████████████████████████████████████▉                                        | 302/540 [01:55<04:41,  1.18s/it]
 56%|███████████████████████████████████████████████████                                        | 303/540 [01:55<03:40,  1.08it/s]
 56%|███████████████████████████████████████████████████▏                                       | 304/540 [01:55<02:53,  1.36it/s]
 56%|███████████████████████████████████████████████████▍                                       | 305/540 [01:56<02:18,  1.70it/s]
 57%|███████████████████████████████████████████████████▌                                       | 306/540 [01:56<01:52,  2.08it/s]
 57%|███████████████████████████████████████████████████▋                                       | 307/540 [01:56<01:33,  2.49it/s]
 57%|███████████████████████████████████████████████████▉                                       | 308/540 [01:56<01:20,  2.89it/s]
 57%|████████████████████████████████████████████████████                                       | 309/540 [01:56<01:10,  3.26it/s]
 57%|████████████████████████████████████████████████████▏                                      | 310/540 [01:57<01:03,  3.60it/s]
 58%|████████████████████████████████████████████████████▍                                      | 311/540 [01:57<00:59,  3.87it/s]
 58%|████████████████████████████████████████████████████▌                                      | 312/540 [01:57<00:55,  4.09it/s]
 58%|████████████████████████████████████████████████████▋                                      | 313/540 [01:57<00:53,  4.27it/s]
 58%|████████████████████████████████████████████████████▉                                      | 314/540 [01:57<00:51,  4.40it/s]
 58%|█████████████████████████████████████████████████████                                      | 315/540 [01:58<00:50,  4.50it/s]
 59%|█████████████████████████████████████████████████████▎                                     | 316/540 [01:58<00:49,  4.57it/s]
 59%|█████████████████████████████████████████████████████▍                                     | 317/540 [01:58<00:48,  4.62it/s]
 59%|█████████████████████████████████████████████████████▌                                     | 318/540 [01:58<00:47,  4.65it/s]
 59%|█████████████████████████████████████████████████████▊                                     | 319/540 [01:59<00:47,  4.68it/s]
 59%|█████████████████████████████████████████████████████▉                                     | 320/540 [01:59<00:46,  4.70it/s]
 59%|██████████████████████████████████████████████████████                                     | 321/540 [01:59<00:46,  4.71it/s]
 60%|██████████████████████████████████████████████████████▎                                    | 322/540 [01:59<00:46,  4.72it/s]
 60%|██████████████████████████████████████████████████████▍                                    | 323/540 [01:59<00:45,  4.72it/s]
 60%|██████████████████████████████████████████████████████▌                                    | 324/540 [02:00<00:45,  4.72it/s]
 60%|██████████████████████████████████████████████████████▊                                    | 325/540 [02:00<00:45,  4.73it/s]
                                                                                                                                  

 60%|██████████████████████████████████████████████████████▊                                    | 325/540 [02:00<00:45,  4.73it/s]
 60%|██████████████████████████████████████████████████████▉                                    | 326/540 [02:00<00:45,  4.73it/s]
 61%|███████████████████████████████████████████████████████                                    | 327/540 [02:00<00:45,  4.73it/s]
 61%|███████████████████████████████████████████████████████▎                                   | 328/540 [02:00<00:44,  4.73it/s]
 61%|███████████████████████████████████████████████████████▍                                   | 329/540 [02:01<00:44,  4.73it/s]{'loss': '0.6235', 'grad_norm': '4.793', 'learning_rate': '2.167e-05', 'epoch': '10.85'}


Writing model shards:   0%|                                                                                 | 0/1 [00:00<?, ?it/s][A

Writing model shards: 100%|█████████████████████████████████████████████████████████████████████████| 1/1 [00:01<00:00,  1.91s/it][A
Writing model shards: 100%|█████████████████████████████████████████████████████████████████████████| 1/1 [00:01<00:00,  1.91s/it]

 61%|███████████████████████████████████████████████████████▊                                   | 331/540 [02:06<04:58,  1.43s/it]
 61%|███████████████████████████████████████████████████████▉                                   | 332/540 [02:07<03:54,  1.13s/it]
 62%|████████████████████████████████████████████████████████                                   | 333/540 [02:07<03:03,  1.13it/s]
 62%|████████████████████████████████████████████████████████▎                                  | 334/540 [02:07<02:24,  1.42it/s]
 62%|████████████████████████████████████████████████████████▍                                  | 335/540 [02:07<01:56,  1.77it/s]
 62%|████████████████████████████████████████████████████████▌                                  | 336/540 [02:07<01:34,  2.15it/s]
 62%|████████████████████████████████████████████████████████▊                                  | 337/540 [02:08<01:19,  2.56it/s]
 63%|████████████████████████████████████████████████████████▉                                  | 338/540 [02:08<01:08,  2.96it/s]
 63%|█████████████████████████████████████████████████████████▏                                 | 339/540 [02:08<01:00,  3.32it/s]
 63%|█████████████████████████████████████████████████████████▎                                 | 340/540 [02:08<00:54,  3.64it/s]
 63%|█████████████████████████████████████████████████████████▍                                 | 341/540 [02:08<00:50,  3.91it/s]
 63%|█████████████████████████████████████████████████████████▋                                 | 342/540 [02:09<00:48,  4.12it/s]
 64%|█████████████████████████████████████████████████████████▊                                 | 343/540 [02:09<00:45,  4.29it/s]
 64%|█████████████████████████████████████████████████████████▉                                 | 344/540 [02:09<00:44,  4.40it/s]
 64%|██████████████████████████████████████████████████████████▏                                | 345/540 [02:09<00:43,  4.50it/s]
 64%|██████████████████████████████████████████████████████████▎                                | 346/540 [02:10<00:42,  4.57it/s]
 64%|██████████████████████████████████████████████████████████▍                                | 347/540 [02:10<00:41,  4.62it/s]
 64%|██████████████████████████████████████████████████████████▋                                | 348/540 [02:10<00:41,  4.65it/s]
 65%|██████████████████████████████████████████████████████████▊                                | 349/540 [02:10<00:40,  4.67it/s]
 65%|██████████████████████████████████████████████████████████▉                                | 350/540 [02:10<00:40,  4.68it/s]
                                                                                                                                  

 65%|██████████████████████████████████████████████████████████▉                                | 350/540 [02:10<00:40,  4.68it/s]
 65%|███████████████████████████████████████████████████████████▏                               | 351/540 [02:11<00:40,  4.69it/s]
 65%|███████████████████████████████████████████████████████████▎                               | 352/540 [02:11<00:39,  4.71it/s]
 65%|███████████████████████████████████████████████████████████▍                               | 353/540 [02:11<00:39,  4.70it/s]
 66%|███████████████████████████████████████████████████████████▋                               | 354/540 [02:11<00:39,  4.71it/s]
 66%|███████████████████████████████████████████████████████████▊                               | 355/540 [02:11<00:39,  4.72it/s]
 66%|███████████████████████████████████████████████████████████▉                               | 356/540 [02:12<00:38,  4.72it/s]
 66%|████████████████████████████████████████████████████████████▏                              | 357/540 [02:12<00:38,  4.72it/s]
 66%|████████████████████████████████████████████████████████████▎                              | 358/540 [02:12<00:38,  4.71it/s]
 66%|████████████████████████████████████████████████████████████▍                              | 359/540 [02:12<00:38,  4.72it/s]{'loss': '0.5949', 'grad_norm': '4.463', 'learning_rate': '1.922e-05', 'epoch': '11.68'}


Writing model shards:   0%|                                                                                 | 0/1 [00:00<?, ?it/s][A

Writing model shards: 100%|█████████████████████████████████████████████████████████████████████████| 1/1 [00:02<00:00,  2.06s/it][A
Writing model shards: 100%|█████████████████████████████████████████████████████████████████████████| 1/1 [00:02<00:00,  2.06s/it]

 67%|████████████████████████████████████████████████████████████▊                              | 361/540 [02:18<04:28,  1.50s/it]
 67%|█████████████████████████████████████████████████████████████                              | 362/540 [02:19<03:30,  1.18s/it]
 67%|█████████████████████████████████████████████████████████████▏                             | 363/540 [02:19<02:44,  1.08it/s]
 67%|█████████████████████████████████████████████████████████████▎                             | 364/540 [02:19<02:09,  1.36it/s]
 68%|█████████████████████████████████████████████████████████████▌                             | 365/540 [02:19<01:42,  1.70it/s]
 68%|█████████████████████████████████████████████████████████████▋                             | 366/540 [02:19<01:23,  2.08it/s]
 68%|█████████████████████████████████████████████████████████████▊                             | 367/540 [02:20<01:09,  2.49it/s]
 68%|██████████████████████████████████████████████████████████████                             | 368/540 [02:20<00:59,  2.89it/s]
 68%|██████████████████████████████████████████████████████████████▏                            | 369/540 [02:20<00:52,  3.26it/s]
 69%|██████████████████████████████████████████████████████████████▎                            | 370/540 [02:20<00:47,  3.59it/s]
 69%|██████████████████████████████████████████████████████████████▌                            | 371/540 [02:20<00:43,  3.87it/s]
 69%|██████████████████████████████████████████████████████████████▋                            | 372/540 [02:21<00:41,  4.09it/s]
 69%|██████████████████████████████████████████████████████████████▊                            | 373/540 [02:21<00:39,  4.25it/s]
 69%|███████████████████████████████████████████████████████████████                            | 374/540 [02:21<00:37,  4.38it/s]
 69%|███████████████████████████████████████████████████████████████▏                           | 375/540 [02:21<00:36,  4.48it/s]
                                                                                                                                  

 69%|███████████████████████████████████████████████████████████████▏                           | 375/540 [02:21<00:36,  4.48it/s]
 70%|███████████████████████████████████████████████████████████████▎                           | 376/540 [02:21<00:36,  4.52it/s]
 70%|███████████████████████████████████████████████████████████████▌                           | 377/540 [02:22<00:35,  4.58it/s]
 70%|███████████████████████████████████████████████████████████████▋                           | 378/540 [02:22<00:34,  4.63it/s]
 70%|███████████████████████████████████████████████████████████████▊                           | 379/540 [02:22<00:34,  4.66it/s]
 70%|████████████████████████████████████████████████████████████████                           | 380/540 [02:22<00:34,  4.68it/s]
 71%|████████████████████████████████████████████████████████████████▏                          | 381/540 [02:23<00:33,  4.69it/s]
 71%|████████████████████████████████████████████████████████████████▎                          | 382/540 [02:23<00:33,  4.70it/s]
 71%|████████████████████████████████████████████████████████████████▌                          | 383/540 [02:23<00:33,  4.71it/s]
 71%|████████████████████████████████████████████████████████████████▋                          | 384/540 [02:23<00:33,  4.71it/s]
 71%|████████████████████████████████████████████████████████████████▉                          | 385/540 [02:23<00:33,  4.69it/s]
 71%|█████████████████████████████████████████████████████████████████                          | 386/540 [02:24<00:32,  4.70it/s]
 72%|█████████████████████████████████████████████████████████████████▏                         | 387/540 [02:24<00:32,  4.71it/s]
 72%|█████████████████████████████████████████████████████████████████▍                         | 388/540 [02:24<00:32,  4.71it/s]
 72%|█████████████████████████████████████████████████████████████████▌                         | 389/540 [02:24<00:32,  4.71it/s]{'loss': '0.5502', 'grad_norm': '4.553', 'learning_rate': '1.676e-05', 'epoch': '12.51'}


Writing model shards:   0%|                                                                                 | 0/1 [00:00<?, ?it/s][A

Writing model shards: 100%|█████████████████████████████████████████████████████████████████████████| 1/1 [00:01<00:00,  1.84s/it][A
Writing model shards: 100%|█████████████████████████████████████████████████████████████████████████| 1/1 [00:01<00:00,  1.84s/it]

 72%|█████████████████████████████████████████████████████████████████▉                         | 391/540 [02:30<03:34,  1.44s/it]
 73%|██████████████████████████████████████████████████████████████████                         | 392/540 [02:30<02:47,  1.13s/it]
 73%|██████████████████████████████████████████████████████████████████▏                        | 393/540 [02:30<02:11,  1.12it/s]
 73%|██████████████████████████████████████████████████████████████████▍                        | 394/540 [02:31<01:43,  1.41it/s]
 73%|██████████████████████████████████████████████████████████████████▌                        | 395/540 [02:31<01:22,  1.76it/s]
 73%|██████████████████████████████████████████████████████████████████▋                        | 396/540 [02:31<01:07,  2.14it/s]
 74%|██████████████████████████████████████████████████████████████████▉                        | 397/540 [02:31<00:56,  2.54it/s]
 74%|███████████████████████████████████████████████████████████████████                        | 398/540 [02:31<00:48,  2.94it/s]
 74%|███████████████████████████████████████████████████████████████████▏                       | 399/540 [02:32<00:46,  3.05it/s]
 74%|███████████████████████████████████████████████████████████████████▍                       | 400/540 [02:32<00:41,  3.41it/s]
                                                                                                                                  

 74%|███████████████████████████████████████████████████████████████████▍                       | 400/540 [02:32<00:41,  3.41it/s]
 74%|███████████████████████████████████████████████████████████████████▌                       | 401/540 [02:32<00:37,  3.71it/s]
 74%|███████████████████████████████████████████████████████████████████▋                       | 402/540 [02:32<00:34,  3.96it/s]
 75%|███████████████████████████████████████████████████████████████████▉                       | 403/540 [02:33<00:32,  4.16it/s]
 75%|████████████████████████████████████████████████████████████████████                       | 404/540 [02:33<00:31,  4.32it/s]
 75%|████████████████████████████████████████████████████████████████████▎                      | 405/540 [02:33<00:30,  4.43it/s]
 75%|████████████████████████████████████████████████████████████████████▍                      | 406/540 [02:33<00:29,  4.52it/s]
 75%|████████████████████████████████████████████████████████████████████▌                      | 407/540 [02:33<00:29,  4.57it/s]
 76%|████████████████████████████████████████████████████████████████████▊                      | 408/540 [02:34<00:28,  4.62it/s]
 76%|████████████████████████████████████████████████████████████████████▉                      | 409/540 [02:34<00:28,  4.65it/s]
 76%|█████████████████████████████████████████████████████████████████████                      | 410/540 [02:34<00:27,  4.67it/s]
 76%|█████████████████████████████████████████████████████████████████████▎                     | 411/540 [02:34<00:27,  4.68it/s]
 76%|█████████████████████████████████████████████████████████████████████▍                     | 412/540 [02:35<00:27,  4.70it/s]
 76%|█████████████████████████████████████████████████████████████████████▌                     | 413/540 [02:35<00:26,  4.71it/s]
 77%|█████████████████████████████████████████████████████████████████████▊                     | 414/540 [02:35<00:26,  4.71it/s]
 77%|█████████████████████████████████████████████████████████████████████▉                     | 415/540 [02:35<00:26,  4.72it/s]
 77%|██████████████████████████████████████████████████████████████████████                     | 416/540 [02:35<00:26,  4.72it/s]
 77%|██████████████████████████████████████████████████████████████████████▎                    | 417/540 [02:36<00:26,  4.73it/s]
 77%|██████████████████████████████████████████████████████████████████████▍                    | 418/540 [02:36<00:25,  4.73it/s]
 78%|██████████████████████████████████████████████████████████████████████▌                    | 419/540 [02:36<00:25,  4.72it/s]{'loss': '0.5125', 'grad_norm': '5.056', 'learning_rate': '1.431e-05', 'epoch': '13.34'}


Writing model shards:   0%|                                                                                 | 0/1 [00:00<?, ?it/s][A

Writing model shards: 100%|█████████████████████████████████████████████████████████████████████████| 1/1 [00:01<00:00,  1.71s/it][A
Writing model shards: 100%|█████████████████████████████████████████████████████████████████████████| 1/1 [00:01<00:00,  1.71s/it]

 78%|██████████████████████████████████████████████████████████████████████▉                    | 421/540 [02:42<02:51,  1.44s/it]
 78%|███████████████████████████████████████████████████████████████████████                    | 422/540 [02:42<02:14,  1.14s/it]
 78%|███████████████████████████████████████████████████████████████████████▎                   | 423/540 [02:42<01:44,  1.12it/s]
 79%|███████████████████████████████████████████████████████████████████████▍                   | 424/540 [02:42<01:22,  1.41it/s]
 79%|███████████████████████████████████████████████████████████████████████▌                   | 425/540 [02:43<01:05,  1.75it/s]
                                                                                                                                  

 79%|███████████████████████████████████████████████████████████████████████▌                   | 425/540 [02:43<01:05,  1.75it/s]
 79%|███████████████████████████████████████████████████████████████████████▊                   | 426/540 [02:43<00:53,  2.14it/s]
 79%|███████████████████████████████████████████████████████████████████████▉                   | 427/540 [02:43<00:44,  2.54it/s]
 79%|████████████████████████████████████████████████████████████████████████▏                  | 428/540 [02:43<00:38,  2.94it/s]
 79%|████████████████████████████████████████████████████████████████████████▎                  | 429/540 [02:43<00:33,  3.31it/s]
 80%|████████████████████████████████████████████████████████████████████████▍                  | 430/540 [02:44<00:30,  3.64it/s]
 80%|████████████████████████████████████████████████████████████████████████▋                  | 431/540 [02:44<00:27,  3.91it/s]
 80%|████████████████████████████████████████████████████████████████████████▊                  | 432/540 [02:44<00:26,  4.12it/s]
 80%|████████████████████████████████████████████████████████████████████████▉                  | 433/540 [02:44<00:24,  4.29it/s]
 80%|█████████████████████████████████████████████████████████████████████████▏                 | 434/540 [02:44<00:24,  4.41it/s]
 81%|█████████████████████████████████████████████████████████████████████████▎                 | 435/540 [02:45<00:23,  4.51it/s]
 81%|█████████████████████████████████████████████████████████████████████████▍                 | 436/540 [02:45<00:22,  4.57it/s]
 81%|█████████████████████████████████████████████████████████████████████████▋                 | 437/540 [02:45<00:22,  4.59it/s]
 81%|█████████████████████████████████████████████████████████████████████████▊                 | 438/540 [02:45<00:22,  4.63it/s]
 81%|█████████████████████████████████████████████████████████████████████████▉                 | 439/540 [02:46<00:21,  4.66it/s]
 81%|██████████████████████████████████████████████████████████████████████████▏                | 440/540 [02:46<00:21,  4.68it/s]
 82%|██████████████████████████████████████████████████████████████████████████▎                | 441/540 [02:46<00:21,  4.69it/s]
 82%|██████████████████████████████████████████████████████████████████████████▍                | 442/540 [02:46<00:20,  4.70it/s]
 82%|██████████████████████████████████████████████████████████████████████████▋                | 443/540 [02:46<00:20,  4.71it/s]
 82%|██████████████████████████████████████████████████████████████████████████▊                | 444/540 [02:47<00:20,  4.72it/s]
 82%|██████████████████████████████████████████████████████████████████████████▉                | 445/540 [02:47<00:20,  4.72it/s]
 83%|███████████████████████████████████████████████████████████████████████████▏               | 446/540 [02:47<00:20,  4.70it/s]
 83%|███████████████████████████████████████████████████████████████████████████▎               | 447/540 [02:47<00:19,  4.71it/s]
 83%|███████████████████████████████████████████████████████████████████████████▍               | 448/540 [02:47<00:19,  4.71it/s]
 83%|███████████████████████████████████████████████████████████████████████████▋               | 449/540 [02:48<00:19,  4.72it/s]
                                                                                                                                  

 83%|███████████████████████████████████████████████████████████████████████████▊               | 450/540 [02:48<00:19,  4.72it/s]{'loss': '0.4917', 'grad_norm': '4.297', 'learning_rate': '1.186e-05', 'epoch': '14.17'}
{'loss': '0.4562', 'grad_norm': '21.86', 'learning_rate': '9.412e-06', 'epoch': '15'}


Writing model shards:   0%|                                                                                 | 0/1 [00:00<?, ?it/s][A

Writing model shards: 100%|█████████████████████████████████████████████████████████████████████████| 1/1 [00:02<00:00,  2.07s/it][A
Writing model shards: 100%|█████████████████████████████████████████████████████████████████████████| 1/1 [00:02<00:00,  2.07s/it]

 84%|████████████████████████████████████████████████████████████████████████████               | 451/540 [02:54<02:16,  1.53s/it]
 84%|████████████████████████████████████████████████████████████████████████████▏              | 452/540 [02:54<01:46,  1.20s/it]
 84%|████████████████████████████████████████████████████████████████████████████▎              | 453/540 [02:54<01:22,  1.06it/s]
 84%|████████████████████████████████████████████████████████████████████████████▌              | 454/540 [02:54<01:04,  1.34it/s]
 84%|████████████████████████████████████████████████████████████████████████████▋              | 455/540 [02:55<00:50,  1.68it/s]
 84%|████████████████████████████████████████████████████████████████████████████▊              | 456/540 [02:55<00:40,  2.06it/s]
 85%|█████████████████████████████████████████████████████████████████████████████              | 457/540 [02:55<00:33,  2.46it/s]
 85%|█████████████████████████████████████████████████████████████████████████████▏             | 458/540 [02:55<00:28,  2.86it/s]
 85%|█████████████████████████████████████████████████████████████████████████████▎             | 459/540 [02:56<00:24,  3.24it/s]
 85%|█████████████████████████████████████████████████████████████████████████████▌             | 460/540 [02:56<00:22,  3.57it/s]
 85%|█████████████████████████████████████████████████████████████████████████████▋             | 461/540 [02:56<00:20,  3.85it/s]
 86%|█████████████████████████████████████████████████████████████████████████████▊             | 462/540 [02:56<00:19,  4.07it/s]
 86%|██████████████████████████████████████████████████████████████████████████████             | 463/540 [02:56<00:18,  4.25it/s]
 86%|██████████████████████████████████████████████████████████████████████████████▏            | 464/540 [02:57<00:17,  4.39it/s]
 86%|██████████████████████████████████████████████████████████████████████████████▎            | 465/540 [02:57<00:16,  4.45it/s]
 86%|██████████████████████████████████████████████████████████████████████████████▌            | 466/540 [02:57<00:16,  4.53it/s]
 86%|██████████████████████████████████████████████████████████████████████████████▋            | 467/540 [02:57<00:15,  4.59it/s]
 87%|██████████████████████████████████████████████████████████████████████████████▊            | 468/540 [02:57<00:15,  4.63it/s]
 87%|███████████████████████████████████████████████████████████████████████████████            | 469/540 [02:58<00:15,  4.67it/s]
 87%|███████████████████████████████████████████████████████████████████████████████▏           | 470/540 [02:58<00:14,  4.69it/s]
 87%|███████████████████████████████████████████████████████████████████████████████▎           | 471/540 [02:58<00:14,  4.69it/s]
 87%|███████████████████████████████████████████████████████████████████████████████▌           | 472/540 [02:58<00:14,  4.70it/s]
 88%|███████████████████████████████████████████████████████████████████████████████▋           | 473/540 [02:58<00:14,  4.71it/s]
 88%|███████████████████████████████████████████████████████████████████████████████▉           | 474/540 [02:59<00:13,  4.71it/s]
 88%|████████████████████████████████████████████████████████████████████████████████           | 475/540 [02:59<00:13,  4.72it/s]
                                                                                                                                  

 88%|████████████████████████████████████████████████████████████████████████████████           | 475/540 [02:59<00:13,  4.72it/s]
 88%|████████████████████████████████████████████████████████████████████████████████▏          | 476/540 [02:59<00:13,  4.71it/s]
 88%|████████████████████████████████████████████████████████████████████████████████▍          | 477/540 [02:59<00:13,  4.72it/s]
 89%|████████████████████████████████████████████████████████████████████████████████▌          | 478/540 [03:00<00:13,  4.72it/s]
 89%|████████████████████████████████████████████████████████████████████████████████▋          | 479/540 [03:00<00:12,  4.72it/s]{'loss': '0.4454', 'grad_norm': '4.163', 'learning_rate': '6.961e-06', 'epoch': '15.85'}


Writing model shards:   0%|                                                                                 | 0/1 [00:00<?, ?it/s][A

Writing model shards: 100%|█████████████████████████████████████████████████████████████████████████| 1/1 [00:01<00:00,  1.92s/it][A
Writing model shards: 100%|█████████████████████████████████████████████████████████████████████████| 1/1 [00:01<00:00,  1.92s/it]

 89%|█████████████████████████████████████████████████████████████████████████████████          | 481/540 [03:05<01:24,  1.43s/it]
 89%|█████████████████████████████████████████████████████████████████████████████████▏         | 482/540 [03:06<01:05,  1.13s/it]
 89%|█████████████████████████████████████████████████████████████████████████████████▍         | 483/540 [03:06<00:50,  1.12it/s]
 90%|█████████████████████████████████████████████████████████████████████████████████▌         | 484/540 [03:06<00:39,  1.42it/s]
 90%|█████████████████████████████████████████████████████████████████████████████████▋         | 485/540 [03:06<00:31,  1.76it/s]
 90%|█████████████████████████████████████████████████████████████████████████████████▉         | 486/540 [03:07<00:25,  2.15it/s]
 90%|██████████████████████████████████████████████████████████████████████████████████         | 487/540 [03:07<00:20,  2.55it/s]
 90%|██████████████████████████████████████████████████████████████████████████████████▏        | 488/540 [03:07<00:17,  2.95it/s]
 91%|██████████████████████████████████████████████████████████████████████████████████▍        | 489/540 [03:07<00:15,  3.32it/s]
 91%|██████████████████████████████████████████████████████████████████████████████████▌        | 490/540 [03:07<00:13,  3.64it/s]
 91%|██████████████████████████████████████████████████████████████████████████████████▋        | 491/540 [03:08<00:12,  3.91it/s]
 91%|██████████████████████████████████████████████████████████████████████████████████▉        | 492/540 [03:08<00:11,  4.12it/s]
 91%|███████████████████████████████████████████████████████████████████████████████████        | 493/540 [03:08<00:10,  4.29it/s]
 91%|███████████████████████████████████████████████████████████████████████████████████▏       | 494/540 [03:08<00:10,  4.41it/s]
 92%|███████████████████████████████████████████████████████████████████████████████████▍       | 495/540 [03:08<00:09,  4.50it/s]
 92%|███████████████████████████████████████████████████████████████████████████████████▌       | 496/540 [03:09<00:09,  4.57it/s]
 92%|███████████████████████████████████████████████████████████████████████████████████▊       | 497/540 [03:09<00:09,  4.62it/s]
 92%|███████████████████████████████████████████████████████████████████████████████████▉       | 498/540 [03:09<00:09,  4.64it/s]
 92%|████████████████████████████████████████████████████████████████████████████████████       | 499/540 [03:09<00:08,  4.67it/s]
 93%|████████████████████████████████████████████████████████████████████████████████████▎      | 500/540 [03:09<00:08,  4.69it/s]
                                                                                                                                  

 93%|████████████████████████████████████████████████████████████████████████████████████▎      | 500/540 [03:09<00:08,  4.69it/s]
 93%|████████████████████████████████████████████████████████████████████████████████████▍      | 501/540 [03:10<00:08,  4.70it/s]
 93%|████████████████████████████████████████████████████████████████████████████████████▌      | 502/540 [03:10<00:08,  4.71it/s]
 93%|████████████████████████████████████████████████████████████████████████████████████▊      | 503/540 [03:10<00:07,  4.71it/s]
 93%|████████████████████████████████████████████████████████████████████████████████████▉      | 504/540 [03:10<00:07,  4.72it/s]
 94%|█████████████████████████████████████████████████████████████████████████████████████      | 505/540 [03:11<00:07,  4.72it/s]
 94%|█████████████████████████████████████████████████████████████████████████████████████▎     | 506/540 [03:11<00:07,  4.73it/s]
 94%|█████████████████████████████████████████████████████████████████████████████████████▍     | 507/540 [03:11<00:06,  4.72it/s]
 94%|█████████████████████████████████████████████████████████████████████████████████████▌     | 508/540 [03:11<00:06,  4.72it/s]
 94%|█████████████████████████████████████████████████████████████████████████████████████▊     | 509/540 [03:11<00:06,  4.72it/s]{'loss': '0.4082', 'grad_norm': '4.511', 'learning_rate': '4.51e-06', 'epoch': '16.68'}


Writing model shards:   0%|                                                                                 | 0/1 [00:00<?, ?it/s][A

Writing model shards: 100%|█████████████████████████████████████████████████████████████████████████| 1/1 [00:01<00:00,  1.86s/it][A
Writing model shards: 100%|█████████████████████████████████████████████████████████████████████████| 1/1 [00:01<00:00,  1.86s/it]

 95%|██████████████████████████████████████████████████████████████████████████████████████     | 511/540 [03:17<00:40,  1.41s/it]
 95%|██████████████████████████████████████████████████████████████████████████████████████▎    | 512/540 [03:17<00:31,  1.11s/it]
 95%|██████████████████████████████████████████████████████████████████████████████████████▍    | 513/540 [03:17<00:23,  1.14it/s]
 95%|██████████████████████████████████████████████████████████████████████████████████████▌    | 514/540 [03:18<00:18,  1.44it/s]
 95%|██████████████████████████████████████████████████████████████████████████████████████▊    | 515/540 [03:18<00:13,  1.79it/s]
 96%|██████████████████████████████████████████████████████████████████████████████████████▉    | 516/540 [03:18<00:11,  2.17it/s]
 96%|███████████████████████████████████████████████████████████████████████████████████████    | 517/540 [03:18<00:08,  2.58it/s]
 96%|███████████████████████████████████████████████████████████████████████████████████████▎   | 518/540 [03:18<00:07,  2.97it/s]
 96%|███████████████████████████████████████████████████████████████████████████████████████▍   | 519/540 [03:19<00:06,  3.34it/s]
 96%|███████████████████████████████████████████████████████████████████████████████████████▋   | 520/540 [03:19<00:05,  3.66it/s]
 96%|███████████████████████████████████████████████████████████████████████████████████████▊   | 521/540 [03:19<00:04,  3.92it/s]
 97%|███████████████████████████████████████████████████████████████████████████████████████▉   | 522/540 [03:19<00:04,  4.13it/s]
 97%|████████████████████████████████████████████████████████████████████████████████████████▏  | 523/540 [03:20<00:03,  4.30it/s]
 97%|████████████████████████████████████████████████████████████████████████████████████████▎  | 524/540 [03:20<00:03,  4.42it/s]
 97%|████████████████████████████████████████████████████████████████████████████████████████▍  | 525/540 [03:20<00:03,  4.51it/s]
                                                                                                                                  

 97%|████████████████████████████████████████████████████████████████████████████████████████▍  | 525/540 [03:20<00:03,  4.51it/s]
 97%|████████████████████████████████████████████████████████████████████████████████████████▋  | 526/540 [03:20<00:03,  4.56it/s]
 98%|████████████████████████████████████████████████████████████████████████████████████████▊  | 527/540 [03:20<00:02,  4.61it/s]
 98%|████████████████████████████████████████████████████████████████████████████████████████▉  | 528/540 [03:21<00:02,  4.65it/s]
 98%|█████████████████████████████████████████████████████████████████████████████████████████▏ | 529/540 [03:21<00:02,  4.68it/s]
 98%|█████████████████████████████████████████████████████████████████████████████████████████▎ | 530/540 [03:21<00:02,  4.69it/s]
 98%|█████████████████████████████████████████████████████████████████████████████████████████▍ | 531/540 [03:21<00:01,  4.70it/s]
 99%|█████████████████████████████████████████████████████████████████████████████████████████▋ | 532/540 [03:21<00:01,  4.71it/s]
 99%|█████████████████████████████████████████████████████████████████████████████████████████▊ | 533/540 [03:22<00:01,  4.72it/s]
 99%|█████████████████████████████████████████████████████████████████████████████████████████▉ | 534/540 [03:22<00:01,  4.72it/s]
 99%|██████████████████████████████████████████████████████████████████████████████████████████▏| 535/540 [03:22<00:01,  4.71it/s]
 99%|██████████████████████████████████████████████████████████████████████████████████████████▎| 536/540 [03:22<00:00,  4.72it/s]
 99%|██████████████████████████████████████████████████████████████████████████████████████████▍| 537/540 [03:22<00:00,  4.73it/s]
100%|██████████████████████████████████████████████████████████████████████████████████████████▋| 538/540 [03:23<00:00,  4.73it/s]
100%|██████████████████████████████████████████████████████████████████████████████████████████▊| 539/540 [03:23<00:00,  4.73it/s]{'loss': '0.4208', 'grad_norm': '3.655', 'learning_rate': '2.059e-06', 'epoch': '17.51'}


Writing model shards:   0%|                                                                                 | 0/1 [00:00<?, ?it/s][A

Writing model shards: 100%|█████████████████████████████████████████████████████████████████████████| 1/1 [00:01<00:00,  1.85s/it][A
Writing model shards: 100%|█████████████████████████████████████████████████████████████████████████| 1/1 [00:01<00:00,  1.85s/it]

                                                                                                                                  

100%|███████████████████████████████████████████████████████████████████████████████████████████| 540/540 [03:28<00:00,  4.73it/s]
100%|███████████████████████████████████████████████████████████████████████████████████████████| 540/540 [03:28<00:00,  2.58it/s]
{'train_runtime': '209', 'train_samples_per_second': '40.05', 'train_steps_per_second': '2.584', 'train_loss': '0.9081', 'epoch': '18'}

  0%|                                                                                                       | 0/9 [00:00<?, ?it/s]
 44%|██████████████████████████████████████████▏                                                    | 4/9 [00:00<00:00, 36.05it/s]
 89%|████████████████████████████████████████████████████████████████████████████████████▍          | 8/9 [00:00<00:00, 32.34it/s]
100%|███████████████████████████████████████████████████████████████████████████████████████████████| 9/9 [00:00<00:00, 32.27it/s]

Writing model shards:   0%|                                                                                 | 0/1 [00:00<?, ?it/s]
Writing model shards: 100%|█████████████████████████████████████████████████████████████████████████| 1/1 [00:01<00:00,  1.85s/it]
Writing model shards: 100%|█████████████████████████████████████████████████████████████████████████| 1/1 [00:01<00:00,  1.85s/it]

Loading weights:   0%|                                                                                    | 0/292 [00:00<?, ?it/s]
Loading weights:  61%|███████████████████████████████████████████▉                            | 178/292 [00:00<00:00, 1708.06it/s]
Loading weights: 100%|████████████████████████████████████████████████████████████████████████| 292/292 [00:00<00:00, 1446.00it/s]

Loading weights:   0%|                                                                                    | 0/292 [00:00<?, ?it/s]
Loading weights:  78%|████████████████████████████████████████████████████████▏               | 228/292 [00:00<00:00, 2228.29it/s]
Loading weights: 100%|████████████████████████████████████████████████████████████████████████| 292/292 [00:00<00:00, 1745.74it/s]

Loading weights:   0%|                                                                                    | 0/292 [00:00<?, ?it/s]
Loading weights:  16%|███████████▋                                                              | 46/292 [00:00<00:00, 438.06it/s]
Loading weights:  31%|██████████████████████▊                                                   | 90/292 [00:00<00:00, 433.69it/s]
Loading weights:  46%|█████████████████████████████████▌                                       | 134/292 [00:00<00:00, 419.16it/s]
Loading weights:  62%|█████████████████████████████████████████████                            | 180/292 [00:00<00:00, 425.12it/s]
Loading weights:  76%|███████████████████████████████████████████████████████▊                 | 223/292 [00:00<00:00, 422.37it/s]
Loading weights:  91%|██████████████████████████████████████████████████████████████████▌      | 266/292 [00:00<00:00, 402.16it/s]
Loading weights: 100%|█████████████████████████████████████████████████████████████████████████| 292/292 [00:00<00:00, 394.49it/s]

Loading weights:   0%|                                                                                    | 0/292 [00:00<?, ?it/s]
Loading weights:  47%|█████████████████████████████████▌                                      | 136/292 [00:00<00:00, 1352.46it/s]
Loading weights:  95%|████████████████████████████████████████████████████████████████████    | 276/292 [00:00<00:00, 1378.30it/s]
Loading weights: 100%|████████████████████████████████████████████████████████████████████████| 292/292 [00:00<00:00, 1148.56it/s]

Loading weights:   0%|                                                                                    | 0/196 [00:00<?, ?it/s]
Loading weights:   1%|▍                                                                           | 1/196 [00:00<00:29,  6.51it/s]
Loading weights:  38%|███████████████████████████▉                                              | 74/196 [00:00<00:00, 350.08it/s]
Loading weights:  73%|█████████████████████████████████████████████████████▋                   | 144/196 [00:00<00:00, 477.59it/s]
Loading weights: 100%|█████████████████████████████████████████████████████████████████████████| 196/196 [00:00<00:00, 441.56it/s]
Warning: You are sending unauthenticated requests to the HF Hub. Please set a HF_TOKEN to enable higher rate limits and faster downloads.
[RANK 0] Detected kernel version 5.4.0, which is below the recommended minimum of 5.5.0; this can cause the process to hang. It is recommended to upgrade the kernel to the minimum version or higher.

  0%|                                                                                                     | 0/360 [00:00<?, ?it/s]
  0%|▎                                                                                            | 1/360 [00:00<02:53,  2.07it/s]
  1%|▌                                                                                            | 2/360 [00:00<02:42,  2.20it/s]
  1%|▊                                                                                            | 3/360 [00:01<02:40,  2.22it/s]
  1%|█                                                                                            | 4/360 [00:01<02:39,  2.24it/s]
  1%|█▎                                                                                           | 5/360 [00:02<02:38,  2.25it/s]
  2%|█▌                                                                                           | 6/360 [00:02<02:37,  2.25it/s]
  2%|█▊                                                                                           | 7/360 [00:03<02:36,  2.25it/s]
  2%|██                                                                                           | 8/360 [00:03<02:36,  2.26it/s]
  2%|██▎                                                                                          | 9/360 [00:04<02:35,  2.26it/s]
  3%|██▌                                                                                         | 10/360 [00:04<02:35,  2.26it/s]
  3%|██▊                                                                                         | 11/360 [00:04<02:34,  2.26it/s]
  3%|███                                                                                         | 12/360 [00:05<02:34,  2.26it/s]
  4%|███▎                                                                                        | 13/360 [00:05<02:33,  2.26it/s]
  4%|███▌                                                                                        | 14/360 [00:06<02:33,  2.26it/s]
  4%|███▊                                                                                        | 15/360 [00:06<02:32,  2.26it/s]
  4%|████                                                                                        | 16/360 [00:07<02:33,  2.25it/s]
  5%|████▎                                                                                       | 17/360 [00:07<02:32,  2.26it/s]
  5%|████▌                                                                                       | 18/360 [00:08<02:32,  2.25it/s]
  5%|████▊                                                                                       | 19/360 [00:08<02:31,  2.25it/s]
  6%|█████                                                                                       | 20/360 [00:08<02:31,  2.25it/s]
  6%|█████▎                                                                                      | 21/360 [00:09<02:30,  2.25it/s]
  6%|█████▌                                                                                      | 22/360 [00:09<02:30,  2.24it/s]
  6%|█████▉                                                                                      | 23/360 [00:10<02:30,  2.24it/s]
  7%|██████▏                                                                                     | 24/360 [00:10<02:30,  2.24it/s]
  7%|██████▍                                                                                     | 25/360 [00:11<02:29,  2.24it/s]
                                                                                                                                  

  7%|██████▍                                                                                     | 25/360 [00:11<02:29,  2.24it/s]
  7%|██████▋                                                                                     | 26/360 [00:11<02:28,  2.25it/s]
  8%|██████▉                                                                                     | 27/360 [00:12<02:27,  2.25it/s]
  8%|███████▏                                                                                    | 28/360 [00:12<02:27,  2.25it/s]
  8%|███████▍                                                                                    | 29/360 [00:12<02:26,  2.25it/s]
  8%|███████▋                                                                                    | 30/360 [00:13<01:57,  2.82it/s]{'loss': '1.907', 'grad_norm': '5.004', 'learning_rate': '4e-05', 'epoch': '0.8547'}


Writing model shards:   0%|                                                                                 | 0/1 [00:00<?, ?it/s][A

Writing model shards: 100%|█████████████████████████████████████████████████████████████████████████| 1/1 [00:07<00:00,  7.64s/it][A
Writing model shards: 100%|█████████████████████████████████████████████████████████████████████████| 1/1 [00:07<00:00,  7.64s/it]

  9%|███████▉                                                                                    | 31/360 [00:34<37:26,  6.83s/it]
  9%|████████▏                                                                                   | 32/360 [00:35<26:51,  4.91s/it]
  9%|████████▍                                                                                   | 33/360 [00:35<19:28,  3.57s/it]
  9%|████████▋                                                                                   | 34/360 [00:36<14:18,  2.63s/it]
 10%|████████▉                                                                                   | 35/360 [00:36<10:42,  1.98s/it]
 10%|█████████▏                                                                                  | 36/360 [00:37<08:11,  1.52s/it]
 10%|█████████▍                                                                                  | 37/360 [00:37<06:26,  1.20s/it]
 11%|█████████▋                                                                                  | 38/360 [00:38<05:12,  1.03it/s]
 11%|█████████▉                                                                                  | 39/360 [00:38<04:20,  1.23it/s]
 11%|██████████▏                                                                                 | 40/360 [00:38<03:44,  1.43it/s]
 11%|██████████▍                                                                                 | 41/360 [00:39<03:19,  1.60it/s]
 12%|██████████▋                                                                                 | 42/360 [00:39<03:01,  1.75it/s]
 12%|██████████▉                                                                                 | 43/360 [00:40<02:48,  1.88it/s]
 12%|███████████▏                                                                                | 44/360 [00:40<02:39,  1.98it/s]
 12%|███████████▌                                                                                | 45/360 [00:41<02:33,  2.05it/s]
 13%|███████████▊                                                                                | 46/360 [00:41<02:29,  2.09it/s]
 13%|████████████                                                                                | 47/360 [00:42<02:27,  2.13it/s]
 13%|████████████▎                                                                               | 48/360 [00:42<02:25,  2.15it/s]
 14%|████████████▌                                                                               | 49/360 [00:43<02:23,  2.17it/s]
 14%|████████████▊                                                                               | 50/360 [00:43<02:21,  2.18it/s]
                                                                                                                                  

 14%|████████████▊                                                                               | 50/360 [00:43<02:21,  2.18it/s]
 14%|█████████████                                                                               | 51/360 [00:43<02:20,  2.19it/s]
 14%|█████████████▎                                                                              | 52/360 [00:44<02:20,  2.20it/s]
 15%|█████████████▌                                                                              | 53/360 [00:44<02:19,  2.21it/s]
 15%|█████████████▊                                                                              | 54/360 [00:45<02:18,  2.21it/s]
 15%|██████████████                                                                              | 55/360 [00:45<02:17,  2.21it/s]
 16%|██████████████▎                                                                             | 56/360 [00:46<02:17,  2.21it/s]
 16%|██████████████▌                                                                             | 57/360 [00:46<02:16,  2.22it/s]
 16%|██████████████▊                                                                             | 58/360 [00:47<02:16,  2.21it/s]
 16%|███████████████                                                                             | 59/360 [00:47<02:15,  2.22it/s]
 17%|███████████████▎                                                                            | 60/360 [00:47<01:48,  2.75it/s]{'loss': '1.242', 'grad_norm': '3.844', 'learning_rate': '4.727e-05', 'epoch': '1.684'}


Writing model shards:   0%|                                                                                 | 0/1 [00:00<?, ?it/s][A

Writing model shards: 100%|█████████████████████████████████████████████████████████████████████████| 1/1 [00:05<00:00,  5.26s/it][A
Writing model shards: 100%|█████████████████████████████████████████████████████████████████████████| 1/1 [00:05<00:00,  5.27s/it]

 17%|███████████████▌                                                                            | 61/360 [01:03<24:49,  4.98s/it]
 17%|███████████████▊                                                                            | 62/360 [01:03<17:58,  3.62s/it]
 18%|████████████████                                                                            | 63/360 [01:04<13:11,  2.67s/it]
 18%|████████████████▎                                                                           | 64/360 [01:04<09:51,  2.00s/it]
 18%|████████████████▌                                                                           | 65/360 [01:05<07:31,  1.53s/it]
 18%|████████████████▊                                                                           | 66/360 [01:05<05:54,  1.20s/it]
 19%|█████████████████                                                                           | 67/360 [01:06<04:45,  1.03it/s]
 19%|█████████████████▍                                                                          | 68/360 [01:06<03:57,  1.23it/s]
 19%|█████████████████▋                                                                          | 69/360 [01:06<03:24,  1.42it/s]
 19%|█████████████████▉                                                                          | 70/360 [01:07<03:01,  1.60it/s]
 20%|██████████████████▏                                                                         | 71/360 [01:07<02:44,  1.76it/s]
 20%|██████████████████▍                                                                         | 72/360 [01:08<02:32,  1.88it/s]
 20%|██████████████████▋                                                                         | 73/360 [01:08<02:24,  1.98it/s]
 21%|██████████████████▉                                                                         | 74/360 [01:09<02:18,  2.06it/s]
 21%|███████████████████▏                                                                        | 75/360 [01:09<02:14,  2.12it/s]
                                                                                                                                  

 21%|███████████████████▏                                                                        | 75/360 [01:09<02:14,  2.12it/s]
 21%|███████████████████▍                                                                        | 76/360 [01:10<02:11,  2.16it/s]
 21%|███████████████████▋                                                                        | 77/360 [01:10<02:09,  2.19it/s]
 22%|███████████████████▉                                                                        | 78/360 [01:10<02:07,  2.21it/s]
 22%|████████████████████▏                                                                       | 79/360 [01:11<02:06,  2.22it/s]
 22%|████████████████████▍                                                                       | 80/360 [01:11<02:05,  2.23it/s]
 22%|████████████████████▋                                                                       | 81/360 [01:12<02:04,  2.24it/s]
 23%|████████████████████▉                                                                       | 82/360 [01:12<02:03,  2.25it/s]
 23%|█████████████████████▏                                                                      | 83/360 [01:13<02:02,  2.25it/s]
 23%|█████████████████████▍                                                                      | 84/360 [01:13<02:02,  2.25it/s]
 24%|█████████████████████▋                                                                      | 85/360 [01:14<02:01,  2.26it/s]
 24%|█████████████████████▉                                                                      | 86/360 [01:14<02:01,  2.26it/s]
 24%|██████████████████████▏                                                                     | 87/360 [01:14<02:00,  2.26it/s]
 24%|██████████████████████▍                                                                     | 88/360 [01:15<02:00,  2.26it/s]
 25%|██████████████████████▋                                                                     | 89/360 [01:15<01:59,  2.27it/s]
 25%|███████████████████████                                                                     | 90/360 [01:15<01:35,  2.82it/s]{'loss': '0.8413', 'grad_norm': '4.109', 'learning_rate': '4.348e-05', 'epoch': '2.513'}


Writing model shards:   0%|                                                                                 | 0/1 [00:00<?, ?it/s][A

Writing model shards: 100%|█████████████████████████████████████████████████████████████████████████| 1/1 [00:08<00:00,  8.22s/it][A
Writing model shards: 100%|█████████████████████████████████████████████████████████████████████████| 1/1 [00:08<00:00,  8.22s/it]

 25%|███████████████████████▎                                                                    | 91/360 [01:38<31:14,  6.97s/it]
 26%|███████████████████████▌                                                                    | 92/360 [01:38<22:22,  5.01s/it]
 26%|███████████████████████▊                                                                    | 93/360 [01:39<16:11,  3.64s/it]
 26%|████████████████████████                                                                    | 94/360 [01:39<11:52,  2.68s/it]
 26%|████████████████████████▎                                                                   | 95/360 [01:40<08:52,  2.01s/it]
 27%|████████████████████████▌                                                                   | 96/360 [01:40<06:46,  1.54s/it]
 27%|████████████████████████▊                                                                   | 97/360 [01:41<05:17,  1.21s/it]
 27%|█████████████████████████                                                                   | 98/360 [01:41<04:16,  1.02it/s]
 28%|█████████████████████████▎                                                                  | 99/360 [01:41<03:33,  1.22it/s]
 28%|█████████████████████████▎                                                                 | 100/360 [01:42<03:03,  1.42it/s]
                                                                                                                                  

 28%|█████████████████████████▎                                                                 | 100/360 [01:42<03:03,  1.42it/s]
 28%|█████████████████████████▌                                                                 | 101/360 [01:42<02:42,  1.60it/s]
 28%|█████████████████████████▊                                                                 | 102/360 [01:43<02:27,  1.75it/s]
 29%|██████████████████████████                                                                 | 103/360 [01:43<02:16,  1.88it/s]
 29%|██████████████████████████▎                                                                | 104/360 [01:44<02:09,  1.98it/s]
 29%|██████████████████████████▌                                                                | 105/360 [01:44<02:03,  2.06it/s]
 29%|██████████████████████████▊                                                                | 106/360 [01:44<02:00,  2.11it/s]
 30%|███████████████████████████                                                                | 107/360 [01:45<01:57,  2.15it/s]
 30%|███████████████████████████▎                                                               | 108/360 [01:45<01:56,  2.17it/s]
 30%|███████████████████████████▌                                                               | 109/360 [01:46<01:54,  2.20it/s]
 31%|███████████████████████████▊                                                               | 110/360 [01:46<01:52,  2.22it/s]
 31%|████████████████████████████                                                               | 111/360 [01:47<01:51,  2.23it/s]
 31%|████████████████████████████▎                                                              | 112/360 [01:47<01:50,  2.24it/s]
 31%|████████████████████████████▌                                                              | 113/360 [01:48<01:49,  2.25it/s]
 32%|████████████████████████████▊                                                              | 114/360 [01:48<01:49,  2.25it/s]
 32%|█████████████████████████████                                                              | 115/360 [01:48<01:48,  2.26it/s]
 32%|█████████████████████████████▎                                                             | 116/360 [01:49<01:47,  2.26it/s]
 32%|█████████████████████████████▌                                                             | 117/360 [01:49<01:47,  2.26it/s]
 33%|█████████████████████████████▊                                                             | 118/360 [01:50<01:46,  2.26it/s]
 33%|██████████████████████████████                                                             | 119/360 [01:50<01:46,  2.26it/s]
 33%|██████████████████████████████▎                                                            | 120/360 [01:50<01:24,  2.82it/s]{'loss': '0.5898', 'grad_norm': '4.218', 'learning_rate': '3.97e-05', 'epoch': '3.342'}


Writing model shards:   0%|                                                                                 | 0/1 [00:00<?, ?it/s][A

Writing model shards: 100%|█████████████████████████████████████████████████████████████████████████| 1/1 [00:06<00:00,  6.56s/it][A
Writing model shards: 100%|█████████████████████████████████████████████████████████████████████████| 1/1 [00:06<00:00,  6.56s/it]

 34%|██████████████████████████████▌                                                            | 121/360 [02:11<25:02,  6.29s/it]
 34%|██████████████████████████████▊                                                            | 122/360 [02:11<17:58,  4.53s/it]
 34%|███████████████████████████████                                                            | 123/360 [02:11<13:03,  3.31s/it]
 34%|███████████████████████████████▎                                                           | 124/360 [02:12<09:37,  2.45s/it]
 35%|███████████████████████████████▌                                                           | 125/360 [02:12<07:13,  1.85s/it]
                                                                                                                                  

 35%|███████████████████████████████▌                                                           | 125/360 [02:12<07:13,  1.85s/it]
 35%|███████████████████████████████▊                                                           | 126/360 [02:13<05:33,  1.43s/it]
 35%|████████████████████████████████                                                           | 127/360 [02:13<04:23,  1.13s/it]
 36%|████████████████████████████████▎                                                          | 128/360 [02:14<03:34,  1.08it/s]
 36%|████████████████████████████████▌                                                          | 129/360 [02:14<03:00,  1.28it/s]
 36%|████████████████████████████████▊                                                          | 130/360 [02:15<02:36,  1.47it/s]
 36%|█████████████████████████████████                                                          | 131/360 [02:15<02:19,  1.64it/s]
 37%|█████████████████████████████████▎                                                         | 132/360 [02:15<02:07,  1.79it/s]
 37%|█████████████████████████████████▌                                                         | 133/360 [02:16<01:59,  1.91it/s]
 37%|█████████████████████████████████▊                                                         | 134/360 [02:16<01:53,  2.00it/s]
 38%|██████████████████████████████████▏                                                        | 135/360 [02:17<01:48,  2.07it/s]
 38%|██████████████████████████████████▍                                                        | 136/360 [02:17<01:46,  2.11it/s]
 38%|██████████████████████████████████▋                                                        | 137/360 [02:18<01:43,  2.14it/s]
 38%|██████████████████████████████████▉                                                        | 138/360 [02:18<01:42,  2.18it/s]
 39%|███████████████████████████████████▏                                                       | 139/360 [02:19<01:40,  2.20it/s]
 39%|███████████████████████████████████▍                                                       | 140/360 [02:19<01:39,  2.22it/s]
 39%|███████████████████████████████████▋                                                       | 141/360 [02:19<01:38,  2.23it/s]
 39%|███████████████████████████████████▉                                                       | 142/360 [02:20<01:37,  2.24it/s]
 40%|████████████████████████████████████▏                                                      | 143/360 [02:20<01:36,  2.24it/s]
 40%|████████████████████████████████████▍                                                      | 144/360 [02:21<01:36,  2.25it/s]
 40%|████████████████████████████████████▋                                                      | 145/360 [02:21<01:35,  2.25it/s]
 41%|████████████████████████████████████▉                                                      | 146/360 [02:22<01:35,  2.25it/s]
 41%|█████████████████████████████████████▏                                                     | 147/360 [02:22<01:34,  2.25it/s]
 41%|█████████████████████████████████████▍                                                     | 148/360 [02:22<01:34,  2.25it/s]
 41%|█████████████████████████████████████▋                                                     | 149/360 [02:23<01:33,  2.25it/s]
 42%|█████████████████████████████████████▉                                                     | 150/360 [02:23<01:14,  2.81it/s]
                                                                                                                                  

 42%|█████████████████████████████████████▉                                                     | 150/360 [02:23<01:14,  2.81it/s]{'loss': '0.4147', 'grad_norm': '3.11', 'learning_rate': '3.591e-05', 'epoch': '4.171'}
{'loss': '0.3116', 'grad_norm': '8.722', 'learning_rate': '3.212e-05', 'epoch': '5'}


Writing model shards:   0%|                                                                                 | 0/1 [00:00<?, ?it/s][A

Writing model shards: 100%|█████████████████████████████████████████████████████████████████████████| 1/1 [00:06<00:00,  6.56s/it][A
Writing model shards: 100%|█████████████████████████████████████████████████████████████████████████| 1/1 [00:06<00:00,  6.56s/it]

 42%|██████████████████████████████████████▏                                                    | 151/360 [02:43<21:16,  6.11s/it]
 42%|██████████████████████████████████████▍                                                    | 152/360 [02:43<15:17,  4.41s/it]
 42%|██████████████████████████████████████▋                                                    | 153/360 [02:44<11:06,  3.22s/it]
 43%|██████████████████████████████████████▉                                                    | 154/360 [02:44<08:11,  2.39s/it]
 43%|███████████████████████████████████████▏                                                   | 155/360 [02:44<06:09,  1.80s/it]
 43%|███████████████████████████████████████▍                                                   | 156/360 [02:45<04:44,  1.40s/it]
 44%|███████████████████████████████████████▋                                                   | 157/360 [02:45<03:45,  1.11s/it]
 44%|███████████████████████████████████████▉                                                   | 158/360 [02:46<03:03,  1.10it/s]
 44%|████████████████████████████████████████▏                                                  | 159/360 [02:46<02:34,  1.30it/s]
 44%|████████████████████████████████████████▍                                                  | 160/360 [02:47<02:14,  1.49it/s]
 45%|████████████████████████████████████████▋                                                  | 161/360 [02:47<02:00,  1.66it/s]
 45%|████████████████████████████████████████▉                                                  | 162/360 [02:48<01:49,  1.80it/s]
 45%|█████████████████████████████████████████▏                                                 | 163/360 [02:48<01:42,  1.92it/s]
 46%|█████████████████████████████████████████▍                                                 | 164/360 [02:48<01:37,  2.01it/s]
 46%|█████████████████████████████████████████▋                                                 | 165/360 [02:49<01:33,  2.08it/s]
 46%|█████████████████████████████████████████▉                                                 | 166/360 [02:49<01:31,  2.12it/s]
 46%|██████████████████████████████████████████▏                                                | 167/360 [02:50<01:29,  2.16it/s]
 47%|██████████████████████████████████████████▍                                                | 168/360 [02:50<01:28,  2.18it/s]
 47%|██████████████████████████████████████████▋                                                | 169/360 [02:51<01:26,  2.20it/s]
 47%|██████████████████████████████████████████▉                                                | 170/360 [02:51<01:25,  2.22it/s]
 48%|███████████████████████████████████████████▏                                               | 171/360 [02:52<01:24,  2.23it/s]
 48%|███████████████████████████████████████████▍                                               | 172/360 [02:52<01:24,  2.24it/s]
 48%|███████████████████████████████████████████▋                                               | 173/360 [02:52<01:23,  2.24it/s]
 48%|███████████████████████████████████████████▉                                               | 174/360 [02:53<01:22,  2.24it/s]
 49%|████████████████████████████████████████████▏                                              | 175/360 [02:53<01:22,  2.25it/s]
                                                                                                                                  

 49%|████████████████████████████████████████████▏                                              | 175/360 [02:53<01:22,  2.25it/s]
 49%|████████████████████████████████████████████▍                                              | 176/360 [02:54<01:21,  2.25it/s]
 49%|████████████████████████████████████████████▋                                              | 177/360 [02:54<01:21,  2.25it/s]
 49%|████████████████████████████████████████████▉                                              | 178/360 [02:55<01:20,  2.25it/s]
 50%|█████████████████████████████████████████████▏                                             | 179/360 [02:55<01:20,  2.25it/s]
 50%|█████████████████████████████████████████████▌                                             | 180/360 [02:55<01:04,  2.80it/s]{'loss': '0.2254', 'grad_norm': '2.344', 'learning_rate': '2.833e-05', 'epoch': '5.855'}


Writing model shards:   0%|                                                                                 | 0/1 [00:00<?, ?it/s][A

Writing model shards: 100%|█████████████████████████████████████████████████████████████████████████| 1/1 [00:07<00:00,  7.02s/it][A
Writing model shards: 100%|█████████████████████████████████████████████████████████████████████████| 1/1 [00:07<00:00,  7.02s/it]

 50%|█████████████████████████████████████████████▊                                             | 181/360 [03:16<19:34,  6.56s/it]
 51%|██████████████████████████████████████████████                                             | 182/360 [03:17<14:01,  4.73s/it]
 51%|██████████████████████████████████████████████▎                                            | 183/360 [03:17<10:09,  3.44s/it]
 51%|██████████████████████████████████████████████▌                                            | 184/360 [03:18<07:27,  2.54s/it]
 51%|██████████████████████████████████████████████▊                                            | 185/360 [03:18<05:35,  1.92s/it]
 52%|███████████████████████████████████████████████                                            | 186/360 [03:18<04:16,  1.47s/it]
 52%|███████████████████████████████████████████████▎                                           | 187/360 [03:19<03:21,  1.17s/it]
 52%|███████████████████████████████████████████████▌                                           | 188/360 [03:19<02:43,  1.05it/s]
 52%|███████████████████████████████████████████████▊                                           | 189/360 [03:20<02:16,  1.26it/s]
 53%|████████████████████████████████████████████████                                           | 190/360 [03:20<01:57,  1.45it/s]
 53%|████████████████████████████████████████████████▎                                          | 191/360 [03:21<01:44,  1.62it/s]
 53%|████████████████████████████████████████████████▌                                          | 192/360 [03:21<01:34,  1.77it/s]
 54%|████████████████████████████████████████████████▊                                          | 193/360 [03:22<01:27,  1.90it/s]
 54%|█████████████████████████████████████████████████                                          | 194/360 [03:22<01:23,  1.99it/s]
 54%|█████████████████████████████████████████████████▎                                         | 195/360 [03:22<01:19,  2.07it/s]
 54%|█████████████████████████████████████████████████▌                                         | 196/360 [03:23<01:17,  2.12it/s]
 55%|█████████████████████████████████████████████████▊                                         | 197/360 [03:23<01:15,  2.16it/s]
 55%|██████████████████████████████████████████████████                                         | 198/360 [03:24<01:13,  2.19it/s]
 55%|██████████████████████████████████████████████████▎                                        | 199/360 [03:24<01:12,  2.21it/s]
 56%|██████████████████████████████████████████████████▌                                        | 200/360 [03:25<01:11,  2.23it/s]
                                                                                                                                  

 56%|██████████████████████████████████████████████████▌                                        | 200/360 [03:25<01:11,  2.23it/s]
 56%|██████████████████████████████████████████████████▊                                        | 201/360 [03:25<01:11,  2.23it/s]
 56%|███████████████████████████████████████████████████                                        | 202/360 [03:26<01:10,  2.24it/s]
 56%|███████████████████████████████████████████████████▎                                       | 203/360 [03:26<01:09,  2.24it/s]
 57%|███████████████████████████████████████████████████▌                                       | 204/360 [03:26<01:09,  2.24it/s]
 57%|███████████████████████████████████████████████████▊                                       | 205/360 [03:27<01:08,  2.25it/s]
 57%|████████████████████████████████████████████████████                                       | 206/360 [03:27<01:08,  2.25it/s]
 57%|████████████████████████████████████████████████████▎                                      | 207/360 [03:28<01:07,  2.26it/s]
 58%|████████████████████████████████████████████████████▌                                      | 208/360 [03:28<01:07,  2.26it/s]
 58%|████████████████████████████████████████████████████▊                                      | 209/360 [03:29<01:06,  2.26it/s]
 58%|█████████████████████████████████████████████████████                                      | 210/360 [03:29<00:53,  2.82it/s]{'loss': '0.1842', 'grad_norm': '2.05', 'learning_rate': '2.455e-05', 'epoch': '6.684'}


Writing model shards:   0%|                                                                                 | 0/1 [00:00<?, ?it/s][A

Writing model shards: 100%|█████████████████████████████████████████████████████████████████████████| 1/1 [00:05<00:00,  5.90s/it][A
Writing model shards: 100%|█████████████████████████████████████████████████████████████████████████| 1/1 [00:05<00:00,  5.90s/it]

 59%|█████████████████████████████████████████████████████▎                                     | 211/360 [03:48<14:42,  5.92s/it]
 59%|█████████████████████████████████████████████████████▌                                     | 212/360 [03:48<10:33,  4.28s/it]
 59%|█████████████████████████████████████████████████████▊                                     | 213/360 [03:49<07:39,  3.13s/it]
 59%|██████████████████████████████████████████████████████                                     | 214/360 [03:49<05:39,  2.32s/it]
 60%|██████████████████████████████████████████████████████▎                                    | 215/360 [03:49<04:15,  1.76s/it]
 60%|██████████████████████████████████████████████████████▌                                    | 216/360 [03:50<03:16,  1.37s/it]
 60%|██████████████████████████████████████████████████████▊                                    | 217/360 [03:50<02:35,  1.09s/it]
 61%|███████████████████████████████████████████████████████                                    | 218/360 [03:51<02:07,  1.12it/s]
 61%|███████████████████████████████████████████████████████▎                                   | 219/360 [03:51<01:47,  1.31it/s]
 61%|███████████████████████████████████████████████████████▌                                   | 220/360 [03:52<01:33,  1.50it/s]
 61%|███████████████████████████████████████████████████████▊                                   | 221/360 [03:52<01:23,  1.67it/s]
 62%|████████████████████████████████████████████████████████                                   | 222/360 [03:53<01:16,  1.81it/s]
 62%|████████████████████████████████████████████████████████▎                                  | 223/360 [03:53<01:11,  1.92it/s]
 62%|████████████████████████████████████████████████████████▌                                  | 224/360 [03:53<01:07,  2.01it/s]
 62%|████████████████████████████████████████████████████████▉                                  | 225/360 [03:54<01:04,  2.08it/s]
                                                                                                                                  

 62%|████████████████████████████████████████████████████████▉                                  | 225/360 [03:54<01:04,  2.08it/s]
 63%|█████████████████████████████████████████████████████████▏                                 | 226/360 [03:54<01:02,  2.13it/s]
 63%|█████████████████████████████████████████████████████████▍                                 | 227/360 [03:55<01:01,  2.17it/s]
 63%|█████████████████████████████████████████████████████████▋                                 | 228/360 [03:55<01:00,  2.19it/s]
 64%|█████████████████████████████████████████████████████████▉                                 | 229/360 [03:56<00:59,  2.21it/s]
 64%|██████████████████████████████████████████████████████████▏                                | 230/360 [03:56<00:58,  2.23it/s]
 64%|██████████████████████████████████████████████████████████▍                                | 231/360 [03:57<00:57,  2.23it/s]
 64%|██████████████████████████████████████████████████████████▋                                | 232/360 [03:57<00:57,  2.24it/s]
 65%|██████████████████████████████████████████████████████████▉                                | 233/360 [03:57<00:56,  2.24it/s]
 65%|███████████████████████████████████████████████████████████▏                               | 234/360 [03:58<00:56,  2.25it/s]
 65%|███████████████████████████████████████████████████████████▍                               | 235/360 [03:58<00:55,  2.25it/s]
 66%|███████████████████████████████████████████████████████████▋                               | 236/360 [03:59<00:55,  2.25it/s]
 66%|███████████████████████████████████████████████████████████▉                               | 237/360 [03:59<00:54,  2.25it/s]
 66%|████████████████████████████████████████████████████████████▏                              | 238/360 [04:00<00:54,  2.25it/s]
 66%|████████████████████████████████████████████████████████████▍                              | 239/360 [04:00<00:53,  2.25it/s]
 67%|████████████████████████████████████████████████████████████▋                              | 240/360 [04:00<00:42,  2.81it/s]{'loss': '0.1634', 'grad_norm': '1.284', 'learning_rate': '2.076e-05', 'epoch': '7.513'}


Writing model shards:   0%|                                                                                 | 0/1 [00:00<?, ?it/s][A

Writing model shards: 100%|█████████████████████████████████████████████████████████████████████████| 1/1 [00:07<00:00,  7.00s/it][A
Writing model shards: 100%|█████████████████████████████████████████████████████████████████████████| 1/1 [00:07<00:00,  7.01s/it]

 67%|████████████████████████████████████████████████████████████▉                              | 241/360 [04:21<12:52,  6.49s/it]
 67%|█████████████████████████████████████████████████████████████▏                             | 242/360 [04:22<09:12,  4.68s/it]
 68%|█████████████████████████████████████████████████████████████▍                             | 243/360 [04:22<06:38,  3.41s/it]
 68%|█████████████████████████████████████████████████████████████▋                             | 244/360 [04:22<04:52,  2.52s/it]
 68%|█████████████████████████████████████████████████████████████▉                             | 245/360 [04:23<03:38,  1.90s/it]
 68%|██████████████████████████████████████████████████████████████▏                            | 246/360 [04:23<02:46,  1.46s/it]
 69%|██████████████████████████████████████████████████████████████▍                            | 247/360 [04:24<02:10,  1.16s/it]
 69%|██████████████████████████████████████████████████████████████▋                            | 248/360 [04:24<01:45,  1.06it/s]
 69%|██████████████████████████████████████████████████████████████▉                            | 249/360 [04:25<01:27,  1.26it/s]
 69%|███████████████████████████████████████████████████████████████▏                           | 250/360 [04:25<01:15,  1.45it/s]
                                                                                                                                  

 69%|███████████████████████████████████████████████████████████████▏                           | 250/360 [04:25<01:15,  1.45it/s]
 70%|███████████████████████████████████████████████████████████████▍                           | 251/360 [04:26<01:06,  1.63it/s]
 70%|███████████████████████████████████████████████████████████████▋                           | 252/360 [04:26<01:00,  1.78it/s]
 70%|███████████████████████████████████████████████████████████████▉                           | 253/360 [04:26<00:56,  1.89it/s]
 71%|████████████████████████████████████████████████████████████████▏                          | 254/360 [04:27<00:53,  1.99it/s]
 71%|████████████████████████████████████████████████████████████████▍                          | 255/360 [04:27<00:50,  2.06it/s]
 71%|████████████████████████████████████████████████████████████████▋                          | 256/360 [04:28<00:49,  2.11it/s]
 71%|████████████████████████████████████████████████████████████████▉                          | 257/360 [04:28<00:47,  2.15it/s]
 72%|█████████████████████████████████████████████████████████████████▏                         | 258/360 [04:29<00:46,  2.18it/s]
 72%|█████████████████████████████████████████████████████████████████▍                         | 259/360 [04:29<00:45,  2.20it/s]
 72%|█████████████████████████████████████████████████████████████████▋                         | 260/360 [04:30<00:45,  2.22it/s]
 72%|█████████████████████████████████████████████████████████████████▉                         | 261/360 [04:30<00:44,  2.23it/s]
 73%|██████████████████████████████████████████████████████████████████▏                        | 262/360 [04:30<00:43,  2.23it/s]
 73%|██████████████████████████████████████████████████████████████████▍                        | 263/360 [04:31<00:43,  2.24it/s]
 73%|██████████████████████████████████████████████████████████████████▋                        | 264/360 [04:31<00:42,  2.24it/s]
 74%|██████████████████████████████████████████████████████████████████▉                        | 265/360 [04:32<00:42,  2.25it/s]
 74%|███████████████████████████████████████████████████████████████████▏                       | 266/360 [04:32<00:41,  2.25it/s]
 74%|███████████████████████████████████████████████████████████████████▍                       | 267/360 [04:33<00:41,  2.25it/s]
 74%|███████████████████████████████████████████████████████████████████▋                       | 268/360 [04:33<00:40,  2.25it/s]
 75%|███████████████████████████████████████████████████████████████████▉                       | 269/360 [04:34<00:40,  2.25it/s]
 75%|████████████████████████████████████████████████████████████████████▎                      | 270/360 [04:34<00:32,  2.81it/s]{'loss': '0.1436', 'grad_norm': '1.583', 'learning_rate': '1.697e-05', 'epoch': '8.342'}


Writing model shards:   0%|                                                                                 | 0/1 [00:00<?, ?it/s][A

Writing model shards: 100%|█████████████████████████████████████████████████████████████████████████| 1/1 [00:06<00:00,  6.08s/it][A
Writing model shards: 100%|█████████████████████████████████████████████████████████████████████████| 1/1 [00:06<00:00,  6.08s/it]

 75%|████████████████████████████████████████████████████████████████████▌                      | 271/360 [04:54<09:29,  6.40s/it]
 76%|████████████████████████████████████████████████████████████████████▊                      | 272/360 [04:55<06:46,  4.61s/it]
 76%|█████████████████████████████████████████████████████████████████████                      | 273/360 [04:55<04:52,  3.36s/it]
 76%|█████████████████████████████████████████████████████████████████████▎                     | 274/360 [04:56<03:33,  2.49s/it]
 76%|█████████████████████████████████████████████████████████████████████▌                     | 275/360 [04:56<02:39,  1.87s/it]
                                                                                                                                  

 76%|█████████████████████████████████████████████████████████████████████▌                     | 275/360 [04:56<02:39,  1.87s/it]
 77%|█████████████████████████████████████████████████████████████████████▊                     | 276/360 [04:56<02:01,  1.45s/it]
 77%|██████████████████████████████████████████████████████████████████████                     | 277/360 [04:57<01:35,  1.15s/it]
 77%|██████████████████████████████████████████████████████████████████████▎                    | 278/360 [04:57<01:16,  1.07it/s]
 78%|██████████████████████████████████████████████████████████████████████▌                    | 279/360 [04:58<01:03,  1.27it/s]
 78%|██████████████████████████████████████████████████████████████████████▊                    | 280/360 [04:58<00:54,  1.46it/s]
 78%|███████████████████████████████████████████████████████████████████████                    | 281/360 [04:59<00:48,  1.63it/s]
 78%|███████████████████████████████████████████████████████████████████████▎                   | 282/360 [04:59<00:43,  1.78it/s]
 79%|███████████████████████████████████████████████████████████████████████▌                   | 283/360 [05:00<00:47,  1.63it/s]
 79%|███████████████████████████████████████████████████████████████████████▊                   | 284/360 [05:00<00:42,  1.78it/s]
 79%|████████████████████████████████████████████████████████████████████████                   | 285/360 [05:01<00:39,  1.90it/s]
 79%|████████████████████████████████████████████████████████████████████████▎                  | 286/360 [05:01<00:37,  1.99it/s]
 80%|████████████████████████████████████████████████████████████████████████▌                  | 287/360 [05:02<00:35,  2.06it/s]
 80%|████████████████████████████████████████████████████████████████████████▊                  | 288/360 [05:02<00:34,  2.12it/s]
 80%|█████████████████████████████████████████████████████████████████████████                  | 289/360 [05:02<00:33,  2.15it/s]
 81%|█████████████████████████████████████████████████████████████████████████▎                 | 290/360 [05:03<00:32,  2.17it/s]
 81%|█████████████████████████████████████████████████████████████████████████▌                 | 291/360 [05:03<00:31,  2.18it/s]
 81%|█████████████████████████████████████████████████████████████████████████▊                 | 292/360 [05:04<00:30,  2.19it/s]
 81%|██████████████████████████████████████████████████████████████████████████                 | 293/360 [05:04<00:30,  2.21it/s]
 82%|██████████████████████████████████████████████████████████████████████████▎                | 294/360 [05:05<00:29,  2.22it/s]
 82%|██████████████████████████████████████████████████████████████████████████▌                | 295/360 [05:05<00:29,  2.22it/s]
 82%|██████████████████████████████████████████████████████████████████████████▊                | 296/360 [05:06<00:28,  2.23it/s]
 82%|███████████████████████████████████████████████████████████████████████████                | 297/360 [05:06<00:28,  2.23it/s]
 83%|███████████████████████████████████████████████████████████████████████████▎               | 298/360 [05:07<00:27,  2.23it/s]
 83%|███████████████████████████████████████████████████████████████████████████▌               | 299/360 [05:07<00:27,  2.24it/s]
 83%|███████████████████████████████████████████████████████████████████████████▊               | 300/360 [05:07<00:21,  2.78it/s]
                                                                                                                                  

 83%|███████████████████████████████████████████████████████████████████████████▊               | 300/360 [05:07<00:21,  2.78it/s]{'loss': '0.1285', 'grad_norm': '1.606', 'learning_rate': '1.318e-05', 'epoch': '9.171'}
{'loss': '0.1205', 'grad_norm': '4.969', 'learning_rate': '9.394e-06', 'epoch': '10'}


Writing model shards:   0%|                                                                                 | 0/1 [00:00<?, ?it/s][A

Writing model shards: 100%|█████████████████████████████████████████████████████████████████████████| 1/1 [00:05<00:00,  5.92s/it][A
Writing model shards: 100%|█████████████████████████████████████████████████████████████████████████| 1/1 [00:05<00:00,  5.92s/it]

 84%|████████████████████████████████████████████████████████████████████████████               | 301/360 [05:28<06:30,  6.62s/it]
 84%|████████████████████████████████████████████████████████████████████████████▎              | 302/360 [05:29<04:36,  4.77s/it]
 84%|████████████████████████████████████████████████████████████████████████████▌              | 303/360 [05:29<03:17,  3.47s/it]
 84%|████████████████████████████████████████████████████████████████████████████▊              | 304/360 [05:30<02:23,  2.56s/it]
 85%|█████████████████████████████████████████████████████████████████████████████              | 305/360 [05:30<01:46,  1.93s/it]
 85%|█████████████████████████████████████████████████████████████████████████████▎             | 306/360 [05:31<01:20,  1.48s/it]
 85%|█████████████████████████████████████████████████████████████████████████████▌             | 307/360 [05:31<01:01,  1.17s/it]
 86%|█████████████████████████████████████████████████████████████████████████████▊             | 308/360 [05:31<00:49,  1.05it/s]
 86%|██████████████████████████████████████████████████████████████████████████████             | 309/360 [05:32<00:40,  1.25it/s]
 86%|██████████████████████████████████████████████████████████████████████████████▎            | 310/360 [05:32<00:34,  1.45it/s]
 86%|██████████████████████████████████████████████████████████████████████████████▌            | 311/360 [05:33<00:30,  1.62it/s]
 87%|██████████████████████████████████████████████████████████████████████████████▊            | 312/360 [05:33<00:27,  1.77it/s]
 87%|███████████████████████████████████████████████████████████████████████████████            | 313/360 [05:34<00:24,  1.90it/s]
 87%|███████████████████████████████████████████████████████████████████████████████▎           | 314/360 [05:34<00:23,  1.99it/s]
 88%|███████████████████████████████████████████████████████████████████████████████▋           | 315/360 [05:35<00:21,  2.07it/s]
 88%|███████████████████████████████████████████████████████████████████████████████▉           | 316/360 [05:35<00:20,  2.12it/s]
 88%|████████████████████████████████████████████████████████████████████████████████▏          | 317/360 [05:35<00:19,  2.16it/s]
 88%|████████████████████████████████████████████████████████████████████████████████▍          | 318/360 [05:36<00:19,  2.19it/s]
 89%|████████████████████████████████████████████████████████████████████████████████▋          | 319/360 [05:36<00:18,  2.21it/s]
 89%|████████████████████████████████████████████████████████████████████████████████▉          | 320/360 [05:37<00:17,  2.23it/s]
 89%|█████████████████████████████████████████████████████████████████████████████████▏         | 321/360 [05:37<00:17,  2.24it/s]
 89%|█████████████████████████████████████████████████████████████████████████████████▍         | 322/360 [05:38<00:16,  2.25it/s]
 90%|█████████████████████████████████████████████████████████████████████████████████▋         | 323/360 [05:38<00:16,  2.25it/s]
 90%|█████████████████████████████████████████████████████████████████████████████████▉         | 324/360 [05:39<00:15,  2.26it/s]
 90%|██████████████████████████████████████████████████████████████████████████████████▏        | 325/360 [05:39<00:15,  2.26it/s]
                                                                                                                                  

 90%|██████████████████████████████████████████████████████████████████████████████████▏        | 325/360 [05:39<00:15,  2.26it/s]
 91%|██████████████████████████████████████████████████████████████████████████████████▍        | 326/360 [05:39<00:15,  2.26it/s]
 91%|██████████████████████████████████████████████████████████████████████████████████▋        | 327/360 [05:40<00:14,  2.26it/s]
 91%|██████████████████████████████████████████████████████████████████████████████████▉        | 328/360 [05:40<00:14,  2.26it/s]
 91%|███████████████████████████████████████████████████████████████████████████████████▏       | 329/360 [05:41<00:13,  2.27it/s]
 92%|███████████████████████████████████████████████████████████████████████████████████▍       | 330/360 [05:41<00:10,  2.83it/s]{'loss': '0.1059', 'grad_norm': '0.8096', 'learning_rate': '5.606e-06', 'epoch': '10.85'}


Writing model shards:   0%|                                                                                 | 0/1 [00:00<?, ?it/s][A

Writing model shards: 100%|█████████████████████████████████████████████████████████████████████████| 1/1 [00:07<00:00,  7.10s/it][A
Writing model shards: 100%|█████████████████████████████████████████████████████████████████████████| 1/1 [00:07<00:00,  7.10s/it]

 92%|███████████████████████████████████████████████████████████████████████████████████▋       | 331/360 [06:35<07:53, 16.34s/it]
 92%|███████████████████████████████████████████████████████████████████████████████████▉       | 332/360 [06:35<05:24, 11.57s/it]
 92%|████████████████████████████████████████████████████████████████████████████████████▏      | 333/360 [06:35<03:42,  8.23s/it]
 93%|████████████████████████████████████████████████████████████████████████████████████▍      | 334/360 [06:36<02:33,  5.90s/it]
 93%|████████████████████████████████████████████████████████████████████████████████████▋      | 335/360 [06:36<01:46,  4.26s/it]
 93%|████████████████████████████████████████████████████████████████████████████████████▉      | 336/360 [06:37<01:14,  3.12s/it]
 94%|█████████████████████████████████████████████████████████████████████████████████████▏     | 337/360 [06:37<00:53,  2.32s/it]
 94%|█████████████████████████████████████████████████████████████████████████████████████▍     | 338/360 [06:38<00:38,  1.75s/it]
 94%|█████████████████████████████████████████████████████████████████████████████████████▋     | 339/360 [06:38<00:28,  1.36s/it]
 94%|█████████████████████████████████████████████████████████████████████████████████████▉     | 340/360 [06:39<00:21,  1.09s/it]
 95%|██████████████████████████████████████████████████████████████████████████████████████▏    | 341/360 [06:39<00:16,  1.12it/s]
 95%|██████████████████████████████████████████████████████████████████████████████████████▍    | 342/360 [06:39<00:13,  1.32it/s]
 95%|██████████████████████████████████████████████████████████████████████████████████████▋    | 343/360 [06:40<00:11,  1.50it/s]
 96%|██████████████████████████████████████████████████████████████████████████████████████▉    | 344/360 [06:40<00:09,  1.67it/s]
 96%|███████████████████████████████████████████████████████████████████████████████████████▏   | 345/360 [06:41<00:08,  1.81it/s]
 96%|███████████████████████████████████████████████████████████████████████████████████████▍   | 346/360 [06:41<00:07,  1.92it/s]
 96%|███████████████████████████████████████████████████████████████████████████████████████▋   | 347/360 [06:42<00:06,  2.00it/s]
 97%|███████████████████████████████████████████████████████████████████████████████████████▉   | 348/360 [06:42<00:05,  2.07it/s]
 97%|████████████████████████████████████████████████████████████████████████████████████████▏  | 349/360 [06:43<00:05,  2.12it/s]
 97%|████████████████████████████████████████████████████████████████████████████████████████▍  | 350/360 [06:43<00:04,  2.16it/s]
                                                                                                                                  

 97%|████████████████████████████████████████████████████████████████████████████████████████▍  | 350/360 [06:43<00:04,  2.16it/s]
 98%|████████████████████████████████████████████████████████████████████████████████████████▋  | 351/360 [06:43<00:04,  2.18it/s]
 98%|████████████████████████████████████████████████████████████████████████████████████████▉  | 352/360 [06:44<00:03,  2.21it/s]
 98%|█████████████████████████████████████████████████████████████████████████████████████████▏ | 353/360 [06:44<00:03,  2.23it/s]
 98%|█████████████████████████████████████████████████████████████████████████████████████████▍ | 354/360 [06:45<00:02,  2.24it/s]
 99%|█████████████████████████████████████████████████████████████████████████████████████████▋ | 355/360 [06:45<00:02,  2.25it/s]
 99%|█████████████████████████████████████████████████████████████████████████████████████████▉ | 356/360 [06:46<00:01,  2.25it/s]
 99%|██████████████████████████████████████████████████████████████████████████████████████████▏| 357/360 [06:46<00:01,  2.25it/s]
 99%|██████████████████████████████████████████████████████████████████████████████████████████▍| 358/360 [06:47<00:00,  2.26it/s]
100%|██████████████████████████████████████████████████████████████████████████████████████████▋| 359/360 [06:47<00:00,  2.26it/s]
100%|███████████████████████████████████████████████████████████████████████████████████████████| 360/360 [06:47<00:00,  2.82it/s]{'loss': '0.09531', 'grad_norm': '0.6227', 'learning_rate': '1.818e-06', 'epoch': '11.68'}


Writing model shards:   0%|                                                                                 | 0/1 [00:00<?, ?it/s][A

Writing model shards: 100%|█████████████████████████████████████████████████████████████████████████| 1/1 [00:06<00:00,  6.12s/it][A
Writing model shards: 100%|█████████████████████████████████████████████████████████████████████████| 1/1 [00:06<00:00,  6.12s/it]

                                                                                                                                  

100%|███████████████████████████████████████████████████████████████████████████████████████████| 360/360 [07:06<00:00,  2.82it/s]
100%|███████████████████████████████████████████████████████████████████████████████████████████| 360/360 [07:06<00:00,  1.19s/it]
{'train_runtime': '427', 'train_samples_per_second': '13.07', 'train_steps_per_second': '0.843', 'train_loss': '0.4522', 'epoch': '12'}

  0%|                                                                                                      | 0/17 [00:00<?, ?it/s]
 35%|█████████████████████████████████▏                                                            | 6/17 [00:00<00:00, 49.61it/s]
 65%|████████████████████████████████████████████████████████████▏                                | 11/17 [00:00<00:00, 44.33it/s]
 94%|███████████████████████████████████████████████████████████████████████████████████████▌     | 16/17 [00:00<00:00, 45.87it/s]
100%|█████████████████████████████████████████████████████████████████████████████████████████████| 17/17 [00:00<00:00, 45.22it/s]

Writing model shards:   0%|                                                                                 | 0/1 [00:00<?, ?it/s]
Writing model shards: 100%|█████████████████████████████████████████████████████████████████████████| 1/1 [00:05<00:00,  5.96s/it]
Writing model shards: 100%|█████████████████████████████████████████████████████████████████████████| 1/1 [00:05<00:00,  5.96s/it]

Loading weights:   0%|                                                                                    | 0/196 [00:00<?, ?it/s]
Loading weights:   1%|▍                                                                           | 1/196 [00:00<00:43,  4.53it/s]
Loading weights:   3%|██▎                                                                         | 6/196 [00:00<00:08, 21.76it/s]
Loading weights:  26%|██████████████████▉                                                       | 50/196 [00:00<00:00, 166.52it/s]
Loading weights:  49%|████████████████████████████████████▏                                     | 96/196 [00:00<00:00, 261.14it/s]
Loading weights:  70%|███████████████████████████████████████████████████▍                     | 138/196 [00:00<00:00, 309.55it/s]
Loading weights:  93%|███████████████████████████████████████████████████████████████████▊     | 182/196 [00:00<00:00, 344.95it/s]
Loading weights: 100%|█████████████████████████████████████████████████████████████████████████| 196/196 [00:00<00:00, 252.09it/s]

Loading weights:   0%|                                                                                    | 0/196 [00:00<?, ?it/s]
Loading weights:  13%|█████████▊                                                                | 26/196 [00:00<00:00, 208.37it/s]
Loading weights:  50%|█████████████████████████████████████                                     | 98/196 [00:00<00:00, 475.88it/s]
Loading weights:  80%|██████████████████████████████████████████████████████████               | 156/196 [00:00<00:00, 507.55it/s]
Loading weights: 100%|█████████████████████████████████████████████████████████████████████████| 196/196 [00:00<00:00, 506.33it/s]

Loading weights:   0%|                                                                                    | 0/196 [00:00<?, ?it/s]
Loading weights:   1%|▊                                                                           | 2/196 [00:00<00:12, 15.14it/s]
Loading weights:  16%|████████████                                                              | 32/196 [00:00<00:01, 160.61it/s]
Loading weights:  31%|██████████████████████▋                                                   | 60/196 [00:00<00:00, 208.86it/s]
Loading weights:  46%|█████████████████████████████████▉                                        | 90/196 [00:00<00:00, 240.89it/s]
Loading weights:  61%|████████████████████████████████████████████▋                            | 120/196 [00:00<00:00, 253.99it/s]
Loading weights:  77%|███████████████████████████████████████████████████████▊                 | 150/196 [00:00<00:00, 267.30it/s]
Loading weights:  92%|███████████████████████████████████████████████████████████████████      | 180/196 [00:00<00:00, 269.47it/s]
Loading weights: 100%|█████████████████████████████████████████████████████████████████████████| 196/196 [00:00<00:00, 239.72it/s]

Loading weights:   0%|                                                                                    | 0/196 [00:00<?, ?it/s]
Loading weights:   1%|▊                                                                           | 2/196 [00:00<00:12, 15.34it/s]
Loading weights:  26%|██████████████████▉                                                       | 50/196 [00:00<00:00, 252.88it/s]
Loading weights:  50%|█████████████████████████████████████                                     | 98/196 [00:00<00:00, 345.59it/s]
Loading weights:  74%|██████████████████████████████████████████████████████▍                  | 146/196 [00:00<00:00, 391.34it/s]
Loading weights:  95%|█████████████████████████████████████████████████████████████████████▋   | 187/196 [00:00<00:00, 397.75it/s]
Loading weights: 100%|█████████████████████████████████████████████████████████████████████████| 196/196 [00:00<00:00, 342.52it/s]
