<local-root>/miniconda3/lib/python3.13/site-packages/torch/cuda/__init__.py:61: FutureWarning: The pynvml package is deprecated. Please install nvidia-ml-py instead. If you did not install pynvml directly, please report this to the maintainers of the package that installed pynvml for you.
  import pynvml  # type: ignore[import]
Skipping import of cpp extensions due to incompatible torch version. Please upgrade to torch >= 2.11.0 (found 2.7.1+cu118).

Loading weights:   0%|                                                                                    | 0/148 [00:00<?, ?it/s]
Loading weights: 100%|████████████████████████████████████████████████████████████████████████| 148/148 [00:00<00:00, 9771.24it/s]
[RANK 0] Detected kernel version 5.4.0, which is below the recommended minimum of 5.5.0; this can cause the process to hang. It is recommended to upgrade the kernel to the minimum version or higher.

  0%|                                                                                                     | 0/600 [00:00<?, ?it/s][transformers] `loss_type=None` was set in the config but it is unrecognized. Using the default loss: `ForCausalLMLoss`.

  0%|▏                                                                                            | 1/600 [00:00<03:13,  3.09it/s]
  0%|▍                                                                                            | 3/600 [00:00<01:35,  6.26it/s]
  1%|▊                                                                                            | 5/600 [00:00<01:14,  8.03it/s]
  1%|█                                                                                            | 7/600 [00:00<01:05,  8.99it/s]
  2%|█▍                                                                                           | 9/600 [00:01<01:01,  9.58it/s]
  2%|█▋                                                                                          | 11/600 [00:01<00:59,  9.96it/s]
  2%|█▉                                                                                          | 13/600 [00:01<00:57, 10.18it/s]
  2%|██▎                                                                                         | 15/600 [00:01<00:56, 10.36it/s]
  3%|██▌                                                                                         | 17/600 [00:01<00:55, 10.48it/s]
  3%|██▉                                                                                         | 19/600 [00:02<00:55, 10.55it/s]
  4%|███▏                                                                                        | 21/600 [00:02<00:54, 10.61it/s]
  4%|███▌                                                                                        | 23/600 [00:02<00:54, 10.66it/s]
  4%|███▊                                                                                        | 25/600 [00:02<00:53, 10.69it/s]
                                                                                                                                  

  4%|███▊                                                                                        | 25/600 [00:02<00:53, 10.69it/s]
  4%|████▏                                                                                       | 27/600 [00:02<00:53, 10.68it/s]
  5%|████▍                                                                                       | 29/600 [00:02<00:53, 10.71it/s]{'loss': '3.76', 'grad_norm': '8.345', 'learning_rate': '3.667e-05', 'epoch': '0.8475'}


Writing model shards:   0%|                                                                                 | 0/1 [00:00<?, ?it/s][A

Writing model shards: 100%|█████████████████████████████████████████████████████████████████████████| 1/1 [00:00<00:00,  1.64it/s][A
Writing model shards: 100%|█████████████████████████████████████████████████████████████████████████| 1/1 [00:00<00:00,  1.64it/s]

  5%|████▊                                                                                       | 31/600 [00:04<03:05,  3.07it/s]
  6%|█████                                                                                       | 33/600 [00:04<02:25,  3.91it/s]
  6%|█████▎                                                                                      | 35/600 [00:05<01:56,  4.83it/s]
  6%|█████▋                                                                                      | 37/600 [00:05<01:37,  5.79it/s]
  6%|█████▉                                                                                      | 39/600 [00:05<01:23,  6.72it/s]
  7%|██████▎                                                                                     | 41/600 [00:05<01:13,  7.57it/s]
  7%|██████▌                                                                                     | 43/600 [00:05<01:07,  8.31it/s]
  8%|██████▉                                                                                     | 45/600 [00:05<01:02,  8.92it/s]
  8%|███████▏                                                                                    | 47/600 [00:06<00:58,  9.40it/s]
  8%|███████▌                                                                                    | 49/600 [00:06<00:56,  9.77it/s]
                                                                                                                                  

  8%|███████▋                                                                                    | 50/600 [00:06<00:56,  9.77it/s]
  8%|███████▊                                                                                    | 51/600 [00:06<00:54, 10.04it/s]
  9%|████████▏                                                                                   | 53/600 [00:06<00:53, 10.15it/s]
  9%|████████▍                                                                                   | 55/600 [00:06<00:52, 10.32it/s]
 10%|████████▋                                                                                   | 57/600 [00:07<00:51, 10.45it/s]
 10%|█████████                                                                                   | 59/600 [00:07<00:51, 10.54it/s]{'loss': '2.359', 'grad_norm': '7.063', 'learning_rate': '4.86e-05', 'epoch': '1.678'}


Writing model shards:   0%|                                                                                 | 0/1 [00:00<?, ?it/s][A

Writing model shards: 100%|█████████████████████████████████████████████████████████████████████████| 1/1 [00:00<00:00,  1.72it/s][A
Writing model shards: 100%|█████████████████████████████████████████████████████████████████████████| 1/1 [00:00<00:00,  1.72it/s]

 10%|█████████▎                                                                                  | 61/600 [00:09<02:56,  3.06it/s]
 10%|█████████▋                                                                                  | 63/600 [00:09<02:17,  3.90it/s]
 11%|█████████▉                                                                                  | 65/600 [00:09<01:51,  4.82it/s]
 11%|██████████▎                                                                                 | 67/600 [00:09<01:32,  5.77it/s]
 12%|██████████▌                                                                                 | 69/600 [00:09<01:19,  6.70it/s]
 12%|██████████▉                                                                                 | 71/600 [00:09<01:10,  7.56it/s]
 12%|███████████▏                                                                                | 73/600 [00:10<01:03,  8.29it/s]
 12%|███████████▌                                                                                | 75/600 [00:10<00:58,  8.90it/s]
                                                                                                                                  

 12%|███████████▌                                                                                | 75/600 [00:10<00:58,  8.90it/s]
 13%|███████████▊                                                                                | 77/600 [00:10<00:55,  9.38it/s]
 13%|████████████                                                                                | 79/600 [00:10<00:53,  9.75it/s]
 14%|████████████▍                                                                               | 81/600 [00:10<00:51, 10.03it/s]
 14%|████████████▋                                                                               | 83/600 [00:11<00:50, 10.24it/s]
 14%|█████████████                                                                               | 85/600 [00:11<00:49, 10.31it/s]
 14%|█████████████▎                                                                              | 87/600 [00:11<00:49, 10.45it/s]
 15%|█████████████▋                                                                              | 89/600 [00:11<00:48, 10.53it/s]{'loss': '1.769', 'grad_norm': '7.507', 'learning_rate': '4.649e-05', 'epoch': '2.508'}


Writing model shards:   0%|                                                                                 | 0/1 [00:00<?, ?it/s][A

Writing model shards: 100%|█████████████████████████████████████████████████████████████████████████| 1/1 [00:00<00:00,  1.60it/s][A
Writing model shards: 100%|█████████████████████████████████████████████████████████████████████████| 1/1 [00:00<00:00,  1.60it/s]

 15%|█████████████▉                                                                              | 91/600 [00:13<03:12,  2.64it/s]
 15%|██████████████                                                                              | 92/600 [00:13<02:47,  3.03it/s]
 16%|██████████████▍                                                                             | 94/600 [00:14<02:07,  3.97it/s]
 16%|██████████████▋                                                                             | 96/600 [00:14<01:41,  4.99it/s]
 16%|███████████████                                                                             | 98/600 [00:14<01:23,  6.01it/s]
 17%|███████████████▏                                                                           | 100/600 [00:14<01:11,  6.96it/s]
                                                                                                                                  

 17%|███████████████▏                                                                           | 100/600 [00:14<01:11,  6.96it/s]
 17%|███████████████▍                                                                           | 102/600 [00:14<01:03,  7.79it/s]
 17%|███████████████▊                                                                           | 104/600 [00:14<00:58,  8.51it/s]
 18%|████████████████                                                                           | 106/600 [00:15<00:54,  9.08it/s]
 18%|████████████████▍                                                                          | 108/600 [00:15<00:51,  9.53it/s]
 18%|████████████████▋                                                                          | 110/600 [00:15<00:49,  9.86it/s]
 19%|████████████████▉                                                                          | 112/600 [00:15<00:48, 10.12it/s]
 19%|█████████████████▎                                                                         | 114/600 [00:15<00:47, 10.30it/s]
 19%|█████████████████▌                                                                         | 116/600 [00:16<00:46, 10.43it/s]
 20%|█████████████████▉                                                                         | 118/600 [00:16<00:45, 10.52it/s]
 20%|██████████████████▏                                                                        | 120/600 [00:16<00:41, 11.63it/s]{'loss': '1.565', 'grad_norm': '7.493', 'learning_rate': '4.43e-05', 'epoch': '3.339'}


Writing model shards:   0%|                                                                                 | 0/1 [00:00<?, ?it/s][A

Writing model shards: 100%|█████████████████████████████████████████████████████████████████████████| 1/1 [00:00<00:00,  1.75it/s][A
Writing model shards: 100%|█████████████████████████████████████████████████████████████████████████| 1/1 [00:00<00:00,  1.75it/s]

 20%|██████████████████▌                                                                        | 122/600 [00:18<02:50,  2.81it/s]
 21%|██████████████████▊                                                                        | 124/600 [00:18<02:11,  3.61it/s]
                                                                                                                                  

 21%|██████████████████▉                                                                        | 125/600 [00:18<02:11,  3.61it/s]
 21%|███████████████████                                                                        | 126/600 [00:18<01:45,  4.50it/s]
 21%|███████████████████▍                                                                       | 128/600 [00:18<01:26,  5.45it/s]
 22%|███████████████████▋                                                                       | 130/600 [00:19<01:13,  6.40it/s]
 22%|████████████████████                                                                       | 132/600 [00:19<01:04,  7.29it/s]
 22%|████████████████████▎                                                                      | 134/600 [00:19<00:57,  8.07it/s]
 23%|████████████████████▋                                                                      | 136/600 [00:19<00:53,  8.73it/s]
 23%|████████████████████▉                                                                      | 138/600 [00:19<00:49,  9.25it/s]
 23%|█████████████████████▏                                                                     | 140/600 [00:20<00:47,  9.66it/s]
 24%|█████████████████████▌                                                                     | 142/600 [00:20<00:46,  9.96it/s]
 24%|█████████████████████▊                                                                     | 144/600 [00:20<00:44, 10.18it/s]
 24%|██████████████████████▏                                                                    | 146/600 [00:20<00:43, 10.35it/s]
 25%|██████████████████████▍                                                                    | 148/600 [00:20<00:43, 10.46it/s]
 25%|██████████████████████▊                                                                    | 150/600 [00:20<00:38, 11.58it/s]
                                                                                                                                  

 25%|██████████████████████▊                                                                    | 150/600 [00:20<00:38, 11.58it/s]{'loss': '1.48', 'grad_norm': '8.246', 'learning_rate': '4.211e-05', 'epoch': '4.169'}
{'loss': '1.363', 'grad_norm': '28.15', 'learning_rate': '3.991e-05', 'epoch': '5'}


Writing model shards:   0%|                                                                                 | 0/1 [00:00<?, ?it/s][A

Writing model shards: 100%|█████████████████████████████████████████████████████████████████████████| 1/1 [00:00<00:00,  1.47it/s][A
Writing model shards: 100%|█████████████████████████████████████████████████████████████████████████| 1/1 [00:00<00:00,  1.47it/s]

 25%|███████████████████████                                                                    | 152/600 [00:23<02:55,  2.56it/s]
 26%|███████████████████████▏                                                                   | 153/600 [00:23<02:31,  2.94it/s]
 26%|███████████████████████▌                                                                   | 155/600 [00:23<01:54,  3.89it/s]
 26%|███████████████████████▊                                                                   | 157/600 [00:23<01:30,  4.90it/s]
 26%|████████████████████████                                                                   | 159/600 [00:23<01:14,  5.92it/s]
 27%|████████████████████████▍                                                                  | 161/600 [00:23<01:03,  6.88it/s]
 27%|████████████████████████▋                                                                  | 163/600 [00:24<00:56,  7.74it/s]
 28%|█████████████████████████                                                                  | 165/600 [00:24<00:51,  8.44it/s]
 28%|█████████████████████████▎                                                                 | 167/600 [00:24<00:47,  9.04it/s]
 28%|█████████████████████████▋                                                                 | 169/600 [00:24<00:45,  9.50it/s]
 28%|█████████████████████████▉                                                                 | 171/600 [00:24<00:43,  9.83it/s]
 29%|██████████████████████████▏                                                                | 173/600 [00:25<00:42, 10.11it/s]
 29%|██████████████████████████▌                                                                | 175/600 [00:25<00:41, 10.32it/s]
                                                                                                                                  

 29%|██████████████████████████▌                                                                | 175/600 [00:25<00:41, 10.32it/s]
 30%|██████████████████████████▊                                                                | 177/600 [00:25<00:40, 10.36it/s]
 30%|███████████████████████████▏                                                               | 179/600 [00:25<00:40, 10.48it/s]{'loss': '1.293', 'grad_norm': '6.663', 'learning_rate': '3.772e-05', 'epoch': '5.847'}


Writing model shards:   0%|                                                                                 | 0/1 [00:00<?, ?it/s][A

Writing model shards: 100%|█████████████████████████████████████████████████████████████████████████| 1/1 [00:00<00:00,  1.85it/s][A
Writing model shards: 100%|█████████████████████████████████████████████████████████████████████████| 1/1 [00:00<00:00,  1.85it/s]

 30%|███████████████████████████▍                                                               | 181/600 [00:27<02:17,  3.04it/s]
 30%|███████████████████████████▊                                                               | 183/600 [00:27<01:47,  3.87it/s]
 31%|████████████████████████████                                                               | 185/600 [00:27<01:26,  4.79it/s]
 31%|████████████████████████████▎                                                              | 187/600 [00:27<01:11,  5.75it/s]
 31%|████████████████████████████▌                                                              | 188/600 [00:28<01:06,  6.19it/s]
 32%|████████████████████████████▊                                                              | 190/600 [00:28<00:56,  7.20it/s]
 32%|█████████████████████████████                                                              | 192/600 [00:28<00:50,  8.07it/s]
 32%|█████████████████████████████▍                                                             | 194/600 [00:28<00:46,  8.77it/s]
 33%|█████████████████████████████▋                                                             | 196/600 [00:28<00:43,  9.32it/s]
 33%|██████████████████████████████                                                             | 198/600 [00:28<00:41,  9.72it/s]
 33%|██████████████████████████████▎                                                            | 200/600 [00:29<00:39, 10.03it/s]
                                                                                                                                  

 33%|██████████████████████████████▎                                                            | 200/600 [00:29<00:39, 10.03it/s]
 34%|██████████████████████████████▋                                                            | 202/600 [00:29<00:38, 10.23it/s]
 34%|██████████████████████████████▉                                                            | 204/600 [00:29<00:38, 10.39it/s]
 34%|███████████████████████████████▏                                                           | 206/600 [00:29<00:37, 10.51it/s]
 35%|███████████████████████████████▌                                                           | 208/600 [00:29<00:37, 10.59it/s]
 35%|███████████████████████████████▊                                                           | 210/600 [00:30<00:33, 11.71it/s]{'loss': '1.214', 'grad_norm': '6.023', 'learning_rate': '3.553e-05', 'epoch': '6.678'}


Writing model shards:   0%|                                                                                 | 0/1 [00:00<?, ?it/s][A

Writing model shards: 100%|█████████████████████████████████████████████████████████████████████████| 1/1 [00:00<00:00,  1.69it/s][A
Writing model shards: 100%|█████████████████████████████████████████████████████████████████████████| 1/1 [00:00<00:00,  1.69it/s]

 35%|████████████████████████████████▏                                                          | 212/600 [00:32<02:31,  2.57it/s]
 36%|████████████████████████████████▍                                                          | 214/600 [00:32<01:55,  3.33it/s]
 36%|████████████████████████████████▊                                                          | 216/600 [00:32<01:31,  4.20it/s]
 36%|█████████████████████████████████                                                          | 218/600 [00:32<01:14,  5.15it/s]
 37%|█████████████████████████████████▎                                                         | 220/600 [00:32<01:02,  6.11it/s]
 37%|█████████████████████████████████▋                                                         | 222/600 [00:33<00:53,  7.03it/s]
 37%|█████████████████████████████████▉                                                         | 224/600 [00:33<00:47,  7.86it/s]
                                                                                                                                  

 38%|██████████████████████████████████▏                                                        | 225/600 [00:33<00:47,  7.86it/s]
 38%|██████████████████████████████████▎                                                        | 226/600 [00:33<00:43,  8.54it/s]
 38%|██████████████████████████████████▌                                                        | 228/600 [00:33<00:40,  9.09it/s]
 38%|██████████████████████████████████▉                                                        | 230/600 [00:33<00:38,  9.55it/s]
 39%|███████████████████████████████████▏                                                       | 232/600 [00:34<00:37,  9.89it/s]
 39%|███████████████████████████████████▍                                                       | 234/600 [00:34<00:36, 10.14it/s]
 39%|███████████████████████████████████▊                                                       | 236/600 [00:34<00:35, 10.32it/s]
 40%|████████████████████████████████████                                                       | 238/600 [00:34<00:36,  9.89it/s]
 40%|████████████████████████████████████▍                                                      | 240/600 [00:34<00:32, 11.11it/s]{'loss': '1.152', 'grad_norm': '5.675', 'learning_rate': '3.333e-05', 'epoch': '7.508'}


Writing model shards:   0%|                                                                                 | 0/1 [00:00<?, ?it/s][A

Writing model shards: 100%|█████████████████████████████████████████████████████████████████████████| 1/1 [00:00<00:00,  1.53it/s][A
Writing model shards: 100%|█████████████████████████████████████████████████████████████████████████| 1/1 [00:00<00:00,  1.53it/s]

 40%|████████████████████████████████████▋                                                      | 242/600 [00:36<02:16,  2.63it/s]
 41%|█████████████████████████████████████                                                      | 244/600 [00:37<01:44,  3.40it/s]
 41%|█████████████████████████████████████▎                                                     | 246/600 [00:37<01:22,  4.28it/s]
 41%|█████████████████████████████████████▌                                                     | 248/600 [00:37<01:07,  5.22it/s]
 42%|█████████████████████████████████████▉                                                     | 250/600 [00:37<00:56,  6.17it/s]
                                                                                                                                  

 42%|█████████████████████████████████████▉                                                     | 250/600 [00:37<00:56,  6.17it/s]
 42%|██████████████████████████████████████▏                                                    | 252/600 [00:37<00:49,  7.07it/s]
 42%|██████████████████████████████████████▌                                                    | 254/600 [00:38<00:43,  7.88it/s]
 43%|██████████████████████████████████████▊                                                    | 256/600 [00:38<00:40,  8.56it/s]
 43%|███████████████████████████████████████▏                                                   | 258/600 [00:38<00:37,  9.12it/s]
 43%|███████████████████████████████████████▍                                                   | 260/600 [00:38<00:35,  9.55it/s]
 44%|███████████████████████████████████████▋                                                   | 262/600 [00:38<00:34,  9.88it/s]
 44%|████████████████████████████████████████                                                   | 264/600 [00:38<00:33, 10.14it/s]
 44%|████████████████████████████████████████▎                                                  | 266/600 [00:39<00:32, 10.31it/s]
 45%|████████████████████████████████████████▋                                                  | 268/600 [00:39<00:31, 10.42it/s]
 45%|████████████████████████████████████████▉                                                  | 270/600 [00:39<00:28, 11.55it/s]{'loss': '1.11', 'grad_norm': '6.015', 'learning_rate': '3.114e-05', 'epoch': '8.339'}


Writing model shards:   0%|                                                                                 | 0/1 [00:00<?, ?it/s][A

Writing model shards: 100%|█████████████████████████████████████████████████████████████████████████| 1/1 [00:00<00:00,  1.80it/s][A
Writing model shards: 100%|█████████████████████████████████████████████████████████████████████████| 1/1 [00:00<00:00,  1.80it/s]

 45%|█████████████████████████████████████████▎                                                 | 272/600 [00:41<02:00,  2.72it/s]
 46%|█████████████████████████████████████████▌                                                 | 274/600 [00:41<01:33,  3.50it/s]
                                                                                                                                  

 46%|█████████████████████████████████████████▋                                                 | 275/600 [00:41<01:32,  3.50it/s]
 46%|█████████████████████████████████████████▊                                                 | 276/600 [00:41<01:13,  4.39it/s]
 46%|██████████████████████████████████████████▏                                                | 278/600 [00:42<01:00,  5.33it/s]
 47%|██████████████████████████████████████████▍                                                | 280/600 [00:42<00:50,  6.28it/s]
 47%|██████████████████████████████████████████▊                                                | 282/600 [00:42<00:44,  7.18it/s]
 47%|███████████████████████████████████████████                                                | 284/600 [00:42<00:39,  7.97it/s]
 48%|███████████████████████████████████████████▍                                               | 286/600 [00:42<00:36,  8.61it/s]
 48%|███████████████████████████████████████████▋                                               | 288/600 [00:42<00:34,  9.16it/s]
 48%|███████████████████████████████████████████▉                                               | 290/600 [00:43<00:32,  9.58it/s]
 49%|████████████████████████████████████████████▎                                              | 292/600 [00:43<00:31,  9.90it/s]
 49%|████████████████████████████████████████████▌                                              | 294/600 [00:43<00:30, 10.14it/s]
 49%|████████████████████████████████████████████▉                                              | 296/600 [00:43<00:29, 10.31it/s]
 50%|█████████████████████████████████████████████▏                                             | 298/600 [00:43<00:28, 10.44it/s]
 50%|█████████████████████████████████████████████▌                                             | 300/600 [00:44<00:25, 11.56it/s]
                                                                                                                                  

 50%|█████████████████████████████████████████████▌                                             | 300/600 [00:44<00:25, 11.56it/s]{'loss': '1.082', 'grad_norm': '6.032', 'learning_rate': '2.895e-05', 'epoch': '9.169'}
{'loss': '1.023', 'grad_norm': '24.01', 'learning_rate': '2.675e-05', 'epoch': '10'}


Writing model shards:   0%|                                                                                 | 0/1 [00:00<?, ?it/s][A

Writing model shards: 100%|█████████████████████████████████████████████████████████████████████████| 1/1 [00:00<00:00,  1.54it/s][A
Writing model shards: 100%|█████████████████████████████████████████████████████████████████████████| 1/1 [00:00<00:00,  1.54it/s]

 50%|█████████████████████████████████████████████▊                                             | 302/600 [00:46<01:50,  2.70it/s]
 51%|██████████████████████████████████████████████                                             | 304/600 [00:46<01:24,  3.48it/s]
 51%|██████████████████████████████████████████████▍                                            | 306/600 [00:46<01:07,  4.37it/s]
 51%|██████████████████████████████████████████████▋                                            | 308/600 [00:46<00:54,  5.32it/s]
 52%|███████████████████████████████████████████████                                            | 310/600 [00:46<00:46,  6.26it/s]
 52%|███████████████████████████████████████████████▎                                           | 312/600 [00:47<00:40,  7.15it/s]
 52%|███████████████████████████████████████████████▌                                           | 314/600 [00:47<00:35,  7.95it/s]
 53%|███████████████████████████████████████████████▉                                           | 316/600 [00:47<00:32,  8.62it/s]
 53%|████████████████████████████████████████████████▏                                          | 318/600 [00:47<00:30,  9.16it/s]
 53%|████████████████████████████████████████████████▌                                          | 320/600 [00:47<00:29,  9.59it/s]
 54%|████████████████████████████████████████████████▊                                          | 322/600 [00:47<00:28,  9.91it/s]
 54%|█████████████████████████████████████████████████▏                                         | 324/600 [00:48<00:27, 10.15it/s]
                                                                                                                                  

 54%|█████████████████████████████████████████████████▎                                         | 325/600 [00:48<00:27, 10.15it/s]
 54%|█████████████████████████████████████████████████▍                                         | 326/600 [00:48<00:26, 10.32it/s]
 55%|█████████████████████████████████████████████████▋                                         | 328/600 [00:48<00:26, 10.41it/s]
 55%|██████████████████████████████████████████████████                                         | 330/600 [00:48<00:23, 11.55it/s]{'loss': '1.018', 'grad_norm': '6.665', 'learning_rate': '2.456e-05', 'epoch': '10.85'}


Writing model shards:   0%|                                                                                 | 0/1 [00:00<?, ?it/s][A

Writing model shards: 100%|█████████████████████████████████████████████████████████████████████████| 1/1 [00:00<00:00,  1.70it/s][A
Writing model shards: 100%|█████████████████████████████████████████████████████████████████████████| 1/1 [00:00<00:00,  1.70it/s]

 55%|██████████████████████████████████████████████████▎                                        | 332/600 [00:50<01:36,  2.77it/s]
 56%|██████████████████████████████████████████████████▋                                        | 334/600 [00:50<01:14,  3.55it/s]
 56%|██████████████████████████████████████████████████▉                                        | 336/600 [00:51<00:59,  4.44it/s]
 56%|███████████████████████████████████████████████████▎                                       | 338/600 [00:51<00:48,  5.39it/s]
 57%|███████████████████████████████████████████████████▌                                       | 340/600 [00:51<00:41,  6.34it/s]
 57%|███████████████████████████████████████████████████▊                                       | 342/600 [00:51<00:35,  7.22it/s]
 57%|████████████████████████████████████████████████████▏                                      | 344/600 [00:51<00:31,  8.01it/s]
 58%|████████████████████████████████████████████████████▍                                      | 346/600 [00:51<00:29,  8.67it/s]
 58%|████████████████████████████████████████████████████▊                                      | 348/600 [00:52<00:27,  9.21it/s]
 58%|█████████████████████████████████████████████████████                                      | 350/600 [00:52<00:25,  9.63it/s]
                                                                                                                                  

 58%|█████████████████████████████████████████████████████                                      | 350/600 [00:52<00:25,  9.63it/s]
 59%|█████████████████████████████████████████████████████▍                                     | 352/600 [00:52<00:25,  9.87it/s]
 59%|█████████████████████████████████████████████████████▋                                     | 354/600 [00:52<00:24, 10.12it/s]
 59%|█████████████████████████████████████████████████████▉                                     | 356/600 [00:52<00:23, 10.32it/s]
 60%|██████████████████████████████████████████████████████▎                                    | 358/600 [00:53<00:23, 10.37it/s]
 60%|██████████████████████████████████████████████████████▌                                    | 360/600 [00:53<00:20, 11.53it/s]{'loss': '0.9443', 'grad_norm': '6.608', 'learning_rate': '2.237e-05', 'epoch': '11.68'}


Writing model shards:   0%|                                                                                 | 0/1 [00:00<?, ?it/s][A

Writing model shards: 100%|█████████████████████████████████████████████████████████████████████████| 1/1 [00:00<00:00,  1.75it/s][A
Writing model shards: 100%|█████████████████████████████████████████████████████████████████████████| 1/1 [00:00<00:00,  1.75it/s]

 60%|██████████████████████████████████████████████████████▉                                    | 362/600 [00:55<01:24,  2.83it/s]
 61%|███████████████████████████████████████████████████████▏                                   | 364/600 [00:55<01:04,  3.64it/s]
 61%|███████████████████████████████████████████████████████▌                                   | 366/600 [00:55<00:51,  4.54it/s]
 61%|███████████████████████████████████████████████████████▊                                   | 368/600 [00:55<00:42,  5.49it/s]
 62%|████████████████████████████████████████████████████████                                   | 370/600 [00:55<00:35,  6.44it/s]
 62%|████████████████████████████████████████████████████████▍                                  | 372/600 [00:56<00:31,  7.32it/s]
 62%|████████████████████████████████████████████████████████▋                                  | 374/600 [00:56<00:27,  8.11it/s]
                                                                                                                                  

 62%|████████████████████████████████████████████████████████▉                                  | 375/600 [00:56<00:27,  8.11it/s]
 63%|█████████████████████████████████████████████████████████                                  | 376/600 [00:56<00:25,  8.76it/s]
 63%|█████████████████████████████████████████████████████████▎                                 | 378/600 [00:56<00:23,  9.28it/s]
 63%|█████████████████████████████████████████████████████████▋                                 | 380/600 [00:56<00:22,  9.69it/s]
 64%|█████████████████████████████████████████████████████████▉                                 | 382/600 [00:57<00:21,  9.91it/s]
 64%|██████████████████████████████████████████████████████████▏                                | 384/600 [00:57<00:21, 10.14it/s]
 64%|██████████████████████████████████████████████████████████▌                                | 386/600 [00:57<00:20, 10.31it/s]
 65%|██████████████████████████████████████████████████████████▊                                | 388/600 [00:57<00:20, 10.43it/s]
 65%|███████████████████████████████████████████████████████████▏                               | 390/600 [00:57<00:18, 11.55it/s]{'loss': '0.9552', 'grad_norm': '5.355', 'learning_rate': '2.018e-05', 'epoch': '12.51'}


Writing model shards:   0%|                                                                                 | 0/1 [00:00<?, ?it/s][A

Writing model shards: 100%|█████████████████████████████████████████████████████████████████████████| 1/1 [00:00<00:00,  1.68it/s][A
Writing model shards: 100%|█████████████████████████████████████████████████████████████████████████| 1/1 [00:00<00:00,  1.68it/s]

 65%|███████████████████████████████████████████████████████████▍                               | 392/600 [00:59<01:15,  2.76it/s]
 66%|███████████████████████████████████████████████████████████▊                               | 394/600 [00:59<00:58,  3.54it/s]
 66%|████████████████████████████████████████████████████████████                               | 396/600 [01:00<00:46,  4.43it/s]
 66%|████████████████████████████████████████████████████████████▎                              | 398/600 [01:00<00:37,  5.38it/s]
 67%|████████████████████████████████████████████████████████████▋                              | 400/600 [01:00<00:31,  6.33it/s]
                                                                                                                                  

 67%|████████████████████████████████████████████████████████████▋                              | 400/600 [01:00<00:31,  6.33it/s]
 67%|████████████████████████████████████████████████████████████▉                              | 402/600 [01:00<00:27,  7.22it/s]
 67%|█████████████████████████████████████████████████████████████▎                             | 404/600 [01:00<00:24,  8.01it/s]
 68%|█████████████████████████████████████████████████████████████▌                             | 406/600 [01:01<00:22,  8.68it/s]
 68%|█████████████████████████████████████████████████████████████▉                             | 408/600 [01:01<00:20,  9.21it/s]
 68%|██████████████████████████████████████████████████████████████▏                            | 410/600 [01:01<00:19,  9.63it/s]
 69%|██████████████████████████████████████████████████████████████▍                            | 412/600 [01:01<00:18,  9.94it/s]
 69%|██████████████████████████████████████████████████████████████▊                            | 414/600 [01:01<00:18, 10.17it/s]
 69%|███████████████████████████████████████████████████████████████                            | 416/600 [01:01<00:17, 10.33it/s]
 70%|███████████████████████████████████████████████████████████████▍                           | 418/600 [01:02<00:17, 10.45it/s]
 70%|███████████████████████████████████████████████████████████████▋                           | 420/600 [01:02<00:15, 11.54it/s]{'loss': '0.9068', 'grad_norm': '5.819', 'learning_rate': '1.798e-05', 'epoch': '13.34'}


Writing model shards:   0%|                                                                                 | 0/1 [00:00<?, ?it/s][A

Writing model shards: 100%|█████████████████████████████████████████████████████████████████████████| 1/1 [00:00<00:00,  1.58it/s][A
Writing model shards: 100%|█████████████████████████████████████████████████████████████████████████| 1/1 [00:00<00:00,  1.58it/s]

 70%|████████████████████████████████████████████████████████████████                           | 422/600 [01:04<01:04,  2.77it/s]
 71%|████████████████████████████████████████████████████████████████▎                          | 424/600 [01:04<00:49,  3.57it/s]
                                                                                                                                  

 71%|████████████████████████████████████████████████████████████████▍                          | 425/600 [01:04<00:49,  3.57it/s]
 71%|████████████████████████████████████████████████████████████████▌                          | 426/600 [01:04<00:38,  4.46it/s]
 71%|████████████████████████████████████████████████████████████████▉                          | 428/600 [01:04<00:31,  5.41it/s]
 72%|█████████████████████████████████████████████████████████████████▏                         | 430/600 [01:05<00:26,  6.36it/s]
 72%|█████████████████████████████████████████████████████████████████▌                         | 432/600 [01:05<00:23,  7.25it/s]
 72%|█████████████████████████████████████████████████████████████████▊                         | 434/600 [01:05<00:20,  8.03it/s]
 73%|██████████████████████████████████████████████████████████████████▏                        | 436/600 [01:05<00:18,  8.69it/s]
 73%|██████████████████████████████████████████████████████████████████▍                        | 438/600 [01:05<00:17,  9.23it/s]
 73%|██████████████████████████████████████████████████████████████████▋                        | 440/600 [01:05<00:16,  9.64it/s]
 74%|███████████████████████████████████████████████████████████████████                        | 442/600 [01:06<00:15,  9.95it/s]
 74%|███████████████████████████████████████████████████████████████████▎                       | 444/600 [01:06<00:15, 10.18it/s]
 74%|███████████████████████████████████████████████████████████████████▋                       | 446/600 [01:06<00:14, 10.34it/s]
 75%|███████████████████████████████████████████████████████████████████▉                       | 448/600 [01:06<00:14, 10.47it/s]
 75%|████████████████████████████████████████████████████████████████████▎                      | 450/600 [01:06<00:12, 11.59it/s]
                                                                                                                                  

 75%|████████████████████████████████████████████████████████████████████▎                      | 450/600 [01:06<00:12, 11.59it/s]{'loss': '0.8995', 'grad_norm': '5.632', 'learning_rate': '1.579e-05', 'epoch': '14.17'}
{'loss': '0.8966', 'grad_norm': '19.44', 'learning_rate': '1.36e-05', 'epoch': '15'}


Writing model shards:   0%|                                                                                 | 0/1 [00:00<?, ?it/s][A

Writing model shards: 100%|█████████████████████████████████████████████████████████████████████████| 1/1 [00:00<00:00,  1.83it/s][A
Writing model shards: 100%|█████████████████████████████████████████████████████████████████████████| 1/1 [00:00<00:00,  1.83it/s]

 75%|████████████████████████████████████████████████████████████████████▌                      | 452/600 [01:08<00:49,  3.00it/s]
 76%|████████████████████████████████████████████████████████████████████▊                      | 454/600 [01:08<00:38,  3.83it/s]
 76%|█████████████████████████████████████████████████████████████████████▏                     | 456/600 [01:09<00:30,  4.75it/s]
 76%|█████████████████████████████████████████████████████████████████████▍                     | 458/600 [01:09<00:24,  5.70it/s]
 77%|█████████████████████████████████████████████████████████████████████▊                     | 460/600 [01:09<00:21,  6.64it/s]
 77%|██████████████████████████████████████████████████████████████████████                     | 462/600 [01:09<00:18,  7.49it/s]
 77%|██████████████████████████████████████████████████████████████████████▎                    | 464/600 [01:09<00:16,  8.24it/s]
 78%|██████████████████████████████████████████████████████████████████████▋                    | 466/600 [01:09<00:15,  8.85it/s]
 78%|██████████████████████████████████████████████████████████████████████▉                    | 468/600 [01:10<00:14,  9.34it/s]
 78%|███████████████████████████████████████████████████████████████████████▎                   | 470/600 [01:10<00:13,  9.73it/s]
 79%|███████████████████████████████████████████████████████████████████████▌                   | 472/600 [01:10<00:12, 10.02it/s]
 79%|███████████████████████████████████████████████████████████████████████▉                   | 474/600 [01:10<00:12, 10.23it/s]
                                                                                                                                  

 79%|████████████████████████████████████████████████████████████████████████                   | 475/600 [01:10<00:12, 10.23it/s]
 79%|████████████████████████████████████████████████████████████████████████▏                  | 476/600 [01:10<00:11, 10.38it/s]
 80%|████████████████████████████████████████████████████████████████████████▍                  | 478/600 [01:11<00:11, 10.50it/s]
 80%|████████████████████████████████████████████████████████████████████████▊                  | 480/600 [01:11<00:10, 11.65it/s]{'loss': '0.864', 'grad_norm': '5.517', 'learning_rate': '1.14e-05', 'epoch': '15.85'}


Writing model shards:   0%|                                                                                 | 0/1 [00:00<?, ?it/s][A

Writing model shards: 100%|█████████████████████████████████████████████████████████████████████████| 1/1 [00:00<00:00,  1.90it/s][A
Writing model shards: 100%|█████████████████████████████████████████████████████████████████████████| 1/1 [00:00<00:00,  1.90it/s]

 80%|█████████████████████████████████████████████████████████████████████████                  | 482/600 [01:13<00:40,  2.92it/s]
 81%|█████████████████████████████████████████████████████████████████████████▍                 | 484/600 [01:13<00:31,  3.74it/s]
 81%|█████████████████████████████████████████████████████████████████████████▋                 | 486/600 [01:13<00:24,  4.66it/s]
 81%|██████████████████████████████████████████████████████████████████████████                 | 488/600 [01:13<00:19,  5.61it/s]
 82%|██████████████████████████████████████████████████████████████████████████▎                | 490/600 [01:13<00:16,  6.56it/s]
 82%|██████████████████████████████████████████████████████████████████████████▌                | 492/600 [01:14<00:14,  7.44it/s]
 82%|██████████████████████████████████████████████████████████████████████████▉                | 494/600 [01:14<00:12,  8.21it/s]
 83%|███████████████████████████████████████████████████████████████████████████▏               | 496/600 [01:14<00:11,  8.85it/s]
 83%|███████████████████████████████████████████████████████████████████████████▌               | 498/600 [01:14<00:10,  9.35it/s]
 83%|███████████████████████████████████████████████████████████████████████████▊               | 500/600 [01:14<00:10,  9.75it/s]
                                                                                                                                  

 83%|███████████████████████████████████████████████████████████████████████████▊               | 500/600 [01:14<00:10,  9.75it/s]
 84%|████████████████████████████████████████████████████████████████████████████▏              | 502/600 [01:14<00:09, 10.04it/s]
 84%|████████████████████████████████████████████████████████████████████████████▍              | 504/600 [01:15<00:09, 10.27it/s]
 84%|████████████████████████████████████████████████████████████████████████████▋              | 506/600 [01:15<00:09, 10.43it/s]
 85%|█████████████████████████████████████████████████████████████████████████████              | 508/600 [01:15<00:08, 10.55it/s]
 85%|█████████████████████████████████████████████████████████████████████████████▎             | 510/600 [01:15<00:07, 11.69it/s]{'loss': '0.8506', 'grad_norm': '4.749', 'learning_rate': '9.211e-06', 'epoch': '16.68'}


Writing model shards:   0%|                                                                                 | 0/1 [00:00<?, ?it/s][A

Writing model shards: 100%|█████████████████████████████████████████████████████████████████████████| 1/1 [00:00<00:00,  1.70it/s][A
Writing model shards: 100%|█████████████████████████████████████████████████████████████████████████| 1/1 [00:00<00:00,  1.70it/s]

 85%|█████████████████████████████████████████████████████████████████████████████▋             | 512/600 [01:17<00:30,  2.90it/s]
 86%|█████████████████████████████████████████████████████████████████████████████▉             | 514/600 [01:17<00:23,  3.71it/s]
 86%|██████████████████████████████████████████████████████████████████████████████▎            | 516/600 [01:17<00:18,  4.62it/s]
 86%|██████████████████████████████████████████████████████████████████████████████▌            | 518/600 [01:18<00:14,  5.58it/s]
 87%|██████████████████████████████████████████████████████████████████████████████▊            | 520/600 [01:18<00:12,  6.53it/s]
 87%|███████████████████████████████████████████████████████████████████████████████▏           | 522/600 [01:18<00:10,  7.41it/s]
 87%|███████████████████████████████████████████████████████████████████████████████▍           | 524/600 [01:18<00:09,  8.19it/s]
                                                                                                                                  

 88%|███████████████████████████████████████████████████████████████████████████████▋           | 525/600 [01:18<00:09,  8.19it/s]
 88%|███████████████████████████████████████████████████████████████████████████████▊           | 526/600 [01:18<00:08,  8.83it/s]
 88%|████████████████████████████████████████████████████████████████████████████████           | 528/600 [01:19<00:07,  9.35it/s]
 88%|████████████████████████████████████████████████████████████████████████████████▍          | 530/600 [01:19<00:07,  9.75it/s]
 89%|████████████████████████████████████████████████████████████████████████████████▋          | 532/600 [01:19<00:06, 10.04it/s]
 89%|████████████████████████████████████████████████████████████████████████████████▉          | 534/600 [01:19<00:06, 10.26it/s]
 89%|█████████████████████████████████████████████████████████████████████████████████▎         | 536/600 [01:19<00:06, 10.40it/s]
 90%|█████████████████████████████████████████████████████████████████████████████████▌         | 538/600 [01:19<00:05, 10.53it/s]
 90%|█████████████████████████████████████████████████████████████████████████████████▉         | 540/600 [01:20<00:05, 11.68it/s]{'loss': '0.8527', 'grad_norm': '5.314', 'learning_rate': '7.018e-06', 'epoch': '17.51'}


Writing model shards:   0%|                                                                                 | 0/1 [00:00<?, ?it/s][A

Writing model shards: 100%|█████████████████████████████████████████████████████████████████████████| 1/1 [00:00<00:00,  1.94it/s][A
Writing model shards: 100%|█████████████████████████████████████████████████████████████████████████| 1/1 [00:00<00:00,  1.94it/s]

 90%|██████████████████████████████████████████████████████████████████████████████████▏        | 542/600 [01:21<00:19,  2.92it/s]
 91%|██████████████████████████████████████████████████████████████████████████████████▌        | 544/600 [01:22<00:14,  3.74it/s]
 91%|██████████████████████████████████████████████████████████████████████████████████▊        | 546/600 [01:22<00:11,  4.64it/s]
 91%|███████████████████████████████████████████████████████████████████████████████████        | 548/600 [01:22<00:09,  5.60it/s]
 92%|███████████████████████████████████████████████████████████████████████████████████▍       | 550/600 [01:22<00:07,  6.55it/s]
                                                                                                                                  

 92%|███████████████████████████████████████████████████████████████████████████████████▍       | 550/600 [01:22<00:07,  6.55it/s]
 92%|███████████████████████████████████████████████████████████████████████████████████▋       | 552/600 [01:22<00:06,  7.42it/s]
 92%|████████████████████████████████████████████████████████████████████████████████████       | 554/600 [01:23<00:05,  8.20it/s]
 93%|████████████████████████████████████████████████████████████████████████████████████▎      | 556/600 [01:23<00:04,  8.84it/s]
 93%|████████████████████████████████████████████████████████████████████████████████████▋      | 558/600 [01:23<00:04,  9.36it/s]
 93%|████████████████████████████████████████████████████████████████████████████████████▉      | 560/600 [01:23<00:04,  9.75it/s]
 94%|█████████████████████████████████████████████████████████████████████████████████████▏     | 562/600 [01:23<00:03, 10.03it/s]
 94%|█████████████████████████████████████████████████████████████████████████████████████▌     | 564/600 [01:23<00:03, 10.26it/s]
 94%|█████████████████████████████████████████████████████████████████████████████████████▊     | 566/600 [01:24<00:03, 10.42it/s]
 95%|██████████████████████████████████████████████████████████████████████████████████████▏    | 568/600 [01:24<00:03, 10.53it/s]
 95%|██████████████████████████████████████████████████████████████████████████████████████▍    | 570/600 [01:24<00:02, 11.58it/s]{'loss': '0.7998', 'grad_norm': '5.063', 'learning_rate': '4.825e-06', 'epoch': '18.34'}


Writing model shards:   0%|                                                                                 | 0/1 [00:00<?, ?it/s][A

Writing model shards: 100%|█████████████████████████████████████████████████████████████████████████| 1/1 [00:00<00:00,  1.71it/s][A
Writing model shards: 100%|█████████████████████████████████████████████████████████████████████████| 1/1 [00:00<00:00,  1.71it/s]

 95%|██████████████████████████████████████████████████████████████████████████████████████▊    | 572/600 [01:26<00:09,  2.91it/s]
 96%|███████████████████████████████████████████████████████████████████████████████████████    | 574/600 [01:26<00:06,  3.72it/s]
                                                                                                                                  

 96%|███████████████████████████████████████████████████████████████████████████████████████▏   | 575/600 [01:26<00:06,  3.72it/s]
 96%|███████████████████████████████████████████████████████████████████████████████████████▎   | 576/600 [01:26<00:05,  4.64it/s]
 96%|███████████████████████████████████████████████████████████████████████████████████████▋   | 578/600 [01:26<00:03,  5.60it/s]
 97%|███████████████████████████████████████████████████████████████████████████████████████▉   | 580/600 [01:27<00:03,  6.55it/s]
 97%|████████████████████████████████████████████████████████████████████████████████████████▎  | 582/600 [01:27<00:02,  7.43it/s]
 97%|████████████████████████████████████████████████████████████████████████████████████████▌  | 584/600 [01:27<00:01,  8.20it/s]
 98%|████████████████████████████████████████████████████████████████████████████████████████▉  | 586/600 [01:27<00:01,  8.84it/s]
 98%|█████████████████████████████████████████████████████████████████████████████████████████▏ | 588/600 [01:27<00:01,  9.36it/s]
 98%|█████████████████████████████████████████████████████████████████████████████████████████▍ | 590/600 [01:28<00:01,  9.76it/s]
 99%|█████████████████████████████████████████████████████████████████████████████████████████▊ | 592/600 [01:28<00:00, 10.05it/s]
 99%|██████████████████████████████████████████████████████████████████████████████████████████ | 594/600 [01:28<00:00, 10.27it/s]
 99%|██████████████████████████████████████████████████████████████████████████████████████████▍| 596/600 [01:28<00:00, 10.43it/s]
100%|██████████████████████████████████████████████████████████████████████████████████████████▋| 598/600 [01:28<00:00, 10.55it/s]
100%|███████████████████████████████████████████████████████████████████████████████████████████| 600/600 [01:28<00:00, 11.73it/s]
                                                                                                                                  

100%|███████████████████████████████████████████████████████████████████████████████████████████| 600/600 [01:28<00:00, 11.73it/s]{'loss': '0.7997', 'grad_norm': '4.589', 'learning_rate': '2.632e-06', 'epoch': '19.17'}
{'loss': '0.8184', 'grad_norm': 'inf', 'learning_rate': '4.386e-07', 'epoch': '20'}


Writing model shards:   0%|                                                                                 | 0/1 [00:00<?, ?it/s][A

Writing model shards: 100%|█████████████████████████████████████████████████████████████████████████| 1/1 [00:00<00:00,  1.85it/s][A
Writing model shards: 100%|█████████████████████████████████████████████████████████████████████████| 1/1 [00:00<00:00,  1.85it/s]

                                                                                                                                  

100%|███████████████████████████████████████████████████████████████████████████████████████████| 600/600 [01:30<00:00, 11.73it/s]
100%|███████████████████████████████████████████████████████████████████████████████████████████| 600/600 [01:30<00:00,  6.62it/s]
{'train_runtime': '90.67', 'train_samples_per_second': '102.6', 'train_steps_per_second': '6.617', 'train_loss': '1.241', 'epoch': '20'}

  0%|                                                                                                       | 0/9 [00:00<?, ?it/s]
 89%|████████████████████████████████████████████████████████████████████████████████████▍          | 8/9 [00:00<00:00, 78.51it/s]
100%|███████████████████████████████████████████████████████████████████████████████████████████████| 9/9 [00:00<00:00, 75.63it/s]

Writing model shards:   0%|                                                                                 | 0/1 [00:00<?, ?it/s]
Writing model shards: 100%|█████████████████████████████████████████████████████████████████████████| 1/1 [00:00<00:00,  1.73it/s]
Writing model shards: 100%|█████████████████████████████████████████████████████████████████████████| 1/1 [00:00<00:00,  1.73it/s]

Loading weights:   0%|                                                                                    | 0/148 [00:00<?, ?it/s]
Loading weights: 100%|████████████████████████████████████████████████████████████████████████| 148/148 [00:00<00:00, 2404.59it/s]

Loading weights:   0%|                                                                                    | 0/148 [00:00<?, ?it/s]
Loading weights: 100%|████████████████████████████████████████████████████████████████████████| 148/148 [00:00<00:00, 2343.70it/s]
<local-root>/miniconda3/lib/python3.13/site-packages/torch/cuda/__init__.py:61: FutureWarning: The pynvml package is deprecated. Please install nvidia-ml-py instead. If you did not install pynvml directly, please report this to the maintainers of the package that installed pynvml for you.
  import pynvml  # type: ignore[import]

Loading weights:   0%|                                                                                    | 0/148 [00:00<?, ?it/s]
Loading weights:  39%|█████████████████████████████                                             | 58/148 [00:00<00:00, 554.44it/s]
Loading weights:  77%|████████████████████████████████████████████████████████▏                | 114/148 [00:00<00:00, 542.37it/s]
Loading weights: 100%|█████████████████████████████████████████████████████████████████████████| 148/148 [00:00<00:00, 503.76it/s]

Loading weights:   0%|                                                                                    | 0/148 [00:00<?, ?it/s]
Loading weights: 100%|████████████████████████████████████████████████████████████████████████| 148/148 [00:00<00:00, 1669.75it/s]
Warning: You are sending unauthenticated requests to the HF Hub. Please set a HF_TOKEN to enable higher rate limits and faster downloads.

Loading weights:   0%|                                                                                    | 0/389 [00:00<?, ?it/s]
Loading weights: 100%|███████████████████████████████████████████████████████████████████████| 389/389 [00:00<00:00, 39360.81it/s]
[RANK 0] Detected kernel version 5.4.0, which is below the recommended minimum of 5.5.0; this can cause the process to hang. It is recommended to upgrade the kernel to the minimum version or higher.

  0%|                                                                                                     | 0/540 [00:00<?, ?it/s]
  0%|▏                                                                                            | 1/540 [00:00<01:50,  4.87it/s]
  0%|▎                                                                                            | 2/540 [00:00<01:33,  5.76it/s]
  1%|▌                                                                                            | 3/540 [00:00<01:29,  6.03it/s]
  1%|▋                                                                                            | 4/540 [00:00<01:26,  6.20it/s]
  1%|▊                                                                                            | 5/540 [00:00<01:25,  6.23it/s]
  1%|█                                                                                            | 6/540 [00:00<01:24,  6.31it/s]
  1%|█▏                                                                                           | 7/540 [00:01<01:24,  6.30it/s]
  1%|█▍                                                                                           | 8/540 [00:01<01:23,  6.36it/s]
  2%|█▌                                                                                           | 9/540 [00:01<01:22,  6.40it/s]
  2%|█▋                                                                                          | 10/540 [00:01<01:22,  6.41it/s]
  2%|█▊                                                                                          | 11/540 [00:01<01:22,  6.43it/s]
  2%|██                                                                                          | 12/540 [00:01<01:22,  6.43it/s]
  2%|██▏                                                                                         | 13/540 [00:02<01:21,  6.45it/s]
  3%|██▍                                                                                         | 14/540 [00:02<01:21,  6.43it/s]
  3%|██▌                                                                                         | 15/540 [00:02<01:21,  6.44it/s]
  3%|██▋                                                                                         | 16/540 [00:02<01:21,  6.46it/s]
  3%|██▉                                                                                         | 17/540 [00:02<01:21,  6.44it/s]
  3%|███                                                                                         | 18/540 [00:02<01:20,  6.45it/s]
  4%|███▏                                                                                        | 19/540 [00:02<01:20,  6.46it/s]
  4%|███▍                                                                                        | 20/540 [00:03<01:20,  6.47it/s]
  4%|███▌                                                                                        | 21/540 [00:03<01:20,  6.47it/s]
  4%|███▋                                                                                        | 22/540 [00:03<01:20,  6.45it/s]
  4%|███▉                                                                                        | 23/540 [00:03<01:20,  6.46it/s]
  4%|████                                                                                        | 24/540 [00:03<01:19,  6.46it/s]
  5%|████▎                                                                                       | 25/540 [00:03<01:19,  6.46it/s]
                                                                                                                                  

  5%|████▎                                                                                       | 25/540 [00:03<01:19,  6.46it/s]
  5%|████▍                                                                                       | 26/540 [00:04<01:19,  6.44it/s]
  5%|████▌                                                                                       | 27/540 [00:04<01:19,  6.45it/s]
  5%|████▊                                                                                       | 28/540 [00:04<01:19,  6.44it/s]
  5%|████▉                                                                                       | 29/540 [00:04<01:19,  6.44it/s]
  6%|█████                                                                                       | 30/540 [00:04<01:11,  7.17it/s]{'loss': '2.974', 'grad_norm': '3.364', 'learning_rate': '4e-05', 'epoch': '0.8475'}


Writing model shards:   0%|                                                                                 | 0/1 [00:00<?, ?it/s][A

Writing model shards: 100%|█████████████████████████████████████████████████████████████████████████| 1/1 [00:01<00:00,  1.57s/it][A
Writing model shards: 100%|█████████████████████████████████████████████████████████████████████████| 1/1 [00:01<00:00,  1.58s/it]

  6%|█████▎                                                                                      | 31/540 [00:09<13:04,  1.54s/it]
  6%|█████▍                                                                                      | 32/540 [00:09<09:31,  1.13s/it]
  6%|█████▌                                                                                      | 33/540 [00:09<07:03,  1.20it/s]
  6%|█████▊                                                                                      | 34/540 [00:09<05:19,  1.59it/s]
  6%|█████▉                                                                                      | 35/540 [00:10<04:06,  2.05it/s]
  7%|██████▏                                                                                     | 36/540 [00:10<03:15,  2.58it/s]
  7%|██████▎                                                                                     | 37/540 [00:10<02:39,  3.15it/s]
  7%|██████▍                                                                                     | 38/540 [00:10<02:14,  3.72it/s]
  7%|██████▋                                                                                     | 39/540 [00:10<01:57,  4.26it/s]
  7%|██████▊                                                                                     | 40/540 [00:10<01:45,  4.74it/s]
  8%|██████▉                                                                                     | 41/540 [00:11<01:36,  5.15it/s]
  8%|███████▏                                                                                    | 42/540 [00:11<01:30,  5.49it/s]
  8%|███████▎                                                                                    | 43/540 [00:11<01:26,  5.75it/s]
  8%|███████▍                                                                                    | 44/540 [00:11<01:23,  5.94it/s]
  8%|███████▋                                                                                    | 45/540 [00:11<01:21,  6.08it/s]
  9%|███████▊                                                                                    | 46/540 [00:11<01:19,  6.18it/s]
  9%|████████                                                                                    | 47/540 [00:11<01:18,  6.27it/s]
  9%|████████▏                                                                                   | 48/540 [00:12<01:17,  6.32it/s]
  9%|████████▎                                                                                   | 49/540 [00:12<01:17,  6.30it/s]
  9%|████████▌                                                                                   | 50/540 [00:12<01:17,  6.35it/s]
                                                                                                                                  

  9%|████████▌                                                                                   | 50/540 [00:12<01:17,  6.35it/s]
  9%|████████▋                                                                                   | 51/540 [00:12<01:16,  6.38it/s]
 10%|████████▊                                                                                   | 52/540 [00:12<01:16,  6.40it/s]
 10%|█████████                                                                                   | 53/540 [00:12<01:16,  6.41it/s]
 10%|█████████▏                                                                                  | 54/540 [00:13<01:16,  6.39it/s]
 10%|█████████▎                                                                                  | 55/540 [00:13<01:15,  6.40it/s]
 10%|█████████▌                                                                                  | 56/540 [00:13<01:15,  6.41it/s]
 11%|█████████▋                                                                                  | 57/540 [00:13<01:16,  6.29it/s]
 11%|█████████▉                                                                                  | 58/540 [00:13<01:15,  6.36it/s]
 11%|██████████                                                                                  | 59/540 [00:13<01:15,  6.36it/s]{'loss': '1.64', 'grad_norm': '2.879', 'learning_rate': '4.814e-05', 'epoch': '1.678'}


Writing model shards:   0%|                                                                                 | 0/1 [00:00<?, ?it/s][A

Writing model shards: 100%|█████████████████████████████████████████████████████████████████████████| 1/1 [00:01<00:00,  1.83s/it][A
Writing model shards: 100%|█████████████████████████████████████████████████████████████████████████| 1/1 [00:01<00:00,  1.83s/it]

 11%|██████████▍                                                                                 | 61/540 [00:19<10:46,  1.35s/it]
 11%|██████████▌                                                                                 | 62/540 [00:19<08:23,  1.05s/it]
 12%|██████████▋                                                                                 | 63/540 [00:19<06:30,  1.22it/s]
 12%|██████████▉                                                                                 | 64/540 [00:19<05:03,  1.57it/s]
 12%|███████████                                                                                 | 65/540 [00:19<03:58,  1.99it/s]
 12%|███████████▏                                                                                | 66/540 [00:20<03:10,  2.48it/s]
 12%|███████████▍                                                                                | 67/540 [00:20<02:36,  3.02it/s]
 13%|███████████▌                                                                                | 68/540 [00:20<02:11,  3.58it/s]
 13%|███████████▊                                                                                | 69/540 [00:20<01:54,  4.12it/s]
 13%|███████████▉                                                                                | 70/540 [00:20<01:41,  4.62it/s]
 13%|████████████                                                                                | 71/540 [00:20<01:32,  5.05it/s]
 13%|████████████▎                                                                               | 72/540 [00:21<01:26,  5.41it/s]
 14%|████████████▍                                                                               | 73/540 [00:21<01:22,  5.67it/s]
 14%|████████████▌                                                                               | 74/540 [00:21<01:19,  5.89it/s]
 14%|████████████▊                                                                               | 75/540 [00:21<01:17,  6.02it/s]
                                                                                                                                  

 14%|████████████▊                                                                               | 75/540 [00:21<01:17,  6.02it/s]
 14%|████████████▉                                                                               | 76/540 [00:21<01:15,  6.14it/s]
 14%|█████████████                                                                               | 77/540 [00:21<01:14,  6.24it/s]
 14%|█████████████▎                                                                              | 78/540 [00:21<01:13,  6.26it/s]
 15%|█████████████▍                                                                              | 79/540 [00:22<01:12,  6.32it/s]
 15%|█████████████▋                                                                              | 80/540 [00:22<01:12,  6.36it/s]
 15%|█████████████▊                                                                              | 81/540 [00:22<01:12,  6.33it/s]
 15%|█████████████▉                                                                              | 82/540 [00:22<01:11,  6.38it/s]
 15%|██████████████▏                                                                             | 83/540 [00:22<01:11,  6.39it/s]
 16%|██████████████▎                                                                             | 84/540 [00:22<01:11,  6.40it/s]
 16%|██████████████▍                                                                             | 85/540 [00:23<01:10,  6.42it/s]
 16%|██████████████▋                                                                             | 86/540 [00:23<01:10,  6.44it/s]
 16%|██████████████▊                                                                             | 87/540 [00:23<01:10,  6.45it/s]
 16%|██████████████▉                                                                             | 88/540 [00:23<01:09,  6.46it/s]
 16%|███████████████▏                                                                            | 89/540 [00:23<01:10,  6.41it/s]{'loss': '1.265', 'grad_norm': '3.24', 'learning_rate': '4.569e-05', 'epoch': '2.508'}


Writing model shards:   0%|                                                                                 | 0/1 [00:00<?, ?it/s][A

Writing model shards: 100%|█████████████████████████████████████████████████████████████████████████| 1/1 [00:01<00:00,  1.67s/it][A
Writing model shards: 100%|█████████████████████████████████████████████████████████████████████████| 1/1 [00:01<00:00,  1.67s/it]

 17%|███████████████▌                                                                            | 91/540 [00:29<10:07,  1.35s/it]
 17%|███████████████▋                                                                            | 92/540 [00:29<07:52,  1.06s/it]
 17%|███████████████▊                                                                            | 93/540 [00:29<06:06,  1.22it/s]
 17%|████████████████                                                                            | 94/540 [00:29<04:44,  1.57it/s]
 18%|████████████████▏                                                                           | 95/540 [00:29<03:44,  1.99it/s]
 18%|████████████████▎                                                                           | 96/540 [00:29<02:59,  2.48it/s]
 18%|████████████████▌                                                                           | 97/540 [00:30<02:26,  3.02it/s]
 18%|████████████████▋                                                                           | 98/540 [00:30<02:03,  3.58it/s]
 18%|████████████████▊                                                                           | 99/540 [00:30<01:47,  4.12it/s]
 19%|████████████████▊                                                                          | 100/540 [00:30<01:35,  4.62it/s]
                                                                                                                                  

 19%|████████████████▊                                                                          | 100/540 [00:30<01:35,  4.62it/s]
 19%|█████████████████                                                                          | 101/540 [00:30<01:27,  5.05it/s]
 19%|█████████████████▏                                                                         | 102/540 [00:30<01:21,  5.40it/s]
 19%|█████████████████▎                                                                         | 103/540 [00:31<01:16,  5.68it/s]
 19%|█████████████████▌                                                                         | 104/540 [00:31<01:14,  5.89it/s]
 19%|█████████████████▋                                                                         | 105/540 [00:31<01:11,  6.05it/s]
 20%|█████████████████▊                                                                         | 106/540 [00:31<01:10,  6.18it/s]
 20%|██████████████████                                                                         | 107/540 [00:31<01:09,  6.27it/s]
 20%|██████████████████▏                                                                        | 108/540 [00:31<01:08,  6.32it/s]
 20%|██████████████████▎                                                                        | 109/540 [00:31<01:08,  6.32it/s]
 20%|██████████████████▌                                                                        | 110/540 [00:32<01:07,  6.36it/s]
 21%|██████████████████▋                                                                        | 111/540 [00:32<01:07,  6.39it/s]
 21%|██████████████████▊                                                                        | 112/540 [00:32<01:06,  6.42it/s]
 21%|███████████████████                                                                        | 113/540 [00:32<01:06,  6.43it/s]
 21%|███████████████████▏                                                                       | 114/540 [00:32<01:06,  6.38it/s]
 21%|███████████████████▍                                                                       | 115/540 [00:32<01:06,  6.40it/s]
 21%|███████████████████▌                                                                       | 116/540 [00:33<01:06,  6.41it/s]
 22%|███████████████████▋                                                                       | 117/540 [00:33<01:05,  6.43it/s]
 22%|███████████████████▉                                                                       | 118/540 [00:33<01:05,  6.44it/s]
 22%|████████████████████                                                                       | 119/540 [00:33<01:05,  6.45it/s]{'loss': '1.015', 'grad_norm': '2.975', 'learning_rate': '4.324e-05', 'epoch': '3.339'}


Writing model shards:   0%|                                                                                 | 0/1 [00:00<?, ?it/s][A

Writing model shards: 100%|█████████████████████████████████████████████████████████████████████████| 1/1 [00:01<00:00,  1.25s/it][A
Writing model shards: 100%|█████████████████████████████████████████████████████████████████████████| 1/1 [00:01<00:00,  1.25s/it]

 22%|████████████████████▍                                                                      | 121/540 [00:38<08:14,  1.18s/it]
 23%|████████████████████▌                                                                      | 122/540 [00:38<06:27,  1.08it/s]
 23%|████████████████████▋                                                                      | 123/540 [00:38<05:02,  1.38it/s]
 23%|████████████████████▉                                                                      | 124/540 [00:38<03:57,  1.75it/s]
 23%|█████████████████████                                                                      | 125/540 [00:38<03:08,  2.20it/s]
                                                                                                                                  

 23%|█████████████████████                                                                      | 125/540 [00:38<03:08,  2.20it/s]
 23%|█████████████████████▏                                                                     | 126/540 [00:39<02:32,  2.72it/s]
 24%|█████████████████████▍                                                                     | 127/540 [00:39<02:06,  3.26it/s]
 24%|█████████████████████▌                                                                     | 128/540 [00:39<01:47,  3.82it/s]
 24%|█████████████████████▋                                                                     | 129/540 [00:39<01:34,  4.34it/s]
 24%|█████████████████████▉                                                                     | 130/540 [00:39<01:25,  4.81it/s]
 24%|██████████████████████                                                                     | 131/540 [00:39<01:18,  5.20it/s]
 24%|██████████████████████▏                                                                    | 132/540 [00:39<01:13,  5.53it/s]
 25%|██████████████████████▍                                                                    | 133/540 [00:40<01:10,  5.78it/s]
 25%|██████████████████████▌                                                                    | 134/540 [00:40<01:07,  5.97it/s]
 25%|██████████████████████▊                                                                    | 135/540 [00:40<01:06,  6.11it/s]
 25%|██████████████████████▉                                                                    | 136/540 [00:40<01:05,  6.21it/s]
 25%|███████████████████████                                                                    | 137/540 [00:40<01:04,  6.29it/s]
 26%|███████████████████████▎                                                                   | 138/540 [00:40<01:03,  6.34it/s]
 26%|███████████████████████▍                                                                   | 139/540 [00:41<01:02,  6.38it/s]
 26%|███████████████████████▌                                                                   | 140/540 [00:41<01:02,  6.41it/s]
 26%|███████████████████████▊                                                                   | 141/540 [00:41<01:02,  6.37it/s]
 26%|███████████████████████▉                                                                   | 142/540 [00:41<01:02,  6.40it/s]
 26%|████████████████████████                                                                   | 143/540 [00:41<01:01,  6.42it/s]
 27%|████████████████████████▎                                                                  | 144/540 [00:41<01:01,  6.44it/s]
 27%|████████████████████████▍                                                                  | 145/540 [00:41<01:01,  6.45it/s]
 27%|████████████████████████▌                                                                  | 146/540 [00:42<01:12,  5.45it/s]
 27%|████████████████████████▊                                                                  | 147/540 [00:42<01:08,  5.71it/s]
 27%|████████████████████████▉                                                                  | 148/540 [00:42<01:06,  5.93it/s]
 28%|█████████████████████████                                                                  | 149/540 [00:42<01:04,  6.08it/s]
                                                                                                                                  

 28%|█████████████████████████▎                                                                 | 150/540 [00:42<01:04,  6.08it/s]{'loss': '0.8724', 'grad_norm': '2.822', 'learning_rate': '4.078e-05', 'epoch': '4.169'}
{'loss': '0.6883', 'grad_norm': '8.468', 'learning_rate': '3.833e-05', 'epoch': '5'}


Writing model shards:   0%|                                                                                 | 0/1 [00:00<?, ?it/s][A

Writing model shards: 100%|█████████████████████████████████████████████████████████████████████████| 1/1 [00:01<00:00,  1.38s/it][A
Writing model shards: 100%|█████████████████████████████████████████████████████████████████████████| 1/1 [00:01<00:00,  1.38s/it]

 28%|█████████████████████████▍                                                                 | 151/540 [00:47<07:56,  1.22s/it]
 28%|█████████████████████████▌                                                                 | 152/540 [00:47<06:12,  1.04it/s]
 28%|█████████████████████████▊                                                                 | 153/540 [00:47<04:50,  1.33it/s]
 29%|█████████████████████████▉                                                                 | 154/540 [00:48<03:46,  1.70it/s]
 29%|██████████████████████████                                                                 | 155/540 [00:48<02:59,  2.14it/s]
 29%|██████████████████████████▎                                                                | 156/540 [00:48<02:24,  2.65it/s]
 29%|██████████████████████████▍                                                                | 157/540 [00:48<01:59,  3.20it/s]
 29%|██████████████████████████▋                                                                | 158/540 [00:48<01:41,  3.75it/s]
 29%|██████████████████████████▊                                                                | 159/540 [00:48<01:28,  4.29it/s]
 30%|██████████████████████████▉                                                                | 160/540 [00:48<01:19,  4.75it/s]
 30%|███████████████████████████▏                                                               | 161/540 [00:49<01:13,  5.16it/s]
 30%|███████████████████████████▎                                                               | 162/540 [00:49<01:09,  5.47it/s]
 30%|███████████████████████████▍                                                               | 163/540 [00:49<01:05,  5.73it/s]
 30%|███████████████████████████▋                                                               | 164/540 [00:49<01:03,  5.93it/s]
 31%|███████████████████████████▊                                                               | 165/540 [00:49<01:01,  6.08it/s]
 31%|███████████████████████████▉                                                               | 166/540 [00:49<01:00,  6.19it/s]
 31%|████████████████████████████▏                                                              | 167/540 [00:50<00:59,  6.27it/s]
 31%|████████████████████████████▎                                                              | 168/540 [00:50<00:58,  6.33it/s]
 31%|████████████████████████████▍                                                              | 169/540 [00:50<00:58,  6.37it/s]
 31%|████████████████████████████▋                                                              | 170/540 [00:50<00:57,  6.40it/s]
 32%|████████████████████████████▊                                                              | 171/540 [00:50<00:57,  6.42it/s]
 32%|████████████████████████████▉                                                              | 172/540 [00:50<00:57,  6.44it/s]
 32%|█████████████████████████████▏                                                             | 173/540 [00:51<00:56,  6.45it/s]
 32%|█████████████████████████████▎                                                             | 174/540 [00:51<00:56,  6.45it/s]
 32%|█████████████████████████████▍                                                             | 175/540 [00:51<00:56,  6.46it/s]
                                                                                                                                  

 32%|█████████████████████████████▍                                                             | 175/540 [00:51<00:56,  6.46it/s]
 33%|█████████████████████████████▋                                                             | 176/540 [00:51<00:56,  6.46it/s]
 33%|█████████████████████████████▊                                                             | 177/540 [00:51<00:56,  6.47it/s]
 33%|█████████████████████████████▉                                                             | 178/540 [00:51<00:55,  6.47it/s]
 33%|██████████████████████████████▏                                                            | 179/540 [00:51<00:55,  6.47it/s]{'loss': '0.5665', 'grad_norm': '2.687', 'learning_rate': '3.588e-05', 'epoch': '5.847'}


Writing model shards:   0%|                                                                                 | 0/1 [00:00<?, ?it/s][A

Writing model shards: 100%|█████████████████████████████████████████████████████████████████████████| 1/1 [00:01<00:00,  1.69s/it][A
Writing model shards: 100%|█████████████████████████████████████████████████████████████████████████| 1/1 [00:01<00:00,  1.69s/it]

 34%|██████████████████████████████▌                                                            | 181/540 [00:57<07:41,  1.29s/it]
 34%|██████████████████████████████▋                                                            | 182/540 [00:57<06:00,  1.01s/it]
 34%|██████████████████████████████▊                                                            | 183/540 [00:57<04:39,  1.28it/s]
 34%|███████████████████████████████                                                            | 184/540 [00:57<03:38,  1.63it/s]
 34%|███████████████████████████████▏                                                           | 185/540 [00:57<02:52,  2.06it/s]
 34%|███████████████████████████████▎                                                           | 186/540 [00:57<02:18,  2.56it/s]
 35%|███████████████████████████████▌                                                           | 187/540 [00:58<01:54,  3.09it/s]
 35%|███████████████████████████████▋                                                           | 188/540 [00:58<01:36,  3.65it/s]
 35%|███████████████████████████████▊                                                           | 189/540 [00:58<01:23,  4.18it/s]
 35%|████████████████████████████████                                                           | 190/540 [00:58<01:15,  4.66it/s]
 35%|████████████████████████████████▏                                                          | 191/540 [00:58<01:08,  5.08it/s]
 36%|████████████████████████████████▎                                                          | 192/540 [00:58<01:04,  5.42it/s]
 36%|████████████████████████████████▌                                                          | 193/540 [00:59<01:00,  5.69it/s]
 36%|████████████████████████████████▋                                                          | 194/540 [00:59<00:58,  5.89it/s]
 36%|████████████████████████████████▊                                                          | 195/540 [00:59<00:56,  6.06it/s]
 36%|█████████████████████████████████                                                          | 196/540 [00:59<00:55,  6.18it/s]
 36%|█████████████████████████████████▏                                                         | 197/540 [00:59<00:54,  6.26it/s]
 37%|█████████████████████████████████▎                                                         | 198/540 [00:59<00:54,  6.33it/s]
 37%|█████████████████████████████████▌                                                         | 199/540 [00:59<00:53,  6.37it/s]
 37%|█████████████████████████████████▋                                                         | 200/540 [01:00<00:53,  6.40it/s]
                                                                                                                                  

 37%|█████████████████████████████████▋                                                         | 200/540 [01:00<00:53,  6.40it/s]
 37%|█████████████████████████████████▊                                                         | 201/540 [01:00<00:52,  6.42it/s]
 37%|██████████████████████████████████                                                         | 202/540 [01:00<00:52,  6.44it/s]
 38%|██████████████████████████████████▏                                                        | 203/540 [01:00<00:52,  6.43it/s]
 38%|██████████████████████████████████▍                                                        | 204/540 [01:00<00:52,  6.35it/s]
 38%|██████████████████████████████████▌                                                        | 205/540 [01:00<00:52,  6.37it/s]
 38%|██████████████████████████████████▋                                                        | 206/540 [01:01<00:52,  6.39it/s]
 38%|██████████████████████████████████▉                                                        | 207/540 [01:01<00:51,  6.42it/s]
 39%|███████████████████████████████████                                                        | 208/540 [01:01<00:51,  6.41it/s]
 39%|███████████████████████████████████▏                                                       | 209/540 [01:01<00:51,  6.42it/s]{'loss': '0.4916', 'grad_norm': '2.688', 'learning_rate': '3.343e-05', 'epoch': '6.678'}


Writing model shards:   0%|                                                                                 | 0/1 [00:00<?, ?it/s][A

Writing model shards: 100%|█████████████████████████████████████████████████████████████████████████| 1/1 [00:01<00:00,  1.61s/it][A
Writing model shards: 100%|█████████████████████████████████████████████████████████████████████████| 1/1 [00:01<00:00,  1.61s/it]

 39%|███████████████████████████████████▌                                                       | 211/540 [01:08<08:59,  1.64s/it]
 39%|███████████████████████████████████▋                                                       | 212/540 [01:08<06:57,  1.27s/it]
 39%|███████████████████████████████████▉                                                       | 213/540 [01:08<05:20,  1.02it/s]
 40%|████████████████████████████████████                                                       | 214/540 [01:08<04:06,  1.32it/s]
 40%|████████████████████████████████████▏                                                      | 215/540 [01:08<03:10,  1.70it/s]
 40%|████████████████████████████████████▍                                                      | 216/540 [01:09<02:30,  2.16it/s]
 40%|████████████████████████████████████▌                                                      | 217/540 [01:09<02:00,  2.67it/s]
 40%|████████████████████████████████████▋                                                      | 218/540 [01:09<01:40,  3.22it/s]
 41%|████████████████████████████████████▉                                                      | 219/540 [01:09<01:24,  3.78it/s]
 41%|█████████████████████████████████████                                                      | 220/540 [01:09<01:14,  4.31it/s]
 41%|█████████████████████████████████████▏                                                     | 221/540 [01:09<01:06,  4.79it/s]
 41%|█████████████████████████████████████▍                                                     | 222/540 [01:09<01:01,  5.19it/s]
 41%|█████████████████████████████████████▌                                                     | 223/540 [01:10<00:57,  5.52it/s]
 41%|█████████████████████████████████████▋                                                     | 224/540 [01:10<00:54,  5.77it/s]
 42%|█████████████████████████████████████▉                                                     | 225/540 [01:10<00:52,  5.97it/s]
                                                                                                                                  

 42%|█████████████████████████████████████▉                                                     | 225/540 [01:10<00:52,  5.97it/s]
 42%|██████████████████████████████████████                                                     | 226/540 [01:10<00:51,  6.10it/s]
 42%|██████████████████████████████████████▎                                                    | 227/540 [01:10<00:50,  6.21it/s]
 42%|██████████████████████████████████████▍                                                    | 228/540 [01:10<00:49,  6.29it/s]
 42%|██████████████████████████████████████▌                                                    | 229/540 [01:11<00:49,  6.34it/s]
 43%|██████████████████████████████████████▊                                                    | 230/540 [01:11<00:48,  6.38it/s]
 43%|██████████████████████████████████████▉                                                    | 231/540 [01:11<00:48,  6.41it/s]
 43%|███████████████████████████████████████                                                    | 232/540 [01:11<00:47,  6.43it/s]
 43%|███████████████████████████████████████▎                                                   | 233/540 [01:11<00:47,  6.44it/s]
 43%|███████████████████████████████████████▍                                                   | 234/540 [01:11<00:47,  6.45it/s]
 44%|███████████████████████████████████████▌                                                   | 235/540 [01:11<00:47,  6.47it/s]
 44%|███████████████████████████████████████▊                                                   | 236/540 [01:12<00:47,  6.47it/s]
 44%|███████████████████████████████████████▉                                                   | 237/540 [01:12<00:46,  6.47it/s]
 44%|████████████████████████████████████████                                                   | 238/540 [01:12<00:46,  6.48it/s]
 44%|████████████████████████████████████████▎                                                  | 239/540 [01:12<00:46,  6.46it/s]{'loss': '0.4161', 'grad_norm': '2.576', 'learning_rate': '3.098e-05', 'epoch': '7.508'}


Writing model shards:   0%|                                                                                 | 0/1 [00:00<?, ?it/s][A

Writing model shards: 100%|█████████████████████████████████████████████████████████████████████████| 1/1 [00:01<00:00,  1.51s/it][A
Writing model shards: 100%|█████████████████████████████████████████████████████████████████████████| 1/1 [00:01<00:00,  1.51s/it]

 45%|████████████████████████████████████████▌                                                  | 241/540 [01:19<08:12,  1.65s/it]
 45%|████████████████████████████████████████▊                                                  | 242/540 [01:19<06:21,  1.28s/it]
 45%|████████████████████████████████████████▉                                                  | 243/540 [01:19<04:53,  1.01it/s]
 45%|█████████████████████████████████████████                                                  | 244/540 [01:19<03:45,  1.32it/s]
 45%|█████████████████████████████████████████▎                                                 | 245/540 [01:19<02:54,  1.69it/s]
 46%|█████████████████████████████████████████▍                                                 | 246/540 [01:20<02:17,  2.15it/s]
 46%|█████████████████████████████████████████▌                                                 | 247/540 [01:20<01:50,  2.66it/s]
 46%|█████████████████████████████████████████▊                                                 | 248/540 [01:20<01:30,  3.21it/s]
 46%|█████████████████████████████████████████▉                                                 | 249/540 [01:20<01:17,  3.76it/s]
 46%|██████████████████████████████████████████▏                                                | 250/540 [01:20<01:07,  4.29it/s]
                                                                                                                                  

 46%|██████████████████████████████████████████▏                                                | 250/540 [01:20<01:07,  4.29it/s]
 46%|██████████████████████████████████████████▎                                                | 251/540 [01:20<01:00,  4.76it/s]
 47%|██████████████████████████████████████████▍                                                | 252/540 [01:21<00:55,  5.16it/s]
 47%|██████████████████████████████████████████▋                                                | 253/540 [01:21<00:52,  5.49it/s]
 47%|██████████████████████████████████████████▊                                                | 254/540 [01:21<00:49,  5.75it/s]
 47%|██████████████████████████████████████████▉                                                | 255/540 [01:21<00:47,  5.95it/s]
 47%|███████████████████████████████████████████▏                                               | 256/540 [01:21<00:46,  6.10it/s]
 48%|███████████████████████████████████████████▎                                               | 257/540 [01:21<00:45,  6.21it/s]
 48%|███████████████████████████████████████████▍                                               | 258/540 [01:21<00:44,  6.29it/s]
 48%|███████████████████████████████████████████▋                                               | 259/540 [01:22<00:44,  6.34it/s]
 48%|███████████████████████████████████████████▊                                               | 260/540 [01:22<00:43,  6.38it/s]
 48%|███████████████████████████████████████████▉                                               | 261/540 [01:22<00:43,  6.40it/s]
 49%|████████████████████████████████████████████▏                                              | 262/540 [01:22<00:43,  6.42it/s]
 49%|████████████████████████████████████████████▎                                              | 263/540 [01:22<00:43,  6.43it/s]
 49%|████████████████████████████████████████████▍                                              | 264/540 [01:22<00:42,  6.45it/s]
 49%|████████████████████████████████████████████▋                                              | 265/540 [01:23<00:42,  6.43it/s]
 49%|████████████████████████████████████████████▊                                              | 266/540 [01:23<00:42,  6.43it/s]
 49%|████████████████████████████████████████████▉                                              | 267/540 [01:23<00:42,  6.44it/s]
 50%|█████████████████████████████████████████████▏                                             | 268/540 [01:23<00:42,  6.45it/s]
 50%|█████████████████████████████████████████████▎                                             | 269/540 [01:23<00:41,  6.46it/s]{'loss': '0.3475', 'grad_norm': '2.16', 'learning_rate': '2.853e-05', 'epoch': '8.339'}


Writing model shards:   0%|                                                                                 | 0/1 [00:00<?, ?it/s][A

Writing model shards: 100%|█████████████████████████████████████████████████████████████████████████| 1/1 [00:01<00:00,  1.34s/it][A
Writing model shards: 100%|█████████████████████████████████████████████████████████████████████████| 1/1 [00:01<00:00,  1.34s/it]

 50%|█████████████████████████████████████████████▋                                             | 271/540 [01:31<08:19,  1.86s/it]
 50%|█████████████████████████████████████████████▊                                             | 272/540 [01:31<06:24,  1.43s/it]
 51%|██████████████████████████████████████████████                                             | 273/540 [01:31<04:53,  1.10s/it]
 51%|██████████████████████████████████████████████▏                                            | 274/540 [01:31<03:44,  1.19it/s]
 51%|██████████████████████████████████████████████▎                                            | 275/540 [01:32<02:52,  1.54it/s]
                                                                                                                                  

 51%|██████████████████████████████████████████████▎                                            | 275/540 [01:32<02:52,  1.54it/s]
 51%|██████████████████████████████████████████████▌                                            | 276/540 [01:32<02:14,  1.97it/s]
 51%|██████████████████████████████████████████████▋                                            | 277/540 [01:32<01:46,  2.46it/s]
 51%|██████████████████████████████████████████████▊                                            | 278/540 [01:32<01:27,  3.01it/s]
 52%|███████████████████████████████████████████████                                            | 279/540 [01:32<01:13,  3.57it/s]
 52%|███████████████████████████████████████████████▏                                           | 280/540 [01:32<01:03,  4.12it/s]
 52%|███████████████████████████████████████████████▎                                           | 281/540 [01:32<00:56,  4.62it/s]
 52%|███████████████████████████████████████████████▌                                           | 282/540 [01:33<00:51,  5.05it/s]
 52%|███████████████████████████████████████████████▋                                           | 283/540 [01:33<00:47,  5.37it/s]
 53%|███████████████████████████████████████████████▊                                           | 284/540 [01:33<00:44,  5.69it/s]
 53%|████████████████████████████████████████████████                                           | 285/540 [01:33<00:43,  5.91it/s]
 53%|████████████████████████████████████████████████▏                                          | 286/540 [01:33<00:41,  6.07it/s]
 53%|████████████████████████████████████████████████▎                                          | 287/540 [01:33<00:40,  6.18it/s]
 53%|████████████████████████████████████████████████▌                                          | 288/540 [01:34<00:40,  6.27it/s]
 54%|████████████████████████████████████████████████▋                                          | 289/540 [01:34<00:39,  6.33it/s]
 54%|████████████████████████████████████████████████▊                                          | 290/540 [01:34<00:39,  6.37it/s]
 54%|█████████████████████████████████████████████████                                          | 291/540 [01:34<00:38,  6.40it/s]
 54%|█████████████████████████████████████████████████▏                                         | 292/540 [01:34<00:38,  6.42it/s]
 54%|█████████████████████████████████████████████████▍                                         | 293/540 [01:34<00:38,  6.44it/s]
 54%|█████████████████████████████████████████████████▌                                         | 294/540 [01:34<00:38,  6.44it/s]
 55%|█████████████████████████████████████████████████▋                                         | 295/540 [01:35<00:38,  6.44it/s]
 55%|█████████████████████████████████████████████████▉                                         | 296/540 [01:35<00:37,  6.46it/s]
 55%|██████████████████████████████████████████████████                                         | 297/540 [01:35<00:37,  6.46it/s]
 55%|██████████████████████████████████████████████████▏                                        | 298/540 [01:35<00:37,  6.40it/s]
 55%|██████████████████████████████████████████████████▍                                        | 299/540 [01:35<00:37,  6.42it/s]
                                                                                                                                  

 56%|██████████████████████████████████████████████████▌                                        | 300/540 [01:35<00:37,  6.42it/s]{'loss': '0.3231', 'grad_norm': '1.987', 'learning_rate': '2.608e-05', 'epoch': '9.169'}
{'loss': '0.2713', 'grad_norm': '8.482', 'learning_rate': '2.363e-05', 'epoch': '10'}


Writing model shards:   0%|                                                                                 | 0/1 [00:00<?, ?it/s][A

Writing model shards: 100%|█████████████████████████████████████████████████████████████████████████| 1/1 [00:01<00:00,  1.49s/it][A
Writing model shards: 100%|█████████████████████████████████████████████████████████████████████████| 1/1 [00:01<00:00,  1.49s/it]

 56%|██████████████████████████████████████████████████▋                                        | 301/540 [01:41<05:13,  1.31s/it]
 56%|██████████████████████████████████████████████████▉                                        | 302/540 [01:41<04:03,  1.02s/it]
 56%|███████████████████████████████████████████████████                                        | 303/540 [01:41<03:08,  1.25it/s]
 56%|███████████████████████████████████████████████████▏                                       | 304/540 [01:41<02:26,  1.61it/s]
 56%|███████████████████████████████████████████████████▍                                       | 305/540 [01:41<01:55,  2.03it/s]
 57%|███████████████████████████████████████████████████▌                                       | 306/540 [01:41<01:32,  2.53it/s]
 57%|███████████████████████████████████████████████████▋                                       | 307/540 [01:41<01:15,  3.07it/s]
 57%|███████████████████████████████████████████████████▉                                       | 308/540 [01:42<01:03,  3.63it/s]
 57%|████████████████████████████████████████████████████                                       | 309/540 [01:42<00:55,  4.17it/s]
 57%|████████████████████████████████████████████████████▏                                      | 310/540 [01:42<00:49,  4.66it/s]
 58%|████████████████████████████████████████████████████▍                                      | 311/540 [01:42<00:45,  5.08it/s]
 58%|████████████████████████████████████████████████████▌                                      | 312/540 [01:42<00:41,  5.43it/s]
 58%|████████████████████████████████████████████████████▋                                      | 313/540 [01:42<00:39,  5.71it/s]
 58%|████████████████████████████████████████████████████▉                                      | 314/540 [01:43<00:38,  5.91it/s]
 58%|█████████████████████████████████████████████████████                                      | 315/540 [01:43<00:37,  6.07it/s]
 59%|█████████████████████████████████████████████████████▎                                     | 316/540 [01:43<00:36,  6.18it/s]
 59%|█████████████████████████████████████████████████████▍                                     | 317/540 [01:43<00:35,  6.26it/s]
 59%|█████████████████████████████████████████████████████▌                                     | 318/540 [01:43<00:35,  6.31it/s]
 59%|█████████████████████████████████████████████████████▊                                     | 319/540 [01:43<00:34,  6.36it/s]
 59%|█████████████████████████████████████████████████████▉                                     | 320/540 [01:43<00:34,  6.37it/s]
 59%|██████████████████████████████████████████████████████                                     | 321/540 [01:44<00:34,  6.41it/s]
 60%|██████████████████████████████████████████████████████▎                                    | 322/540 [01:44<00:33,  6.42it/s]
 60%|██████████████████████████████████████████████████████▍                                    | 323/540 [01:44<00:33,  6.44it/s]
 60%|██████████████████████████████████████████████████████▌                                    | 324/540 [01:44<00:33,  6.44it/s]
 60%|██████████████████████████████████████████████████████▊                                    | 325/540 [01:44<00:33,  6.45it/s]
                                                                                                                                  

 60%|██████████████████████████████████████████████████████▊                                    | 325/540 [01:44<00:33,  6.45it/s]
 60%|██████████████████████████████████████████████████████▉                                    | 326/540 [01:44<00:33,  6.45it/s]
 61%|███████████████████████████████████████████████████████                                    | 327/540 [01:45<00:33,  6.45it/s]
 61%|███████████████████████████████████████████████████████▎                                   | 328/540 [01:45<00:32,  6.46it/s]
 61%|███████████████████████████████████████████████████████▍                                   | 329/540 [01:45<00:32,  6.46it/s]{'loss': '0.2412', 'grad_norm': '2.213', 'learning_rate': '2.118e-05', 'epoch': '10.85'}


Writing model shards:   0%|                                                                                 | 0/1 [00:00<?, ?it/s][A

Writing model shards: 100%|█████████████████████████████████████████████████████████████████████████| 1/1 [00:01<00:00,  1.29s/it][A
Writing model shards: 100%|█████████████████████████████████████████████████████████████████████████| 1/1 [00:01<00:00,  1.29s/it]

 61%|███████████████████████████████████████████████████████▊                                   | 331/540 [01:50<04:24,  1.26s/it]
 61%|███████████████████████████████████████████████████████▉                                   | 332/540 [01:50<03:25,  1.01it/s]
 62%|████████████████████████████████████████████████████████                                   | 333/540 [01:50<02:39,  1.30it/s]
 62%|████████████████████████████████████████████████████████▎                                  | 334/540 [01:50<02:04,  1.66it/s]
 62%|████████████████████████████████████████████████████████▍                                  | 335/540 [01:51<01:37,  2.09it/s]
 62%|████████████████████████████████████████████████████████▌                                  | 336/540 [01:51<01:18,  2.59it/s]
 62%|████████████████████████████████████████████████████████▊                                  | 337/540 [01:51<01:04,  3.14it/s]
 63%|████████████████████████████████████████████████████████▉                                  | 338/540 [01:51<00:54,  3.69it/s]
 63%|█████████████████████████████████████████████████████████▏                                 | 339/540 [01:51<00:47,  4.22it/s]
 63%|█████████████████████████████████████████████████████████▎                                 | 340/540 [01:51<00:42,  4.70it/s]
 63%|█████████████████████████████████████████████████████████▍                                 | 341/540 [01:52<00:38,  5.12it/s]
 63%|█████████████████████████████████████████████████████████▋                                 | 342/540 [01:52<00:36,  5.46it/s]
 64%|█████████████████████████████████████████████████████████▊                                 | 343/540 [01:52<00:34,  5.73it/s]
 64%|█████████████████████████████████████████████████████████▉                                 | 344/540 [01:52<00:33,  5.93it/s]
 64%|██████████████████████████████████████████████████████████▏                                | 345/540 [01:52<00:32,  6.09it/s]
 64%|██████████████████████████████████████████████████████████▎                                | 346/540 [01:52<00:31,  6.20it/s]
 64%|██████████████████████████████████████████████████████████▍                                | 347/540 [01:52<00:30,  6.28it/s]
 64%|██████████████████████████████████████████████████████████▋                                | 348/540 [01:53<00:30,  6.33it/s]
 65%|██████████████████████████████████████████████████████████▊                                | 349/540 [01:53<00:30,  6.31it/s]
 65%|██████████████████████████████████████████████████████████▉                                | 350/540 [01:53<00:29,  6.36it/s]
                                                                                                                                  

 65%|██████████████████████████████████████████████████████████▉                                | 350/540 [01:53<00:29,  6.36it/s]
 65%|███████████████████████████████████████████████████████████▏                               | 351/540 [01:53<00:29,  6.39it/s]
 65%|███████████████████████████████████████████████████████████▎                               | 352/540 [01:53<00:29,  6.41it/s]
 65%|███████████████████████████████████████████████████████████▍                               | 353/540 [01:53<00:29,  6.43it/s]
 66%|███████████████████████████████████████████████████████████▋                               | 354/540 [01:54<00:30,  6.07it/s]
 66%|███████████████████████████████████████████████████████████▊                               | 355/540 [01:54<00:29,  6.18it/s]
 66%|███████████████████████████████████████████████████████████▉                               | 356/540 [01:54<00:29,  6.24it/s]
 66%|████████████████████████████████████████████████████████████▏                              | 357/540 [01:54<00:29,  6.29it/s]
 66%|████████████████████████████████████████████████████████████▎                              | 358/540 [01:54<00:28,  6.35it/s]
 66%|████████████████████████████████████████████████████████████▍                              | 359/540 [01:54<00:28,  6.38it/s]{'loss': '0.2301', 'grad_norm': '1.856', 'learning_rate': '1.873e-05', 'epoch': '11.68'}


Writing model shards:   0%|                                                                                 | 0/1 [00:00<?, ?it/s][A

Writing model shards: 100%|█████████████████████████████████████████████████████████████████████████| 1/1 [00:01<00:00,  1.34s/it][A
Writing model shards: 100%|█████████████████████████████████████████████████████████████████████████| 1/1 [00:01<00:00,  1.34s/it]

 67%|████████████████████████████████████████████████████████████▊                              | 361/540 [01:59<03:34,  1.20s/it]
 67%|█████████████████████████████████████████████████████████████                              | 362/540 [01:59<02:47,  1.07it/s]
 67%|█████████████████████████████████████████████████████████████▏                             | 363/540 [01:59<02:09,  1.36it/s]
 67%|█████████████████████████████████████████████████████████████▎                             | 364/540 [02:00<01:41,  1.74it/s]
 68%|█████████████████████████████████████████████████████████████▌                             | 365/540 [02:00<01:20,  2.18it/s]
 68%|█████████████████████████████████████████████████████████████▋                             | 366/540 [02:00<01:04,  2.69it/s]
 68%|█████████████████████████████████████████████████████████████▊                             | 367/540 [02:00<00:53,  3.24it/s]
 68%|██████████████████████████████████████████████████████████████                             | 368/540 [02:00<00:45,  3.79it/s]
 68%|██████████████████████████████████████████████████████████████▏                            | 369/540 [02:00<00:40,  4.27it/s]
 69%|██████████████████████████████████████████████████████████████▎                            | 370/540 [02:01<00:35,  4.74it/s]
 69%|██████████████████████████████████████████████████████████████▌                            | 371/540 [02:01<00:32,  5.15it/s]
 69%|██████████████████████████████████████████████████████████████▋                            | 372/540 [02:01<00:30,  5.49it/s]
 69%|██████████████████████████████████████████████████████████████▊                            | 373/540 [02:01<00:29,  5.75it/s]
 69%|███████████████████████████████████████████████████████████████                            | 374/540 [02:01<00:27,  5.95it/s]
 69%|███████████████████████████████████████████████████████████████▏                           | 375/540 [02:01<00:27,  6.09it/s]
                                                                                                                                  

 69%|███████████████████████████████████████████████████████████████▏                           | 375/540 [02:01<00:27,  6.09it/s]
 70%|███████████████████████████████████████████████████████████████▎                           | 376/540 [02:02<00:26,  6.20it/s]
 70%|███████████████████████████████████████████████████████████████▌                           | 377/540 [02:02<00:25,  6.28it/s]
 70%|███████████████████████████████████████████████████████████████▋                           | 378/540 [02:02<00:25,  6.33it/s]
 70%|███████████████████████████████████████████████████████████████▊                           | 379/540 [02:02<00:25,  6.38it/s]
 70%|████████████████████████████████████████████████████████████████                           | 380/540 [02:02<00:25,  6.35it/s]
 71%|████████████████████████████████████████████████████████████████▏                          | 381/540 [02:02<00:24,  6.39it/s]
 71%|████████████████████████████████████████████████████████████████▎                          | 382/540 [02:02<00:24,  6.41it/s]
 71%|████████████████████████████████████████████████████████████████▌                          | 383/540 [02:03<00:24,  6.42it/s]
 71%|████████████████████████████████████████████████████████████████▋                          | 384/540 [02:03<00:24,  6.43it/s]
 71%|████████████████████████████████████████████████████████████████▉                          | 385/540 [02:03<00:24,  6.44it/s]
 71%|█████████████████████████████████████████████████████████████████                          | 386/540 [02:03<00:23,  6.45it/s]
 72%|█████████████████████████████████████████████████████████████████▏                         | 387/540 [02:03<00:23,  6.46it/s]
 72%|█████████████████████████████████████████████████████████████████▍                         | 388/540 [02:03<00:23,  6.46it/s]
 72%|█████████████████████████████████████████████████████████████████▌                         | 389/540 [02:04<00:23,  6.46it/s]{'loss': '0.2095', 'grad_norm': '1.669', 'learning_rate': '1.627e-05', 'epoch': '12.51'}


Writing model shards:   0%|                                                                                 | 0/1 [00:00<?, ?it/s][A

Writing model shards: 100%|█████████████████████████████████████████████████████████████████████████| 1/1 [00:01<00:00,  1.48s/it][A
Writing model shards: 100%|█████████████████████████████████████████████████████████████████████████| 1/1 [00:01<00:00,  1.48s/it]

 72%|█████████████████████████████████████████████████████████████████▉                         | 391/540 [02:11<04:25,  1.78s/it]
 73%|██████████████████████████████████████████████████████████████████                         | 392/540 [02:11<03:24,  1.38s/it]
 73%|██████████████████████████████████████████████████████████████████▏                        | 393/540 [02:11<02:35,  1.06s/it]
 73%|██████████████████████████████████████████████████████████████████▍                        | 394/540 [02:11<01:58,  1.23it/s]
 73%|██████████████████████████████████████████████████████████████████▌                        | 395/540 [02:12<01:31,  1.59it/s]
 73%|██████████████████████████████████████████████████████████████████▋                        | 396/540 [02:12<01:11,  2.02it/s]
 74%|██████████████████████████████████████████████████████████████████▉                        | 397/540 [02:12<00:56,  2.53it/s]
 74%|███████████████████████████████████████████████████████████████████                        | 398/540 [02:12<00:46,  3.07it/s]
 74%|███████████████████████████████████████████████████████████████████▏                       | 399/540 [02:12<00:38,  3.64it/s]
 74%|███████████████████████████████████████████████████████████████████▍                       | 400/540 [02:12<00:33,  4.17it/s]
                                                                                                                                  

 74%|███████████████████████████████████████████████████████████████████▍                       | 400/540 [02:12<00:33,  4.17it/s]
 74%|███████████████████████████████████████████████████████████████████▌                       | 401/540 [02:12<00:29,  4.66it/s]
 74%|███████████████████████████████████████████████████████████████████▋                       | 402/540 [02:13<00:27,  5.09it/s]
 75%|███████████████████████████████████████████████████████████████████▉                       | 403/540 [02:13<00:25,  5.44it/s]
 75%|████████████████████████████████████████████████████████████████████                       | 404/540 [02:13<00:23,  5.71it/s]
 75%|████████████████████████████████████████████████████████████████████▎                      | 405/540 [02:13<00:22,  5.92it/s]
 75%|████████████████████████████████████████████████████████████████████▍                      | 406/540 [02:13<00:22,  6.07it/s]
 75%|████████████████████████████████████████████████████████████████████▌                      | 407/540 [02:13<00:21,  6.19it/s]
 76%|████████████████████████████████████████████████████████████████████▊                      | 408/540 [02:14<00:21,  6.20it/s]
 76%|████████████████████████████████████████████████████████████████████▉                      | 409/540 [02:14<00:20,  6.28it/s]
 76%|█████████████████████████████████████████████████████████████████████                      | 410/540 [02:14<00:20,  6.30it/s]
 76%|█████████████████████████████████████████████████████████████████████▎                     | 411/540 [02:14<00:20,  6.34it/s]
 76%|█████████████████████████████████████████████████████████████████████▍                     | 412/540 [02:14<00:20,  6.37it/s]
 76%|█████████████████████████████████████████████████████████████████████▌                     | 413/540 [02:14<00:19,  6.40it/s]
 77%|█████████████████████████████████████████████████████████████████████▊                     | 414/540 [02:14<00:19,  6.41it/s]
 77%|█████████████████████████████████████████████████████████████████████▉                     | 415/540 [02:15<00:19,  6.43it/s]
 77%|██████████████████████████████████████████████████████████████████████                     | 416/540 [02:15<00:19,  6.44it/s]
 77%|██████████████████████████████████████████████████████████████████████▎                    | 417/540 [02:15<00:19,  6.45it/s]
 77%|██████████████████████████████████████████████████████████████████████▍                    | 418/540 [02:15<00:18,  6.46it/s]
 78%|██████████████████████████████████████████████████████████████████████▌                    | 419/540 [02:15<00:19,  6.36it/s]{'loss': '0.1889', 'grad_norm': '1.512', 'learning_rate': '1.382e-05', 'epoch': '13.34'}


Writing model shards:   0%|                                                                                 | 0/1 [00:00<?, ?it/s][A

Writing model shards: 100%|█████████████████████████████████████████████████████████████████████████| 1/1 [00:01<00:00,  1.53s/it][A
Writing model shards: 100%|█████████████████████████████████████████████████████████████████████████| 1/1 [00:01<00:00,  1.53s/it]

 78%|██████████████████████████████████████████████████████████████████████▉                    | 421/540 [02:24<04:17,  2.16s/it]
 78%|███████████████████████████████████████████████████████████████████████                    | 422/540 [02:24<03:16,  1.67s/it]
 78%|███████████████████████████████████████████████████████████████████████▎                   | 423/540 [02:25<02:28,  1.27s/it]
 79%|███████████████████████████████████████████████████████████████████████▍                   | 424/540 [02:25<01:52,  1.03it/s]
 79%|███████████████████████████████████████████████████████████████████████▌                   | 425/540 [02:25<01:25,  1.35it/s]
                                                                                                                                  

 79%|███████████████████████████████████████████████████████████████████████▌                   | 425/540 [02:25<01:25,  1.35it/s]
 79%|███████████████████████████████████████████████████████████████████████▊                   | 426/540 [02:25<01:05,  1.75it/s]
 79%|███████████████████████████████████████████████████████████████████████▉                   | 427/540 [02:25<00:51,  2.21it/s]
 79%|████████████████████████████████████████████████████████████████████████▏                  | 428/540 [02:25<00:40,  2.74it/s]
 79%|████████████████████████████████████████████████████████████████████████▎                  | 429/540 [02:25<00:33,  3.30it/s]
 80%|████████████████████████████████████████████████████████████████████████▍                  | 430/540 [02:26<00:28,  3.86it/s]
 80%|████████████████████████████████████████████████████████████████████████▋                  | 431/540 [02:26<00:24,  4.39it/s]
 80%|████████████████████████████████████████████████████████████████████████▊                  | 432/540 [02:26<00:22,  4.77it/s]
 80%|████████████████████████████████████████████████████████████████████████▉                  | 433/540 [02:26<00:20,  5.27it/s]
 80%|█████████████████████████████████████████████████████████████████████████▏                 | 434/540 [02:26<00:18,  5.58it/s]
 81%|█████████████████████████████████████████████████████████████████████████▎                 | 435/540 [02:26<00:18,  5.82it/s]
 81%|█████████████████████████████████████████████████████████████████████████▍                 | 436/540 [02:27<00:17,  6.00it/s]
 81%|█████████████████████████████████████████████████████████████████████████▋                 | 437/540 [02:27<00:16,  6.08it/s]
 81%|█████████████████████████████████████████████████████████████████████████▊                 | 438/540 [02:27<00:16,  6.19it/s]
 81%|█████████████████████████████████████████████████████████████████████████▉                 | 439/540 [02:27<00:16,  6.27it/s]
 81%|██████████████████████████████████████████████████████████████████████████▏                | 440/540 [02:27<00:15,  6.33it/s]
 82%|██████████████████████████████████████████████████████████████████████████▎                | 441/540 [02:27<00:15,  6.36it/s]
 82%|██████████████████████████████████████████████████████████████████████████▍                | 442/540 [02:28<00:15,  6.40it/s]
 82%|██████████████████████████████████████████████████████████████████████████▋                | 443/540 [02:28<00:15,  6.42it/s]
 82%|██████████████████████████████████████████████████████████████████████████▊                | 444/540 [02:28<00:14,  6.43it/s]
 82%|██████████████████████████████████████████████████████████████████████████▉                | 445/540 [02:28<00:14,  6.44it/s]
 83%|███████████████████████████████████████████████████████████████████████████▏               | 446/540 [02:28<00:14,  6.33it/s]
 83%|███████████████████████████████████████████████████████████████████████████▎               | 447/540 [02:28<00:14,  6.37it/s]
 83%|███████████████████████████████████████████████████████████████████████████▍               | 448/540 [02:28<00:14,  6.40it/s]
 83%|███████████████████████████████████████████████████████████████████████████▋               | 449/540 [02:29<00:14,  6.42it/s]
                                                                                                                                  

 83%|███████████████████████████████████████████████████████████████████████████▊               | 450/540 [02:29<00:14,  6.42it/s]{'loss': '0.1876', 'grad_norm': '1.373', 'learning_rate': '1.137e-05', 'epoch': '14.17'}
{'loss': '0.1721', 'grad_norm': '4.988', 'learning_rate': '8.922e-06', 'epoch': '15'}


Writing model shards:   0%|                                                                                 | 0/1 [00:00<?, ?it/s][A

Writing model shards: 100%|█████████████████████████████████████████████████████████████████████████| 1/1 [00:01<00:00,  1.51s/it][A
Writing model shards: 100%|█████████████████████████████████████████████████████████████████████████| 1/1 [00:01<00:00,  1.51s/it]

 84%|████████████████████████████████████████████████████████████████████████████               | 451/540 [02:37<03:06,  2.09s/it]
 84%|████████████████████████████████████████████████████████████████████████████▏              | 452/540 [02:37<02:22,  1.61s/it]
 84%|████████████████████████████████████████████████████████████████████████████▎              | 453/540 [02:38<01:47,  1.23s/it]
 84%|████████████████████████████████████████████████████████████████████████████▌              | 454/540 [02:38<01:20,  1.06it/s]
 84%|████████████████████████████████████████████████████████████████████████████▋              | 455/540 [02:38<01:01,  1.39it/s]
 84%|████████████████████████████████████████████████████████████████████████████▊              | 456/540 [02:38<00:46,  1.79it/s]
 85%|█████████████████████████████████████████████████████████████████████████████              | 457/540 [02:38<00:36,  2.27it/s]
 85%|█████████████████████████████████████████████████████████████████████████████▏             | 458/540 [02:38<00:29,  2.80it/s]
 85%|█████████████████████████████████████████████████████████████████████████████▎             | 459/540 [02:39<00:24,  3.37it/s]
 85%|█████████████████████████████████████████████████████████████████████████████▌             | 460/540 [02:39<00:20,  3.93it/s]
 85%|█████████████████████████████████████████████████████████████████████████████▋             | 461/540 [02:39<00:17,  4.45it/s]
 86%|█████████████████████████████████████████████████████████████████████████████▊             | 462/540 [02:39<00:15,  4.91it/s]
 86%|██████████████████████████████████████████████████████████████████████████████             | 463/540 [02:39<00:14,  5.30it/s]
 86%|██████████████████████████████████████████████████████████████████████████████▏            | 464/540 [02:39<00:13,  5.57it/s]
 86%|██████████████████████████████████████████████████████████████████████████████▎            | 465/540 [02:39<00:12,  5.84it/s]
 86%|██████████████████████████████████████████████████████████████████████████████▌            | 466/540 [02:40<00:12,  6.02it/s]
 86%|██████████████████████████████████████████████████████████████████████████████▋            | 467/540 [02:40<00:11,  6.16it/s]
 87%|██████████████████████████████████████████████████████████████████████████████▊            | 468/540 [02:40<00:11,  6.24it/s]
 87%|███████████████████████████████████████████████████████████████████████████████            | 469/540 [02:40<00:11,  6.32it/s]
 87%|███████████████████████████████████████████████████████████████████████████████▏           | 470/540 [02:40<00:10,  6.38it/s]
 87%|███████████████████████████████████████████████████████████████████████████████▎           | 471/540 [02:40<00:10,  6.42it/s]
 87%|███████████████████████████████████████████████████████████████████████████████▌           | 472/540 [02:41<00:10,  6.45it/s]
 88%|███████████████████████████████████████████████████████████████████████████████▋           | 473/540 [02:41<00:10,  6.47it/s]
 88%|███████████████████████████████████████████████████████████████████████████████▉           | 474/540 [02:41<00:10,  6.44it/s]
 88%|████████████████████████████████████████████████████████████████████████████████           | 475/540 [02:41<00:10,  6.32it/s]
                                                                                                                                  

 88%|████████████████████████████████████████████████████████████████████████████████           | 475/540 [02:41<00:10,  6.32it/s]
 88%|████████████████████████████████████████████████████████████████████████████████▏          | 476/540 [02:41<00:10,  6.28it/s]
 88%|████████████████████████████████████████████████████████████████████████████████▍          | 477/540 [02:41<00:09,  6.33it/s]
 89%|████████████████████████████████████████████████████████████████████████████████▌          | 478/540 [02:42<00:09,  6.37it/s]
 89%|████████████████████████████████████████████████████████████████████████████████▋          | 479/540 [02:42<00:09,  6.38it/s]{'loss': '0.1635', 'grad_norm': '1.684', 'learning_rate': '6.471e-06', 'epoch': '15.85'}


Writing model shards:   0%|                                                                                 | 0/1 [00:00<?, ?it/s][A

Writing model shards: 100%|█████████████████████████████████████████████████████████████████████████| 1/1 [00:01<00:00,  1.21s/it][A
Writing model shards: 100%|█████████████████████████████████████████████████████████████████████████| 1/1 [00:01<00:00,  1.21s/it]

 89%|█████████████████████████████████████████████████████████████████████████████████          | 481/540 [02:50<01:56,  1.97s/it]
 89%|█████████████████████████████████████████████████████████████████████████████████▏         | 482/540 [02:50<01:28,  1.52s/it]
 89%|█████████████████████████████████████████████████████████████████████████████████▍         | 483/540 [02:50<01:06,  1.16s/it]
 90%|█████████████████████████████████████████████████████████████████████████████████▌         | 484/540 [02:50<00:49,  1.12it/s]
 90%|█████████████████████████████████████████████████████████████████████████████████▋         | 485/540 [02:50<00:37,  1.46it/s]
 90%|█████████████████████████████████████████████████████████████████████████████████▉         | 486/540 [02:51<00:28,  1.88it/s]
 90%|██████████████████████████████████████████████████████████████████████████████████         | 487/540 [02:51<00:22,  2.36it/s]
 90%|██████████████████████████████████████████████████████████████████████████████████▏        | 488/540 [02:51<00:17,  2.90it/s]
 91%|██████████████████████████████████████████████████████████████████████████████████▍        | 489/540 [02:51<00:14,  3.47it/s]
 91%|██████████████████████████████████████████████████████████████████████████████████▌        | 490/540 [02:51<00:12,  4.02it/s]
 91%|██████████████████████████████████████████████████████████████████████████████████▋        | 491/540 [02:51<00:10,  4.53it/s]
 91%|██████████████████████████████████████████████████████████████████████████████████▉        | 492/540 [02:52<00:09,  4.96it/s]
 91%|███████████████████████████████████████████████████████████████████████████████████        | 493/540 [02:52<00:08,  5.33it/s]
 91%|███████████████████████████████████████████████████████████████████████████████████▏       | 494/540 [02:52<00:08,  5.63it/s]
 92%|███████████████████████████████████████████████████████████████████████████████████▍       | 495/540 [02:52<00:07,  5.85it/s]
 92%|███████████████████████████████████████████████████████████████████████████████████▌       | 496/540 [02:52<00:07,  6.03it/s]
 92%|███████████████████████████████████████████████████████████████████████████████████▊       | 497/540 [02:52<00:06,  6.15it/s]
 92%|███████████████████████████████████████████████████████████████████████████████████▉       | 498/540 [02:52<00:06,  6.23it/s]
 92%|████████████████████████████████████████████████████████████████████████████████████       | 499/540 [02:53<00:06,  6.29it/s]
 93%|████████████████████████████████████████████████████████████████████████████████████▎      | 500/540 [02:53<00:06,  6.33it/s]
                                                                                                                                  

 93%|████████████████████████████████████████████████████████████████████████████████████▎      | 500/540 [02:53<00:06,  6.33it/s]
 93%|████████████████████████████████████████████████████████████████████████████████████▍      | 501/540 [02:53<00:06,  6.37it/s]
 93%|████████████████████████████████████████████████████████████████████████████████████▌      | 502/540 [02:53<00:05,  6.40it/s]
 93%|████████████████████████████████████████████████████████████████████████████████████▊      | 503/540 [02:53<00:05,  6.42it/s]
 93%|████████████████████████████████████████████████████████████████████████████████████▉      | 504/540 [02:53<00:05,  6.42it/s]
 94%|█████████████████████████████████████████████████████████████████████████████████████      | 505/540 [02:54<00:05,  6.43it/s]
 94%|█████████████████████████████████████████████████████████████████████████████████████▎     | 506/540 [02:54<00:05,  6.45it/s]
 94%|█████████████████████████████████████████████████████████████████████████████████████▍     | 507/540 [02:54<00:05,  6.46it/s]
 94%|█████████████████████████████████████████████████████████████████████████████████████▌     | 508/540 [02:54<00:04,  6.46it/s]
 94%|█████████████████████████████████████████████████████████████████████████████████████▊     | 509/540 [02:54<00:04,  6.47it/s]{'loss': '0.1549', 'grad_norm': '1.113', 'learning_rate': '4.02e-06', 'epoch': '16.68'}


Writing model shards:   0%|                                                                                 | 0/1 [00:00<?, ?it/s][A

Writing model shards: 100%|█████████████████████████████████████████████████████████████████████████| 1/1 [00:01<00:00,  1.27s/it][A
Writing model shards: 100%|█████████████████████████████████████████████████████████████████████████| 1/1 [00:01<00:00,  1.27s/it]

 95%|██████████████████████████████████████████████████████████████████████████████████████     | 511/540 [03:02<00:57,  2.00s/it]
 95%|██████████████████████████████████████████████████████████████████████████████████████▎    | 512/540 [03:03<00:43,  1.54s/it]
 95%|██████████████████████████████████████████████████████████████████████████████████████▍    | 513/540 [03:03<00:31,  1.18s/it]
 95%|██████████████████████████████████████████████████████████████████████████████████████▌    | 514/540 [03:03<00:23,  1.11it/s]
 95%|██████████████████████████████████████████████████████████████████████████████████████▊    | 515/540 [03:03<00:17,  1.45it/s]
 96%|██████████████████████████████████████████████████████████████████████████████████████▉    | 516/540 [03:03<00:12,  1.86it/s]
 96%|███████████████████████████████████████████████████████████████████████████████████████    | 517/540 [03:03<00:09,  2.34it/s]
 96%|███████████████████████████████████████████████████████████████████████████████████████▎   | 518/540 [03:04<00:07,  2.88it/s]
 96%|███████████████████████████████████████████████████████████████████████████████████████▍   | 519/540 [03:04<00:06,  3.45it/s]
 96%|███████████████████████████████████████████████████████████████████████████████████████▋   | 520/540 [03:04<00:04,  4.00it/s]
 96%|███████████████████████████████████████████████████████████████████████████████████████▊   | 521/540 [03:04<00:04,  4.51it/s]
 97%|███████████████████████████████████████████████████████████████████████████████████████▉   | 522/540 [03:04<00:03,  4.96it/s]
 97%|████████████████████████████████████████████████████████████████████████████████████████▏  | 523/540 [03:04<00:03,  5.33it/s]
 97%|████████████████████████████████████████████████████████████████████████████████████████▎  | 524/540 [03:04<00:02,  5.63it/s]
 97%|████████████████████████████████████████████████████████████████████████████████████████▍  | 525/540 [03:05<00:02,  5.85it/s]
                                                                                                                                  

 97%|████████████████████████████████████████████████████████████████████████████████████████▍  | 525/540 [03:05<00:02,  5.85it/s]
 97%|████████████████████████████████████████████████████████████████████████████████████████▋  | 526/540 [03:05<00:02,  6.01it/s]
 98%|████████████████████████████████████████████████████████████████████████████████████████▊  | 527/540 [03:05<00:02,  6.14it/s]
 98%|████████████████████████████████████████████████████████████████████████████████████████▉  | 528/540 [03:05<00:01,  6.22it/s]
 98%|█████████████████████████████████████████████████████████████████████████████████████████▏ | 529/540 [03:05<00:01,  6.28it/s]
 98%|█████████████████████████████████████████████████████████████████████████████████████████▎ | 530/540 [03:05<00:01,  6.33it/s]
 98%|█████████████████████████████████████████████████████████████████████████████████████████▍ | 531/540 [03:06<00:01,  6.37it/s]
 99%|█████████████████████████████████████████████████████████████████████████████████████████▋ | 532/540 [03:06<00:01,  6.33it/s]
 99%|█████████████████████████████████████████████████████████████████████████████████████████▊ | 533/540 [03:06<00:01,  6.37it/s]
 99%|█████████████████████████████████████████████████████████████████████████████████████████▉ | 534/540 [03:06<00:00,  6.39it/s]
 99%|██████████████████████████████████████████████████████████████████████████████████████████▏| 535/540 [03:06<00:00,  6.41it/s]
 99%|██████████████████████████████████████████████████████████████████████████████████████████▎| 536/540 [03:06<00:00,  6.42it/s]
 99%|██████████████████████████████████████████████████████████████████████████████████████████▍| 537/540 [03:06<00:00,  6.44it/s]
100%|██████████████████████████████████████████████████████████████████████████████████████████▋| 538/540 [03:07<00:00,  6.44it/s]
100%|██████████████████████████████████████████████████████████████████████████████████████████▊| 539/540 [03:07<00:00,  6.45it/s]{'loss': '0.1521', 'grad_norm': '1.243', 'learning_rate': '1.569e-06', 'epoch': '17.51'}


Writing model shards:   0%|                                                                                 | 0/1 [00:00<?, ?it/s][A

Writing model shards: 100%|█████████████████████████████████████████████████████████████████████████| 1/1 [00:01<00:00,  1.32s/it][A
Writing model shards: 100%|█████████████████████████████████████████████████████████████████████████| 1/1 [00:01<00:00,  1.32s/it]

                                                                                                                                  

100%|███████████████████████████████████████████████████████████████████████████████████████████| 540/540 [03:11<00:00,  6.45it/s]
100%|███████████████████████████████████████████████████████████████████████████████████████████| 540/540 [03:11<00:00,  2.81it/s]
{'train_runtime': '191.9', 'train_samples_per_second': '43.61', 'train_steps_per_second': '2.813', 'train_loss': '0.5861', 'epoch': '18'}

  0%|                                                                                                       | 0/9 [00:00<?, ?it/s]
 67%|███████████████████████████████████████████████████████████████▎                               | 6/9 [00:00<00:00, 52.81it/s]
100%|███████████████████████████████████████████████████████████████████████████████████████████████| 9/9 [00:00<00:00, 49.03it/s]

Writing model shards:   0%|                                                                                 | 0/1 [00:00<?, ?it/s]
Writing model shards: 100%|█████████████████████████████████████████████████████████████████████████| 1/1 [00:01<00:00,  1.23s/it]
Writing model shards: 100%|█████████████████████████████████████████████████████████████████████████| 1/1 [00:01<00:00,  1.23s/it]

Loading weights:   0%|                                                                                    | 0/388 [00:00<?, ?it/s]
Loading weights:  76%|██████████████████████████████████████████████████████▌                 | 294/388 [00:00<00:00, 2849.48it/s]
Loading weights: 100%|████████████████████████████████████████████████████████████████████████| 388/388 [00:00<00:00, 2921.39it/s]

Loading weights:   0%|                                                                                    | 0/388 [00:00<?, ?it/s]
Loading weights:  85%|████████████████████████████████████████████████████████████▊           | 328/388 [00:00<00:00, 3269.98it/s]
Loading weights: 100%|████████████████████████████████████████████████████████████████████████| 388/388 [00:00<00:00, 3338.55it/s]

Loading weights:   0%|                                                                                    | 0/388 [00:00<?, ?it/s]
Loading weights:  24%|█████████████████▉                                                        | 94/388 [00:00<00:00, 932.86it/s]
Loading weights:  54%|██████████████████████████████████████▌                                 | 208/388 [00:00<00:00, 1050.34it/s]
Loading weights:  81%|███████████████████████████████████████████████████████████              | 314/388 [00:00<00:00, 924.76it/s]
Loading weights: 100%|█████████████████████████████████████████████████████████████████████████| 388/388 [00:00<00:00, 927.93it/s]

Loading weights:   0%|                                                                                    | 0/388 [00:00<?, ?it/s]
Loading weights:  37%|██████████████████████████▎                                             | 142/388 [00:00<00:00, 1415.43it/s]
Loading weights:  76%|██████████████████████████████████████████████████████▌                 | 294/388 [00:00<00:00, 1474.76it/s]
Loading weights: 100%|████████████████████████████████████████████████████████████████████████| 388/388 [00:00<00:00, 1465.12it/s]

Loading weights:   0%|                                                                                    | 0/773 [00:00<?, ?it/s]
Loading weights: 100%|███████████████████████████████████████████████████████████████████████| 773/773 [00:00<00:00, 30637.06it/s]
[RANK 0] Detected kernel version 5.4.0, which is below the recommended minimum of 5.5.0; this can cause the process to hang. It is recommended to upgrade the kernel to the minimum version or higher.

  0%|                                                                                                     | 0/360 [00:00<?, ?it/s]
  0%|▎                                                                                            | 1/360 [00:01<06:53,  1.15s/it]
  1%|▌                                                                                            | 2/360 [00:02<05:54,  1.01it/s]
  1%|▊                                                                                            | 3/360 [00:02<05:47,  1.03it/s]
  1%|█                                                                                            | 4/360 [00:03<05:43,  1.04it/s]
  1%|█▎                                                                                           | 5/360 [00:04<05:40,  1.04it/s]
  2%|█▌                                                                                           | 6/360 [00:05<05:39,  1.04it/s]
  2%|█▊                                                                                           | 7/360 [00:06<05:38,  1.04it/s]
  2%|██                                                                                           | 8/360 [00:07<05:36,  1.05it/s]
  2%|██▎                                                                                          | 9/360 [00:08<05:35,  1.05it/s]
  3%|██▌                                                                                         | 10/360 [00:09<05:34,  1.05it/s]
  3%|██▊                                                                                         | 11/360 [00:10<05:34,  1.04it/s]
  3%|███                                                                                         | 12/360 [00:11<05:33,  1.04it/s]
  4%|███▎                                                                                        | 13/360 [00:12<05:31,  1.05it/s]
  4%|███▌                                                                                        | 14/360 [00:13<05:30,  1.05it/s]
  4%|███▊                                                                                        | 15/360 [00:14<05:29,  1.05it/s]
  4%|████                                                                                        | 16/360 [00:15<05:27,  1.05it/s]
  5%|████▎                                                                                       | 17/360 [00:16<05:26,  1.05it/s]
  5%|████▌                                                                                       | 18/360 [00:17<05:25,  1.05it/s]
  5%|████▊                                                                                       | 19/360 [00:18<05:25,  1.05it/s]
  6%|█████                                                                                       | 20/360 [00:19<05:51,  1.03s/it]
  6%|█████▎                                                                                      | 21/360 [00:20<05:42,  1.01s/it]
  6%|█████▌                                                                                      | 22/360 [00:21<05:36,  1.01it/s]
  6%|█████▉                                                                                      | 23/360 [00:22<05:31,  1.02it/s]
  7%|██████▏                                                                                     | 24/360 [00:23<05:27,  1.03it/s]
  7%|██████▍                                                                                     | 25/360 [00:24<05:24,  1.03it/s]
                                                                                                                                  

  7%|██████▍                                                                                     | 25/360 [00:24<05:24,  1.03it/s]
  7%|██████▋                                                                                     | 26/360 [00:25<05:22,  1.04it/s]
  8%|██████▉                                                                                     | 27/360 [00:26<05:20,  1.04it/s]
  8%|███████▏                                                                                    | 28/360 [00:27<05:18,  1.04it/s]
  8%|███████▍                                                                                    | 29/360 [00:28<05:16,  1.05it/s]
  8%|███████▋                                                                                    | 30/360 [00:28<04:13,  1.30it/s]{'loss': '2.659', 'grad_norm': '1.703', 'learning_rate': '4e-05', 'epoch': '0.8547'}


Writing model shards:   0%|                                                                                 | 0/1 [00:00<?, ?it/s][A

Writing model shards: 100%|█████████████████████████████████████████████████████████████████████████| 1/1 [00:08<00:00,  8.99s/it][A
Writing model shards: 100%|█████████████████████████████████████████████████████████████████████████| 1/1 [00:08<00:00,  8.99s/it]

  9%|███████▉                                                                                    | 31/360 [00:51<40:48,  7.44s/it]
  9%|████████▏                                                                                   | 32/360 [00:52<30:03,  5.50s/it]
  9%|████████▍                                                                                   | 33/360 [00:53<22:31,  4.13s/it]
  9%|████████▋                                                                                   | 34/360 [00:54<17:17,  3.18s/it]
 10%|████████▉                                                                                   | 35/360 [00:55<13:36,  2.51s/it]
 10%|█████████▏                                                                                  | 36/360 [00:56<11:02,  2.04s/it]
 10%|█████████▍                                                                                  | 37/360 [00:57<09:14,  1.72s/it]
 11%|█████████▋                                                                                  | 38/360 [00:58<07:59,  1.49s/it]
 11%|█████████▉                                                                                  | 39/360 [00:59<07:06,  1.33s/it]
 11%|██████████▏                                                                                 | 40/360 [01:00<06:29,  1.22s/it]
 11%|██████████▍                                                                                 | 41/360 [01:01<06:28,  1.22s/it]
 12%|██████████▋                                                                                 | 42/360 [01:02<06:01,  1.14s/it]
 12%|██████████▉                                                                                 | 43/360 [01:03<05:43,  1.08s/it]
 12%|███████████▏                                                                                | 44/360 [01:04<05:30,  1.05s/it]
 12%|███████████▌                                                                                | 45/360 [01:05<05:20,  1.02s/it]
 13%|███████████▊                                                                                | 46/360 [01:06<05:13,  1.00it/s]
 13%|████████████                                                                                | 47/360 [01:06<05:08,  1.01it/s]
 13%|████████████▎                                                                               | 48/360 [01:07<05:04,  1.02it/s]
 14%|████████████▌                                                                               | 49/360 [01:08<05:01,  1.03it/s]
 14%|████████████▊                                                                               | 50/360 [01:09<04:58,  1.04it/s]
                                                                                                                                  

 14%|████████████▊                                                                               | 50/360 [01:09<04:58,  1.04it/s]
 14%|█████████████                                                                               | 51/360 [01:10<04:56,  1.04it/s]
 14%|█████████████▎                                                                              | 52/360 [01:11<04:55,  1.04it/s]
 15%|█████████████▌                                                                              | 53/360 [01:12<04:53,  1.04it/s]
 15%|█████████████▊                                                                              | 54/360 [01:13<04:52,  1.05it/s]
 15%|██████████████                                                                              | 55/360 [01:14<04:51,  1.05it/s]
 16%|██████████████▎                                                                             | 56/360 [01:15<04:50,  1.05it/s]
 16%|██████████████▌                                                                             | 57/360 [01:16<04:49,  1.05it/s]
 16%|██████████████▊                                                                             | 58/360 [01:17<04:48,  1.05it/s]
 16%|███████████████                                                                             | 59/360 [01:18<04:47,  1.05it/s]
 17%|███████████████▎                                                                            | 60/360 [01:18<03:49,  1.31it/s]{'loss': '1.517', 'grad_norm': '1.648', 'learning_rate': '4.712e-05', 'epoch': '1.684'}


Writing model shards:   0%|                                                                                 | 0/1 [00:00<?, ?it/s][A

Writing model shards: 100%|█████████████████████████████████████████████████████████████████████████| 1/1 [00:07<00:00,  7.78s/it][A
Writing model shards: 100%|█████████████████████████████████████████████████████████████████████████| 1/1 [00:07<00:00,  7.78s/it]

 17%|███████████████▌                                                                            | 61/360 [01:41<36:42,  7.37s/it]
 17%|███████████████▊                                                                            | 62/360 [01:42<27:00,  5.44s/it]
 18%|████████████████                                                                            | 63/360 [01:43<20:15,  4.09s/it]
 18%|████████████████▎                                                                           | 64/360 [01:44<15:32,  3.15s/it]
 18%|████████████████▌                                                                           | 65/360 [01:45<12:14,  2.49s/it]
 18%|████████████████▊                                                                           | 66/360 [01:46<09:56,  2.03s/it]
 19%|█████████████████                                                                           | 67/360 [01:47<08:20,  1.71s/it]
 19%|█████████████████▍                                                                          | 68/360 [01:48<07:12,  1.48s/it]
 19%|█████████████████▋                                                                          | 69/360 [01:49<06:25,  1.32s/it]
 19%|█████████████████▉                                                                          | 70/360 [01:50<05:52,  1.21s/it]
 20%|██████████████████▏                                                                         | 71/360 [01:51<05:28,  1.14s/it]
 20%|██████████████████▍                                                                         | 72/360 [01:51<05:12,  1.08s/it]
 20%|██████████████████▋                                                                         | 73/360 [01:52<05:00,  1.05s/it]
 21%|██████████████████▉                                                                         | 74/360 [01:53<04:50,  1.02s/it]
 21%|███████████████████▏                                                                        | 75/360 [01:54<04:44,  1.00it/s]
                                                                                                                                  

 21%|███████████████████▏                                                                        | 75/360 [01:54<04:44,  1.00it/s]
 21%|███████████████████▍                                                                        | 76/360 [01:55<04:40,  1.01it/s]
 21%|███████████████████▋                                                                        | 77/360 [01:56<04:36,  1.03it/s]
 22%|███████████████████▉                                                                        | 78/360 [01:57<04:33,  1.03it/s]
 22%|████████████████████▏                                                                       | 79/360 [01:58<04:31,  1.04it/s]
 22%|████████████████████▍                                                                       | 80/360 [01:59<04:29,  1.04it/s]
 22%|████████████████████▋                                                                       | 81/360 [02:00<04:27,  1.04it/s]
 23%|████████████████████▉                                                                       | 82/360 [02:01<04:46,  1.03s/it]
 23%|█████████████████████▏                                                                      | 83/360 [02:02<04:38,  1.01s/it]
 23%|█████████████████████▍                                                                      | 84/360 [02:03<04:33,  1.01it/s]
 24%|█████████████████████▋                                                                      | 85/360 [02:04<04:29,  1.02it/s]
 24%|█████████████████████▉                                                                      | 86/360 [02:05<04:26,  1.03it/s]
 24%|██████████████████████▏                                                                     | 87/360 [02:06<04:24,  1.03it/s]
 24%|██████████████████████▍                                                                     | 88/360 [02:07<04:22,  1.04it/s]
 25%|██████████████████████▋                                                                     | 89/360 [02:08<04:20,  1.04it/s]
 25%|███████████████████████                                                                     | 90/360 [02:08<03:28,  1.30it/s]{'loss': '1.164', 'grad_norm': '1.912', 'learning_rate': '4.348e-05', 'epoch': '2.513'}


Writing model shards:   0%|                                                                                 | 0/1 [00:00<?, ?it/s][A

Writing model shards: 100%|█████████████████████████████████████████████████████████████████████████| 1/1 [00:08<00:00,  8.68s/it][A
Writing model shards: 100%|█████████████████████████████████████████████████████████████████████████| 1/1 [00:08<00:00,  8.68s/it]

 25%|███████████████████████▎                                                                    | 91/360 [02:33<35:36,  7.94s/it]
 26%|███████████████████████▌                                                                    | 92/360 [02:34<26:07,  5.85s/it]
 26%|███████████████████████▊                                                                    | 93/360 [02:35<19:30,  4.39s/it]
 26%|████████████████████████                                                                    | 94/360 [02:36<14:52,  3.36s/it]
 26%|████████████████████████▎                                                                   | 95/360 [02:37<11:37,  2.63s/it]
 27%|████████████████████████▌                                                                   | 96/360 [02:38<09:21,  2.13s/it]
 27%|████████████████████████▊                                                                   | 97/360 [02:39<07:45,  1.77s/it]
 27%|█████████████████████████                                                                   | 98/360 [02:40<06:39,  1.53s/it]
 28%|█████████████████████████▎                                                                  | 99/360 [02:41<05:52,  1.35s/it]
 28%|█████████████████████████▎                                                                 | 100/360 [02:42<05:19,  1.23s/it]
                                                                                                                                  

 28%|█████████████████████████▎                                                                 | 100/360 [02:42<05:19,  1.23s/it]
 28%|█████████████████████████▌                                                                 | 101/360 [02:42<04:55,  1.14s/it]
 28%|█████████████████████████▊                                                                 | 102/360 [02:44<04:59,  1.16s/it]
 29%|██████████████████████████                                                                 | 103/360 [02:45<04:42,  1.10s/it]
 29%|██████████████████████████▎                                                                | 104/360 [02:46<04:29,  1.05s/it]
 29%|██████████████████████████▌                                                                | 105/360 [02:47<04:22,  1.03s/it]
 29%|██████████████████████████▊                                                                | 106/360 [02:47<04:16,  1.01s/it]
 30%|███████████████████████████                                                                | 107/360 [02:48<04:10,  1.01it/s]
 30%|███████████████████████████▎                                                               | 108/360 [02:49<04:07,  1.02it/s]
 30%|███████████████████████████▌                                                               | 109/360 [02:50<04:03,  1.03it/s]
 31%|███████████████████████████▊                                                               | 110/360 [02:51<04:02,  1.03it/s]
 31%|████████████████████████████                                                               | 111/360 [02:52<03:59,  1.04it/s]
 31%|████████████████████████████▎                                                              | 112/360 [02:53<03:57,  1.04it/s]
 31%|████████████████████████████▌                                                              | 113/360 [02:54<03:56,  1.04it/s]
 32%|████████████████████████████▊                                                              | 114/360 [02:55<03:55,  1.05it/s]
 32%|█████████████████████████████                                                              | 115/360 [02:56<03:54,  1.05it/s]
 32%|█████████████████████████████▎                                                             | 116/360 [02:57<03:53,  1.04it/s]
 32%|█████████████████████████████▌                                                             | 117/360 [02:58<03:52,  1.04it/s]
 33%|█████████████████████████████▊                                                             | 118/360 [02:59<03:51,  1.05it/s]
 33%|██████████████████████████████                                                             | 119/360 [03:00<03:50,  1.05it/s]
 33%|██████████████████████████████▎                                                            | 120/360 [03:00<03:04,  1.30it/s]{'loss': '0.9174', 'grad_norm': '1.758', 'learning_rate': '3.97e-05', 'epoch': '3.342'}


Writing model shards:   0%|                                                                                 | 0/1 [00:00<?, ?it/s][A

Writing model shards: 100%|█████████████████████████████████████████████████████████████████████████| 1/1 [00:07<00:00,  7.74s/it][A
Writing model shards: 100%|█████████████████████████████████████████████████████████████████████████| 1/1 [00:07<00:00,  7.74s/it]

 34%|██████████████████████████████▌                                                            | 121/360 [03:24<30:20,  7.62s/it]
 34%|██████████████████████████████▊                                                            | 122/360 [03:25<22:17,  5.62s/it]
 34%|███████████████████████████████                                                            | 123/360 [03:26<16:58,  4.30s/it]
 34%|███████████████████████████████▎                                                           | 124/360 [03:27<12:57,  3.29s/it]
 35%|███████████████████████████████▌                                                           | 125/360 [03:28<10:09,  2.59s/it]
                                                                                                                                  

 35%|███████████████████████████████▌                                                           | 125/360 [03:28<10:09,  2.59s/it]
 35%|███████████████████████████████▊                                                           | 126/360 [03:29<08:11,  2.10s/it]
 35%|████████████████████████████████                                                           | 127/360 [03:30<06:49,  1.76s/it]
 36%|████████████████████████████████▎                                                          | 128/360 [03:31<05:51,  1.52s/it]
 36%|████████████████████████████████▌                                                          | 129/360 [03:32<05:11,  1.35s/it]
 36%|████████████████████████████████▊                                                          | 130/360 [03:33<04:42,  1.23s/it]
 36%|█████████████████████████████████                                                          | 131/360 [03:34<04:22,  1.14s/it]
 37%|█████████████████████████████████▎                                                         | 132/360 [03:35<04:07,  1.09s/it]
 37%|█████████████████████████████████▌                                                         | 133/360 [03:36<03:57,  1.05s/it]
 37%|█████████████████████████████████▊                                                         | 134/360 [03:36<03:50,  1.02s/it]
 38%|██████████████████████████████████▏                                                        | 135/360 [03:37<03:44,  1.00it/s]
 38%|██████████████████████████████████▍                                                        | 136/360 [03:38<03:40,  1.01it/s]
 38%|██████████████████████████████████▋                                                        | 137/360 [03:39<03:37,  1.03it/s]
 38%|██████████████████████████████████▉                                                        | 138/360 [03:40<03:35,  1.03it/s]
 39%|███████████████████████████████████▏                                                       | 139/360 [03:41<03:33,  1.04it/s]
 39%|███████████████████████████████████▍                                                       | 140/360 [03:42<03:31,  1.04it/s]
 39%|███████████████████████████████████▋                                                       | 141/360 [03:43<03:29,  1.04it/s]
 39%|███████████████████████████████████▉                                                       | 142/360 [03:44<03:43,  1.02s/it]
 40%|████████████████████████████████████▏                                                      | 143/360 [03:45<03:37,  1.00s/it]
 40%|████████████████████████████████████▍                                                      | 144/360 [03:46<03:33,  1.01it/s]
 40%|████████████████████████████████████▋                                                      | 145/360 [03:47<03:30,  1.02it/s]
 41%|████████████████████████████████████▉                                                      | 146/360 [03:48<03:27,  1.03it/s]
 41%|█████████████████████████████████████▏                                                     | 147/360 [03:49<03:25,  1.04it/s]
 41%|█████████████████████████████████████▍                                                     | 148/360 [03:50<03:24,  1.04it/s]
 41%|█████████████████████████████████████▋                                                     | 149/360 [03:51<03:24,  1.03it/s]
 42%|█████████████████████████████████████▉                                                     | 150/360 [03:51<02:42,  1.29it/s]
                                                                                                                                  

 42%|█████████████████████████████████████▉                                                     | 150/360 [03:51<02:42,  1.29it/s]{'loss': '0.7788', 'grad_norm': '1.76', 'learning_rate': '3.591e-05', 'epoch': '4.171'}
{'loss': '0.6026', 'grad_norm': '5.129', 'learning_rate': '3.212e-05', 'epoch': '5'}


Writing model shards:   0%|                                                                                 | 0/1 [00:00<?, ?it/s][A

Writing model shards: 100%|█████████████████████████████████████████████████████████████████████████| 1/1 [00:08<00:00,  8.15s/it][A
Writing model shards: 100%|█████████████████████████████████████████████████████████████████████████| 1/1 [00:08<00:00,  8.15s/it]

 42%|██████████████████████████████████████▏                                                    | 151/360 [04:16<27:53,  8.01s/it]
 42%|██████████████████████████████████████▍                                                    | 152/360 [04:17<20:25,  5.89s/it]
 42%|██████████████████████████████████████▋                                                    | 153/360 [04:18<15:12,  4.41s/it]
 43%|██████████████████████████████████████▉                                                    | 154/360 [04:19<11:35,  3.37s/it]
 43%|███████████████████████████████████████▏                                                   | 155/360 [04:20<09:02,  2.65s/it]
 43%|███████████████████████████████████████▍                                                   | 156/360 [04:21<07:16,  2.14s/it]
 44%|███████████████████████████████████████▋                                                   | 157/360 [04:22<06:01,  1.78s/it]
 44%|███████████████████████████████████████▉                                                   | 158/360 [04:23<05:10,  1.54s/it]
 44%|████████████████████████████████████████▏                                                  | 159/360 [04:24<04:33,  1.36s/it]
 44%|████████████████████████████████████████▍                                                  | 160/360 [04:25<04:07,  1.24s/it]
 45%|████████████████████████████████████████▋                                                  | 161/360 [04:26<03:50,  1.16s/it]
 45%|████████████████████████████████████████▉                                                  | 162/360 [04:27<03:37,  1.10s/it]
 45%|█████████████████████████████████████████▏                                                 | 163/360 [04:28<03:42,  1.13s/it]
 46%|█████████████████████████████████████████▍                                                 | 164/360 [04:29<03:30,  1.08s/it]
 46%|█████████████████████████████████████████▋                                                 | 165/360 [04:30<03:22,  1.04s/it]
 46%|█████████████████████████████████████████▉                                                 | 166/360 [04:31<03:16,  1.01s/it]
 46%|██████████████████████████████████████████▏                                                | 167/360 [04:32<03:12,  1.00it/s]
 47%|██████████████████████████████████████████▍                                                | 168/360 [04:33<03:09,  1.02it/s]
 47%|██████████████████████████████████████████▋                                                | 169/360 [04:34<03:06,  1.02it/s]
 47%|██████████████████████████████████████████▉                                                | 170/360 [04:35<03:04,  1.03it/s]
 48%|███████████████████████████████████████████▏                                               | 171/360 [04:36<03:02,  1.04it/s]
 48%|███████████████████████████████████████████▍                                               | 172/360 [04:37<03:01,  1.04it/s]
 48%|███████████████████████████████████████████▋                                               | 173/360 [04:38<02:59,  1.04it/s]
 48%|███████████████████████████████████████████▉                                               | 174/360 [04:38<02:58,  1.04it/s]
 49%|████████████████████████████████████████████▏                                              | 175/360 [04:39<02:57,  1.04it/s]
                                                                                                                                  

 49%|████████████████████████████████████████████▏                                              | 175/360 [04:40<02:57,  1.04it/s]
 49%|████████████████████████████████████████████▍                                              | 176/360 [04:40<02:56,  1.04it/s]
 49%|████████████████████████████████████████████▋                                              | 177/360 [04:41<02:55,  1.04it/s]
 49%|████████████████████████████████████████████▉                                              | 178/360 [04:42<02:54,  1.05it/s]
 50%|█████████████████████████████████████████████▏                                             | 179/360 [04:43<02:52,  1.05it/s]
 50%|█████████████████████████████████████████████▌                                             | 180/360 [04:44<02:17,  1.31it/s]{'loss': '0.4923', 'grad_norm': '1.859', 'learning_rate': '2.833e-05', 'epoch': '5.855'}


Writing model shards:   0%|                                                                                 | 0/1 [00:00<?, ?it/s][A

Writing model shards: 100%|█████████████████████████████████████████████████████████████████████████| 1/1 [00:07<00:00,  7.76s/it][A
Writing model shards: 100%|█████████████████████████████████████████████████████████████████████████| 1/1 [00:07<00:00,  7.76s/it]

 50%|█████████████████████████████████████████████▊                                             | 181/360 [05:08<23:38,  7.93s/it]
 51%|██████████████████████████████████████████████                                             | 182/360 [05:09<17:18,  5.83s/it]
 51%|██████████████████████████████████████████████▎                                            | 183/360 [05:10<12:53,  4.37s/it]
 51%|██████████████████████████████████████████████▌                                            | 184/360 [05:11<10:01,  3.42s/it]
 51%|██████████████████████████████████████████████▊                                            | 185/360 [05:12<07:48,  2.68s/it]
 52%|███████████████████████████████████████████████                                            | 186/360 [05:13<06:16,  2.16s/it]
 52%|███████████████████████████████████████████████▎                                           | 187/360 [05:14<05:11,  1.80s/it]
 52%|███████████████████████████████████████████████▌                                           | 188/360 [05:15<04:26,  1.55s/it]
 52%|███████████████████████████████████████████████▊                                           | 189/360 [05:16<03:54,  1.37s/it]
 53%|████████████████████████████████████████████████                                           | 190/360 [05:17<03:31,  1.25s/it]
 53%|████████████████████████████████████████████████▎                                          | 191/360 [05:18<03:15,  1.16s/it]
 53%|████████████████████████████████████████████████▌                                          | 192/360 [05:19<03:04,  1.10s/it]
 54%|████████████████████████████████████████████████▊                                          | 193/360 [05:20<02:56,  1.05s/it]
 54%|█████████████████████████████████████████████████                                          | 194/360 [05:21<02:49,  1.02s/it]
 54%|█████████████████████████████████████████████████▎                                         | 195/360 [05:22<02:45,  1.00s/it]
 54%|█████████████████████████████████████████████████▌                                         | 196/360 [05:23<02:41,  1.02it/s]
 55%|█████████████████████████████████████████████████▊                                         | 197/360 [05:24<02:37,  1.03it/s]
 55%|██████████████████████████████████████████████████                                         | 198/360 [05:25<02:35,  1.04it/s]
 55%|██████████████████████████████████████████████████▎                                        | 199/360 [05:26<02:34,  1.04it/s]
 56%|██████████████████████████████████████████████████▌                                        | 200/360 [05:27<02:33,  1.04it/s]
                                                                                                                                  

 56%|██████████████████████████████████████████████████▌                                        | 200/360 [05:27<02:33,  1.04it/s]
 56%|██████████████████████████████████████████████████▊                                        | 201/360 [05:27<02:31,  1.05it/s]
 56%|███████████████████████████████████████████████████                                        | 202/360 [05:28<02:30,  1.05it/s]
 56%|███████████████████████████████████████████████████▎                                       | 203/360 [05:29<02:29,  1.05it/s]
 57%|███████████████████████████████████████████████████▌                                       | 204/360 [05:30<02:28,  1.05it/s]
 57%|███████████████████████████████████████████████████▊                                       | 205/360 [05:32<02:38,  1.02s/it]
 57%|████████████████████████████████████████████████████                                       | 206/360 [05:32<02:34,  1.00s/it]
 57%|████████████████████████████████████████████████████▎                                      | 207/360 [05:33<02:30,  1.01it/s]
 58%|████████████████████████████████████████████████████▌                                      | 208/360 [05:34<02:28,  1.02it/s]
 58%|████████████████████████████████████████████████████▊                                      | 209/360 [05:35<02:26,  1.03it/s]
 58%|█████████████████████████████████████████████████████                                      | 210/360 [05:36<01:56,  1.29it/s]{'loss': '0.4216', 'grad_norm': '1.585', 'learning_rate': '2.455e-05', 'epoch': '6.684'}


Writing model shards:   0%|                                                                                 | 0/1 [00:00<?, ?it/s][A

Writing model shards: 100%|█████████████████████████████████████████████████████████████████████████| 1/1 [00:07<00:00,  7.74s/it][A
Writing model shards: 100%|█████████████████████████████████████████████████████████████████████████| 1/1 [00:07<00:00,  7.74s/it]

 59%|█████████████████████████████████████████████████████▎                                     | 211/360 [05:59<18:34,  7.48s/it]
 59%|█████████████████████████████████████████████████████▌                                     | 212/360 [06:00<13:37,  5.52s/it]
 59%|█████████████████████████████████████████████████████▊                                     | 213/360 [06:01<10:10,  4.15s/it]
 59%|██████████████████████████████████████████████████████                                     | 214/360 [06:02<07:45,  3.19s/it]
 60%|██████████████████████████████████████████████████████▎                                    | 215/360 [06:03<06:05,  2.52s/it]
 60%|██████████████████████████████████████████████████████▌                                    | 216/360 [06:04<04:55,  2.05s/it]
 60%|██████████████████████████████████████████████████████▊                                    | 217/360 [06:04<04:05,  1.72s/it]
 61%|███████████████████████████████████████████████████████                                    | 218/360 [06:05<03:31,  1.49s/it]
 61%|███████████████████████████████████████████████████████▎                                   | 219/360 [06:06<03:07,  1.33s/it]
 61%|███████████████████████████████████████████████████████▌                                   | 220/360 [06:07<02:50,  1.22s/it]
 61%|███████████████████████████████████████████████████████▊                                   | 221/360 [06:08<02:38,  1.14s/it]
 62%|████████████████████████████████████████████████████████                                   | 222/360 [06:09<02:29,  1.08s/it]
 62%|████████████████████████████████████████████████████████▎                                  | 223/360 [06:10<02:22,  1.04s/it]
 62%|████████████████████████████████████████████████████████▌                                  | 224/360 [06:11<02:18,  1.01s/it]
 62%|████████████████████████████████████████████████████████▉                                  | 225/360 [06:12<02:14,  1.00it/s]
                                                                                                                                  

 62%|████████████████████████████████████████████████████████▉                                  | 225/360 [06:12<02:14,  1.00it/s]
 63%|█████████████████████████████████████████████████████████▏                                 | 226/360 [06:13<02:21,  1.06s/it]
 63%|█████████████████████████████████████████████████████████▍                                 | 227/360 [06:14<02:16,  1.02s/it]
 63%|█████████████████████████████████████████████████████████▋                                 | 228/360 [06:15<02:12,  1.00s/it]
 64%|█████████████████████████████████████████████████████████▉                                 | 229/360 [06:16<02:09,  1.01it/s]
 64%|██████████████████████████████████████████████████████████▏                                | 230/360 [06:17<02:07,  1.02it/s]
 64%|██████████████████████████████████████████████████████████▍                                | 231/360 [06:18<02:05,  1.03it/s]
 64%|██████████████████████████████████████████████████████████▋                                | 232/360 [06:19<02:03,  1.04it/s]
 65%|██████████████████████████████████████████████████████████▉                                | 233/360 [06:20<02:01,  1.04it/s]
 65%|███████████████████████████████████████████████████████████▏                               | 234/360 [06:21<02:00,  1.04it/s]
 65%|███████████████████████████████████████████████████████████▍                               | 235/360 [06:22<01:59,  1.05it/s]
 66%|███████████████████████████████████████████████████████████▋                               | 236/360 [06:23<01:58,  1.05it/s]
 66%|███████████████████████████████████████████████████████████▉                               | 237/360 [06:24<01:57,  1.05it/s]
 66%|████████████████████████████████████████████████████████████▏                              | 238/360 [06:25<01:56,  1.05it/s]
 66%|████████████████████████████████████████████████████████████▍                              | 239/360 [06:26<01:55,  1.05it/s]
 67%|████████████████████████████████████████████████████████████▋                              | 240/360 [06:26<01:31,  1.31it/s]{'loss': '0.3507', 'grad_norm': '1.368', 'learning_rate': '2.076e-05', 'epoch': '7.513'}


Writing model shards:   0%|                                                                                 | 0/1 [00:00<?, ?it/s][A

Writing model shards: 100%|█████████████████████████████████████████████████████████████████████████| 1/1 [00:08<00:00,  8.68s/it][A
Writing model shards: 100%|█████████████████████████████████████████████████████████████████████████| 1/1 [00:08<00:00,  8.68s/it]

 67%|████████████████████████████████████████████████████████████▉                              | 241/360 [06:51<15:50,  7.99s/it]
 67%|█████████████████████████████████████████████████████████████▏                             | 242/360 [06:52<11:33,  5.88s/it]
 68%|█████████████████████████████████████████████████████████████▍                             | 243/360 [06:53<08:34,  4.40s/it]
 68%|█████████████████████████████████████████████████████████████▋                             | 244/360 [06:54<06:30,  3.37s/it]
 68%|█████████████████████████████████████████████████████████████▉                             | 245/360 [06:55<05:03,  2.64s/it]
 68%|██████████████████████████████████████████████████████████████▏                            | 246/360 [06:56<04:12,  2.22s/it]
 69%|██████████████████████████████████████████████████████████████▍                            | 247/360 [06:57<03:27,  1.84s/it]
 69%|██████████████████████████████████████████████████████████████▋                            | 248/360 [06:58<02:55,  1.57s/it]
 69%|██████████████████████████████████████████████████████████████▉                            | 249/360 [06:59<02:33,  1.39s/it]
 69%|███████████████████████████████████████████████████████████████▏                           | 250/360 [07:00<02:18,  1.26s/it]
                                                                                                                                  

 69%|███████████████████████████████████████████████████████████████▏                           | 250/360 [07:00<02:18,  1.26s/it]
 70%|███████████████████████████████████████████████████████████████▍                           | 251/360 [07:01<02:06,  1.16s/it]
 70%|███████████████████████████████████████████████████████████████▋                           | 252/360 [07:02<01:58,  1.10s/it]
 70%|███████████████████████████████████████████████████████████████▉                           | 253/360 [07:03<01:53,  1.06s/it]
 71%|████████████████████████████████████████████████████████████████▏                          | 254/360 [07:04<01:48,  1.03s/it]
 71%|████████████████████████████████████████████████████████████████▍                          | 255/360 [07:04<01:45,  1.01s/it]
 71%|████████████████████████████████████████████████████████████████▋                          | 256/360 [07:05<01:43,  1.01it/s]
 71%|████████████████████████████████████████████████████████████████▉                          | 257/360 [07:06<01:40,  1.02it/s]
 72%|█████████████████████████████████████████████████████████████████▏                         | 258/360 [07:07<01:39,  1.02it/s]
 72%|█████████████████████████████████████████████████████████████████▍                         | 259/360 [07:08<01:38,  1.03it/s]
 72%|█████████████████████████████████████████████████████████████████▋                         | 260/360 [07:09<01:36,  1.03it/s]
 72%|█████████████████████████████████████████████████████████████████▉                         | 261/360 [07:10<01:35,  1.04it/s]
 73%|██████████████████████████████████████████████████████████████████▏                        | 262/360 [07:11<01:34,  1.04it/s]
 73%|██████████████████████████████████████████████████████████████████▍                        | 263/360 [07:12<01:32,  1.04it/s]
 73%|██████████████████████████████████████████████████████████████████▋                        | 264/360 [07:13<01:31,  1.05it/s]
 74%|██████████████████████████████████████████████████████████████████▉                        | 265/360 [07:14<01:30,  1.05it/s]
 74%|███████████████████████████████████████████████████████████████████▏                       | 266/360 [07:15<01:36,  1.03s/it]
 74%|███████████████████████████████████████████████████████████████████▍                       | 267/360 [07:16<01:32,  1.00it/s]
 74%|███████████████████████████████████████████████████████████████████▋                       | 268/360 [07:17<01:30,  1.02it/s]
 75%|███████████████████████████████████████████████████████████████████▉                       | 269/360 [07:18<01:27,  1.03it/s]
 75%|████████████████████████████████████████████████████████████████████▎                      | 270/360 [07:18<01:09,  1.29it/s]{'loss': '0.299', 'grad_norm': '1.209', 'learning_rate': '1.697e-05', 'epoch': '8.342'}


Writing model shards:   0%|                                                                                 | 0/1 [00:00<?, ?it/s][A

Writing model shards: 100%|█████████████████████████████████████████████████████████████████████████| 1/1 [00:08<00:00,  8.20s/it][A
Writing model shards: 100%|█████████████████████████████████████████████████████████████████████████| 1/1 [00:08<00:00,  8.20s/it]

 75%|████████████████████████████████████████████████████████████████████▌                      | 271/360 [07:42<11:12,  7.56s/it]
 76%|████████████████████████████████████████████████████████████████████▊                      | 272/360 [07:43<08:10,  5.57s/it]
 76%|█████████████████████████████████████████████████████████████████████                      | 273/360 [07:44<06:04,  4.19s/it]
 76%|█████████████████████████████████████████████████████████████████████▎                     | 274/360 [07:45<04:36,  3.22s/it]
 76%|█████████████████████████████████████████████████████████████████████▌                     | 275/360 [07:46<03:35,  2.54s/it]
                                                                                                                                  

 76%|█████████████████████████████████████████████████████████████████████▌                     | 275/360 [07:46<03:35,  2.54s/it]
 77%|█████████████████████████████████████████████████████████████████████▊                     | 276/360 [07:46<02:53,  2.06s/it]
 77%|██████████████████████████████████████████████████████████████████████                     | 277/360 [07:47<02:23,  1.73s/it]
 77%|██████████████████████████████████████████████████████████████████████▎                    | 278/360 [07:48<02:02,  1.49s/it]
 78%|██████████████████████████████████████████████████████████████████████▌                    | 279/360 [07:49<01:47,  1.33s/it]
 78%|██████████████████████████████████████████████████████████████████████▊                    | 280/360 [07:50<01:37,  1.22s/it]
 78%|███████████████████████████████████████████████████████████████████████                    | 281/360 [07:51<01:29,  1.14s/it]
 78%|███████████████████████████████████████████████████████████████████████▎                   | 282/360 [07:52<01:24,  1.08s/it]
 79%|███████████████████████████████████████████████████████████████████████▌                   | 283/360 [07:53<01:20,  1.04s/it]
 79%|███████████████████████████████████████████████████████████████████████▊                   | 284/360 [07:54<01:17,  1.02s/it]
 79%|████████████████████████████████████████████████████████████████████████                   | 285/360 [07:55<01:14,  1.00it/s]
 79%|████████████████████████████████████████████████████████████████████████▎                  | 286/360 [07:56<01:18,  1.06s/it]
 80%|████████████████████████████████████████████████████████████████████████▌                  | 287/360 [07:57<01:15,  1.04s/it]
 80%|████████████████████████████████████████████████████████████████████████▊                  | 288/360 [07:58<01:12,  1.01s/it]
 80%|█████████████████████████████████████████████████████████████████████████                  | 289/360 [07:59<01:10,  1.01it/s]
 81%|█████████████████████████████████████████████████████████████████████████▎                 | 290/360 [08:00<01:08,  1.02it/s]
 81%|█████████████████████████████████████████████████████████████████████████▌                 | 291/360 [08:01<01:07,  1.03it/s]
 81%|█████████████████████████████████████████████████████████████████████████▊                 | 292/360 [08:02<01:05,  1.04it/s]
 81%|██████████████████████████████████████████████████████████████████████████                 | 293/360 [08:03<01:04,  1.04it/s]
 82%|██████████████████████████████████████████████████████████████████████████▎                | 294/360 [08:04<01:03,  1.04it/s]
 82%|██████████████████████████████████████████████████████████████████████████▌                | 295/360 [08:05<01:02,  1.05it/s]
 82%|██████████████████████████████████████████████████████████████████████████▊                | 296/360 [08:06<01:01,  1.05it/s]
 82%|███████████████████████████████████████████████████████████████████████████                | 297/360 [08:07<00:59,  1.05it/s]
 83%|███████████████████████████████████████████████████████████████████████████▎               | 298/360 [08:08<00:58,  1.05it/s]
 83%|███████████████████████████████████████████████████████████████████████████▌               | 299/360 [08:09<00:57,  1.05it/s]
 83%|███████████████████████████████████████████████████████████████████████████▊               | 300/360 [08:09<00:45,  1.31it/s]
                                                                                                                                  

 83%|███████████████████████████████████████████████████████████████████████████▊               | 300/360 [08:09<00:45,  1.31it/s]{'loss': '0.2805', 'grad_norm': '1.162', 'learning_rate': '1.318e-05', 'epoch': '9.171'}
{'loss': '0.2376', 'grad_norm': '3.258', 'learning_rate': '9.394e-06', 'epoch': '10'}


Writing model shards:   0%|                                                                                 | 0/1 [00:00<?, ?it/s][A

Writing model shards: 100%|█████████████████████████████████████████████████████████████████████████| 1/1 [00:07<00:00,  7.75s/it][A
Writing model shards: 100%|█████████████████████████████████████████████████████████████████████████| 1/1 [00:07<00:00,  7.75s/it]

 84%|████████████████████████████████████████████████████████████████████████████               | 301/360 [08:32<07:25,  7.55s/it]
 84%|████████████████████████████████████████████████████████████████████████████▎              | 302/360 [08:33<05:23,  5.57s/it]
 84%|████████████████████████████████████████████████████████████████████████████▌              | 303/360 [08:34<03:58,  4.19s/it]
 84%|████████████████████████████████████████████████████████████████████████████▊              | 304/360 [08:35<03:00,  3.22s/it]
 85%|█████████████████████████████████████████████████████████████████████████████              | 305/360 [08:36<02:19,  2.54s/it]
 85%|█████████████████████████████████████████████████████████████████████████████▎             | 306/360 [08:37<01:51,  2.06s/it]
 85%|█████████████████████████████████████████████████████████████████████████████▌             | 307/360 [08:38<01:35,  1.81s/it]
 86%|█████████████████████████████████████████████████████████████████████████████▊             | 308/360 [08:39<01:20,  1.55s/it]
 86%|██████████████████████████████████████████████████████████████████████████████             | 309/360 [08:40<01:10,  1.37s/it]
 86%|██████████████████████████████████████████████████████████████████████████████▎            | 310/360 [08:41<01:02,  1.25s/it]
 86%|██████████████████████████████████████████████████████████████████████████████▌            | 311/360 [08:42<00:56,  1.16s/it]
 87%|██████████████████████████████████████████████████████████████████████████████▊            | 312/360 [08:43<00:52,  1.09s/it]
 87%|███████████████████████████████████████████████████████████████████████████████            | 313/360 [08:44<00:49,  1.05s/it]
 87%|███████████████████████████████████████████████████████████████████████████████▎           | 314/360 [08:45<00:46,  1.02s/it]
 88%|███████████████████████████████████████████████████████████████████████████████▋           | 315/360 [08:46<00:44,  1.00it/s]
 88%|███████████████████████████████████████████████████████████████████████████████▉           | 316/360 [08:47<00:43,  1.01it/s]
 88%|████████████████████████████████████████████████████████████████████████████████▏          | 317/360 [08:48<00:41,  1.03it/s]
 88%|████████████████████████████████████████████████████████████████████████████████▍          | 318/360 [08:49<00:41,  1.02it/s]
 89%|████████████████████████████████████████████████████████████████████████████████▋          | 319/360 [08:50<00:39,  1.03it/s]
 89%|████████████████████████████████████████████████████████████████████████████████▉          | 320/360 [08:51<00:38,  1.04it/s]
 89%|█████████████████████████████████████████████████████████████████████████████████▏         | 321/360 [08:52<00:37,  1.04it/s]
 89%|█████████████████████████████████████████████████████████████████████████████████▍         | 322/360 [08:53<00:36,  1.04it/s]
 90%|█████████████████████████████████████████████████████████████████████████████████▋         | 323/360 [08:54<00:35,  1.05it/s]
 90%|█████████████████████████████████████████████████████████████████████████████████▉         | 324/360 [08:55<00:34,  1.05it/s]
 90%|██████████████████████████████████████████████████████████████████████████████████▏        | 325/360 [08:56<00:33,  1.05it/s]
                                                                                                                                  

 90%|██████████████████████████████████████████████████████████████████████████████████▏        | 325/360 [08:56<00:33,  1.05it/s]
 91%|██████████████████████████████████████████████████████████████████████████████████▍        | 326/360 [08:56<00:32,  1.05it/s]
 91%|██████████████████████████████████████████████████████████████████████████████████▋        | 327/360 [08:58<00:33,  1.02s/it]
 91%|██████████████████████████████████████████████████████████████████████████████████▉        | 328/360 [08:59<00:32,  1.01s/it]
 91%|███████████████████████████████████████████████████████████████████████████████████▏       | 329/360 [09:00<00:30,  1.01it/s]
 92%|███████████████████████████████████████████████████████████████████████████████████▍       | 330/360 [09:00<00:23,  1.27it/s]{'loss': '0.2236', 'grad_norm': '1.277', 'learning_rate': '5.606e-06', 'epoch': '10.85'}


Writing model shards:   0%|                                                                                 | 0/1 [00:00<?, ?it/s][A

Writing model shards: 100%|█████████████████████████████████████████████████████████████████████████| 1/1 [00:07<00:00,  7.41s/it][A
Writing model shards: 100%|█████████████████████████████████████████████████████████████████████████| 1/1 [00:07<00:00,  7.41s/it]

 92%|███████████████████████████████████████████████████████████████████████████████████▋       | 331/360 [09:23<03:33,  7.38s/it]
 92%|███████████████████████████████████████████████████████████████████████████████████▉       | 332/360 [09:24<02:32,  5.45s/it]
 92%|████████████████████████████████████████████████████████████████████████████████████▏      | 333/360 [09:25<01:50,  4.10s/it]
 93%|████████████████████████████████████████████████████████████████████████████████████▍      | 334/360 [09:26<01:22,  3.16s/it]
 93%|████████████████████████████████████████████████████████████████████████████████████▋      | 335/360 [09:26<01:02,  2.50s/it]
 93%|████████████████████████████████████████████████████████████████████████████████████▉      | 336/360 [09:27<00:48,  2.03s/it]
 94%|█████████████████████████████████████████████████████████████████████████████████████▏     | 337/360 [09:28<00:39,  1.71s/it]
 94%|█████████████████████████████████████████████████████████████████████████████████████▍     | 338/360 [09:29<00:32,  1.48s/it]
 94%|█████████████████████████████████████████████████████████████████████████████████████▋     | 339/360 [09:30<00:27,  1.32s/it]
 94%|█████████████████████████████████████████████████████████████████████████████████████▉     | 340/360 [09:31<00:24,  1.21s/it]
 95%|██████████████████████████████████████████████████████████████████████████████████████▏    | 341/360 [09:32<00:21,  1.14s/it]
 95%|██████████████████████████████████████████████████████████████████████████████████████▍    | 342/360 [09:33<00:19,  1.08s/it]
 95%|██████████████████████████████████████████████████████████████████████████████████████▋    | 343/360 [09:34<00:17,  1.04s/it]
 96%|██████████████████████████████████████████████████████████████████████████████████████▉    | 344/360 [09:35<00:16,  1.02s/it]
 96%|███████████████████████████████████████████████████████████████████████████████████████▏   | 345/360 [09:36<00:14,  1.00it/s]
 96%|███████████████████████████████████████████████████████████████████████████████████████▍   | 346/360 [09:37<00:13,  1.01it/s]
 96%|███████████████████████████████████████████████████████████████████████████████████████▋   | 347/360 [09:38<00:13,  1.05s/it]
 97%|███████████████████████████████████████████████████████████████████████████████████████▉   | 348/360 [09:39<00:12,  1.02s/it]
 97%|████████████████████████████████████████████████████████████████████████████████████████▏  | 349/360 [09:40<00:11,  1.00s/it]
 97%|████████████████████████████████████████████████████████████████████████████████████████▍  | 350/360 [09:41<00:09,  1.01it/s]
                                                                                                                                  

 97%|████████████████████████████████████████████████████████████████████████████████████████▍  | 350/360 [09:41<00:09,  1.01it/s]
 98%|████████████████████████████████████████████████████████████████████████████████████████▋  | 351/360 [09:42<00:08,  1.02it/s]
 98%|████████████████████████████████████████████████████████████████████████████████████████▉  | 352/360 [09:43<00:07,  1.03it/s]
 98%|█████████████████████████████████████████████████████████████████████████████████████████▏ | 353/360 [09:44<00:06,  1.04it/s]
 98%|█████████████████████████████████████████████████████████████████████████████████████████▍ | 354/360 [09:45<00:05,  1.04it/s]
 99%|█████████████████████████████████████████████████████████████████████████████████████████▋ | 355/360 [09:46<00:04,  1.05it/s]
 99%|█████████████████████████████████████████████████████████████████████████████████████████▉ | 356/360 [09:47<00:03,  1.05it/s]
 99%|██████████████████████████████████████████████████████████████████████████████████████████▏| 357/360 [09:48<00:02,  1.05it/s]
 99%|██████████████████████████████████████████████████████████████████████████████████████████▍| 358/360 [09:49<00:01,  1.05it/s]
100%|██████████████████████████████████████████████████████████████████████████████████████████▋| 359/360 [09:50<00:00,  1.04it/s]
100%|███████████████████████████████████████████████████████████████████████████████████████████| 360/360 [09:50<00:00,  1.29it/s]{'loss': '0.2153', 'grad_norm': '1.153', 'learning_rate': '1.818e-06', 'epoch': '11.68'}


Writing model shards:   0%|                                                                                 | 0/1 [00:00<?, ?it/s][A

Writing model shards: 100%|█████████████████████████████████████████████████████████████████████████| 1/1 [00:07<00:00,  7.69s/it][A
Writing model shards: 100%|█████████████████████████████████████████████████████████████████████████| 1/1 [00:07<00:00,  7.69s/it]

                                                                                                                                  

100%|███████████████████████████████████████████████████████████████████████████████████████████| 360/360 [10:12<00:00,  1.29it/s]
100%|███████████████████████████████████████████████████████████████████████████████████████████| 360/360 [10:12<00:00,  1.70s/it]
{'train_runtime': '612.5', 'train_samples_per_second': '9.11', 'train_steps_per_second': '0.588', 'train_loss': '0.7112', 'epoch': '12'}

  0%|                                                                                                      | 0/17 [00:00<?, ?it/s]
 18%|████████████████▌                                                                             | 3/17 [00:00<00:00, 29.01it/s]
 35%|█████████████████████████████████▏                                                            | 6/17 [00:00<00:00, 22.98it/s]
 53%|█████████████████████████████████████████████████▊                                            | 9/17 [00:00<00:00, 23.22it/s]
 71%|█████████████████████████████████████████████████████████████████▋                           | 12/17 [00:00<00:00, 23.08it/s]
 88%|██████████████████████████████████████████████████████████████████████████████████           | 15/17 [00:00<00:00, 23.48it/s]
100%|█████████████████████████████████████████████████████████████████████████████████████████████| 17/17 [00:00<00:00, 23.33it/s]

Writing model shards:   0%|                                                                                 | 0/1 [00:00<?, ?it/s]
Writing model shards: 100%|█████████████████████████████████████████████████████████████████████████| 1/1 [00:07<00:00,  7.92s/it]
Writing model shards: 100%|█████████████████████████████████████████████████████████████████████████| 1/1 [00:07<00:00,  7.92s/it]

Loading weights:   0%|                                                                                    | 0/772 [00:00<?, ?it/s]
Loading weights:   0%|▏                                                                           | 2/772 [00:00<00:51, 14.85it/s]
Loading weights:   3%|██▎                                                                       | 24/772 [00:00<00:06, 111.35it/s]
Loading weights:   7%|█████▏                                                                    | 54/772 [00:00<00:03, 187.18it/s]
Loading weights:  23%|████████████████▊                                                        | 178/772 [00:00<00:01, 571.72it/s]
Loading weights:  38%|███████████████████████████▊                                             | 294/772 [00:00<00:00, 772.03it/s]
Loading weights:  53%|██████████████████████████████████████▌                                  | 408/772 [00:00<00:00, 891.34it/s]
Loading weights:  69%|█████████████████████████████████████████████████▉                      | 536/772 [00:00<00:00, 1010.21it/s]
Loading weights:  86%|█████████████████████████████████████████████████████████████▊          | 663/772 [00:00<00:00, 1081.74it/s]
Loading weights: 100%|█████████████████████████████████████████████████████████████████████████| 772/772 [00:00<00:00, 815.49it/s]

Loading weights:   0%|                                                                                    | 0/772 [00:00<?, ?it/s]
Loading weights:  19%|█████████████▉                                                          | 150/772 [00:00<00:00, 1475.60it/s]
Loading weights:  40%|████████████████████████████▉                                           | 310/772 [00:00<00:00, 1504.18it/s]
Loading weights:  62%|████████████████████████████████████████████▍                           | 476/772 [00:00<00:00, 1573.92it/s]
Loading weights:  82%|███████████████████████████████████████████████████████████▏            | 634/772 [00:00<00:00, 1543.85it/s]
Loading weights: 100%|████████████████████████████████████████████████████████████████████████| 772/772 [00:00<00:00, 1564.47it/s]

Loading weights:   0%|                                                                                    | 0/772 [00:00<?, ?it/s]
Loading weights:   5%|███▋                                                                      | 38/772 [00:00<00:01, 369.49it/s]
Loading weights:  13%|█████████▋                                                               | 102/772 [00:00<00:01, 497.76it/s]
Loading weights:  20%|██████████████▎                                                          | 152/772 [00:00<00:01, 442.32it/s]
Loading weights:  26%|██████████████████▋                                                      | 198/772 [00:00<00:01, 448.23it/s]
Loading weights:  32%|███████████████████████                                                  | 244/772 [00:00<00:01, 442.21it/s]
Loading weights:  37%|███████████████████████████▎                                             | 289/772 [00:00<00:01, 421.63it/s]
Loading weights:  43%|███████████████████████████████▍                                         | 332/772 [00:00<00:01, 398.84it/s]
Loading weights:  48%|███████████████████████████████████▎                                     | 374/772 [00:00<00:01, 392.92it/s]
Loading weights:  54%|███████████████████████████████████████▏                                 | 414/772 [00:01<00:00, 388.93it/s]
Loading weights:  59%|██████████████████████████████████████████▉                              | 454/772 [00:01<00:00, 383.02it/s]
Loading weights:  64%|██████████████████████████████████████████████▉                          | 496/772 [00:01<00:00, 392.15it/s]
Loading weights:  69%|██████████████████████████████████████████████████▋                      | 536/772 [00:01<00:00, 382.72it/s]
Loading weights:  75%|███████████████████████████████████████████████████████                  | 582/772 [00:01<00:00, 399.97it/s]
Loading weights:  81%|██████████████████████████████████████████████████████████▉              | 623/772 [00:01<00:00, 401.52it/s]
Loading weights:  86%|██████████████████████████████████████████████████████████████▊          | 664/772 [00:01<00:00, 382.82it/s]
Loading weights:  92%|███████████████████████████████████████████████████████████████████▏     | 710/772 [00:01<00:00, 400.17it/s]
Loading weights:  97%|███████████████████████████████████████████████████████████████████████  | 751/772 [00:01<00:00, 402.84it/s]
Loading weights: 100%|█████████████████████████████████████████████████████████████████████████| 772/772 [00:01<00:00, 407.30it/s]

Loading weights:   0%|                                                                                    | 0/772 [00:00<?, ?it/s]
Loading weights:   7%|█████▏                                                                    | 54/772 [00:00<00:01, 538.06it/s]
Loading weights:  19%|█████████████▌                                                           | 144/772 [00:00<00:00, 750.55it/s]
Loading weights:  29%|█████████████████████▏                                                   | 224/772 [00:00<00:00, 772.74it/s]
Loading weights:  39%|████████████████████████████▋                                            | 304/772 [00:00<00:00, 782.82it/s]
Loading weights:  50%|████████████████████████████████████▌                                    | 386/772 [00:00<00:00, 791.50it/s]
Loading weights:  61%|████████████████████████████████████████████▍                            | 470/772 [00:00<00:00, 795.88it/s]
Loading weights:  72%|████████████████████████████████████████████████████▏                    | 552/772 [00:00<00:00, 793.48it/s]
Loading weights:  83%|████████████████████████████████████████████████████████████▎            | 638/772 [00:00<00:00, 812.86it/s]
Loading weights:  94%|████████████████████████████████████████████████████████████████████▎    | 722/772 [00:00<00:00, 817.37it/s]
Loading weights: 100%|█████████████████████████████████████████████████████████████████████████| 772/772 [00:00<00:00, 792.74it/s]
