<local-root>/miniconda3/lib/python3.13/site-packages/torch/cuda/__init__.py:61: FutureWarning: The pynvml package is deprecated. Please install nvidia-ml-py instead. If you did not install pynvml directly, please report this to the maintainers of the package that installed pynvml for you.
  import pynvml  # type: ignore[import]
Skipping import of cpp extensions due to incompatible torch version. Please upgrade to torch >= 2.11.0 (found 2.7.1+cu118).

Loading weights:   0%|                                                                                     | 0/76 [00:00<?, ?it/s]
Loading weights: 100%|██████████████████████████████████████████████████████████████████████████| 76/76 [00:00<00:00, 9341.43it/s]
[RANK 0] Detected kernel version 5.4.0, which is below the recommended minimum of 5.5.0; this can cause the process to hang. It is recommended to upgrade the kernel to the minimum version or higher.

  0%|                                                                                                     | 0/600 [00:00<?, ?it/s][transformers] `loss_type=None` was set in the config but it is unrecognized. Using the default loss: `ForCausalLMLoss`.

  0%|▏                                                                                            | 1/600 [00:00<02:51,  3.50it/s]
  0%|▍                                                                                            | 3/600 [00:00<01:18,  7.62it/s]
  1%|▊                                                                                            | 5/600 [00:00<00:56, 10.52it/s]
  1%|█                                                                                            | 7/600 [00:00<00:48, 12.26it/s]
  2%|█▍                                                                                           | 9/600 [00:00<00:43, 13.48it/s]
  2%|█▋                                                                                          | 11/600 [00:00<00:41, 14.28it/s]
  2%|█▉                                                                                          | 13/600 [00:01<00:39, 14.81it/s]
  2%|██▎                                                                                         | 15/600 [00:01<00:38, 15.21it/s]
  3%|██▌                                                                                         | 17/600 [00:01<00:37, 15.49it/s]
  3%|██▉                                                                                         | 19/600 [00:01<00:37, 15.65it/s]
  4%|███▏                                                                                        | 21/600 [00:01<00:36, 15.75it/s]
  4%|███▌                                                                                        | 23/600 [00:01<00:36, 15.80it/s]
  4%|███▊                                                                                        | 25/600 [00:01<00:36, 15.88it/s]
                                                                                                                                  

  4%|███▊                                                                                        | 25/600 [00:01<00:36, 15.88it/s]
  4%|████▏                                                                                       | 27/600 [00:01<00:36, 15.91it/s]
  5%|████▍                                                                                       | 29/600 [00:02<00:35, 15.92it/s]{'loss': '4.104', 'grad_norm': '6.881', 'learning_rate': '3.667e-05', 'epoch': '0.8475'}


Writing model shards:   0%|                                                                                 | 0/1 [00:00<?, ?it/s][A

Writing model shards: 100%|█████████████████████████████████████████████████████████████████████████| 1/1 [00:00<00:00,  2.32it/s][A
Writing model shards: 100%|█████████████████████████████████████████████████████████████████████████| 1/1 [00:00<00:00,  2.32it/s]

  5%|████▊                                                                                       | 31/600 [00:03<02:24,  3.95it/s]
  6%|█████                                                                                       | 33/600 [00:03<01:50,  5.11it/s]
  6%|█████▎                                                                                      | 35/600 [00:03<01:28,  6.41it/s]
  6%|█████▋                                                                                      | 37/600 [00:03<01:11,  7.82it/s]
  6%|█████▉                                                                                      | 39/600 [00:03<01:00,  9.24it/s]
  7%|██████▎                                                                                     | 41/600 [00:04<00:52, 10.60it/s]
  7%|██████▌                                                                                     | 43/600 [00:04<00:47, 11.82it/s]
  8%|██████▉                                                                                     | 45/600 [00:04<00:43, 12.77it/s]
  8%|███████▏                                                                                    | 47/600 [00:04<00:40, 13.62it/s]
  8%|███████▌                                                                                    | 49/600 [00:04<00:38, 14.29it/s]
                                                                                                                                  

  8%|███████▋                                                                                    | 50/600 [00:04<00:38, 14.29it/s]
  8%|███████▊                                                                                    | 51/600 [00:04<00:37, 14.78it/s]
  9%|████████▏                                                                                   | 53/600 [00:04<00:36, 15.14it/s]
  9%|████████▍                                                                                   | 55/600 [00:04<00:35, 15.38it/s]
 10%|████████▋                                                                                   | 57/600 [00:05<00:34, 15.59it/s]
 10%|█████████                                                                                   | 59/600 [00:05<00:34, 15.75it/s]{'loss': '2.699', 'grad_norm': '5.169', 'learning_rate': '4.851e-05', 'epoch': '1.678'}


Writing model shards:   0%|                                                                                 | 0/1 [00:00<?, ?it/s][A

Writing model shards: 100%|█████████████████████████████████████████████████████████████████████████| 1/1 [00:00<00:00,  2.35it/s][A
Writing model shards: 100%|█████████████████████████████████████████████████████████████████████████| 1/1 [00:00<00:00,  2.34it/s]

 10%|█████████▎                                                                                  | 61/600 [00:06<02:12,  4.07it/s]
 10%|█████████▋                                                                                  | 63/600 [00:06<01:42,  5.24it/s]
 11%|█████████▉                                                                                  | 65/600 [00:06<01:21,  6.56it/s]
 11%|██████████▎                                                                                 | 67/600 [00:06<01:06,  7.98it/s]
 12%|██████████▌                                                                                 | 69/600 [00:07<00:56,  9.40it/s]
 12%|██████████▉                                                                                 | 71/600 [00:07<00:49, 10.75it/s]
 12%|███████████▏                                                                                | 73/600 [00:07<00:44, 11.90it/s]
 12%|███████████▌                                                                                | 75/600 [00:07<00:40, 12.91it/s]
                                                                                                                                  

 12%|███████████▌                                                                                | 75/600 [00:07<00:40, 12.91it/s]
 13%|███████████▊                                                                                | 77/600 [00:07<00:38, 13.72it/s]
 13%|████████████                                                                                | 79/600 [00:07<00:36, 14.34it/s]
 14%|████████████▍                                                                               | 81/600 [00:07<00:35, 14.80it/s]
 14%|████████████▋                                                                               | 83/600 [00:07<00:34, 15.15it/s]
 14%|█████████████                                                                               | 85/600 [00:08<00:33, 15.39it/s]
 14%|█████████████▎                                                                              | 87/600 [00:08<00:32, 15.60it/s]
 15%|█████████████▋                                                                              | 89/600 [00:08<00:32, 15.70it/s]{'loss': '1.999', 'grad_norm': '6.423', 'learning_rate': '4.64e-05', 'epoch': '2.508'}


Writing model shards:   0%|                                                                                 | 0/1 [00:00<?, ?it/s][A

Writing model shards: 100%|█████████████████████████████████████████████████████████████████████████| 1/1 [00:00<00:00,  2.12it/s][A
Writing model shards: 100%|█████████████████████████████████████████████████████████████████████████| 1/1 [00:00<00:00,  2.12it/s]

 15%|█████████████▉                                                                              | 91/600 [00:09<02:11,  3.86it/s]
 16%|██████████████▎                                                                             | 93/600 [00:09<01:42,  4.96it/s]
 16%|██████████████▌                                                                             | 95/600 [00:09<01:20,  6.28it/s]
 16%|██████████████▊                                                                             | 97/600 [00:10<01:05,  7.68it/s]
 16%|███████████████▏                                                                            | 99/600 [00:10<00:55,  9.11it/s]
                                                                                                                                  

 17%|███████████████▏                                                                           | 100/600 [00:10<00:54,  9.11it/s]
 17%|███████████████▎                                                                           | 101/600 [00:10<00:47, 10.44it/s]
 17%|███████████████▌                                                                           | 103/600 [00:10<00:42, 11.63it/s]
 18%|███████████████▉                                                                           | 105/600 [00:10<00:38, 12.70it/s]
 18%|████████████████▏                                                                          | 107/600 [00:10<00:36, 13.53it/s]
 18%|████████████████▌                                                                          | 109/600 [00:10<00:34, 14.21it/s]
 18%|████████████████▊                                                                          | 111/600 [00:10<00:33, 14.74it/s]
 19%|█████████████████▏                                                                         | 113/600 [00:11<00:32, 15.11it/s]
 19%|█████████████████▍                                                                         | 115/600 [00:11<00:31, 15.39it/s]
 20%|█████████████████▋                                                                         | 117/600 [00:11<00:31, 15.55it/s]
 20%|██████████████████                                                                         | 119/600 [00:11<00:30, 15.73it/s]{'loss': '1.748', 'grad_norm': '6.247', 'learning_rate': '4.421e-05', 'epoch': '3.339'}


Writing model shards:   0%|                                                                                 | 0/1 [00:00<?, ?it/s][A

Writing model shards: 100%|█████████████████████████████████████████████████████████████████████████| 1/1 [00:00<00:00,  2.39it/s][A
Writing model shards: 100%|█████████████████████████████████████████████████████████████████████████| 1/1 [00:00<00:00,  2.39it/s]

 20%|██████████████████▎                                                                        | 121/600 [00:12<02:05,  3.82it/s]
 20%|██████████████████▋                                                                        | 123/600 [00:13<01:36,  4.95it/s]
 21%|██████████████████▉                                                                        | 125/600 [00:13<01:16,  6.25it/s]
                                                                                                                                  

 21%|██████████████████▉                                                                        | 125/600 [00:13<01:16,  6.25it/s]
 21%|███████████████████▎                                                                       | 127/600 [00:13<01:01,  7.65it/s]
 22%|███████████████████▌                                                                       | 129/600 [00:13<00:51,  9.08it/s]
 22%|███████████████████▊                                                                       | 131/600 [00:13<00:45, 10.25it/s]
 22%|████████████████████▏                                                                      | 133/600 [00:13<00:40, 11.56it/s]
 22%|████████████████████▍                                                                      | 135/600 [00:13<00:36, 12.64it/s]
 23%|████████████████████▊                                                                      | 137/600 [00:13<00:34, 13.47it/s]
 23%|█████████████████████                                                                      | 139/600 [00:14<00:32, 14.18it/s]
 24%|█████████████████████▍                                                                     | 141/600 [00:14<00:31, 14.70it/s]
 24%|█████████████████████▋                                                                     | 143/600 [00:14<00:30, 15.07it/s]
 24%|█████████████████████▉                                                                     | 145/600 [00:14<00:29, 15.39it/s]
 24%|██████████████████████▎                                                                    | 147/600 [00:14<00:29, 15.56it/s]
 25%|██████████████████████▌                                                                    | 149/600 [00:14<00:28, 15.71it/s]
                                                                                                                                  

 25%|██████████████████████▊                                                                    | 150/600 [00:14<00:28, 15.71it/s]{'loss': '1.658', 'grad_norm': '6.603', 'learning_rate': '4.202e-05', 'epoch': '4.169'}
{'loss': '1.547', 'grad_norm': 'inf', 'learning_rate': '3.982e-05', 'epoch': '5'}


Writing model shards:   0%|                                                                                 | 0/1 [00:00<?, ?it/s][A

Writing model shards: 100%|█████████████████████████████████████████████████████████████████████████| 1/1 [00:00<00:00,  2.33it/s][A
Writing model shards: 100%|█████████████████████████████████████████████████████████████████████████| 1/1 [00:00<00:00,  2.33it/s]

 25%|██████████████████████▉                                                                    | 151/600 [00:16<01:55,  3.87it/s]
 26%|███████████████████████▏                                                                   | 153/600 [00:16<01:29,  5.01it/s]
 26%|███████████████████████▌                                                                   | 155/600 [00:16<01:10,  6.31it/s]
 26%|███████████████████████▊                                                                   | 157/600 [00:16<00:58,  7.55it/s]
 26%|████████████████████████                                                                   | 159/600 [00:16<00:49,  8.99it/s]
 27%|████████████████████████▍                                                                  | 161/600 [00:16<00:42, 10.37it/s]
 27%|████████████████████████▋                                                                  | 163/600 [00:16<00:37, 11.58it/s]
 28%|█████████████████████████                                                                  | 165/600 [00:16<00:34, 12.66it/s]
 28%|█████████████████████████▎                                                                 | 167/600 [00:17<00:32, 13.53it/s]
 28%|█████████████████████████▋                                                                 | 169/600 [00:17<00:30, 14.16it/s]
 28%|█████████████████████████▉                                                                 | 171/600 [00:17<00:29, 14.73it/s]
 29%|██████████████████████████▏                                                                | 173/600 [00:17<00:28, 15.05it/s]
 29%|██████████████████████████▌                                                                | 175/600 [00:17<00:27, 15.37it/s]
                                                                                                                                  

 29%|██████████████████████████▌                                                                | 175/600 [00:17<00:27, 15.37it/s]
 30%|██████████████████████████▊                                                                | 177/600 [00:17<00:27, 15.59it/s]
 30%|███████████████████████████▏                                                               | 179/600 [00:17<00:30, 13.84it/s]{'loss': '1.462', 'grad_norm': '6.281', 'learning_rate': '3.772e-05', 'epoch': '5.847'}


Writing model shards:   0%|                                                                                 | 0/1 [00:00<?, ?it/s][A

Writing model shards: 100%|█████████████████████████████████████████████████████████████████████████| 1/1 [00:00<00:00,  2.40it/s][A
Writing model shards: 100%|█████████████████████████████████████████████████████████████████████████| 1/1 [00:00<00:00,  2.40it/s]

 30%|███████████████████████████▍                                                               | 181/600 [00:19<01:46,  3.92it/s]
 30%|███████████████████████████▊                                                               | 183/600 [00:19<01:22,  5.07it/s]
 31%|████████████████████████████                                                               | 185/600 [00:19<01:05,  6.38it/s]
 31%|████████████████████████████▎                                                              | 187/600 [00:19<00:52,  7.80it/s]
 32%|████████████████████████████▋                                                              | 189/600 [00:19<00:44,  9.18it/s]
 32%|████████████████████████████▉                                                              | 191/600 [00:19<00:38, 10.55it/s]
 32%|█████████████████████████████▎                                                             | 193/600 [00:20<00:34, 11.77it/s]
 32%|█████████████████████████████▌                                                             | 195/600 [00:20<00:31, 12.77it/s]
 33%|█████████████████████████████▉                                                             | 197/600 [00:20<00:29, 13.62it/s]
 33%|██████████████████████████████▏                                                            | 199/600 [00:20<00:28, 14.29it/s]
                                                                                                                                  

 33%|██████████████████████████████▎                                                            | 200/600 [00:20<00:27, 14.29it/s]
 34%|██████████████████████████████▍                                                            | 201/600 [00:20<00:27, 14.76it/s]
 34%|██████████████████████████████▊                                                            | 203/600 [00:20<00:26, 15.15it/s]
 34%|███████████████████████████████                                                            | 205/600 [00:20<00:25, 15.44it/s]
 34%|███████████████████████████████▍                                                           | 207/600 [00:20<00:25, 15.60it/s]
 35%|███████████████████████████████▋                                                           | 209/600 [00:21<00:24, 15.76it/s]{'loss': '1.383', 'grad_norm': '5.87', 'learning_rate': '3.553e-05', 'epoch': '6.678'}


Writing model shards:   0%|                                                                                 | 0/1 [00:00<?, ?it/s][A

Writing model shards: 100%|█████████████████████████████████████████████████████████████████████████| 1/1 [00:00<00:00,  2.04it/s][A
Writing model shards: 100%|█████████████████████████████████████████████████████████████████████████| 1/1 [00:00<00:00,  2.04it/s]

 35%|████████████████████████████████                                                           | 211/600 [00:22<01:43,  3.76it/s]
 36%|████████████████████████████████▎                                                          | 213/600 [00:22<01:19,  4.89it/s]
 36%|████████████████████████████████▌                                                          | 215/600 [00:22<01:02,  6.18it/s]
 36%|████████████████████████████████▉                                                          | 217/600 [00:22<00:50,  7.58it/s]
 36%|█████████████████████████████████▏                                                         | 219/600 [00:22<00:42,  9.02it/s]
 37%|█████████████████████████████████▌                                                         | 221/600 [00:23<00:36, 10.38it/s]
 37%|█████████████████████████████████▊                                                         | 223/600 [00:23<00:32, 11.62it/s]
 38%|██████████████████████████████████▏                                                        | 225/600 [00:23<00:29, 12.68it/s]
                                                                                                                                  

 38%|██████████████████████████████████▏                                                        | 225/600 [00:23<00:29, 12.68it/s]
 38%|██████████████████████████████████▍                                                        | 227/600 [00:23<00:27, 13.53it/s]
 38%|██████████████████████████████████▋                                                        | 229/600 [00:23<00:26, 14.22it/s]
 38%|███████████████████████████████████                                                        | 231/600 [00:23<00:25, 14.75it/s]
 39%|███████████████████████████████████▎                                                       | 233/600 [00:23<00:24, 15.08it/s]
 39%|███████████████████████████████████▋                                                       | 235/600 [00:23<00:23, 15.39it/s]
 40%|███████████████████████████████████▉                                                       | 237/600 [00:24<00:23, 15.61it/s]
 40%|████████████████████████████████████▏                                                      | 239/600 [00:24<00:22, 15.74it/s]{'loss': '1.343', 'grad_norm': '5.359', 'learning_rate': '3.333e-05', 'epoch': '7.508'}


Writing model shards:   0%|                                                                                 | 0/1 [00:00<?, ?it/s][A

Writing model shards: 100%|█████████████████████████████████████████████████████████████████████████| 1/1 [00:00<00:00,  2.42it/s][A
Writing model shards: 100%|█████████████████████████████████████████████████████████████████████████| 1/1 [00:00<00:00,  2.42it/s]

 40%|████████████████████████████████████▌                                                      | 241/600 [00:25<01:29,  4.01it/s]
 40%|████████████████████████████████████▊                                                      | 243/600 [00:25<01:09,  5.17it/s]
 41%|█████████████████████████████████████▏                                                     | 245/600 [00:25<00:54,  6.50it/s]
 41%|█████████████████████████████████████▍                                                     | 247/600 [00:25<00:44,  7.91it/s]
 42%|█████████████████████████████████████▊                                                     | 249/600 [00:26<00:37,  9.33it/s]
                                                                                                                                  

 42%|█████████████████████████████████████▉                                                     | 250/600 [00:26<00:37,  9.33it/s]
 42%|██████████████████████████████████████                                                     | 251/600 [00:26<00:32, 10.67it/s]
 42%|██████████████████████████████████████▎                                                    | 253/600 [00:26<00:29, 11.85it/s]
 42%|██████████████████████████████████████▋                                                    | 255/600 [00:26<00:26, 12.88it/s]
 43%|██████████████████████████████████████▉                                                    | 257/600 [00:26<00:25, 13.71it/s]
 43%|███████████████████████████████████████▎                                                   | 259/600 [00:26<00:23, 14.30it/s]
 44%|███████████████████████████████████████▌                                                   | 261/600 [00:26<00:22, 14.80it/s]
 44%|███████████████████████████████████████▉                                                   | 263/600 [00:26<00:22, 15.17it/s]
 44%|████████████████████████████████████████▏                                                  | 265/600 [00:27<00:21, 15.42it/s]
 44%|████████████████████████████████████████▍                                                  | 267/600 [00:27<00:21, 15.61it/s]
 45%|████████████████████████████████████████▊                                                  | 269/600 [00:27<00:21, 15.73it/s]{'loss': '1.301', 'grad_norm': '5.784', 'learning_rate': '3.114e-05', 'epoch': '8.339'}


Writing model shards:   0%|                                                                                 | 0/1 [00:00<?, ?it/s][A

Writing model shards: 100%|█████████████████████████████████████████████████████████████████████████| 1/1 [00:00<00:00,  2.46it/s][A
Writing model shards: 100%|█████████████████████████████████████████████████████████████████████████| 1/1 [00:00<00:00,  2.46it/s]

 45%|█████████████████████████████████████████                                                  | 271/600 [00:28<01:20,  4.07it/s]
 46%|█████████████████████████████████████████▍                                                 | 273/600 [00:28<01:02,  5.25it/s]
 46%|█████████████████████████████████████████▋                                                 | 275/600 [00:28<00:49,  6.58it/s]
                                                                                                                                  

 46%|█████████████████████████████████████████▋                                                 | 275/600 [00:28<00:49,  6.58it/s]
 46%|██████████████████████████████████████████                                                 | 277/600 [00:29<00:40,  7.97it/s]
 46%|██████████████████████████████████████████▎                                                | 279/600 [00:29<00:34,  9.40it/s]
 47%|██████████████████████████████████████████▌                                                | 281/600 [00:29<00:29, 10.74it/s]
 47%|██████████████████████████████████████████▉                                                | 283/600 [00:29<00:26, 11.91it/s]
 48%|███████████████████████████████████████████▏                                               | 285/600 [00:29<00:24, 12.95it/s]
 48%|███████████████████████████████████████████▌                                               | 287/600 [00:29<00:22, 13.74it/s]
 48%|███████████████████████████████████████████▊                                               | 289/600 [00:29<00:22, 13.95it/s]
 48%|████████████████████████████████████████████▏                                              | 291/600 [00:29<00:21, 14.61it/s]
 49%|████████████████████████████████████████████▍                                              | 293/600 [00:30<00:20, 15.04it/s]
 49%|████████████████████████████████████████████▋                                              | 295/600 [00:30<00:19, 15.33it/s]
 50%|█████████████████████████████████████████████                                              | 297/600 [00:30<00:19, 15.56it/s]
 50%|█████████████████████████████████████████████▎                                             | 299/600 [00:30<00:19, 15.73it/s]
                                                                                                                                  

 50%|█████████████████████████████████████████████▌                                             | 300/600 [00:30<00:19, 15.73it/s]{'loss': '1.268', 'grad_norm': '5.501', 'learning_rate': '2.895e-05', 'epoch': '9.169'}
{'loss': '1.216', 'grad_norm': '22.64', 'learning_rate': '2.675e-05', 'epoch': '10'}


Writing model shards:   0%|                                                                                 | 0/1 [00:00<?, ?it/s][A

Writing model shards: 100%|█████████████████████████████████████████████████████████████████████████| 1/1 [00:00<00:00,  2.13it/s][A
Writing model shards: 100%|█████████████████████████████████████████████████████████████████████████| 1/1 [00:00<00:00,  2.13it/s]

 50%|█████████████████████████████████████████████▋                                             | 301/600 [00:32<01:24,  3.56it/s]
 50%|█████████████████████████████████████████████▉                                             | 303/600 [00:32<01:03,  4.64it/s]
 51%|██████████████████████████████████████████████▎                                            | 305/600 [00:32<00:49,  5.90it/s]
 51%|██████████████████████████████████████████████▌                                            | 307/600 [00:32<00:40,  7.29it/s]
 52%|██████████████████████████████████████████████▊                                            | 309/600 [00:32<00:33,  8.73it/s]
 52%|███████████████████████████████████████████████▏                                           | 311/600 [00:32<00:28, 10.12it/s]
 52%|███████████████████████████████████████████████▍                                           | 313/600 [00:32<00:25, 11.39it/s]
 52%|███████████████████████████████████████████████▊                                           | 315/600 [00:32<00:22, 12.44it/s]
 53%|████████████████████████████████████████████████                                           | 317/600 [00:33<00:21, 13.37it/s]
 53%|████████████████████████████████████████████████▍                                          | 319/600 [00:33<00:19, 14.09it/s]
 54%|████████████████████████████████████████████████▋                                          | 321/600 [00:33<00:19, 14.59it/s]
 54%|████████████████████████████████████████████████▉                                          | 323/600 [00:33<00:18, 15.02it/s]
 54%|█████████████████████████████████████████████████▎                                         | 325/600 [00:33<00:17, 15.34it/s]
                                                                                                                                  

 54%|█████████████████████████████████████████████████▎                                         | 325/600 [00:33<00:17, 15.34it/s]
 55%|█████████████████████████████████████████████████▌                                         | 327/600 [00:33<00:17, 15.51it/s]
 55%|█████████████████████████████████████████████████▉                                         | 329/600 [00:33<00:17, 15.71it/s]{'loss': '1.213', 'grad_norm': '6.866', 'learning_rate': '2.456e-05', 'epoch': '10.85'}


Writing model shards:   0%|                                                                                 | 0/1 [00:00<?, ?it/s][A

Writing model shards: 100%|█████████████████████████████████████████████████████████████████████████| 1/1 [00:00<00:00,  2.40it/s][A
Writing model shards: 100%|█████████████████████████████████████████████████████████████████████████| 1/1 [00:00<00:00,  2.40it/s]

 55%|██████████████████████████████████████████████████▏                                        | 331/600 [00:35<01:14,  3.61it/s]
 56%|██████████████████████████████████████████████████▌                                        | 333/600 [00:35<00:56,  4.70it/s]
 56%|██████████████████████████████████████████████████▊                                        | 335/600 [00:35<00:44,  5.97it/s]
 56%|███████████████████████████████████████████████████                                        | 337/600 [00:35<00:35,  7.36it/s]
 56%|███████████████████████████████████████████████████▍                                       | 339/600 [00:35<00:29,  8.80it/s]
 57%|███████████████████████████████████████████████████▋                                       | 341/600 [00:35<00:25, 10.19it/s]
 57%|████████████████████████████████████████████████████                                       | 343/600 [00:36<00:22, 11.45it/s]
 57%|████████████████████████████████████████████████████▎                                      | 345/600 [00:36<00:20, 12.54it/s]
 58%|████████████████████████████████████████████████████▋                                      | 347/600 [00:36<00:18, 13.43it/s]
 58%|████████████████████████████████████████████████████▉                                      | 349/600 [00:36<00:17, 14.13it/s]
                                                                                                                                  

 58%|█████████████████████████████████████████████████████                                      | 350/600 [00:36<00:17, 14.13it/s]
 58%|█████████████████████████████████████████████████████▏                                     | 351/600 [00:36<00:17, 14.60it/s]
 59%|█████████████████████████████████████████████████████▌                                     | 353/600 [00:36<00:16, 15.03it/s]
 59%|█████████████████████████████████████████████████████▊                                     | 355/600 [00:36<00:16, 14.57it/s]
 60%|██████████████████████████████████████████████████████▏                                    | 357/600 [00:36<00:16, 14.96it/s]
 60%|██████████████████████████████████████████████████████▍                                    | 359/600 [00:37<00:15, 15.29it/s]{'loss': '1.148', 'grad_norm': '6.992', 'learning_rate': '2.237e-05', 'epoch': '11.68'}


Writing model shards:   0%|                                                                                 | 0/1 [00:00<?, ?it/s][A

Writing model shards: 100%|█████████████████████████████████████████████████████████████████████████| 1/1 [00:00<00:00,  2.44it/s][A
Writing model shards: 100%|█████████████████████████████████████████████████████████████████████████| 1/1 [00:00<00:00,  2.44it/s]

 60%|██████████████████████████████████████████████████████▊                                    | 361/600 [00:38<00:59,  4.01it/s]
 60%|███████████████████████████████████████████████████████                                    | 363/600 [00:38<00:45,  5.18it/s]
 61%|███████████████████████████████████████████████████████▎                                   | 365/600 [00:38<00:36,  6.50it/s]
 61%|███████████████████████████████████████████████████████▋                                   | 367/600 [00:38<00:29,  7.92it/s]
 62%|███████████████████████████████████████████████████████▉                                   | 369/600 [00:38<00:24,  9.33it/s]
 62%|████████████████████████████████████████████████████████▎                                  | 371/600 [00:39<00:21, 10.66it/s]
 62%|████████████████████████████████████████████████████████▌                                  | 373/600 [00:39<00:19, 11.85it/s]
 62%|████████████████████████████████████████████████████████▉                                  | 375/600 [00:39<00:17, 12.88it/s]
                                                                                                                                  

 62%|████████████████████████████████████████████████████████▉                                  | 375/600 [00:39<00:17, 12.88it/s]
 63%|█████████████████████████████████████████████████████████▏                                 | 377/600 [00:39<00:16, 13.70it/s]
 63%|█████████████████████████████████████████████████████████▍                                 | 379/600 [00:39<00:15, 14.31it/s]
 64%|█████████████████████████████████████████████████████████▊                                 | 381/600 [00:39<00:14, 14.82it/s]
 64%|██████████████████████████████████████████████████████████                                 | 383/600 [00:39<00:14, 15.20it/s]
 64%|██████████████████████████████████████████████████████████▍                                | 385/600 [00:39<00:13, 15.42it/s]
 64%|██████████████████████████████████████████████████████████▋                                | 387/600 [00:40<00:13, 15.63it/s]
 65%|██████████████████████████████████████████████████████████▉                                | 389/600 [00:40<00:13, 15.76it/s]{'loss': '1.17', 'grad_norm': '4.968', 'learning_rate': '2.018e-05', 'epoch': '12.51'}


Writing model shards:   0%|                                                                                 | 0/1 [00:00<?, ?it/s][A

Writing model shards: 100%|█████████████████████████████████████████████████████████████████████████| 1/1 [00:00<00:00,  2.05it/s][A
Writing model shards: 100%|█████████████████████████████████████████████████████████████████████████| 1/1 [00:00<00:00,  2.05it/s]

 65%|███████████████████████████████████████████████████████████▎                               | 391/600 [00:41<00:55,  3.75it/s]
 66%|███████████████████████████████████████████████████████████▌                               | 393/600 [00:41<00:42,  4.88it/s]
 66%|███████████████████████████████████████████████████████████▉                               | 395/600 [00:41<00:33,  6.16it/s]
 66%|████████████████████████████████████████████████████████████▏                              | 397/600 [00:42<00:26,  7.57it/s]
 66%|████████████████████████████████████████████████████████████▌                              | 399/600 [00:42<00:22,  8.98it/s]
                                                                                                                                  

 67%|████████████████████████████████████████████████████████████▋                              | 400/600 [00:42<00:22,  8.98it/s]
 67%|████████████████████████████████████████████████████████████▊                              | 401/600 [00:42<00:19, 10.35it/s]
 67%|█████████████████████████████████████████████████████████████                              | 403/600 [00:42<00:16, 11.60it/s]
 68%|█████████████████████████████████████████████████████████████▍                             | 405/600 [00:42<00:15, 12.64it/s]
 68%|█████████████████████████████████████████████████████████████▋                             | 407/600 [00:42<00:14, 13.52it/s]
 68%|██████████████████████████████████████████████████████████████                             | 409/600 [00:42<00:13, 14.21it/s]
 68%|██████████████████████████████████████████████████████████████▎                            | 411/600 [00:42<00:12, 14.70it/s]
 69%|██████████████████████████████████████████████████████████████▋                            | 413/600 [00:43<00:12, 15.12it/s]
 69%|██████████████████████████████████████████████████████████████▉                            | 415/600 [00:43<00:12, 14.84it/s]
 70%|███████████████████████████████████████████████████████████████▏                           | 417/600 [00:43<00:12, 15.16it/s]
 70%|███████████████████████████████████████████████████████████████▌                           | 419/600 [00:43<00:11, 15.45it/s]{'loss': '1.113', 'grad_norm': '5.3', 'learning_rate': '1.798e-05', 'epoch': '13.34'}


Writing model shards:   0%|                                                                                 | 0/1 [00:00<?, ?it/s][A

Writing model shards: 100%|█████████████████████████████████████████████████████████████████████████| 1/1 [00:00<00:00,  2.46it/s][A
Writing model shards: 100%|█████████████████████████████████████████████████████████████████████████| 1/1 [00:00<00:00,  2.45it/s]

 70%|███████████████████████████████████████████████████████████████▊                           | 421/600 [00:44<00:45,  3.96it/s]
 70%|████████████████████████████████████████████████████████████████▏                          | 423/600 [00:44<00:34,  5.11it/s]
 71%|████████████████████████████████████████████████████████████████▍                          | 425/600 [00:45<00:27,  6.43it/s]
                                                                                                                                  

 71%|████████████████████████████████████████████████████████████████▍                          | 425/600 [00:45<00:27,  6.43it/s]
 71%|████████████████████████████████████████████████████████████████▊                          | 427/600 [00:45<00:22,  7.83it/s]
 72%|█████████████████████████████████████████████████████████████████                          | 429/600 [00:45<00:18,  9.24it/s]
 72%|█████████████████████████████████████████████████████████████████▎                         | 431/600 [00:45<00:15, 10.60it/s]
 72%|█████████████████████████████████████████████████████████████████▋                         | 433/600 [00:45<00:14, 11.82it/s]
 72%|█████████████████████████████████████████████████████████████████▉                         | 435/600 [00:45<00:12, 12.83it/s]
 73%|██████████████████████████████████████████████████████████████████▎                        | 437/600 [00:45<00:11, 13.68it/s]
 73%|██████████████████████████████████████████████████████████████████▌                        | 439/600 [00:45<00:11, 14.32it/s]
 74%|██████████████████████████████████████████████████████████████████▉                        | 441/600 [00:46<00:10, 14.80it/s]
 74%|███████████████████████████████████████████████████████████████████▏                       | 443/600 [00:46<00:10, 15.15it/s]
 74%|███████████████████████████████████████████████████████████████████▍                       | 445/600 [00:46<00:10, 15.34it/s]
 74%|███████████████████████████████████████████████████████████████████▊                       | 447/600 [00:46<00:09, 15.58it/s]
 75%|████████████████████████████████████████████████████████████████████                       | 449/600 [00:46<00:09, 15.74it/s]
                                                                                                                                  

 75%|████████████████████████████████████████████████████████████████████▎                      | 450/600 [00:46<00:09, 15.74it/s]{'loss': '1.111', 'grad_norm': '5.235', 'learning_rate': '1.579e-05', 'epoch': '14.17'}
{'loss': '1.115', 'grad_norm': '21.5', 'learning_rate': '1.36e-05', 'epoch': '15'}


Writing model shards:   0%|                                                                                 | 0/1 [00:00<?, ?it/s][A

Writing model shards: 100%|█████████████████████████████████████████████████████████████████████████| 1/1 [00:00<00:00,  2.44it/s][A
Writing model shards: 100%|█████████████████████████████████████████████████████████████████████████| 1/1 [00:00<00:00,  2.43it/s]

 75%|████████████████████████████████████████████████████████████████████▍                      | 451/600 [00:47<00:35,  4.17it/s]
 76%|████████████████████████████████████████████████████████████████████▋                      | 453/600 [00:47<00:27,  5.35it/s]
 76%|█████████████████████████████████████████████████████████████████████                      | 455/600 [00:48<00:21,  6.69it/s]
 76%|█████████████████████████████████████████████████████████████████████▎                     | 457/600 [00:48<00:17,  8.10it/s]
 76%|█████████████████████████████████████████████████████████████████████▌                     | 459/600 [00:48<00:14,  9.52it/s]
 77%|█████████████████████████████████████████████████████████████████████▉                     | 461/600 [00:48<00:12, 10.83it/s]
 77%|██████████████████████████████████████████████████████████████████████▏                    | 463/600 [00:48<00:11, 12.02it/s]
 78%|██████████████████████████████████████████████████████████████████████▌                    | 465/600 [00:48<00:10, 13.00it/s]
 78%|██████████████████████████████████████████████████████████████████████▊                    | 467/600 [00:48<00:09, 13.79it/s]
 78%|███████████████████████████████████████████████████████████████████████▏                   | 469/600 [00:48<00:09, 14.42it/s]
 78%|███████████████████████████████████████████████████████████████████████▍                   | 471/600 [00:49<00:08, 14.82it/s]
 79%|███████████████████████████████████████████████████████████████████████▋                   | 473/600 [00:49<00:08, 15.18it/s]
 79%|████████████████████████████████████████████████████████████████████████                   | 475/600 [00:49<00:08, 15.44it/s]
                                                                                                                                  

 79%|████████████████████████████████████████████████████████████████████████                   | 475/600 [00:49<00:08, 15.44it/s]
 80%|████████████████████████████████████████████████████████████████████████▎                  | 477/600 [00:49<00:07, 15.56it/s]
 80%|████████████████████████████████████████████████████████████████████████▋                  | 479/600 [00:49<00:07, 15.73it/s]{'loss': '1.091', 'grad_norm': '5.597', 'learning_rate': '1.14e-05', 'epoch': '15.85'}


Writing model shards:   0%|                                                                                 | 0/1 [00:00<?, ?it/s][A

Writing model shards: 100%|█████████████████████████████████████████████████████████████████████████| 1/1 [00:00<00:00,  2.08it/s][A
Writing model shards: 100%|█████████████████████████████████████████████████████████████████████████| 1/1 [00:00<00:00,  2.08it/s]

 80%|████████████████████████████████████████████████████████████████████████▉                  | 481/600 [00:51<00:31,  3.73it/s]
 80%|█████████████████████████████████████████████████████████████████████████▎                 | 483/600 [00:51<00:24,  4.84it/s]
 81%|█████████████████████████████████████████████████████████████████████████▌                 | 485/600 [00:51<00:18,  6.13it/s]
 81%|█████████████████████████████████████████████████████████████████████████▊                 | 487/600 [00:51<00:15,  7.53it/s]
 82%|██████████████████████████████████████████████████████████████████████████▏                | 489/600 [00:51<00:12,  8.96it/s]
 82%|██████████████████████████████████████████████████████████████████████████▍                | 491/600 [00:51<00:10, 10.33it/s]
 82%|██████████████████████████████████████████████████████████████████████████▊                | 493/600 [00:51<00:09, 11.58it/s]
 82%|███████████████████████████████████████████████████████████████████████████                | 495/600 [00:51<00:08, 12.60it/s]
 83%|███████████████████████████████████████████████████████████████████████████▍               | 497/600 [00:52<00:07, 13.49it/s]
 83%|███████████████████████████████████████████████████████████████████████████▋               | 499/600 [00:52<00:07, 14.17it/s]
                                                                                                                                  

 83%|███████████████████████████████████████████████████████████████████████████▊               | 500/600 [00:52<00:07, 14.17it/s]
 84%|███████████████████████████████████████████████████████████████████████████▉               | 501/600 [00:52<00:06, 14.62it/s]
 84%|████████████████████████████████████████████████████████████████████████████▎              | 503/600 [00:52<00:06, 15.05it/s]
 84%|████████████████████████████████████████████████████████████████████████████▌              | 505/600 [00:52<00:06, 15.37it/s]
 84%|████████████████████████████████████████████████████████████████████████████▉              | 507/600 [00:52<00:05, 15.55it/s]
 85%|█████████████████████████████████████████████████████████████████████████████▏             | 509/600 [00:52<00:05, 15.72it/s]{'loss': '1.071', 'grad_norm': '4.918', 'learning_rate': '9.211e-06', 'epoch': '16.68'}


Writing model shards:   0%|                                                                                 | 0/1 [00:00<?, ?it/s][A

Writing model shards: 100%|█████████████████████████████████████████████████████████████████████████| 1/1 [00:00<00:00,  2.39it/s][A
Writing model shards: 100%|█████████████████████████████████████████████████████████████████████████| 1/1 [00:00<00:00,  2.39it/s]

 85%|█████████████████████████████████████████████████████████████████████████████▌             | 511/600 [00:54<00:22,  3.94it/s]
 86%|█████████████████████████████████████████████████████████████████████████████▊             | 513/600 [00:54<00:17,  5.10it/s]
 86%|██████████████████████████████████████████████████████████████████████████████             | 515/600 [00:54<00:13,  6.40it/s]
 86%|██████████████████████████████████████████████████████████████████████████████▍            | 517/600 [00:54<00:10,  7.81it/s]
 86%|██████████████████████████████████████████████████████████████████████████████▋            | 519/600 [00:54<00:08,  9.24it/s]
 87%|███████████████████████████████████████████████████████████████████████████████            | 521/600 [00:54<00:07, 10.59it/s]
 87%|███████████████████████████████████████████████████████████████████████████████▎           | 523/600 [00:54<00:06, 11.81it/s]
 88%|███████████████████████████████████████████████████████████████████████████████▋           | 525/600 [00:55<00:05, 12.81it/s]
                                                                                                                                  

 88%|███████████████████████████████████████████████████████████████████████████████▋           | 525/600 [00:55<00:05, 12.81it/s]
 88%|███████████████████████████████████████████████████████████████████████████████▉           | 527/600 [00:55<00:05, 13.63it/s]
 88%|████████████████████████████████████████████████████████████████████████████████▏          | 529/600 [00:55<00:04, 14.26it/s]
 88%|████████████████████████████████████████████████████████████████████████████████▌          | 531/600 [00:55<00:04, 14.74it/s]
 89%|████████████████████████████████████████████████████████████████████████████████▊          | 533/600 [00:55<00:04, 15.14it/s]
 89%|█████████████████████████████████████████████████████████████████████████████████▏         | 535/600 [00:55<00:04, 15.43it/s]
 90%|█████████████████████████████████████████████████████████████████████████████████▍         | 537/600 [00:55<00:04, 15.59it/s]
 90%|█████████████████████████████████████████████████████████████████████████████████▋         | 539/600 [00:55<00:03, 15.78it/s]{'loss': '1.078', 'grad_norm': '5.592', 'learning_rate': '7.018e-06', 'epoch': '17.51'}


Writing model shards:   0%|                                                                                 | 0/1 [00:00<?, ?it/s][A

Writing model shards: 100%|█████████████████████████████████████████████████████████████████████████| 1/1 [00:00<00:00,  2.36it/s][A
Writing model shards: 100%|█████████████████████████████████████████████████████████████████████████| 1/1 [00:00<00:00,  2.36it/s]

 90%|██████████████████████████████████████████████████████████████████████████████████         | 541/600 [00:57<00:14,  4.00it/s]
 90%|██████████████████████████████████████████████████████████████████████████████████▎        | 543/600 [00:57<00:11,  5.16it/s]
 91%|██████████████████████████████████████████████████████████████████████████████████▋        | 545/600 [00:57<00:08,  6.48it/s]
 91%|██████████████████████████████████████████████████████████████████████████████████▉        | 547/600 [00:57<00:06,  7.90it/s]
 92%|███████████████████████████████████████████████████████████████████████████████████▎       | 549/600 [00:57<00:05,  9.32it/s]
                                                                                                                                  

 92%|███████████████████████████████████████████████████████████████████████████████████▍       | 550/600 [00:57<00:05,  9.32it/s]
 92%|███████████████████████████████████████████████████████████████████████████████████▌       | 551/600 [00:57<00:04, 10.64it/s]
 92%|███████████████████████████████████████████████████████████████████████████████████▊       | 553/600 [00:58<00:03, 11.85it/s]
 92%|████████████████████████████████████████████████████████████████████████████████████▏      | 555/600 [00:58<00:03, 12.86it/s]
 93%|████████████████████████████████████████████████████████████████████████████████████▍      | 557/600 [00:58<00:03, 13.68it/s]
 93%|████████████████████████████████████████████████████████████████████████████████████▊      | 559/600 [00:58<00:02, 14.32it/s]
 94%|█████████████████████████████████████████████████████████████████████████████████████      | 561/600 [00:58<00:02, 14.82it/s]
 94%|█████████████████████████████████████████████████████████████████████████████████████▍     | 563/600 [00:58<00:02, 15.18it/s]
 94%|█████████████████████████████████████████████████████████████████████████████████████▋     | 565/600 [00:58<00:02, 15.45it/s]
 94%|█████████████████████████████████████████████████████████████████████████████████████▉     | 567/600 [00:58<00:02, 15.58it/s]
 95%|██████████████████████████████████████████████████████████████████████████████████████▎    | 569/600 [00:59<00:01, 15.71it/s]{'loss': '1.024', 'grad_norm': '4.927', 'learning_rate': '4.825e-06', 'epoch': '18.34'}


Writing model shards:   0%|                                                                                 | 0/1 [00:00<?, ?it/s][A

Writing model shards: 100%|█████████████████████████████████████████████████████████████████████████| 1/1 [00:00<00:00,  2.36it/s][A
Writing model shards: 100%|█████████████████████████████████████████████████████████████████████████| 1/1 [00:00<00:00,  2.36it/s]

 95%|██████████████████████████████████████████████████████████████████████████████████████▌    | 571/600 [01:00<00:06,  4.17it/s]
 96%|██████████████████████████████████████████████████████████████████████████████████████▉    | 573/600 [01:00<00:05,  5.35it/s]
 96%|███████████████████████████████████████████████████████████████████████████████████████▏   | 575/600 [01:00<00:03,  6.69it/s]
                                                                                                                                  

 96%|███████████████████████████████████████████████████████████████████████████████████████▏   | 575/600 [01:00<00:03,  6.69it/s]
 96%|███████████████████████████████████████████████████████████████████████████████████████▌   | 577/600 [01:00<00:02,  8.10it/s]
 96%|███████████████████████████████████████████████████████████████████████████████████████▊   | 579/600 [01:00<00:02,  9.52it/s]
 97%|████████████████████████████████████████████████████████████████████████████████████████   | 581/600 [01:00<00:01, 10.86it/s]
 97%|████████████████████████████████████████████████████████████████████████████████████████▍  | 583/600 [01:01<00:01, 12.01it/s]
 98%|████████████████████████████████████████████████████████████████████████████████████████▋  | 585/600 [01:01<00:01, 13.00it/s]
 98%|█████████████████████████████████████████████████████████████████████████████████████████  | 587/600 [01:01<00:00, 13.81it/s]
 98%|█████████████████████████████████████████████████████████████████████████████████████████▎ | 589/600 [01:01<00:00, 14.40it/s]
 98%|█████████████████████████████████████████████████████████████████████████████████████████▋ | 591/600 [01:01<00:00, 14.90it/s]
 99%|█████████████████████████████████████████████████████████████████████████████████████████▉ | 593/600 [01:01<00:00, 15.18it/s]
 99%|██████████████████████████████████████████████████████████████████████████████████████████▏| 595/600 [01:01<00:00, 15.44it/s]
100%|██████████████████████████████████████████████████████████████████████████████████████████▌| 597/600 [01:01<00:00, 15.66it/s]
100%|██████████████████████████████████████████████████████████████████████████████████████████▊| 599/600 [01:02<00:00, 15.72it/s]
                                                                                                                                  

100%|███████████████████████████████████████████████████████████████████████████████████████████| 600/600 [01:02<00:00, 15.72it/s]{'loss': '1.015', 'grad_norm': '4.868', 'learning_rate': '2.632e-06', 'epoch': '19.17'}
{'loss': '1.047', 'grad_norm': '34.85', 'learning_rate': '4.386e-07', 'epoch': '20'}


Writing model shards:   0%|                                                                                 | 0/1 [00:00<?, ?it/s][A

Writing model shards: 100%|█████████████████████████████████████████████████████████████████████████| 1/1 [00:00<00:00,  2.39it/s][A
Writing model shards: 100%|█████████████████████████████████████████████████████████████████████████| 1/1 [00:00<00:00,  2.39it/s]

                                                                                                                                  

100%|███████████████████████████████████████████████████████████████████████████████████████████| 600/600 [01:03<00:00, 15.72it/s]
100%|███████████████████████████████████████████████████████████████████████████████████████████| 600/600 [01:03<00:00,  9.45it/s]
{'train_runtime': '63.5', 'train_samples_per_second': '146.5', 'train_steps_per_second': '9.448', 'train_loss': '1.455', 'epoch': '20'}

  0%|                                                                                                       | 0/9 [00:00<?, ?it/s]
100%|██████████████████████████████████████████████████████████████████████████████████████████████| 9/9 [00:00<00:00, 104.56it/s]

Writing model shards:   0%|                                                                                 | 0/1 [00:00<?, ?it/s]
Writing model shards: 100%|█████████████████████████████████████████████████████████████████████████| 1/1 [00:00<00:00,  2.35it/s]
Writing model shards: 100%|█████████████████████████████████████████████████████████████████████████| 1/1 [00:00<00:00,  2.35it/s]

Loading weights:   0%|                                                                                     | 0/76 [00:00<?, ?it/s]
Loading weights: 100%|██████████████████████████████████████████████████████████████████████████| 76/76 [00:00<00:00, 1551.02it/s]

Loading weights:   0%|                                                                                     | 0/76 [00:00<?, ?it/s]
Loading weights: 100%|██████████████████████████████████████████████████████████████████████████| 76/76 [00:00<00:00, 1558.49it/s]
<local-root>/miniconda3/lib/python3.13/site-packages/torch/cuda/__init__.py:61: FutureWarning: The pynvml package is deprecated. Please install nvidia-ml-py instead. If you did not install pynvml directly, please report this to the maintainers of the package that installed pynvml for you.
  import pynvml  # type: ignore[import]

Loading weights:   0%|                                                                                     | 0/76 [00:00<?, ?it/s]
Loading weights:  66%|█████████████████████████████████████████████████▎                         | 50/76 [00:00<00:00, 479.13it/s]
Loading weights: 100%|███████████████████████████████████████████████████████████████████████████| 76/76 [00:00<00:00, 432.69it/s]

Loading weights:   0%|                                                                                     | 0/76 [00:00<?, ?it/s]
Loading weights: 100%|██████████████████████████████████████████████████████████████████████████| 76/76 [00:00<00:00, 1076.84it/s]

Loading weights:   0%|                                                                                    | 0/292 [00:00<?, ?it/s]
Loading weights: 100%|████████████████████████████████████████████████████████████████████████| 292/292 [00:00<00:00, 9029.19it/s]
[RANK 0] Detected kernel version 5.4.0, which is below the recommended minimum of 5.5.0; this can cause the process to hang. It is recommended to upgrade the kernel to the minimum version or higher.

  0%|                                                                                                     | 0/540 [00:00<?, ?it/s]
  0%|▏                                                                                            | 1/540 [00:00<02:11,  4.09it/s]
  0%|▎                                                                                            | 2/540 [00:00<01:54,  4.71it/s]
  1%|▌                                                                                            | 3/540 [00:00<01:51,  4.83it/s]
  1%|▋                                                                                            | 4/540 [00:00<01:51,  4.82it/s]
  1%|▊                                                                                            | 5/540 [00:01<01:50,  4.82it/s]
  1%|█                                                                                            | 6/540 [00:01<01:48,  4.93it/s]
  1%|█▏                                                                                           | 7/540 [00:01<01:49,  4.85it/s]
  1%|█▍                                                                                           | 8/540 [00:01<01:50,  4.81it/s]
  2%|█▌                                                                                           | 9/540 [00:01<01:50,  4.79it/s]
  2%|█▋                                                                                          | 10/540 [00:02<01:51,  4.77it/s]
  2%|█▊                                                                                          | 11/540 [00:02<01:51,  4.76it/s]
  2%|██                                                                                          | 12/540 [00:02<01:51,  4.73it/s]
  2%|██▏                                                                                         | 13/540 [00:02<01:51,  4.73it/s]
  3%|██▍                                                                                         | 14/540 [00:02<01:51,  4.73it/s]
  3%|██▌                                                                                         | 15/540 [00:03<01:51,  4.72it/s]
  3%|██▋                                                                                         | 16/540 [00:03<01:51,  4.71it/s]
  3%|██▉                                                                                         | 17/540 [00:03<01:51,  4.71it/s]
  3%|███                                                                                         | 18/540 [00:03<01:50,  4.71it/s]
  4%|███▏                                                                                        | 19/540 [00:04<01:50,  4.71it/s]
  4%|███▍                                                                                        | 20/540 [00:04<01:50,  4.71it/s]
  4%|███▌                                                                                        | 21/540 [00:04<01:50,  4.71it/s]
  4%|███▋                                                                                        | 22/540 [00:04<01:49,  4.72it/s]
  4%|███▉                                                                                        | 23/540 [00:04<01:49,  4.72it/s]
  4%|████                                                                                        | 24/540 [00:05<01:49,  4.71it/s]
  5%|████▎                                                                                       | 25/540 [00:05<01:49,  4.71it/s]
                                                                                                                                  

  5%|████▎                                                                                       | 25/540 [00:05<01:49,  4.71it/s]
  5%|████▍                                                                                       | 26/540 [00:05<01:49,  4.71it/s]
  5%|████▌                                                                                       | 27/540 [00:05<01:48,  4.72it/s]
  5%|████▊                                                                                       | 28/540 [00:05<01:48,  4.72it/s]
  5%|████▉                                                                                       | 29/540 [00:06<01:48,  4.72it/s]{'loss': '3.181', 'grad_norm': '7.995', 'learning_rate': '3.5e-05', 'epoch': '0.8475'}


Writing model shards:   0%|                                                                                 | 0/1 [00:00<?, ?it/s][A

Writing model shards: 100%|█████████████████████████████████████████████████████████████████████████| 1/1 [00:01<00:00,  1.47s/it][A
Writing model shards: 100%|█████████████████████████████████████████████████████████████████████████| 1/1 [00:01<00:00,  1.47s/it]

  6%|█████▎                                                                                      | 31/540 [00:10<10:07,  1.19s/it]
  6%|█████▍                                                                                      | 32/540 [00:11<08:03,  1.05it/s]
  6%|█████▌                                                                                      | 33/540 [00:11<06:24,  1.32it/s]
  6%|█████▊                                                                                      | 34/540 [00:11<05:08,  1.64it/s]
  6%|█████▉                                                                                      | 35/540 [00:11<04:11,  2.01it/s]
  7%|██████▏                                                                                     | 36/540 [00:11<03:29,  2.40it/s]
  7%|██████▎                                                                                     | 37/540 [00:12<02:59,  2.80it/s]
  7%|██████▍                                                                                     | 38/540 [00:12<02:38,  3.17it/s]
  7%|██████▋                                                                                     | 39/540 [00:12<02:22,  3.51it/s]
  7%|██████▊                                                                                     | 40/540 [00:12<02:11,  3.79it/s]
  8%|██████▉                                                                                     | 41/540 [00:12<02:03,  4.03it/s]
  8%|███████▏                                                                                    | 42/540 [00:13<01:58,  4.20it/s]
  8%|███████▎                                                                                    | 43/540 [00:13<01:56,  4.28it/s]
  8%|███████▍                                                                                    | 44/540 [00:13<01:51,  4.43it/s]
  8%|███████▋                                                                                    | 45/540 [00:13<01:49,  4.51it/s]
  9%|███████▊                                                                                    | 46/540 [00:13<01:48,  4.56it/s]
  9%|████████                                                                                    | 47/540 [00:14<01:47,  4.60it/s]
  9%|████████▏                                                                                   | 48/540 [00:14<01:46,  4.63it/s]
  9%|████████▎                                                                                   | 49/540 [00:14<01:45,  4.65it/s]
  9%|████████▌                                                                                   | 50/540 [00:14<01:44,  4.67it/s]
                                                                                                                                  

  9%|████████▌                                                                                   | 50/540 [00:14<01:44,  4.67it/s]
  9%|████████▋                                                                                   | 51/540 [00:15<01:44,  4.67it/s]
 10%|████████▊                                                                                   | 52/540 [00:15<01:44,  4.68it/s]
 10%|█████████                                                                                   | 53/540 [00:15<01:43,  4.69it/s]
 10%|█████████▏                                                                                  | 54/540 [00:15<01:43,  4.70it/s]
 10%|█████████▎                                                                                  | 55/540 [00:15<01:43,  4.71it/s]
 10%|█████████▌                                                                                  | 56/540 [00:16<01:42,  4.70it/s]
 11%|█████████▋                                                                                  | 57/540 [00:16<01:42,  4.71it/s]
 11%|█████████▉                                                                                  | 58/540 [00:16<01:42,  4.70it/s]
 11%|██████████                                                                                  | 59/540 [00:16<01:42,  4.70it/s]{'loss': '1.875', 'grad_norm': '7.942', 'learning_rate': '4.843e-05', 'epoch': '1.678'}


Writing model shards:   0%|                                                                                 | 0/1 [00:00<?, ?it/s][A

Writing model shards: 100%|█████████████████████████████████████████████████████████████████████████| 1/1 [00:01<00:00,  1.66s/it][A
Writing model shards: 100%|█████████████████████████████████████████████████████████████████████████| 1/1 [00:01<00:00,  1.66s/it]

 11%|██████████▍                                                                                 | 61/540 [00:21<10:05,  1.27s/it]
 11%|██████████▌                                                                                 | 62/540 [00:21<08:00,  1.00s/it]
 12%|██████████▋                                                                                 | 63/540 [00:22<06:20,  1.25it/s]
 12%|██████████▉                                                                                 | 64/540 [00:22<05:03,  1.57it/s]
 12%|███████████                                                                                 | 65/540 [00:22<04:06,  1.93it/s]
 12%|███████████▏                                                                                | 66/540 [00:22<03:24,  2.32it/s]
 12%|███████████▍                                                                                | 67/540 [00:23<02:53,  2.72it/s]
 13%|███████████▌                                                                                | 68/540 [00:23<02:32,  3.10it/s]
 13%|███████████▊                                                                                | 69/540 [00:23<02:16,  3.45it/s]
 13%|███████████▉                                                                                | 70/540 [00:23<02:05,  3.74it/s]
 13%|████████████                                                                                | 71/540 [00:23<01:57,  3.98it/s]
 13%|████████████▎                                                                               | 72/540 [00:24<01:52,  4.17it/s]
 14%|████████████▍                                                                               | 73/540 [00:24<01:48,  4.32it/s]
 14%|████████████▌                                                                               | 74/540 [00:24<01:45,  4.43it/s]
 14%|████████████▊                                                                               | 75/540 [00:24<01:43,  4.51it/s]
                                                                                                                                  

 14%|████████████▊                                                                               | 75/540 [00:24<01:43,  4.51it/s]
 14%|████████████▉                                                                               | 76/540 [00:24<01:41,  4.57it/s]
 14%|█████████████                                                                               | 77/540 [00:25<01:40,  4.60it/s]
 14%|█████████████▎                                                                              | 78/540 [00:25<01:39,  4.62it/s]
 15%|█████████████▍                                                                              | 79/540 [00:25<01:39,  4.66it/s]
 15%|█████████████▋                                                                              | 80/540 [00:25<01:38,  4.67it/s]
 15%|█████████████▊                                                                              | 81/540 [00:25<01:38,  4.68it/s]
 15%|█████████████▉                                                                              | 82/540 [00:26<01:37,  4.69it/s]
 15%|██████████████▏                                                                             | 83/540 [00:26<01:37,  4.70it/s]
 16%|██████████████▎                                                                             | 84/540 [00:26<01:36,  4.70it/s]
 16%|██████████████▍                                                                             | 85/540 [00:26<01:36,  4.71it/s]
 16%|██████████████▋                                                                             | 86/540 [00:27<01:36,  4.69it/s]
 16%|██████████████▊                                                                             | 87/540 [00:27<01:36,  4.70it/s]
 16%|██████████████▉                                                                             | 88/540 [00:27<01:36,  4.70it/s]
 16%|███████████████▏                                                                            | 89/540 [00:27<01:35,  4.70it/s]{'loss': '1.449', 'grad_norm': '9.878', 'learning_rate': '4.608e-05', 'epoch': '2.508'}


Writing model shards:   0%|                                                                                 | 0/1 [00:00<?, ?it/s][A

Writing model shards: 100%|█████████████████████████████████████████████████████████████████████████| 1/1 [00:01<00:00,  1.59s/it][A
Writing model shards: 100%|█████████████████████████████████████████████████████████████████████████| 1/1 [00:01<00:00,  1.59s/it]

 17%|███████████████▌                                                                            | 91/540 [00:33<10:01,  1.34s/it]
 17%|███████████████▋                                                                            | 92/540 [00:33<07:55,  1.06s/it]
 17%|███████████████▊                                                                            | 93/540 [00:33<06:14,  1.19it/s]
 17%|████████████████                                                                            | 94/540 [00:33<04:58,  1.50it/s]
 18%|████████████████▏                                                                           | 95/540 [00:33<04:00,  1.85it/s]
 18%|████████████████▎                                                                           | 96/540 [00:34<03:18,  2.24it/s]
 18%|████████████████▌                                                                           | 97/540 [00:34<02:47,  2.64it/s]
 18%|████████████████▋                                                                           | 98/540 [00:34<02:25,  3.03it/s]
 18%|████████████████▊                                                                           | 99/540 [00:34<02:10,  3.39it/s]
 19%|████████████████▊                                                                          | 100/540 [00:34<01:59,  3.70it/s]
                                                                                                                                  

 19%|████████████████▊                                                                          | 100/540 [00:34<01:59,  3.70it/s]
 19%|█████████████████                                                                          | 101/540 [00:35<01:51,  3.95it/s]
 19%|█████████████████▏                                                                         | 102/540 [00:35<01:45,  4.14it/s]
 19%|█████████████████▎                                                                         | 103/540 [00:35<01:42,  4.28it/s]
 19%|█████████████████▌                                                                         | 104/540 [00:35<01:39,  4.40it/s]
 19%|█████████████████▋                                                                         | 105/540 [00:35<01:36,  4.49it/s]
 20%|█████████████████▊                                                                         | 106/540 [00:36<01:35,  4.55it/s]
 20%|██████████████████                                                                         | 107/540 [00:36<01:34,  4.60it/s]
 20%|██████████████████▏                                                                        | 108/540 [00:36<01:33,  4.63it/s]
 20%|██████████████████▎                                                                        | 109/540 [00:36<01:32,  4.65it/s]
 20%|██████████████████▌                                                                        | 110/540 [00:37<01:32,  4.67it/s]
 21%|██████████████████▋                                                                        | 111/540 [00:37<01:31,  4.68it/s]
 21%|██████████████████▊                                                                        | 112/540 [00:37<01:31,  4.69it/s]
 21%|███████████████████                                                                        | 113/540 [00:37<01:30,  4.69it/s]
 21%|███████████████████▏                                                                       | 114/540 [00:37<01:30,  4.70it/s]
 21%|███████████████████▍                                                                       | 115/540 [00:38<01:30,  4.70it/s]
 21%|███████████████████▌                                                                       | 116/540 [00:38<01:30,  4.71it/s]
 22%|███████████████████▋                                                                       | 117/540 [00:38<01:29,  4.71it/s]
 22%|███████████████████▉                                                                       | 118/540 [00:38<01:29,  4.70it/s]
 22%|████████████████████                                                                       | 119/540 [00:38<01:30,  4.65it/s]{'loss': '1.263', 'grad_norm': '8.168', 'learning_rate': '4.363e-05', 'epoch': '3.339'}


Writing model shards:   0%|                                                                                 | 0/1 [00:00<?, ?it/s][A

Writing model shards: 100%|█████████████████████████████████████████████████████████████████████████| 1/1 [00:01<00:00,  1.47s/it][A
Writing model shards: 100%|█████████████████████████████████████████████████████████████████████████| 1/1 [00:01<00:00,  1.47s/it]

 22%|████████████████████▍                                                                      | 121/540 [00:44<09:03,  1.30s/it]
 23%|████████████████████▌                                                                      | 122/540 [00:44<07:09,  1.03s/it]
 23%|████████████████████▋                                                                      | 123/540 [00:44<05:39,  1.23it/s]
 23%|████████████████████▉                                                                      | 124/540 [00:44<04:30,  1.54it/s]
 23%|█████████████████████                                                                      | 125/540 [00:44<03:39,  1.89it/s]
                                                                                                                                  

 23%|█████████████████████                                                                      | 125/540 [00:44<03:39,  1.89it/s]
 23%|█████████████████████▏                                                                     | 126/540 [00:45<03:01,  2.28it/s]
 24%|█████████████████████▍                                                                     | 127/540 [00:45<02:34,  2.68it/s]
 24%|█████████████████████▌                                                                     | 128/540 [00:45<02:14,  3.07it/s]
 24%|█████████████████████▋                                                                     | 129/540 [00:45<02:00,  3.42it/s]
 24%|█████████████████████▉                                                                     | 130/540 [00:46<01:50,  3.72it/s]
 24%|██████████████████████                                                                     | 131/540 [00:46<01:43,  3.97it/s]
 24%|██████████████████████▏                                                                    | 132/540 [00:46<01:37,  4.16it/s]
 25%|██████████████████████▍                                                                    | 133/540 [00:46<01:34,  4.32it/s]
 25%|██████████████████████▌                                                                    | 134/540 [00:46<01:31,  4.42it/s]
 25%|██████████████████████▊                                                                    | 135/540 [00:47<01:30,  4.50it/s]
 25%|██████████████████████▉                                                                    | 136/540 [00:47<01:28,  4.56it/s]
 25%|███████████████████████                                                                    | 137/540 [00:47<01:27,  4.60it/s]
 26%|███████████████████████▎                                                                   | 138/540 [00:47<01:26,  4.64it/s]
 26%|███████████████████████▍                                                                   | 139/540 [00:47<01:26,  4.66it/s]
 26%|███████████████████████▌                                                                   | 140/540 [00:48<01:25,  4.68it/s]
 26%|███████████████████████▊                                                                   | 141/540 [00:48<01:25,  4.69it/s]
 26%|███████████████████████▉                                                                   | 142/540 [00:48<01:24,  4.69it/s]
 26%|████████████████████████                                                                   | 143/540 [00:48<01:24,  4.69it/s]
 27%|████████████████████████▎                                                                  | 144/540 [00:48<01:24,  4.70it/s]
 27%|████████████████████████▍                                                                  | 145/540 [00:49<01:24,  4.69it/s]
 27%|████████████████████████▌                                                                  | 146/540 [00:49<01:23,  4.70it/s]
 27%|████████████████████████▊                                                                  | 147/540 [00:49<01:23,  4.70it/s]
 27%|████████████████████████▉                                                                  | 148/540 [00:49<01:23,  4.71it/s]
 28%|█████████████████████████                                                                  | 149/540 [00:50<01:23,  4.71it/s]
                                                                                                                                  

 28%|█████████████████████████▎                                                                 | 150/540 [00:50<01:22,  4.71it/s]{'loss': '1.176', 'grad_norm': '9.563', 'learning_rate': '4.118e-05', 'epoch': '4.169'}
{'loss': '1.067', 'grad_norm': '23.61', 'learning_rate': '3.873e-05', 'epoch': '5'}


Writing model shards:   0%|                                                                                 | 0/1 [00:00<?, ?it/s][A

Writing model shards: 100%|█████████████████████████████████████████████████████████████████████████| 1/1 [00:01<00:00,  1.56s/it][A
Writing model shards: 100%|█████████████████████████████████████████████████████████████████████████| 1/1 [00:01<00:00,  1.56s/it]

 28%|█████████████████████████▍                                                                 | 151/540 [00:55<08:43,  1.35s/it]
 28%|█████████████████████████▌                                                                 | 152/540 [00:55<06:53,  1.06s/it]
 28%|█████████████████████████▊                                                                 | 153/540 [00:55<05:25,  1.19it/s]
 29%|█████████████████████████▉                                                                 | 154/540 [00:56<04:18,  1.49it/s]
 29%|██████████████████████████                                                                 | 155/540 [00:56<03:28,  1.84it/s]
 29%|██████████████████████████▎                                                                | 156/540 [00:56<02:51,  2.23it/s]
 29%|██████████████████████████▍                                                                | 157/540 [00:56<02:25,  2.64it/s]
 29%|██████████████████████████▋                                                                | 158/540 [00:56<02:06,  3.02it/s]
 29%|██████████████████████████▊                                                                | 159/540 [00:57<01:52,  3.38it/s]
 30%|██████████████████████████▉                                                                | 160/540 [00:57<01:42,  3.69it/s]
 30%|███████████████████████████▏                                                               | 161/540 [00:57<01:36,  3.95it/s]
 30%|███████████████████████████▎                                                               | 162/540 [00:57<01:31,  4.15it/s]
 30%|███████████████████████████▍                                                               | 163/540 [00:57<01:27,  4.30it/s]
 30%|███████████████████████████▋                                                               | 164/540 [00:58<01:25,  4.42it/s]
 31%|███████████████████████████▊                                                               | 165/540 [00:58<01:23,  4.49it/s]
 31%|███████████████████████████▉                                                               | 166/540 [00:58<01:22,  4.55it/s]
 31%|████████████████████████████▏                                                              | 167/540 [00:58<01:21,  4.60it/s]
 31%|████████████████████████████▎                                                              | 168/540 [00:58<01:20,  4.64it/s]
 31%|████████████████████████████▍                                                              | 169/540 [00:59<01:19,  4.66it/s]
 31%|████████████████████████████▋                                                              | 170/540 [00:59<01:19,  4.68it/s]
 32%|████████████████████████████▊                                                              | 171/540 [00:59<01:18,  4.69it/s]
 32%|████████████████████████████▉                                                              | 172/540 [00:59<01:18,  4.70it/s]
 32%|█████████████████████████████▏                                                             | 173/540 [01:00<01:17,  4.71it/s]
 32%|█████████████████████████████▎                                                             | 174/540 [01:00<01:17,  4.70it/s]
 32%|█████████████████████████████▍                                                             | 175/540 [01:00<01:17,  4.70it/s]
                                                                                                                                  

 32%|█████████████████████████████▍                                                             | 175/540 [01:00<01:17,  4.70it/s]
 33%|█████████████████████████████▋                                                             | 176/540 [01:00<01:17,  4.71it/s]
 33%|█████████████████████████████▊                                                             | 177/540 [01:00<01:17,  4.71it/s]
 33%|█████████████████████████████▉                                                             | 178/540 [01:01<01:16,  4.72it/s]
 33%|██████████████████████████████▏                                                            | 179/540 [01:01<01:16,  4.69it/s]{'loss': '0.9732', 'grad_norm': '7.258', 'learning_rate': '3.627e-05', 'epoch': '5.847'}


Writing model shards:   0%|                                                                                 | 0/1 [00:00<?, ?it/s][A

Writing model shards: 100%|█████████████████████████████████████████████████████████████████████████| 1/1 [00:01<00:00,  1.62s/it][A
Writing model shards: 100%|█████████████████████████████████████████████████████████████████████████| 1/1 [00:01<00:00,  1.62s/it]

 34%|██████████████████████████████▌                                                            | 181/540 [01:07<09:04,  1.52s/it]
 34%|██████████████████████████████▋                                                            | 182/540 [01:07<07:06,  1.19s/it]
 34%|██████████████████████████████▊                                                            | 183/540 [01:07<05:34,  1.07it/s]
 34%|███████████████████████████████                                                            | 184/540 [01:08<04:23,  1.35it/s]
 34%|███████████████████████████████▏                                                           | 185/540 [01:08<03:30,  1.69it/s]
 34%|███████████████████████████████▎                                                           | 186/540 [01:08<02:51,  2.07it/s]
 35%|███████████████████████████████▌                                                           | 187/540 [01:08<02:22,  2.47it/s]
 35%|███████████████████████████████▋                                                           | 188/540 [01:08<02:02,  2.87it/s]
 35%|███████████████████████████████▊                                                           | 189/540 [01:09<01:48,  3.25it/s]
 35%|████████████████████████████████                                                           | 190/540 [01:09<01:37,  3.58it/s]
 35%|████████████████████████████████▏                                                          | 191/540 [01:09<01:30,  3.85it/s]
 36%|████████████████████████████████▎                                                          | 192/540 [01:09<01:25,  4.08it/s]
 36%|████████████████████████████████▌                                                          | 193/540 [01:09<01:21,  4.25it/s]
 36%|████████████████████████████████▋                                                          | 194/540 [01:10<01:19,  4.37it/s]
 36%|████████████████████████████████▊                                                          | 195/540 [01:10<01:17,  4.46it/s]
 36%|█████████████████████████████████                                                          | 196/540 [01:10<01:15,  4.54it/s]
 36%|█████████████████████████████████▏                                                         | 197/540 [01:10<01:14,  4.59it/s]
 37%|█████████████████████████████████▎                                                         | 198/540 [01:10<01:13,  4.63it/s]
 37%|█████████████████████████████████▌                                                         | 199/540 [01:11<01:13,  4.65it/s]
 37%|█████████████████████████████████▋                                                         | 200/540 [01:11<01:12,  4.67it/s]
                                                                                                                                  

 37%|█████████████████████████████████▋                                                         | 200/540 [01:11<01:12,  4.67it/s]
 37%|█████████████████████████████████▊                                                         | 201/540 [01:11<01:12,  4.69it/s]
 37%|██████████████████████████████████                                                         | 202/540 [01:11<01:11,  4.70it/s]
 38%|██████████████████████████████████▏                                                        | 203/540 [01:12<01:11,  4.70it/s]
 38%|██████████████████████████████████▍                                                        | 204/540 [01:12<01:11,  4.68it/s]
 38%|██████████████████████████████████▌                                                        | 205/540 [01:12<01:11,  4.69it/s]
 38%|██████████████████████████████████▋                                                        | 206/540 [01:12<01:11,  4.70it/s]
 38%|██████████████████████████████████▉                                                        | 207/540 [01:12<01:10,  4.70it/s]
 39%|███████████████████████████████████                                                        | 208/540 [01:13<01:10,  4.70it/s]
 39%|███████████████████████████████████▏                                                       | 209/540 [01:13<01:10,  4.70it/s]{'loss': '0.8938', 'grad_norm': '6.8', 'learning_rate': '3.382e-05', 'epoch': '6.678'}


Writing model shards:   0%|                                                                                 | 0/1 [00:00<?, ?it/s][A

Writing model shards: 100%|█████████████████████████████████████████████████████████████████████████| 1/1 [00:01<00:00,  1.71s/it][A
Writing model shards: 100%|█████████████████████████████████████████████████████████████████████████| 1/1 [00:01<00:00,  1.71s/it]

 39%|███████████████████████████████████▌                                                       | 211/540 [01:18<07:43,  1.41s/it]
 39%|███████████████████████████████████▋                                                       | 212/540 [01:19<06:04,  1.11s/it]
 39%|███████████████████████████████████▉                                                       | 213/540 [01:19<04:46,  1.14it/s]
 40%|████████████████████████████████████                                                       | 214/540 [01:19<03:46,  1.44it/s]
 40%|████████████████████████████████████▏                                                      | 215/540 [01:19<03:02,  1.79it/s]
 40%|████████████████████████████████████▍                                                      | 216/540 [01:19<02:29,  2.17it/s]
 40%|████████████████████████████████████▌                                                      | 217/540 [01:20<02:05,  2.57it/s]
 40%|████████████████████████████████████▋                                                      | 218/540 [01:20<01:48,  2.97it/s]
 41%|████████████████████████████████████▉                                                      | 219/540 [01:20<01:36,  3.33it/s]
 41%|█████████████████████████████████████                                                      | 220/540 [01:20<01:27,  3.65it/s]
 41%|█████████████████████████████████████▏                                                     | 221/540 [01:21<01:21,  3.90it/s]
 41%|█████████████████████████████████████▍                                                     | 222/540 [01:21<01:17,  4.11it/s]
 41%|█████████████████████████████████████▌                                                     | 223/540 [01:21<01:14,  4.28it/s]
 41%|█████████████████████████████████████▋                                                     | 224/540 [01:21<01:19,  3.97it/s]
 42%|█████████████████████████████████████▉                                                     | 225/540 [01:21<01:15,  4.17it/s]
                                                                                                                                  

 42%|█████████████████████████████████████▉                                                     | 225/540 [01:22<01:15,  4.17it/s]
 42%|██████████████████████████████████████                                                     | 226/540 [01:22<01:12,  4.31it/s]
 42%|██████████████████████████████████████▎                                                    | 227/540 [01:22<01:10,  4.42it/s]
 42%|██████████████████████████████████████▍                                                    | 228/540 [01:22<01:09,  4.51it/s]
 42%|██████████████████████████████████████▌                                                    | 229/540 [01:22<01:08,  4.56it/s]
 43%|██████████████████████████████████████▊                                                    | 230/540 [01:23<01:07,  4.60it/s]
 43%|██████████████████████████████████████▉                                                    | 231/540 [01:23<01:06,  4.63it/s]
 43%|███████████████████████████████████████                                                    | 232/540 [01:23<01:06,  4.66it/s]
 43%|███████████████████████████████████████▎                                                   | 233/540 [01:23<01:05,  4.68it/s]
 43%|███████████████████████████████████████▍                                                   | 234/540 [01:23<01:05,  4.69it/s]
 44%|███████████████████████████████████████▌                                                   | 235/540 [01:24<01:05,  4.69it/s]
 44%|███████████████████████████████████████▊                                                   | 236/540 [01:24<01:04,  4.70it/s]
 44%|███████████████████████████████████████▉                                                   | 237/540 [01:24<01:04,  4.70it/s]
 44%|████████████████████████████████████████                                                   | 238/540 [01:24<01:04,  4.71it/s]
 44%|████████████████████████████████████████▎                                                  | 239/540 [01:24<01:04,  4.70it/s]{'loss': '0.8299', 'grad_norm': '5.545', 'learning_rate': '3.137e-05', 'epoch': '7.508'}


Writing model shards:   0%|                                                                                 | 0/1 [00:00<?, ?it/s][A

Writing model shards: 100%|█████████████████████████████████████████████████████████████████████████| 1/1 [00:01<00:00,  1.71s/it][A
Writing model shards: 100%|█████████████████████████████████████████████████████████████████████████| 1/1 [00:01<00:00,  1.71s/it]

 45%|████████████████████████████████████████▌                                                  | 241/540 [01:30<07:00,  1.41s/it]
 45%|████████████████████████████████████████▊                                                  | 242/540 [01:30<05:30,  1.11s/it]
 45%|████████████████████████████████████████▉                                                  | 243/540 [01:30<04:19,  1.14it/s]
 45%|█████████████████████████████████████████                                                  | 244/540 [01:31<03:25,  1.44it/s]
 45%|█████████████████████████████████████████▎                                                 | 245/540 [01:31<02:45,  1.78it/s]
 46%|█████████████████████████████████████████▍                                                 | 246/540 [01:31<02:15,  2.17it/s]
 46%|█████████████████████████████████████████▌                                                 | 247/540 [01:31<01:53,  2.57it/s]
 46%|█████████████████████████████████████████▊                                                 | 248/540 [01:32<01:38,  2.97it/s]
 46%|█████████████████████████████████████████▉                                                 | 249/540 [01:32<01:27,  3.32it/s]
 46%|██████████████████████████████████████████▏                                                | 250/540 [01:32<01:19,  3.64it/s]
                                                                                                                                  

 46%|██████████████████████████████████████████▏                                                | 250/540 [01:32<01:19,  3.64it/s]
 46%|██████████████████████████████████████████▎                                                | 251/540 [01:32<01:14,  3.90it/s]
 47%|██████████████████████████████████████████▍                                                | 252/540 [01:32<01:10,  4.11it/s]
 47%|██████████████████████████████████████████▋                                                | 253/540 [01:33<01:07,  4.27it/s]
 47%|██████████████████████████████████████████▊                                                | 254/540 [01:33<01:05,  4.39it/s]
 47%|██████████████████████████████████████████▉                                                | 255/540 [01:33<01:03,  4.48it/s]
 47%|███████████████████████████████████████████▏                                               | 256/540 [01:33<01:02,  4.53it/s]
 48%|███████████████████████████████████████████▎                                               | 257/540 [01:33<01:01,  4.58it/s]
 48%|███████████████████████████████████████████▍                                               | 258/540 [01:34<01:01,  4.62it/s]
 48%|███████████████████████████████████████████▋                                               | 259/540 [01:34<01:00,  4.64it/s]
 48%|███████████████████████████████████████████▊                                               | 260/540 [01:34<01:00,  4.66it/s]
 48%|███████████████████████████████████████████▉                                               | 261/540 [01:34<00:59,  4.68it/s]
 49%|████████████████████████████████████████████▏                                              | 262/540 [01:35<00:59,  4.69it/s]
 49%|████████████████████████████████████████████▎                                              | 263/540 [01:35<00:59,  4.68it/s]
 49%|████████████████████████████████████████████▍                                              | 264/540 [01:35<00:58,  4.68it/s]
 49%|████████████████████████████████████████████▋                                              | 265/540 [01:35<00:58,  4.69it/s]
 49%|████████████████████████████████████████████▊                                              | 266/540 [01:35<00:58,  4.70it/s]
 49%|████████████████████████████████████████████▉                                              | 267/540 [01:36<00:58,  4.70it/s]
 50%|█████████████████████████████████████████████▏                                             | 268/540 [01:36<00:57,  4.71it/s]
 50%|█████████████████████████████████████████████▎                                             | 269/540 [01:36<00:57,  4.70it/s]{'loss': '0.7647', 'grad_norm': '5.921', 'learning_rate': '2.892e-05', 'epoch': '8.339'}


Writing model shards:   0%|                                                                                 | 0/1 [00:00<?, ?it/s][A

Writing model shards: 100%|█████████████████████████████████████████████████████████████████████████| 1/1 [00:01<00:00,  1.48s/it][A
Writing model shards: 100%|█████████████████████████████████████████████████████████████████████████| 1/1 [00:01<00:00,  1.48s/it]

 50%|█████████████████████████████████████████████▋                                             | 271/540 [01:41<05:56,  1.32s/it]
 50%|█████████████████████████████████████████████▊                                             | 272/540 [01:41<04:41,  1.05s/it]
 51%|██████████████████████████████████████████████                                             | 273/540 [01:42<03:41,  1.20it/s]
 51%|██████████████████████████████████████████████▏                                            | 274/540 [01:42<02:56,  1.51it/s]
 51%|██████████████████████████████████████████████▎                                            | 275/540 [01:42<02:22,  1.86it/s]
                                                                                                                                  

 51%|██████████████████████████████████████████████▎                                            | 275/540 [01:42<02:22,  1.86it/s]
 51%|██████████████████████████████████████████████▌                                            | 276/540 [01:42<01:57,  2.25it/s]
 51%|██████████████████████████████████████████████▋                                            | 277/540 [01:43<01:39,  2.65it/s]
 51%|██████████████████████████████████████████████▊                                            | 278/540 [01:43<01:26,  3.04it/s]
 52%|███████████████████████████████████████████████                                            | 279/540 [01:43<01:16,  3.39it/s]
 52%|███████████████████████████████████████████████▏                                           | 280/540 [01:43<01:10,  3.70it/s]
 52%|███████████████████████████████████████████████▎                                           | 281/540 [01:43<01:05,  3.95it/s]
 52%|███████████████████████████████████████████████▌                                           | 282/540 [01:44<01:02,  4.15it/s]
 52%|███████████████████████████████████████████████▋                                           | 283/540 [01:44<00:59,  4.30it/s]
 53%|███████████████████████████████████████████████▊                                           | 284/540 [01:44<00:57,  4.41it/s]
 53%|████████████████████████████████████████████████                                           | 285/540 [01:44<00:56,  4.50it/s]
 53%|████████████████████████████████████████████████▏                                          | 286/540 [01:44<00:55,  4.56it/s]
 53%|████████████████████████████████████████████████▎                                          | 287/540 [01:45<00:55,  4.60it/s]
 53%|████████████████████████████████████████████████▌                                          | 288/540 [01:45<00:54,  4.63it/s]
 54%|████████████████████████████████████████████████▋                                          | 289/540 [01:45<00:54,  4.65it/s]
 54%|████████████████████████████████████████████████▊                                          | 290/540 [01:45<00:53,  4.67it/s]
 54%|█████████████████████████████████████████████████                                          | 291/540 [01:46<00:53,  4.68it/s]
 54%|█████████████████████████████████████████████████▏                                         | 292/540 [01:46<00:52,  4.69it/s]
 54%|█████████████████████████████████████████████████▍                                         | 293/540 [01:46<00:52,  4.70it/s]
 54%|█████████████████████████████████████████████████▌                                         | 294/540 [01:46<00:52,  4.70it/s]
 55%|█████████████████████████████████████████████████▋                                         | 295/540 [01:46<00:52,  4.70it/s]
 55%|█████████████████████████████████████████████████▉                                         | 296/540 [01:47<00:51,  4.70it/s]
 55%|██████████████████████████████████████████████████                                         | 297/540 [01:47<00:51,  4.70it/s]
 55%|██████████████████████████████████████████████████▏                                        | 298/540 [01:47<00:51,  4.70it/s]
 55%|██████████████████████████████████████████████████▍                                        | 299/540 [01:47<00:51,  4.71it/s]
                                                                                                                                  

 56%|██████████████████████████████████████████████████▌                                        | 300/540 [01:47<00:50,  4.71it/s]{'loss': '0.7262', 'grad_norm': '5.296', 'learning_rate': '2.647e-05', 'epoch': '9.169'}
{'loss': '0.6622', 'grad_norm': '20.56', 'learning_rate': '2.402e-05', 'epoch': '10'}


Writing model shards:   0%|                                                                                 | 0/1 [00:00<?, ?it/s][A

Writing model shards: 100%|█████████████████████████████████████████████████████████████████████████| 1/1 [00:01<00:00,  1.47s/it][A
Writing model shards: 100%|█████████████████████████████████████████████████████████████████████████| 1/1 [00:01<00:00,  1.47s/it]

 56%|██████████████████████████████████████████████████▋                                        | 301/540 [01:53<05:32,  1.39s/it]
 56%|██████████████████████████████████████████████████▉                                        | 302/540 [01:53<04:21,  1.10s/it]
 56%|███████████████████████████████████████████████████                                        | 303/540 [01:53<03:25,  1.15it/s]
 56%|███████████████████████████████████████████████████▏                                       | 304/540 [01:53<02:42,  1.45it/s]
 56%|███████████████████████████████████████████████████▍                                       | 305/540 [01:54<02:10,  1.80it/s]
 57%|███████████████████████████████████████████████████▌                                       | 306/540 [01:54<01:47,  2.18it/s]
 57%|███████████████████████████████████████████████████▋                                       | 307/540 [01:54<01:30,  2.58it/s]
 57%|███████████████████████████████████████████████████▉                                       | 308/540 [01:54<01:17,  2.98it/s]
 57%|████████████████████████████████████████████████████                                       | 309/540 [01:54<01:09,  3.33it/s]
 57%|████████████████████████████████████████████████████▏                                      | 310/540 [01:55<01:02,  3.66it/s]
 58%|████████████████████████████████████████████████████▍                                      | 311/540 [01:55<00:58,  3.91it/s]
 58%|████████████████████████████████████████████████████▌                                      | 312/540 [01:55<00:55,  4.12it/s]
 58%|████████████████████████████████████████████████████▋                                      | 313/540 [01:55<00:53,  4.28it/s]
 58%|████████████████████████████████████████████████████▉                                      | 314/540 [01:56<00:51,  4.40it/s]
 58%|█████████████████████████████████████████████████████                                      | 315/540 [01:56<00:50,  4.49it/s]
 59%|█████████████████████████████████████████████████████▎                                     | 316/540 [01:56<00:49,  4.55it/s]
 59%|█████████████████████████████████████████████████████▍                                     | 317/540 [01:56<00:48,  4.59it/s]
 59%|█████████████████████████████████████████████████████▌                                     | 318/540 [01:56<00:47,  4.63it/s]
 59%|█████████████████████████████████████████████████████▊                                     | 319/540 [01:57<00:47,  4.65it/s]
 59%|█████████████████████████████████████████████████████▉                                     | 320/540 [01:57<00:47,  4.67it/s]
 59%|██████████████████████████████████████████████████████                                     | 321/540 [01:57<00:46,  4.68it/s]
 60%|██████████████████████████████████████████████████████▎                                    | 322/540 [01:57<00:46,  4.69it/s]
 60%|██████████████████████████████████████████████████████▍                                    | 323/540 [01:57<00:46,  4.70it/s]
 60%|██████████████████████████████████████████████████████▌                                    | 324/540 [01:58<00:45,  4.71it/s]
 60%|██████████████████████████████████████████████████████▊                                    | 325/540 [01:58<00:45,  4.70it/s]
                                                                                                                                  

 60%|██████████████████████████████████████████████████████▊                                    | 325/540 [01:58<00:45,  4.70it/s]
 60%|██████████████████████████████████████████████████████▉                                    | 326/540 [01:58<00:45,  4.69it/s]
 61%|███████████████████████████████████████████████████████                                    | 327/540 [01:58<00:45,  4.70it/s]
 61%|███████████████████████████████████████████████████████▎                                   | 328/540 [01:58<00:45,  4.70it/s]
 61%|███████████████████████████████████████████████████████▍                                   | 329/540 [01:59<00:44,  4.71it/s]{'loss': '0.6218', 'grad_norm': '6.325', 'learning_rate': '2.157e-05', 'epoch': '10.85'}


Writing model shards:   0%|                                                                                 | 0/1 [00:00<?, ?it/s][A

Writing model shards: 100%|█████████████████████████████████████████████████████████████████████████| 1/1 [00:01<00:00,  1.79s/it][A
Writing model shards: 100%|█████████████████████████████████████████████████████████████████████████| 1/1 [00:01<00:00,  1.79s/it]

 61%|███████████████████████████████████████████████████████▊                                   | 331/540 [02:05<05:06,  1.47s/it]
 61%|███████████████████████████████████████████████████████▉                                   | 332/540 [02:05<04:00,  1.16s/it]
 62%|████████████████████████████████████████████████████████                                   | 333/540 [02:05<03:08,  1.10it/s]
 62%|████████████████████████████████████████████████████████▎                                  | 334/540 [02:05<02:28,  1.39it/s]
 62%|████████████████████████████████████████████████████████▍                                  | 335/540 [02:05<01:58,  1.73it/s]
 62%|████████████████████████████████████████████████████████▌                                  | 336/540 [02:06<01:36,  2.12it/s]
 62%|████████████████████████████████████████████████████████▊                                  | 337/540 [02:06<01:20,  2.52it/s]
 63%|████████████████████████████████████████████████████████▉                                  | 338/540 [02:06<01:09,  2.91it/s]
 63%|█████████████████████████████████████████████████████████▏                                 | 339/540 [02:06<01:01,  3.28it/s]
 63%|█████████████████████████████████████████████████████████▎                                 | 340/540 [02:06<00:55,  3.60it/s]
 63%|█████████████████████████████████████████████████████████▍                                 | 341/540 [02:07<00:51,  3.87it/s]
 63%|█████████████████████████████████████████████████████████▋                                 | 342/540 [02:07<00:48,  4.09it/s]
 64%|█████████████████████████████████████████████████████████▊                                 | 343/540 [02:07<00:46,  4.25it/s]
 64%|█████████████████████████████████████████████████████████▉                                 | 344/540 [02:07<00:44,  4.38it/s]
 64%|██████████████████████████████████████████████████████████▏                                | 345/540 [02:08<00:43,  4.48it/s]
 64%|██████████████████████████████████████████████████████████▎                                | 346/540 [02:08<00:42,  4.55it/s]
 64%|██████████████████████████████████████████████████████████▍                                | 347/540 [02:08<00:42,  4.59it/s]
 64%|██████████████████████████████████████████████████████████▋                                | 348/540 [02:08<00:41,  4.62it/s]
 65%|██████████████████████████████████████████████████████████▊                                | 349/540 [02:08<00:41,  4.65it/s]
 65%|██████████████████████████████████████████████████████████▉                                | 350/540 [02:09<00:40,  4.67it/s]
                                                                                                                                  

 65%|██████████████████████████████████████████████████████████▉                                | 350/540 [02:09<00:40,  4.67it/s]
 65%|███████████████████████████████████████████████████████████▏                               | 351/540 [02:09<00:40,  4.68it/s]
 65%|███████████████████████████████████████████████████████████▎                               | 352/540 [02:09<00:40,  4.68it/s]
 65%|███████████████████████████████████████████████████████████▍                               | 353/540 [02:09<00:39,  4.69it/s]
 66%|███████████████████████████████████████████████████████████▋                               | 354/540 [02:09<00:39,  4.69it/s]
 66%|███████████████████████████████████████████████████████████▊                               | 355/540 [02:10<00:39,  4.68it/s]
 66%|███████████████████████████████████████████████████████████▉                               | 356/540 [02:10<00:39,  4.70it/s]
 66%|████████████████████████████████████████████████████████████▏                              | 357/540 [02:10<00:38,  4.70it/s]
 66%|████████████████████████████████████████████████████████████▎                              | 358/540 [02:10<00:38,  4.70it/s]
 66%|████████████████████████████████████████████████████████████▍                              | 359/540 [02:11<00:38,  4.70it/s]
 67%|████████████████████████████████████████████████████████████▋                              | 360/540 [02:11<00:34,  5.25it/s]{'loss': '0.573', 'grad_norm': '5.52', 'learning_rate': '1.912e-05', 'epoch': '11.68'}


Writing model shards:   0%|                                                                                 | 0/1 [00:00<?, ?it/s][A

Writing model shards: 100%|█████████████████████████████████████████████████████████████████████████| 1/1 [00:01<00:00,  1.71s/it][A
Writing model shards: 100%|█████████████████████████████████████████████████████████████████████████| 1/1 [00:01<00:00,  1.71s/it]

 67%|████████████████████████████████████████████████████████████▊                              | 361/540 [02:16<05:20,  1.79s/it]
 67%|█████████████████████████████████████████████████████████████                              | 362/540 [02:16<03:54,  1.32s/it]
 67%|█████████████████████████████████████████████████████████████▏                             | 363/540 [02:17<02:54,  1.02it/s]
 67%|█████████████████████████████████████████████████████████████▎                             | 364/540 [02:17<02:12,  1.33it/s]
 68%|█████████████████████████████████████████████████████████████▌                             | 365/540 [02:17<01:43,  1.69it/s]
 68%|█████████████████████████████████████████████████████████████▋                             | 366/540 [02:17<01:23,  2.10it/s]
 68%|█████████████████████████████████████████████████████████████▊                             | 367/540 [02:17<01:08,  2.51it/s]
 68%|██████████████████████████████████████████████████████████████                             | 368/540 [02:18<00:58,  2.92it/s]
 68%|██████████████████████████████████████████████████████████████▏                            | 369/540 [02:18<00:51,  3.30it/s]
 69%|██████████████████████████████████████████████████████████████▎                            | 370/540 [02:18<00:46,  3.62it/s]
 69%|██████████████████████████████████████████████████████████████▌                            | 371/540 [02:18<00:43,  3.89it/s]
 69%|██████████████████████████████████████████████████████████████▋                            | 372/540 [02:19<00:40,  4.11it/s]
 69%|██████████████████████████████████████████████████████████████▊                            | 373/540 [02:19<00:39,  4.27it/s]
 69%|███████████████████████████████████████████████████████████████                            | 374/540 [02:19<00:37,  4.40it/s]
 69%|███████████████████████████████████████████████████████████████▏                           | 375/540 [02:19<00:36,  4.49it/s]
                                                                                                                                  

 69%|███████████████████████████████████████████████████████████████▏                           | 375/540 [02:19<00:36,  4.49it/s]
 70%|███████████████████████████████████████████████████████████████▎                           | 376/540 [02:19<00:36,  4.55it/s]
 70%|███████████████████████████████████████████████████████████████▌                           | 377/540 [02:20<00:35,  4.60it/s]
 70%|███████████████████████████████████████████████████████████████▋                           | 378/540 [02:20<00:34,  4.63it/s]
 70%|███████████████████████████████████████████████████████████████▊                           | 379/540 [02:20<00:34,  4.65it/s]
 70%|████████████████████████████████████████████████████████████████                           | 380/540 [02:20<00:34,  4.67it/s]
 71%|████████████████████████████████████████████████████████████████▏                          | 381/540 [02:20<00:33,  4.68it/s]
 71%|████████████████████████████████████████████████████████████████▎                          | 382/540 [02:21<00:33,  4.69it/s]
 71%|████████████████████████████████████████████████████████████████▌                          | 383/540 [02:21<00:33,  4.70it/s]
 71%|████████████████████████████████████████████████████████████████▋                          | 384/540 [02:21<00:33,  4.70it/s]
 71%|████████████████████████████████████████████████████████████████▉                          | 385/540 [02:21<00:33,  4.69it/s]
 71%|█████████████████████████████████████████████████████████████████                          | 386/540 [02:21<00:32,  4.70it/s]
 72%|█████████████████████████████████████████████████████████████████▏                         | 387/540 [02:22<00:33,  4.63it/s]
 72%|█████████████████████████████████████████████████████████████████▍                         | 388/540 [02:22<00:32,  4.65it/s]
 72%|█████████████████████████████████████████████████████████████████▌                         | 389/540 [02:22<00:32,  4.67it/s]{'loss': '0.549', 'grad_norm': '4.236', 'learning_rate': '1.667e-05', 'epoch': '12.51'}


Writing model shards:   0%|                                                                                 | 0/1 [00:00<?, ?it/s][A

Writing model shards: 100%|█████████████████████████████████████████████████████████████████████████| 1/1 [00:01<00:00,  1.68s/it][A
Writing model shards: 100%|█████████████████████████████████████████████████████████████████████████| 1/1 [00:01<00:00,  1.68s/it]

 72%|█████████████████████████████████████████████████████████████████▉                         | 391/540 [02:28<03:31,  1.42s/it]
 73%|██████████████████████████████████████████████████████████████████                         | 392/540 [02:28<02:45,  1.12s/it]
 73%|██████████████████████████████████████████████████████████████████▏                        | 393/540 [02:28<02:09,  1.13it/s]
 73%|██████████████████████████████████████████████████████████████████▍                        | 394/540 [02:28<01:42,  1.43it/s]
 73%|██████████████████████████████████████████████████████████████████▌                        | 395/540 [02:29<01:21,  1.77it/s]
 73%|██████████████████████████████████████████████████████████████████▋                        | 396/540 [02:29<01:06,  2.16it/s]
 74%|██████████████████████████████████████████████████████████████████▉                        | 397/540 [02:29<00:55,  2.56it/s]
 74%|███████████████████████████████████████████████████████████████████                        | 398/540 [02:29<00:48,  2.95it/s]
 74%|███████████████████████████████████████████████████████████████████▏                       | 399/540 [02:29<00:42,  3.31it/s]
 74%|███████████████████████████████████████████████████████████████████▍                       | 400/540 [02:30<00:38,  3.63it/s]
                                                                                                                                  

 74%|███████████████████████████████████████████████████████████████████▍                       | 400/540 [02:30<00:38,  3.63it/s]
 74%|███████████████████████████████████████████████████████████████████▌                       | 401/540 [02:30<00:35,  3.90it/s]
 74%|███████████████████████████████████████████████████████████████████▋                       | 402/540 [02:30<00:33,  4.11it/s]
 75%|███████████████████████████████████████████████████████████████████▉                       | 403/540 [02:30<00:32,  4.27it/s]
 75%|████████████████████████████████████████████████████████████████████                       | 404/540 [02:31<00:30,  4.40it/s]
 75%|████████████████████████████████████████████████████████████████████▎                      | 405/540 [02:31<00:30,  4.49it/s]
 75%|████████████████████████████████████████████████████████████████████▍                      | 406/540 [02:31<00:29,  4.55it/s]
 75%|████████████████████████████████████████████████████████████████████▌                      | 407/540 [02:31<00:28,  4.60it/s]
 76%|████████████████████████████████████████████████████████████████████▊                      | 408/540 [02:31<00:28,  4.63it/s]
 76%|████████████████████████████████████████████████████████████████████▉                      | 409/540 [02:32<00:28,  4.66it/s]
 76%|█████████████████████████████████████████████████████████████████████                      | 410/540 [02:32<00:27,  4.67it/s]
 76%|█████████████████████████████████████████████████████████████████████▎                     | 411/540 [02:32<00:27,  4.69it/s]
 76%|█████████████████████████████████████████████████████████████████████▍                     | 412/540 [02:32<00:27,  4.70it/s]
 76%|█████████████████████████████████████████████████████████████████████▌                     | 413/540 [02:32<00:27,  4.69it/s]
 77%|█████████████████████████████████████████████████████████████████████▊                     | 414/540 [02:33<00:26,  4.69it/s]
 77%|█████████████████████████████████████████████████████████████████████▉                     | 415/540 [02:33<00:26,  4.70it/s]
 77%|██████████████████████████████████████████████████████████████████████                     | 416/540 [02:33<00:26,  4.70it/s]
 77%|██████████████████████████████████████████████████████████████████████▎                    | 417/540 [02:33<00:26,  4.70it/s]
 77%|██████████████████████████████████████████████████████████████████████▍                    | 418/540 [02:34<00:25,  4.70it/s]
 78%|██████████████████████████████████████████████████████████████████████▌                    | 419/540 [02:34<00:25,  4.70it/s]{'loss': '0.5117', 'grad_norm': '4.409', 'learning_rate': '1.422e-05', 'epoch': '13.34'}


Writing model shards:   0%|                                                                                 | 0/1 [00:00<?, ?it/s][A

Writing model shards: 100%|█████████████████████████████████████████████████████████████████████████| 1/1 [00:01<00:00,  1.86s/it][A
Writing model shards: 100%|█████████████████████████████████████████████████████████████████████████| 1/1 [00:01<00:00,  1.86s/it]

 78%|██████████████████████████████████████████████████████████████████████▉                    | 421/540 [02:42<04:02,  2.04s/it]
 78%|███████████████████████████████████████████████████████████████████████                    | 422/540 [02:42<03:07,  1.59s/it]
 78%|███████████████████████████████████████████████████████████████████████▎                   | 423/540 [02:42<02:23,  1.23s/it]
 79%|███████████████████████████████████████████████████████████████████████▍                   | 424/540 [02:43<01:50,  1.05it/s]
 79%|███████████████████████████████████████████████████████████████████████▌                   | 425/540 [02:43<01:25,  1.34it/s]
                                                                                                                                  

 79%|███████████████████████████████████████████████████████████████████████▌                   | 425/540 [02:43<01:25,  1.34it/s]
 79%|███████████████████████████████████████████████████████████████████████▊                   | 426/540 [02:43<01:07,  1.69it/s]
 79%|███████████████████████████████████████████████████████████████████████▉                   | 427/540 [02:43<00:54,  2.07it/s]
 79%|████████████████████████████████████████████████████████████████████████▏                  | 428/540 [02:44<00:45,  2.48it/s]
 79%|████████████████████████████████████████████████████████████████████████▎                  | 429/540 [02:44<00:38,  2.88it/s]
 80%|████████████████████████████████████████████████████████████████████████▍                  | 430/540 [02:44<00:33,  3.25it/s]
 80%|████████████████████████████████████████████████████████████████████████▋                  | 431/540 [02:44<00:30,  3.58it/s]
 80%|████████████████████████████████████████████████████████████████████████▊                  | 432/540 [02:44<00:27,  3.86it/s]
 80%|████████████████████████████████████████████████████████████████████████▉                  | 433/540 [02:45<00:26,  4.08it/s]
 80%|█████████████████████████████████████████████████████████████████████████▏                 | 434/540 [02:45<00:24,  4.25it/s]
 81%|█████████████████████████████████████████████████████████████████████████▎                 | 435/540 [02:45<00:23,  4.38it/s]
 81%|█████████████████████████████████████████████████████████████████████████▍                 | 436/540 [02:45<00:23,  4.47it/s]
 81%|█████████████████████████████████████████████████████████████████████████▋                 | 437/540 [02:45<00:22,  4.53it/s]
 81%|█████████████████████████████████████████████████████████████████████████▊                 | 438/540 [02:46<00:22,  4.58it/s]
 81%|█████████████████████████████████████████████████████████████████████████▉                 | 439/540 [02:46<00:21,  4.62it/s]
 81%|██████████████████████████████████████████████████████████████████████████▏                | 440/540 [02:46<00:21,  4.65it/s]
 82%|██████████████████████████████████████████████████████████████████████████▎                | 441/540 [02:46<00:21,  4.67it/s]
 82%|██████████████████████████████████████████████████████████████████████████▍                | 442/540 [02:47<00:20,  4.68it/s]
 82%|██████████████████████████████████████████████████████████████████████████▋                | 443/540 [02:47<00:20,  4.69it/s]
 82%|██████████████████████████████████████████████████████████████████████████▊                | 444/540 [02:47<00:20,  4.70it/s]
 82%|██████████████████████████████████████████████████████████████████████████▉                | 445/540 [02:47<00:20,  4.70it/s]
 83%|███████████████████████████████████████████████████████████████████████████▏               | 446/540 [02:47<00:19,  4.70it/s]
 83%|███████████████████████████████████████████████████████████████████████████▎               | 447/540 [02:48<00:19,  4.71it/s]
 83%|███████████████████████████████████████████████████████████████████████████▍               | 448/540 [02:48<00:19,  4.71it/s]
 83%|███████████████████████████████████████████████████████████████████████████▋               | 449/540 [02:48<00:19,  4.71it/s]
                                                                                                                                  

 83%|███████████████████████████████████████████████████████████████████████████▊               | 450/540 [02:48<00:19,  4.71it/s]{'loss': '0.497', 'grad_norm': '4.481', 'learning_rate': '1.176e-05', 'epoch': '14.17'}
{'loss': '0.4668', 'grad_norm': '12.53', 'learning_rate': '9.314e-06', 'epoch': '15'}


Writing model shards:   0%|                                                                                 | 0/1 [00:00<?, ?it/s][A

Writing model shards: 100%|█████████████████████████████████████████████████████████████████████████| 1/1 [00:01<00:00,  1.45s/it][A
Writing model shards: 100%|█████████████████████████████████████████████████████████████████████████| 1/1 [00:01<00:00,  1.45s/it]

 84%|████████████████████████████████████████████████████████████████████████████               | 451/540 [02:54<02:21,  1.59s/it]
 84%|████████████████████████████████████████████████████████████████████████████▏              | 452/540 [02:55<01:49,  1.25s/it]
 84%|████████████████████████████████████████████████████████████████████████████▎              | 453/540 [02:55<01:24,  1.02it/s]
 84%|████████████████████████████████████████████████████████████████████████████▌              | 454/540 [02:55<01:06,  1.30it/s]
 84%|████████████████████████████████████████████████████████████████████████████▋              | 455/540 [02:55<00:52,  1.63it/s]
 84%|████████████████████████████████████████████████████████████████████████████▊              | 456/540 [02:55<00:41,  2.00it/s]
 85%|█████████████████████████████████████████████████████████████████████████████              | 457/540 [02:56<00:34,  2.40it/s]
 85%|█████████████████████████████████████████████████████████████████████████████▏             | 458/540 [02:56<00:29,  2.81it/s]
 85%|█████████████████████████████████████████████████████████████████████████████▎             | 459/540 [02:56<00:25,  3.19it/s]
 85%|█████████████████████████████████████████████████████████████████████████████▌             | 460/540 [02:56<00:22,  3.53it/s]
 85%|█████████████████████████████████████████████████████████████████████████████▋             | 461/540 [02:57<00:20,  3.81it/s]
 86%|█████████████████████████████████████████████████████████████████████████████▊             | 462/540 [02:57<00:19,  4.04it/s]
 86%|██████████████████████████████████████████████████████████████████████████████             | 463/540 [02:57<00:18,  4.22it/s]
 86%|██████████████████████████████████████████████████████████████████████████████▏            | 464/540 [02:57<00:17,  4.35it/s]
 86%|██████████████████████████████████████████████████████████████████████████████▎            | 465/540 [02:57<00:16,  4.45it/s]
 86%|██████████████████████████████████████████████████████████████████████████████▌            | 466/540 [02:58<00:16,  4.53it/s]
 86%|██████████████████████████████████████████████████████████████████████████████▋            | 467/540 [02:58<00:15,  4.58it/s]
 87%|██████████████████████████████████████████████████████████████████████████████▊            | 468/540 [02:58<00:15,  4.63it/s]
 87%|███████████████████████████████████████████████████████████████████████████████            | 469/540 [02:58<00:15,  4.64it/s]
 87%|███████████████████████████████████████████████████████████████████████████████▏           | 470/540 [02:58<00:15,  4.66it/s]
 87%|███████████████████████████████████████████████████████████████████████████████▎           | 471/540 [02:59<00:14,  4.67it/s]
 87%|███████████████████████████████████████████████████████████████████████████████▌           | 472/540 [02:59<00:14,  4.67it/s]
 88%|███████████████████████████████████████████████████████████████████████████████▋           | 473/540 [02:59<00:14,  4.69it/s]
 88%|███████████████████████████████████████████████████████████████████████████████▉           | 474/540 [02:59<00:14,  4.70it/s]
 88%|████████████████████████████████████████████████████████████████████████████████           | 475/540 [02:59<00:13,  4.70it/s]
                                                                                                                                  

 88%|████████████████████████████████████████████████████████████████████████████████           | 475/540 [03:00<00:13,  4.70it/s]
 88%|████████████████████████████████████████████████████████████████████████████████▏          | 476/540 [03:00<00:13,  4.71it/s]
 88%|████████████████████████████████████████████████████████████████████████████████▍          | 477/540 [03:00<00:13,  4.71it/s]
 89%|████████████████████████████████████████████████████████████████████████████████▌          | 478/540 [03:00<00:13,  4.71it/s]
 89%|████████████████████████████████████████████████████████████████████████████████▋          | 479/540 [03:00<00:12,  4.71it/s]{'loss': '0.4419', 'grad_norm': '3.905', 'learning_rate': '6.863e-06', 'epoch': '15.85'}


Writing model shards:   0%|                                                                                 | 0/1 [00:00<?, ?it/s][A

Writing model shards: 100%|█████████████████████████████████████████████████████████████████████████| 1/1 [00:01<00:00,  1.48s/it][A
Writing model shards: 100%|█████████████████████████████████████████████████████████████████████████| 1/1 [00:01<00:00,  1.49s/it]

 89%|█████████████████████████████████████████████████████████████████████████████████          | 481/540 [03:06<01:23,  1.42s/it]
 89%|█████████████████████████████████████████████████████████████████████████████████▏         | 482/540 [03:06<01:05,  1.12s/it]
 89%|█████████████████████████████████████████████████████████████████████████████████▍         | 483/540 [03:06<00:50,  1.13it/s]
 90%|█████████████████████████████████████████████████████████████████████████████████▌         | 484/540 [03:07<00:39,  1.43it/s]
 90%|█████████████████████████████████████████████████████████████████████████████████▋         | 485/540 [03:07<00:31,  1.77it/s]
 90%|█████████████████████████████████████████████████████████████████████████████████▉         | 486/540 [03:07<00:25,  2.16it/s]
 90%|██████████████████████████████████████████████████████████████████████████████████         | 487/540 [03:07<00:20,  2.56it/s]
 90%|██████████████████████████████████████████████████████████████████████████████████▏        | 488/540 [03:08<00:18,  2.84it/s]
 91%|██████████████████████████████████████████████████████████████████████████████████▍        | 489/540 [03:08<00:15,  3.22it/s]
 91%|██████████████████████████████████████████████████████████████████████████████████▌        | 490/540 [03:08<00:14,  3.55it/s]
 91%|██████████████████████████████████████████████████████████████████████████████████▋        | 491/540 [03:08<00:12,  3.83it/s]
 91%|██████████████████████████████████████████████████████████████████████████████████▉        | 492/540 [03:08<00:11,  4.05it/s]
 91%|███████████████████████████████████████████████████████████████████████████████████        | 493/540 [03:09<00:11,  4.23it/s]
 91%|███████████████████████████████████████████████████████████████████████████████████▏       | 494/540 [03:09<00:10,  4.37it/s]
 92%|███████████████████████████████████████████████████████████████████████████████████▍       | 495/540 [03:09<00:10,  4.47it/s]
 92%|███████████████████████████████████████████████████████████████████████████████████▌       | 496/540 [03:09<00:09,  4.54it/s]
 92%|███████████████████████████████████████████████████████████████████████████████████▊       | 497/540 [03:09<00:09,  4.59it/s]
 92%|███████████████████████████████████████████████████████████████████████████████████▉       | 498/540 [03:10<00:09,  4.62it/s]
 92%|████████████████████████████████████████████████████████████████████████████████████       | 499/540 [03:10<00:08,  4.65it/s]
 93%|████████████████████████████████████████████████████████████████████████████████████▎      | 500/540 [03:10<00:08,  4.67it/s]
                                                                                                                                  

 93%|████████████████████████████████████████████████████████████████████████████████████▎      | 500/540 [03:10<00:08,  4.67it/s]
 93%|████████████████████████████████████████████████████████████████████████████████████▍      | 501/540 [03:10<00:08,  4.69it/s]
 93%|████████████████████████████████████████████████████████████████████████████████████▌      | 502/540 [03:11<00:08,  4.69it/s]
 93%|████████████████████████████████████████████████████████████████████████████████████▊      | 503/540 [03:11<00:07,  4.70it/s]
 93%|████████████████████████████████████████████████████████████████████████████████████▉      | 504/540 [03:11<00:07,  4.71it/s]
 94%|█████████████████████████████████████████████████████████████████████████████████████      | 505/540 [03:11<00:07,  4.71it/s]
 94%|█████████████████████████████████████████████████████████████████████████████████████▎     | 506/540 [03:11<00:07,  4.70it/s]
 94%|█████████████████████████████████████████████████████████████████████████████████████▍     | 507/540 [03:12<00:07,  4.71it/s]
 94%|█████████████████████████████████████████████████████████████████████████████████████▌     | 508/540 [03:12<00:06,  4.71it/s]
 94%|█████████████████████████████████████████████████████████████████████████████████████▊     | 509/540 [03:12<00:06,  4.71it/s]{'loss': '0.4279', 'grad_norm': '3.871', 'learning_rate': '4.412e-06', 'epoch': '16.68'}


Writing model shards:   0%|                                                                                 | 0/1 [00:00<?, ?it/s][A

Writing model shards: 100%|█████████████████████████████████████████████████████████████████████████| 1/1 [00:01<00:00,  1.48s/it][A
Writing model shards: 100%|█████████████████████████████████████████████████████████████████████████| 1/1 [00:01<00:00,  1.48s/it]

 95%|██████████████████████████████████████████████████████████████████████████████████████     | 511/540 [03:18<00:40,  1.40s/it]
 95%|██████████████████████████████████████████████████████████████████████████████████████▎    | 512/540 [03:18<00:30,  1.11s/it]
 95%|██████████████████████████████████████████████████████████████████████████████████████▍    | 513/540 [03:18<00:23,  1.15it/s]
 95%|██████████████████████████████████████████████████████████████████████████████████████▌    | 514/540 [03:18<00:18,  1.44it/s]
 95%|██████████████████████████████████████████████████████████████████████████████████████▊    | 515/540 [03:18<00:13,  1.79it/s]
 96%|██████████████████████████████████████████████████████████████████████████████████████▉    | 516/540 [03:19<00:11,  2.18it/s]
 96%|███████████████████████████████████████████████████████████████████████████████████████    | 517/540 [03:19<00:08,  2.58it/s]
 96%|███████████████████████████████████████████████████████████████████████████████████████▎   | 518/540 [03:19<00:07,  2.97it/s]
 96%|███████████████████████████████████████████████████████████████████████████████████████▍   | 519/540 [03:19<00:06,  3.33it/s]
 96%|███████████████████████████████████████████████████████████████████████████████████████▋   | 520/540 [03:19<00:05,  3.65it/s]
 96%|███████████████████████████████████████████████████████████████████████████████████████▊   | 521/540 [03:20<00:04,  3.91it/s]
 97%|███████████████████████████████████████████████████████████████████████████████████████▉   | 522/540 [03:20<00:04,  4.12it/s]
 97%|████████████████████████████████████████████████████████████████████████████████████████▏  | 523/540 [03:20<00:03,  4.28it/s]
 97%|████████████████████████████████████████████████████████████████████████████████████████▎  | 524/540 [03:20<00:03,  4.41it/s]
 97%|████████████████████████████████████████████████████████████████████████████████████████▍  | 525/540 [03:21<00:03,  4.49it/s]
                                                                                                                                  

 97%|████████████████████████████████████████████████████████████████████████████████████████▍  | 525/540 [03:21<00:03,  4.49it/s]
 97%|████████████████████████████████████████████████████████████████████████████████████████▋  | 526/540 [03:21<00:03,  4.56it/s]
 98%|████████████████████████████████████████████████████████████████████████████████████████▊  | 527/540 [03:21<00:02,  4.61it/s]
 98%|████████████████████████████████████████████████████████████████████████████████████████▉  | 528/540 [03:21<00:02,  4.64it/s]
 98%|█████████████████████████████████████████████████████████████████████████████████████████▏ | 529/540 [03:21<00:02,  4.66it/s]
 98%|█████████████████████████████████████████████████████████████████████████████████████████▎ | 530/540 [03:22<00:02,  4.68it/s]
 98%|█████████████████████████████████████████████████████████████████████████████████████████▍ | 531/540 [03:22<00:01,  4.69it/s]
 99%|█████████████████████████████████████████████████████████████████████████████████████████▋ | 532/540 [03:22<00:01,  4.70it/s]
 99%|█████████████████████████████████████████████████████████████████████████████████████████▊ | 533/540 [03:22<00:01,  4.71it/s]
 99%|█████████████████████████████████████████████████████████████████████████████████████████▉ | 534/540 [03:22<00:01,  4.71it/s]
 99%|██████████████████████████████████████████████████████████████████████████████████████████▏| 535/540 [03:23<00:01,  4.71it/s]
 99%|██████████████████████████████████████████████████████████████████████████████████████████▎| 536/540 [03:23<00:00,  4.71it/s]
 99%|██████████████████████████████████████████████████████████████████████████████████████████▍| 537/540 [03:23<00:00,  4.71it/s]
100%|██████████████████████████████████████████████████████████████████████████████████████████▋| 538/540 [03:23<00:00,  4.72it/s]
100%|██████████████████████████████████████████████████████████████████████████████████████████▊| 539/540 [03:24<00:00,  4.72it/s]{'loss': '0.4267', 'grad_norm': '3.861', 'learning_rate': '1.961e-06', 'epoch': '17.51'}


Writing model shards:   0%|                                                                                 | 0/1 [00:00<?, ?it/s][A

Writing model shards: 100%|█████████████████████████████████████████████████████████████████████████| 1/1 [00:01<00:00,  1.42s/it][A
Writing model shards: 100%|█████████████████████████████████████████████████████████████████████████| 1/1 [00:01<00:00,  1.42s/it]

                                                                                                                                  

100%|███████████████████████████████████████████████████████████████████████████████████████████| 540/540 [03:29<00:00,  4.72it/s]
100%|███████████████████████████████████████████████████████████████████████████████████████████| 540/540 [03:29<00:00,  2.58it/s]
{'train_runtime': '209.6', 'train_samples_per_second': '39.93', 'train_steps_per_second': '2.576', 'train_loss': '0.908', 'epoch': '18'}

  0%|                                                                                                       | 0/9 [00:00<?, ?it/s]
 44%|██████████████████████████████████████████▏                                                    | 4/9 [00:00<00:00, 35.86it/s]
 89%|████████████████████████████████████████████████████████████████████████████████████▍          | 8/9 [00:00<00:00, 29.73it/s]
100%|███████████████████████████████████████████████████████████████████████████████████████████████| 9/9 [00:00<00:00, 30.09it/s]

Writing model shards:   0%|                                                                                 | 0/1 [00:00<?, ?it/s]
Writing model shards: 100%|█████████████████████████████████████████████████████████████████████████| 1/1 [00:01<00:00,  1.60s/it]
Writing model shards: 100%|█████████████████████████████████████████████████████████████████████████| 1/1 [00:01<00:00,  1.60s/it]

Loading weights:   0%|                                                                                    | 0/292 [00:00<?, ?it/s]
Loading weights:  65%|██████████████████████████████████████████████▌                         | 189/292 [00:00<00:00, 1866.13it/s]
Loading weights: 100%|████████████████████████████████████████████████████████████████████████| 292/292 [00:00<00:00, 1590.36it/s]

Loading weights:   0%|                                                                                    | 0/292 [00:00<?, ?it/s]
Loading weights:   4%|███                                                                       | 12/292 [00:00<00:02, 115.23it/s]
Loading weights:  82%|██████████████████████████████████████████████████████████▋             | 238/292 [00:00<00:00, 1352.60it/s]
Loading weights: 100%|████████████████████████████████████████████████████████████████████████| 292/292 [00:00<00:00, 1125.16it/s]

Loading weights:   0%|                                                                                    | 0/292 [00:00<?, ?it/s]
Loading weights:  14%|██████████▏                                                               | 40/292 [00:00<00:00, 387.55it/s]
Loading weights:  29%|█████████████████████▎                                                    | 84/292 [00:00<00:00, 400.01it/s]
Loading weights:  45%|████████████████████████████████▌                                        | 130/292 [00:00<00:00, 413.97it/s]
Loading weights:  61%|████████████████████████████████████████████▌                            | 178/292 [00:00<00:00, 425.11it/s]
Loading weights:  76%|███████████████████████████████████████████████████████▎                 | 221/292 [00:00<00:00, 415.64it/s]
Loading weights:  91%|██████████████████████████████████████████████████████████████████▌      | 266/292 [00:00<00:00, 419.83it/s]
Loading weights: 100%|█████████████████████████████████████████████████████████████████████████| 292/292 [00:00<00:00, 402.00it/s]

Loading weights:   0%|                                                                                    | 0/292 [00:00<?, ?it/s]
Loading weights:  49%|███████████████████████████████████                                     | 142/292 [00:00<00:00, 1412.33it/s]
Loading weights:  97%|██████████████████████████████████████████████████████████████████████  | 284/292 [00:00<00:00, 1367.05it/s]
Loading weights: 100%|████████████████████████████████████████████████████████████████████████| 292/292 [00:00<00:00, 1153.19it/s]

Loading weights:   0%|                                                                                    | 0/196 [00:00<?, ?it/s]
Loading weights:  35%|█████████████████████████▋                                                | 68/196 [00:00<00:00, 664.28it/s]
Loading weights:  80%|██████████████████████████████████████████████████████████               | 156/196 [00:00<00:00, 779.97it/s]
Loading weights: 100%|█████████████████████████████████████████████████████████████████████████| 196/196 [00:00<00:00, 809.29it/s]
Warning: You are sending unauthenticated requests to the HF Hub. Please set a HF_TOKEN to enable higher rate limits and faster downloads.
[RANK 0] Detected kernel version 5.4.0, which is below the recommended minimum of 5.5.0; this can cause the process to hang. It is recommended to upgrade the kernel to the minimum version or higher.

  0%|                                                                                                     | 0/360 [00:00<?, ?it/s]
  0%|▎                                                                                            | 1/360 [00:00<02:55,  2.05it/s]
  1%|▌                                                                                            | 2/360 [00:00<02:43,  2.20it/s]
  1%|▊                                                                                            | 3/360 [00:01<02:41,  2.22it/s]
  1%|█                                                                                            | 4/360 [00:01<02:40,  2.22it/s]
  1%|█▎                                                                                           | 5/360 [00:02<02:39,  2.23it/s]
  2%|█▌                                                                                           | 6/360 [00:02<02:38,  2.24it/s]
  2%|█▊                                                                                           | 7/360 [00:03<02:37,  2.24it/s]
  2%|██                                                                                           | 8/360 [00:03<02:37,  2.24it/s]
  2%|██▎                                                                                          | 9/360 [00:04<02:36,  2.24it/s]
  3%|██▌                                                                                         | 10/360 [00:04<02:36,  2.24it/s]
  3%|██▊                                                                                         | 11/360 [00:04<02:35,  2.24it/s]
  3%|███                                                                                         | 12/360 [00:05<02:35,  2.24it/s]
  4%|███▎                                                                                        | 13/360 [00:05<02:34,  2.25it/s]
  4%|███▌                                                                                        | 14/360 [00:06<02:34,  2.24it/s]
  4%|███▊                                                                                        | 15/360 [00:06<02:33,  2.25it/s]
  4%|████                                                                                        | 16/360 [00:07<02:33,  2.24it/s]
  5%|████▎                                                                                       | 17/360 [00:07<02:32,  2.25it/s]
  5%|████▌                                                                                       | 18/360 [00:08<02:32,  2.25it/s]
  5%|████▊                                                                                       | 19/360 [00:08<02:31,  2.25it/s]
  6%|█████                                                                                       | 20/360 [00:08<02:31,  2.24it/s]
  6%|█████▎                                                                                      | 21/360 [00:09<02:30,  2.25it/s]
  6%|█████▌                                                                                      | 22/360 [00:09<02:30,  2.25it/s]
  6%|█████▉                                                                                      | 23/360 [00:10<02:29,  2.25it/s]
  7%|██████▏                                                                                     | 24/360 [00:10<02:29,  2.24it/s]
  7%|██████▍                                                                                     | 25/360 [00:11<02:29,  2.24it/s]
                                                                                                                                  

  7%|██████▍                                                                                     | 25/360 [00:11<02:29,  2.24it/s]
  7%|██████▋                                                                                     | 26/360 [00:11<02:28,  2.25it/s]
  8%|██████▉                                                                                     | 27/360 [00:12<02:28,  2.24it/s]
  8%|███████▏                                                                                    | 28/360 [00:12<02:27,  2.25it/s]
  8%|███████▍                                                                                    | 29/360 [00:12<02:27,  2.24it/s]
  8%|███████▋                                                                                    | 30/360 [00:13<01:57,  2.80it/s]{'loss': '1.893', 'grad_norm': '5.155', 'learning_rate': '4e-05', 'epoch': '0.8547'}


Writing model shards:   0%|                                                                                 | 0/1 [00:00<?, ?it/s][A

Writing model shards: 100%|█████████████████████████████████████████████████████████████████████████| 1/1 [00:05<00:00,  5.69s/it][A
Writing model shards: 100%|█████████████████████████████████████████████████████████████████████████| 1/1 [00:05<00:00,  5.69s/it]

  9%|███████▉                                                                                    | 31/360 [00:31<31:31,  5.75s/it]
  9%|████████▏                                                                                   | 32/360 [00:31<22:43,  4.16s/it]
  9%|████████▍                                                                                   | 33/360 [00:32<16:35,  3.04s/it]
  9%|████████▋                                                                                   | 34/360 [00:32<12:18,  2.26s/it]
 10%|████████▉                                                                                   | 35/360 [00:33<09:18,  1.72s/it]
 10%|█████████▏                                                                                  | 36/360 [00:33<07:12,  1.34s/it]
 10%|█████████▍                                                                                  | 37/360 [00:34<05:44,  1.07s/it]
 11%|█████████▋                                                                                  | 38/360 [00:34<04:43,  1.14it/s]
 11%|█████████▉                                                                                  | 39/360 [00:34<04:01,  1.33it/s]
 11%|██████████▏                                                                                 | 40/360 [00:35<03:30,  1.52it/s]
 11%|██████████▍                                                                                 | 41/360 [00:35<03:09,  1.68it/s]
 12%|██████████▋                                                                                 | 42/360 [00:36<02:54,  1.82it/s]
 12%|██████████▉                                                                                 | 43/360 [00:36<02:44,  1.93it/s]
 12%|███████████▏                                                                                | 44/360 [00:37<02:36,  2.02it/s]
 12%|███████████▌                                                                                | 45/360 [00:37<02:31,  2.08it/s]
 13%|███████████▊                                                                                | 46/360 [00:38<02:27,  2.13it/s]
 13%|████████████                                                                                | 47/360 [00:38<02:24,  2.17it/s]
 13%|████████████▎                                                                               | 48/360 [00:38<02:22,  2.19it/s]
 14%|████████████▌                                                                               | 49/360 [00:39<02:20,  2.21it/s]
 14%|████████████▊                                                                               | 50/360 [00:39<02:19,  2.22it/s]
                                                                                                                                  

 14%|████████████▊                                                                               | 50/360 [00:39<02:19,  2.22it/s]
 14%|█████████████                                                                               | 51/360 [00:40<02:18,  2.23it/s]
 14%|█████████████▎                                                                              | 52/360 [00:40<02:17,  2.23it/s]
 15%|█████████████▌                                                                              | 53/360 [00:41<02:16,  2.24it/s]
 15%|█████████████▊                                                                              | 54/360 [00:41<02:16,  2.25it/s]
 15%|██████████████                                                                              | 55/360 [00:42<02:15,  2.25it/s]
 16%|██████████████▎                                                                             | 56/360 [00:42<02:15,  2.25it/s]
 16%|██████████████▌                                                                             | 57/360 [00:42<02:14,  2.25it/s]
 16%|██████████████▊                                                                             | 58/360 [00:43<02:14,  2.25it/s]
 16%|███████████████                                                                             | 59/360 [00:43<02:13,  2.25it/s]
 17%|███████████████▎                                                                            | 60/360 [00:44<01:47,  2.80it/s]{'loss': '1.181', 'grad_norm': '3.553', 'learning_rate': '4.727e-05', 'epoch': '1.684'}


Writing model shards:   0%|                                                                                 | 0/1 [00:00<?, ?it/s][A

Writing model shards: 100%|█████████████████████████████████████████████████████████████████████████| 1/1 [00:05<00:00,  5.43s/it][A
Writing model shards: 100%|█████████████████████████████████████████████████████████████████████████| 1/1 [00:05<00:00,  5.43s/it]

 17%|███████████████▌                                                                            | 61/360 [01:00<25:55,  5.20s/it]
 17%|███████████████▊                                                                            | 62/360 [01:00<18:44,  3.77s/it]
 18%|████████████████                                                                            | 63/360 [01:01<13:44,  2.78s/it]
 18%|████████████████▎                                                                           | 64/360 [01:01<10:14,  2.08s/it]
 18%|████████████████▌                                                                           | 65/360 [01:02<07:48,  1.59s/it]
 18%|████████████████▊                                                                           | 66/360 [01:02<06:06,  1.25s/it]
 19%|█████████████████                                                                           | 67/360 [01:03<04:54,  1.01s/it]
 19%|█████████████████▍                                                                          | 68/360 [01:03<04:04,  1.19it/s]
 19%|█████████████████▋                                                                          | 69/360 [01:04<03:29,  1.39it/s]
 19%|█████████████████▉                                                                          | 70/360 [01:04<03:04,  1.57it/s]
 20%|██████████████████▏                                                                         | 71/360 [01:04<02:47,  1.72it/s]
 20%|██████████████████▍                                                                         | 72/360 [01:05<02:35,  1.85it/s]
 20%|██████████████████▋                                                                         | 73/360 [01:05<02:26,  1.95it/s]
 21%|██████████████████▉                                                                         | 74/360 [01:06<02:20,  2.03it/s]
 21%|███████████████████▏                                                                        | 75/360 [01:06<02:16,  2.09it/s]
                                                                                                                                  

 21%|███████████████████▏                                                                        | 75/360 [01:06<02:16,  2.09it/s]
 21%|███████████████████▍                                                                        | 76/360 [01:07<02:12,  2.14it/s]
 21%|███████████████████▋                                                                        | 77/360 [01:07<02:10,  2.16it/s]
 22%|███████████████████▉                                                                        | 78/360 [01:08<02:08,  2.19it/s]
 22%|████████████████████▏                                                                       | 79/360 [01:08<02:07,  2.20it/s]
 22%|████████████████████▍                                                                       | 80/360 [01:08<02:06,  2.22it/s]
 22%|████████████████████▋                                                                       | 81/360 [01:09<02:05,  2.23it/s]
 23%|████████████████████▉                                                                       | 82/360 [01:09<02:04,  2.23it/s]
 23%|█████████████████████▏                                                                      | 83/360 [01:10<02:03,  2.23it/s]
 23%|█████████████████████▍                                                                      | 84/360 [01:10<02:03,  2.24it/s]
 24%|█████████████████████▋                                                                      | 85/360 [01:11<02:02,  2.24it/s]
 24%|█████████████████████▉                                                                      | 86/360 [01:11<02:02,  2.24it/s]
 24%|██████████████████████▏                                                                     | 87/360 [01:12<02:01,  2.24it/s]
 24%|██████████████████████▍                                                                     | 88/360 [01:12<02:01,  2.24it/s]
 25%|██████████████████████▋                                                                     | 89/360 [01:13<02:00,  2.25it/s]
 25%|███████████████████████                                                                     | 90/360 [01:13<01:36,  2.79it/s]{'loss': '0.8445', 'grad_norm': '3.949', 'learning_rate': '4.348e-05', 'epoch': '2.513'}


Writing model shards:   0%|                                                                                 | 0/1 [00:00<?, ?it/s][A

Writing model shards: 100%|█████████████████████████████████████████████████████████████████████████| 1/1 [00:07<00:00,  7.00s/it][A
Writing model shards: 100%|█████████████████████████████████████████████████████████████████████████| 1/1 [00:07<00:00,  7.00s/it]

 25%|███████████████████████▎                                                                    | 91/360 [01:33<28:00,  6.25s/it]
 26%|███████████████████████▌                                                                    | 92/360 [01:33<20:07,  4.51s/it]
 26%|███████████████████████▊                                                                    | 93/360 [01:34<14:38,  3.29s/it]
 26%|████████████████████████                                                                    | 94/360 [01:34<10:47,  2.44s/it]
 26%|████████████████████████▎                                                                   | 95/360 [01:34<08:07,  1.84s/it]
 27%|████████████████████████▌                                                                   | 96/360 [01:35<06:15,  1.42s/it]
 27%|████████████████████████▊                                                                   | 97/360 [01:35<04:56,  1.13s/it]
 27%|█████████████████████████                                                                   | 98/360 [01:36<04:02,  1.08it/s]
 28%|█████████████████████████▎                                                                  | 99/360 [01:36<03:23,  1.28it/s]
 28%|█████████████████████████▎                                                                 | 100/360 [01:37<02:56,  1.47it/s]
                                                                                                                                  

 28%|█████████████████████████▎                                                                 | 100/360 [01:37<02:56,  1.47it/s]
 28%|█████████████████████████▌                                                                 | 101/360 [01:37<02:37,  1.64it/s]
 28%|█████████████████████████▊                                                                 | 102/360 [01:38<02:24,  1.78it/s]
 29%|██████████████████████████                                                                 | 103/360 [01:38<02:15,  1.90it/s]
 29%|██████████████████████████▎                                                                | 104/360 [01:38<02:08,  1.99it/s]
 29%|██████████████████████████▌                                                                | 105/360 [01:39<02:03,  2.06it/s]
 29%|██████████████████████████▊                                                                | 106/360 [01:39<02:00,  2.11it/s]
 30%|███████████████████████████                                                                | 107/360 [01:40<01:57,  2.15it/s]
 30%|███████████████████████████▎                                                               | 108/360 [01:40<01:55,  2.18it/s]
 30%|███████████████████████████▌                                                               | 109/360 [01:41<01:54,  2.20it/s]
 31%|███████████████████████████▊                                                               | 110/360 [01:41<01:52,  2.21it/s]
 31%|████████████████████████████                                                               | 111/360 [01:42<01:52,  2.22it/s]
 31%|████████████████████████████▎                                                              | 112/360 [01:42<01:51,  2.23it/s]
 31%|████████████████████████████▌                                                              | 113/360 [01:42<01:50,  2.23it/s]
 32%|████████████████████████████▊                                                              | 114/360 [01:43<01:50,  2.24it/s]
 32%|█████████████████████████████                                                              | 115/360 [01:43<01:49,  2.24it/s]
 32%|█████████████████████████████▎                                                             | 116/360 [01:44<01:48,  2.24it/s]
 32%|█████████████████████████████▌                                                             | 117/360 [01:44<01:48,  2.24it/s]
 33%|█████████████████████████████▊                                                             | 118/360 [01:45<01:47,  2.24it/s]
 33%|██████████████████████████████                                                             | 119/360 [01:45<01:47,  2.25it/s]
 33%|██████████████████████████████▎                                                            | 120/360 [01:45<01:25,  2.79it/s]{'loss': '0.5751', 'grad_norm': '3.368', 'learning_rate': '3.97e-05', 'epoch': '3.342'}


Writing model shards:   0%|                                                                                 | 0/1 [00:00<?, ?it/s][A

Writing model shards: 100%|█████████████████████████████████████████████████████████████████████████| 1/1 [00:05<00:00,  5.29s/it][A
Writing model shards: 100%|█████████████████████████████████████████████████████████████████████████| 1/1 [00:05<00:00,  5.29s/it]

 34%|██████████████████████████████▌                                                            | 121/360 [02:03<22:24,  5.62s/it]
 34%|██████████████████████████████▊                                                            | 122/360 [02:04<16:08,  4.07s/it]
 34%|███████████████████████████████                                                            | 123/360 [02:04<11:46,  2.98s/it]
 34%|███████████████████████████████▎                                                           | 124/360 [02:05<08:44,  2.22s/it]
 35%|███████████████████████████████▌                                                           | 125/360 [02:05<06:36,  1.69s/it]
                                                                                                                                  

 35%|███████████████████████████████▌                                                           | 125/360 [02:05<06:36,  1.69s/it]
 35%|███████████████████████████████▊                                                           | 126/360 [02:05<05:08,  1.32s/it]
 35%|████████████████████████████████                                                           | 127/360 [02:06<04:06,  1.06s/it]
 36%|████████████████████████████████▎                                                          | 128/360 [02:06<03:22,  1.15it/s]
 36%|████████████████████████████████▌                                                          | 129/360 [02:07<02:52,  1.34it/s]
 36%|████████████████████████████████▊                                                          | 130/360 [02:07<02:30,  1.53it/s]
 36%|█████████████████████████████████                                                          | 131/360 [02:08<02:15,  1.69it/s]
 37%|█████████████████████████████████▎                                                         | 132/360 [02:08<02:04,  1.83it/s]
 37%|█████████████████████████████████▌                                                         | 133/360 [02:09<01:57,  1.93it/s]
 37%|█████████████████████████████████▊                                                         | 134/360 [02:09<01:52,  2.02it/s]
 38%|██████████████████████████████████▏                                                        | 135/360 [02:09<01:48,  2.08it/s]
 38%|██████████████████████████████████▍                                                        | 136/360 [02:10<01:45,  2.13it/s]
 38%|██████████████████████████████████▋                                                        | 137/360 [02:10<01:43,  2.16it/s]
 38%|██████████████████████████████████▉                                                        | 138/360 [02:11<01:41,  2.19it/s]
 39%|███████████████████████████████████▏                                                       | 139/360 [02:11<01:40,  2.20it/s]
 39%|███████████████████████████████████▍                                                       | 140/360 [02:12<01:39,  2.21it/s]
 39%|███████████████████████████████████▋                                                       | 141/360 [02:12<01:38,  2.22it/s]
 39%|███████████████████████████████████▉                                                       | 142/360 [02:13<01:37,  2.23it/s]
 40%|████████████████████████████████████▏                                                      | 143/360 [02:13<01:37,  2.23it/s]
 40%|████████████████████████████████████▍                                                      | 144/360 [02:13<01:36,  2.24it/s]
 40%|████████████████████████████████████▋                                                      | 145/360 [02:14<01:35,  2.24it/s]
 41%|████████████████████████████████████▉                                                      | 146/360 [02:14<01:35,  2.24it/s]
 41%|█████████████████████████████████████▏                                                     | 147/360 [02:15<01:35,  2.24it/s]
 41%|█████████████████████████████████████▍                                                     | 148/360 [02:15<01:34,  2.24it/s]
 41%|█████████████████████████████████████▋                                                     | 149/360 [02:16<01:34,  2.24it/s]
 42%|█████████████████████████████████████▉                                                     | 150/360 [02:16<01:15,  2.79it/s]
                                                                                                                                  

 42%|█████████████████████████████████████▉                                                     | 150/360 [02:16<01:15,  2.79it/s]{'loss': '0.413', 'grad_norm': '2.705', 'learning_rate': '3.591e-05', 'epoch': '4.171'}
{'loss': '0.306', 'grad_norm': '8.542', 'learning_rate': '3.212e-05', 'epoch': '5'}


Writing model shards:   0%|                                                                                 | 0/1 [00:00<?, ?it/s][A

Writing model shards: 100%|█████████████████████████████████████████████████████████████████████████| 1/1 [00:05<00:00,  5.23s/it][A
Writing model shards: 100%|█████████████████████████████████████████████████████████████████████████| 1/1 [00:05<00:00,  5.23s/it]

 42%|██████████████████████████████████████▏                                                    | 151/360 [02:52<38:35, 11.08s/it]
 42%|██████████████████████████████████████▍                                                    | 152/360 [02:52<27:21,  7.89s/it]
 42%|██████████████████████████████████████▋                                                    | 153/360 [02:53<19:30,  5.66s/it]
 43%|██████████████████████████████████████▉                                                    | 154/360 [02:53<14:03,  4.09s/it]
 43%|███████████████████████████████████████▏                                                   | 155/360 [02:54<10:14,  3.00s/it]
 43%|███████████████████████████████████████▍                                                   | 156/360 [02:54<07:35,  2.23s/it]
 44%|███████████████████████████████████████▋                                                   | 157/360 [02:55<05:44,  1.70s/it]
 44%|███████████████████████████████████████▉                                                   | 158/360 [02:55<04:26,  1.32s/it]
 44%|████████████████████████████████████████▏                                                  | 159/360 [02:55<03:32,  1.06s/it]
 44%|████████████████████████████████████████▍                                                  | 160/360 [02:56<02:54,  1.15it/s]
 45%|████████████████████████████████████████▋                                                  | 161/360 [02:56<02:28,  1.34it/s]
 45%|████████████████████████████████████████▉                                                  | 162/360 [02:57<02:09,  1.53it/s]
 45%|█████████████████████████████████████████▏                                                 | 163/360 [02:57<01:56,  1.69it/s]
 46%|█████████████████████████████████████████▍                                                 | 164/360 [02:58<01:47,  1.83it/s]
 46%|█████████████████████████████████████████▋                                                 | 165/360 [02:58<01:40,  1.94it/s]
 46%|█████████████████████████████████████████▉                                                 | 166/360 [02:59<01:35,  2.02it/s]
 46%|██████████████████████████████████████████▏                                                | 167/360 [02:59<01:32,  2.09it/s]
 47%|██████████████████████████████████████████▍                                                | 168/360 [02:59<01:29,  2.14it/s]
 47%|██████████████████████████████████████████▋                                                | 169/360 [03:00<01:27,  2.17it/s]
 47%|██████████████████████████████████████████▉                                                | 170/360 [03:00<01:26,  2.20it/s]
 48%|███████████████████████████████████████████▏                                               | 171/360 [03:01<01:25,  2.21it/s]
 48%|███████████████████████████████████████████▍                                               | 172/360 [03:01<01:24,  2.22it/s]
 48%|███████████████████████████████████████████▋                                               | 173/360 [03:02<01:23,  2.23it/s]
 48%|███████████████████████████████████████████▉                                               | 174/360 [03:02<01:23,  2.24it/s]
 49%|████████████████████████████████████████████▏                                              | 175/360 [03:03<01:22,  2.25it/s]
                                                                                                                                  

 49%|████████████████████████████████████████████▏                                              | 175/360 [03:03<01:22,  2.25it/s]
 49%|████████████████████████████████████████████▍                                              | 176/360 [03:03<01:21,  2.25it/s]
 49%|████████████████████████████████████████████▋                                              | 177/360 [03:03<01:21,  2.25it/s]
 49%|████████████████████████████████████████████▉                                              | 178/360 [03:04<01:20,  2.25it/s]
 50%|█████████████████████████████████████████████▏                                             | 179/360 [03:04<01:20,  2.25it/s]
 50%|█████████████████████████████████████████████▌                                             | 180/360 [03:05<01:04,  2.80it/s]{'loss': '0.218', 'grad_norm': '2.485', 'learning_rate': '2.833e-05', 'epoch': '5.855'}


Writing model shards:   0%|                                                                                 | 0/1 [00:00<?, ?it/s][A

Writing model shards: 100%|█████████████████████████████████████████████████████████████████████████| 1/1 [00:05<00:00,  5.45s/it][A
Writing model shards: 100%|█████████████████████████████████████████████████████████████████████████| 1/1 [00:05<00:00,  5.45s/it]

 50%|█████████████████████████████████████████████▊                                             | 181/360 [03:24<17:50,  5.98s/it]
 51%|██████████████████████████████████████████████                                             | 182/360 [03:24<12:49,  4.32s/it]
 51%|██████████████████████████████████████████████▎                                            | 183/360 [03:25<09:18,  3.16s/it]
 51%|██████████████████████████████████████████████▌                                            | 184/360 [03:25<06:52,  2.34s/it]
 51%|██████████████████████████████████████████████▊                                            | 185/360 [03:25<05:10,  1.77s/it]
 52%|███████████████████████████████████████████████                                            | 186/360 [03:26<03:59,  1.37s/it]
 52%|███████████████████████████████████████████████▎                                           | 187/360 [03:26<03:09,  1.09s/it]
 52%|███████████████████████████████████████████████▌                                           | 188/360 [03:27<02:34,  1.11it/s]
 52%|███████████████████████████████████████████████▊                                           | 189/360 [03:27<02:10,  1.31it/s]
 53%|████████████████████████████████████████████████                                           | 190/360 [03:28<01:53,  1.50it/s]
 53%|████████████████████████████████████████████████▎                                          | 191/360 [03:28<01:41,  1.67it/s]
 53%|████████████████████████████████████████████████▌                                          | 192/360 [03:28<01:32,  1.81it/s]
 54%|████████████████████████████████████████████████▊                                          | 193/360 [03:29<01:26,  1.93it/s]
 54%|█████████████████████████████████████████████████                                          | 194/360 [03:29<01:22,  2.02it/s]
 54%|█████████████████████████████████████████████████▎                                         | 195/360 [03:30<01:19,  2.08it/s]
 54%|█████████████████████████████████████████████████▌                                         | 196/360 [03:30<01:17,  2.13it/s]
 55%|█████████████████████████████████████████████████▊                                         | 197/360 [03:31<01:15,  2.15it/s]
 55%|██████████████████████████████████████████████████                                         | 198/360 [03:31<01:14,  2.18it/s]
 55%|██████████████████████████████████████████████████▎                                        | 199/360 [03:32<01:13,  2.20it/s]
 56%|██████████████████████████████████████████████████▌                                        | 200/360 [03:32<01:12,  2.21it/s]
                                                                                                                                  

 56%|██████████████████████████████████████████████████▌                                        | 200/360 [03:32<01:12,  2.21it/s]
 56%|██████████████████████████████████████████████████▊                                        | 201/360 [03:32<01:11,  2.23it/s]
 56%|███████████████████████████████████████████████████                                        | 202/360 [03:33<01:10,  2.23it/s]
 56%|███████████████████████████████████████████████████▎                                       | 203/360 [03:33<01:10,  2.24it/s]
 57%|███████████████████████████████████████████████████▌                                       | 204/360 [03:34<01:09,  2.25it/s]
 57%|███████████████████████████████████████████████████▊                                       | 205/360 [03:34<01:08,  2.25it/s]
 57%|████████████████████████████████████████████████████                                       | 206/360 [03:35<01:08,  2.25it/s]
 57%|████████████████████████████████████████████████████▎                                      | 207/360 [03:35<01:07,  2.25it/s]
 58%|████████████████████████████████████████████████████▌                                      | 208/360 [03:36<01:07,  2.25it/s]
 58%|████████████████████████████████████████████████████▊                                      | 209/360 [03:36<01:06,  2.25it/s]
 58%|█████████████████████████████████████████████████████                                      | 210/360 [03:36<00:53,  2.81it/s]{'loss': '0.1966', 'grad_norm': '2.242', 'learning_rate': '2.455e-05', 'epoch': '6.684'}


Writing model shards:   0%|                                                                                 | 0/1 [00:00<?, ?it/s][A

Writing model shards: 100%|█████████████████████████████████████████████████████████████████████████| 1/1 [00:05<00:00,  5.70s/it][A
Writing model shards: 100%|█████████████████████████████████████████████████████████████████████████| 1/1 [00:05<00:00,  5.70s/it]

 59%|█████████████████████████████████████████████████████▎                                     | 211/360 [03:56<15:15,  6.15s/it]
 59%|█████████████████████████████████████████████████████▌                                     | 212/360 [03:56<10:56,  4.44s/it]
 59%|█████████████████████████████████████████████████████▊                                     | 213/360 [03:57<07:55,  3.24s/it]
 59%|██████████████████████████████████████████████████████                                     | 214/360 [03:57<05:50,  2.40s/it]
 60%|██████████████████████████████████████████████████████▎                                    | 215/360 [03:58<04:22,  1.81s/it]
 60%|██████████████████████████████████████████████████████▌                                    | 216/360 [03:58<03:21,  1.40s/it]
 60%|██████████████████████████████████████████████████████▊                                    | 217/360 [03:59<02:39,  1.11s/it]
 61%|███████████████████████████████████████████████████████                                    | 218/360 [03:59<02:09,  1.09it/s]
 61%|███████████████████████████████████████████████████████▎                                   | 219/360 [03:59<01:48,  1.29it/s]
 61%|███████████████████████████████████████████████████████▌                                   | 220/360 [04:00<01:34,  1.48it/s]
 61%|███████████████████████████████████████████████████████▊                                   | 221/360 [04:00<01:24,  1.65it/s]
 62%|████████████████████████████████████████████████████████                                   | 222/360 [04:01<01:16,  1.80it/s]
 62%|████████████████████████████████████████████████████████▎                                  | 223/360 [04:01<01:11,  1.91it/s]
 62%|████████████████████████████████████████████████████████▌                                  | 224/360 [04:02<01:07,  2.00it/s]
 62%|████████████████████████████████████████████████████████▉                                  | 225/360 [04:02<01:05,  2.07it/s]
                                                                                                                                  

 62%|████████████████████████████████████████████████████████▉                                  | 225/360 [04:02<01:05,  2.07it/s]
 63%|█████████████████████████████████████████████████████████▏                                 | 226/360 [04:03<01:03,  2.12it/s]
 63%|█████████████████████████████████████████████████████████▍                                 | 227/360 [04:03<01:01,  2.16it/s]
 63%|█████████████████████████████████████████████████████████▋                                 | 228/360 [04:03<01:00,  2.19it/s]
 64%|█████████████████████████████████████████████████████████▉                                 | 229/360 [04:04<00:59,  2.21it/s]
 64%|██████████████████████████████████████████████████████████▏                                | 230/360 [04:04<00:58,  2.22it/s]
 64%|██████████████████████████████████████████████████████████▍                                | 231/360 [04:05<00:57,  2.23it/s]
 64%|██████████████████████████████████████████████████████████▋                                | 232/360 [04:05<00:57,  2.24it/s]
 65%|██████████████████████████████████████████████████████████▉                                | 233/360 [04:06<00:56,  2.24it/s]
 65%|███████████████████████████████████████████████████████████▏                               | 234/360 [04:06<00:56,  2.25it/s]
 65%|███████████████████████████████████████████████████████████▍                               | 235/360 [04:07<00:55,  2.25it/s]
 66%|███████████████████████████████████████████████████████████▋                               | 236/360 [04:07<00:55,  2.25it/s]
 66%|███████████████████████████████████████████████████████████▉                               | 237/360 [04:07<00:54,  2.25it/s]
 66%|████████████████████████████████████████████████████████████▏                              | 238/360 [04:08<00:54,  2.25it/s]
 66%|████████████████████████████████████████████████████████████▍                              | 239/360 [04:08<00:53,  2.25it/s]
 67%|████████████████████████████████████████████████████████████▋                              | 240/360 [04:08<00:42,  2.80it/s]{'loss': '0.1672', 'grad_norm': '2.104', 'learning_rate': '2.076e-05', 'epoch': '7.513'}


Writing model shards:   0%|                                                                                 | 0/1 [00:00<?, ?it/s][A

Writing model shards: 100%|█████████████████████████████████████████████████████████████████████████| 1/1 [00:05<00:00,  5.34s/it][A
Writing model shards: 100%|█████████████████████████████████████████████████████████████████████████| 1/1 [00:05<00:00,  5.34s/it]

 67%|████████████████████████████████████████████████████████████▉                              | 241/360 [04:26<10:51,  5.48s/it]
 67%|█████████████████████████████████████████████████████████████▏                             | 242/360 [04:26<07:48,  3.97s/it]
 68%|█████████████████████████████████████████████████████████████▍                             | 243/360 [04:27<05:40,  2.91s/it]
 68%|█████████████████████████████████████████████████████████████▋                             | 244/360 [04:27<04:11,  2.17s/it]
 68%|█████████████████████████████████████████████████████████████▉                             | 245/360 [04:28<03:09,  1.65s/it]
 68%|██████████████████████████████████████████████████████████████▏                            | 246/360 [04:28<02:26,  1.29s/it]
 69%|██████████████████████████████████████████████████████████████▍                            | 247/360 [04:29<01:56,  1.03s/it]
 69%|██████████████████████████████████████████████████████████████▋                            | 248/360 [04:29<01:36,  1.17it/s]
 69%|██████████████████████████████████████████████████████████████▉                            | 249/360 [04:29<01:21,  1.36it/s]
 69%|███████████████████████████████████████████████████████████████▏                           | 250/360 [04:30<01:11,  1.55it/s]
                                                                                                                                  

 69%|███████████████████████████████████████████████████████████████▏                           | 250/360 [04:30<01:11,  1.55it/s]
 70%|███████████████████████████████████████████████████████████████▍                           | 251/360 [04:30<01:03,  1.71it/s]
 70%|███████████████████████████████████████████████████████████████▋                           | 252/360 [04:31<00:58,  1.84it/s]
 70%|███████████████████████████████████████████████████████████████▉                           | 253/360 [04:31<00:54,  1.95it/s]
 71%|████████████████████████████████████████████████████████████████▏                          | 254/360 [04:32<00:52,  2.03it/s]
 71%|████████████████████████████████████████████████████████████████▍                          | 255/360 [04:32<00:50,  2.09it/s]
 71%|████████████████████████████████████████████████████████████████▋                          | 256/360 [04:33<00:48,  2.14it/s]
 71%|████████████████████████████████████████████████████████████████▉                          | 257/360 [04:33<00:47,  2.17it/s]
 72%|█████████████████████████████████████████████████████████████████▏                         | 258/360 [04:33<00:46,  2.19it/s]
 72%|█████████████████████████████████████████████████████████████████▍                         | 259/360 [04:34<00:45,  2.21it/s]
 72%|█████████████████████████████████████████████████████████████████▋                         | 260/360 [04:34<00:44,  2.23it/s]
 72%|█████████████████████████████████████████████████████████████████▉                         | 261/360 [04:35<00:44,  2.24it/s]
 73%|██████████████████████████████████████████████████████████████████▏                        | 262/360 [04:35<00:43,  2.24it/s]
 73%|██████████████████████████████████████████████████████████████████▍                        | 263/360 [04:36<00:43,  2.25it/s]
 73%|██████████████████████████████████████████████████████████████████▋                        | 264/360 [04:36<00:42,  2.25it/s]
 74%|██████████████████████████████████████████████████████████████████▉                        | 265/360 [04:36<00:42,  2.25it/s]
 74%|███████████████████████████████████████████████████████████████████▏                       | 266/360 [04:37<00:41,  2.25it/s]
 74%|███████████████████████████████████████████████████████████████████▍                       | 267/360 [04:37<00:41,  2.25it/s]
 74%|███████████████████████████████████████████████████████████████████▋                       | 268/360 [04:38<00:40,  2.25it/s]
 75%|███████████████████████████████████████████████████████████████████▉                       | 269/360 [04:38<00:40,  2.25it/s]
 75%|████████████████████████████████████████████████████████████████████▎                      | 270/360 [04:38<00:32,  2.81it/s]{'loss': '0.1391', 'grad_norm': '1.004', 'learning_rate': '1.697e-05', 'epoch': '8.342'}


Writing model shards:   0%|                                                                                 | 0/1 [00:00<?, ?it/s][A

Writing model shards: 100%|█████████████████████████████████████████████████████████████████████████| 1/1 [00:05<00:00,  5.98s/it][A
Writing model shards: 100%|█████████████████████████████████████████████████████████████████████████| 1/1 [00:05<00:00,  5.98s/it]

 75%|████████████████████████████████████████████████████████████████████▌                      | 271/360 [04:57<08:42,  5.87s/it]
 76%|████████████████████████████████████████████████████████████████████▊                      | 272/360 [04:58<06:13,  4.24s/it]
 76%|█████████████████████████████████████████████████████████████████████                      | 273/360 [04:58<04:29,  3.10s/it]
 76%|█████████████████████████████████████████████████████████████████████▎                     | 274/360 [04:58<03:18,  2.30s/it]
 76%|█████████████████████████████████████████████████████████████████████▌                     | 275/360 [04:59<02:28,  1.75s/it]
                                                                                                                                  

 76%|█████████████████████████████████████████████████████████████████████▌                     | 275/360 [04:59<02:28,  1.75s/it]
 77%|█████████████████████████████████████████████████████████████████████▊                     | 276/360 [04:59<01:53,  1.36s/it]
 77%|██████████████████████████████████████████████████████████████████████                     | 277/360 [05:00<01:29,  1.08s/it]
 77%|██████████████████████████████████████████████████████████████████████▎                    | 278/360 [05:00<01:12,  1.12it/s]
 78%|██████████████████████████████████████████████████████████████████████▌                    | 279/360 [05:01<01:01,  1.32it/s]
 78%|██████████████████████████████████████████████████████████████████████▊                    | 280/360 [05:01<00:52,  1.51it/s]
 78%|███████████████████████████████████████████████████████████████████████                    | 281/360 [05:02<00:47,  1.68it/s]
 78%|███████████████████████████████████████████████████████████████████████▎                   | 282/360 [05:02<00:42,  1.81it/s]
 79%|███████████████████████████████████████████████████████████████████████▌                   | 283/360 [05:03<00:45,  1.68it/s]
 79%|███████████████████████████████████████████████████████████████████████▊                   | 284/360 [05:03<00:41,  1.82it/s]
 79%|████████████████████████████████████████████████████████████████████████                   | 285/360 [05:04<00:38,  1.93it/s]
 79%|████████████████████████████████████████████████████████████████████████▎                  | 286/360 [05:04<00:36,  2.02it/s]
 80%|████████████████████████████████████████████████████████████████████████▌                  | 287/360 [05:05<00:34,  2.09it/s]
 80%|████████████████████████████████████████████████████████████████████████▊                  | 288/360 [05:05<00:33,  2.13it/s]
 80%|█████████████████████████████████████████████████████████████████████████                  | 289/360 [05:05<00:32,  2.17it/s]
 81%|█████████████████████████████████████████████████████████████████████████▎                 | 290/360 [05:06<00:31,  2.19it/s]
 81%|█████████████████████████████████████████████████████████████████████████▌                 | 291/360 [05:06<00:31,  2.21it/s]
 81%|█████████████████████████████████████████████████████████████████████████▊                 | 292/360 [05:07<00:30,  2.23it/s]
 81%|██████████████████████████████████████████████████████████████████████████                 | 293/360 [05:07<00:30,  2.23it/s]
 82%|██████████████████████████████████████████████████████████████████████████▎                | 294/360 [05:08<00:29,  2.24it/s]
 82%|██████████████████████████████████████████████████████████████████████████▌                | 295/360 [05:08<00:28,  2.24it/s]
 82%|██████████████████████████████████████████████████████████████████████████▊                | 296/360 [05:08<00:28,  2.25it/s]
 82%|███████████████████████████████████████████████████████████████████████████                | 297/360 [05:09<00:27,  2.25it/s]
 83%|███████████████████████████████████████████████████████████████████████████▎               | 298/360 [05:09<00:27,  2.26it/s]
 83%|███████████████████████████████████████████████████████████████████████████▌               | 299/360 [05:10<00:27,  2.25it/s]
 83%|███████████████████████████████████████████████████████████████████████████▊               | 300/360 [05:10<00:21,  2.81it/s]
                                                                                                                                  

 83%|███████████████████████████████████████████████████████████████████████████▊               | 300/360 [05:10<00:21,  2.81it/s]{'loss': '0.1301', 'grad_norm': '0.8423', 'learning_rate': '1.318e-05', 'epoch': '9.171'}
{'loss': '0.1167', 'grad_norm': '5.298', 'learning_rate': '9.394e-06', 'epoch': '10'}


Writing model shards:   0%|                                                                                 | 0/1 [00:00<?, ?it/s][A

Writing model shards: 100%|█████████████████████████████████████████████████████████████████████████| 1/1 [00:05<00:00,  5.18s/it][A
Writing model shards: 100%|█████████████████████████████████████████████████████████████████████████| 1/1 [00:05<00:00,  5.18s/it]

 84%|████████████████████████████████████████████████████████████████████████████               | 301/360 [05:27<05:21,  5.45s/it]
 84%|████████████████████████████████████████████████████████████████████████████▎              | 302/360 [05:28<03:49,  3.95s/it]
 84%|████████████████████████████████████████████████████████████████████████████▌              | 303/360 [05:28<02:45,  2.90s/it]
 84%|████████████████████████████████████████████████████████████████████████████▊              | 304/360 [05:29<02:01,  2.16s/it]
 85%|█████████████████████████████████████████████████████████████████████████████              | 305/360 [05:29<01:30,  1.65s/it]
 85%|█████████████████████████████████████████████████████████████████████████████▎             | 306/360 [05:30<01:09,  1.28s/it]
 85%|█████████████████████████████████████████████████████████████████████████████▌             | 307/360 [05:30<00:54,  1.03s/it]
 86%|█████████████████████████████████████████████████████████████████████████████▊             | 308/360 [05:30<00:44,  1.17it/s]
 86%|██████████████████████████████████████████████████████████████████████████████             | 309/360 [05:31<00:37,  1.37it/s]
 86%|██████████████████████████████████████████████████████████████████████████████▎            | 310/360 [05:31<00:32,  1.55it/s]
 86%|██████████████████████████████████████████████████████████████████████████████▌            | 311/360 [05:32<00:28,  1.71it/s]
 87%|██████████████████████████████████████████████████████████████████████████████▊            | 312/360 [05:32<00:26,  1.84it/s]
 87%|███████████████████████████████████████████████████████████████████████████████            | 313/360 [05:33<00:24,  1.95it/s]
 87%|███████████████████████████████████████████████████████████████████████████████▎           | 314/360 [05:33<00:22,  2.03it/s]
 88%|███████████████████████████████████████████████████████████████████████████████▋           | 315/360 [05:34<00:21,  2.09it/s]
 88%|███████████████████████████████████████████████████████████████████████████████▉           | 316/360 [05:34<00:20,  2.14it/s]
 88%|████████████████████████████████████████████████████████████████████████████████▏          | 317/360 [05:34<00:19,  2.17it/s]
 88%|████████████████████████████████████████████████████████████████████████████████▍          | 318/360 [05:35<00:19,  2.19it/s]
 89%|████████████████████████████████████████████████████████████████████████████████▋          | 319/360 [05:35<00:18,  2.22it/s]
 89%|████████████████████████████████████████████████████████████████████████████████▉          | 320/360 [05:36<00:17,  2.23it/s]
 89%|█████████████████████████████████████████████████████████████████████████████████▏         | 321/360 [05:36<00:17,  2.24it/s]
 89%|█████████████████████████████████████████████████████████████████████████████████▍         | 322/360 [05:37<00:16,  2.24it/s]
 90%|█████████████████████████████████████████████████████████████████████████████████▋         | 323/360 [05:37<00:16,  2.24it/s]
 90%|█████████████████████████████████████████████████████████████████████████████████▉         | 324/360 [05:38<00:15,  2.25it/s]
 90%|██████████████████████████████████████████████████████████████████████████████████▏        | 325/360 [05:38<00:15,  2.25it/s]
                                                                                                                                  

 90%|██████████████████████████████████████████████████████████████████████████████████▏        | 325/360 [05:38<00:15,  2.25it/s]
 91%|██████████████████████████████████████████████████████████████████████████████████▍        | 326/360 [05:38<00:15,  2.25it/s]
 91%|██████████████████████████████████████████████████████████████████████████████████▋        | 327/360 [05:39<00:14,  2.25it/s]
 91%|██████████████████████████████████████████████████████████████████████████████████▉        | 328/360 [05:39<00:14,  2.25it/s]
 91%|███████████████████████████████████████████████████████████████████████████████████▏       | 329/360 [05:40<00:13,  2.25it/s]
 92%|███████████████████████████████████████████████████████████████████████████████████▍       | 330/360 [05:40<00:10,  2.80it/s]{'loss': '0.1036', 'grad_norm': '0.975', 'learning_rate': '5.606e-06', 'epoch': '10.85'}


Writing model shards:   0%|                                                                                 | 0/1 [00:00<?, ?it/s][A

Writing model shards: 100%|█████████████████████████████████████████████████████████████████████████| 1/1 [00:05<00:00,  5.37s/it][A
Writing model shards: 100%|█████████████████████████████████████████████████████████████████████████| 1/1 [00:05<00:00,  5.37s/it]

 92%|███████████████████████████████████████████████████████████████████████████████████▋       | 331/360 [05:57<02:39,  5.49s/it]
 92%|███████████████████████████████████████████████████████████████████████████████████▉       | 332/360 [05:58<01:51,  3.98s/it]
 92%|████████████████████████████████████████████████████████████████████████████████████▏      | 333/360 [05:58<01:18,  2.92s/it]
 93%|████████████████████████████████████████████████████████████████████████████████████▍      | 334/360 [05:59<00:56,  2.18s/it]
 93%|████████████████████████████████████████████████████████████████████████████████████▋      | 335/360 [05:59<00:41,  1.66s/it]
 93%|████████████████████████████████████████████████████████████████████████████████████▉      | 336/360 [06:00<00:31,  1.29s/it]
 94%|█████████████████████████████████████████████████████████████████████████████████████▏     | 337/360 [06:00<00:23,  1.04s/it]
 94%|█████████████████████████████████████████████████████████████████████████████████████▍     | 338/360 [06:00<00:18,  1.16it/s]
 94%|█████████████████████████████████████████████████████████████████████████████████████▋     | 339/360 [06:01<00:15,  1.36it/s]
 94%|█████████████████████████████████████████████████████████████████████████████████████▉     | 340/360 [06:01<00:12,  1.54it/s]
 95%|██████████████████████████████████████████████████████████████████████████████████████▏    | 341/360 [06:02<00:11,  1.70it/s]
 95%|██████████████████████████████████████████████████████████████████████████████████████▍    | 342/360 [06:02<00:09,  1.84it/s]
 95%|██████████████████████████████████████████████████████████████████████████████████████▋    | 343/360 [06:03<00:08,  1.94it/s]
 96%|██████████████████████████████████████████████████████████████████████████████████████▉    | 344/360 [06:03<00:07,  2.02it/s]
 96%|███████████████████████████████████████████████████████████████████████████████████████▏   | 345/360 [06:04<00:07,  2.08it/s]
 96%|███████████████████████████████████████████████████████████████████████████████████████▍   | 346/360 [06:04<00:06,  2.12it/s]
 96%|███████████████████████████████████████████████████████████████████████████████████████▋   | 347/360 [06:04<00:06,  2.15it/s]
 97%|███████████████████████████████████████████████████████████████████████████████████████▉   | 348/360 [06:05<00:05,  2.18it/s]
 97%|████████████████████████████████████████████████████████████████████████████████████████▏  | 349/360 [06:05<00:04,  2.21it/s]
 97%|████████████████████████████████████████████████████████████████████████████████████████▍  | 350/360 [06:06<00:04,  2.22it/s]
                                                                                                                                  

 97%|████████████████████████████████████████████████████████████████████████████████████████▍  | 350/360 [06:06<00:04,  2.22it/s]
 98%|████████████████████████████████████████████████████████████████████████████████████████▋  | 351/360 [06:06<00:04,  2.23it/s]
 98%|████████████████████████████████████████████████████████████████████████████████████████▉  | 352/360 [06:07<00:03,  2.24it/s]
 98%|█████████████████████████████████████████████████████████████████████████████████████████▏ | 353/360 [06:07<00:03,  2.24it/s]
 98%|█████████████████████████████████████████████████████████████████████████████████████████▍ | 354/360 [06:08<00:02,  2.25it/s]
 99%|█████████████████████████████████████████████████████████████████████████████████████████▋ | 355/360 [06:08<00:02,  2.25it/s]
 99%|█████████████████████████████████████████████████████████████████████████████████████████▉ | 356/360 [06:08<00:01,  2.25it/s]
 99%|██████████████████████████████████████████████████████████████████████████████████████████▏| 357/360 [06:09<00:01,  2.26it/s]
 99%|██████████████████████████████████████████████████████████████████████████████████████████▍| 358/360 [06:09<00:00,  2.26it/s]
100%|██████████████████████████████████████████████████████████████████████████████████████████▋| 359/360 [06:10<00:00,  2.26it/s]
100%|███████████████████████████████████████████████████████████████████████████████████████████| 360/360 [06:10<00:00,  2.81it/s]{'loss': '0.1044', 'grad_norm': '0.7624', 'learning_rate': '1.818e-06', 'epoch': '11.68'}


Writing model shards:   0%|                                                                                 | 0/1 [00:00<?, ?it/s][A

Writing model shards: 100%|█████████████████████████████████████████████████████████████████████████| 1/1 [00:05<00:00,  5.46s/it][A
Writing model shards: 100%|█████████████████████████████████████████████████████████████████████████| 1/1 [00:05<00:00,  5.46s/it]

                                                                                                                                  

100%|███████████████████████████████████████████████████████████████████████████████████████████| 360/360 [06:29<00:00,  2.81it/s]
100%|███████████████████████████████████████████████████████████████████████████████████████████| 360/360 [06:29<00:00,  1.08s/it]
{'train_runtime': '389.1', 'train_samples_per_second': '14.34', 'train_steps_per_second': '0.925', 'train_loss': '0.4463', 'epoch': '12'}

  0%|                                                                                                      | 0/17 [00:00<?, ?it/s]
 35%|█████████████████████████████████▏                                                            | 6/17 [00:00<00:00, 48.86it/s]
 65%|████████████████████████████████████████████████████████████▏                                | 11/17 [00:00<00:00, 45.88it/s]
 94%|███████████████████████████████████████████████████████████████████████████████████████▌     | 16/17 [00:00<00:00, 46.99it/s]
100%|█████████████████████████████████████████████████████████████████████████████████████████████| 17/17 [00:00<00:00, 46.12it/s]

Writing model shards:   0%|                                                                                 | 0/1 [00:00<?, ?it/s]
Writing model shards: 100%|█████████████████████████████████████████████████████████████████████████| 1/1 [00:05<00:00,  5.51s/it]
Writing model shards: 100%|█████████████████████████████████████████████████████████████████████████| 1/1 [00:05<00:00,  5.51s/it]

Loading weights:   0%|                                                                                    | 0/196 [00:00<?, ?it/s]
Loading weights:   1%|▍                                                                           | 1/196 [00:00<00:42,  4.56it/s]
Loading weights:   1%|▊                                                                           | 2/196 [00:00<00:30,  6.43it/s]
Loading weights:  26%|██████████████████▉                                                       | 50/196 [00:00<00:00, 169.00it/s]
Loading weights:  53%|██████████████████████████████████████▋                                  | 104/196 [00:00<00:00, 290.95it/s]
Loading weights:  80%|██████████████████████████████████████████████████████████               | 156/196 [00:00<00:00, 356.20it/s]
Loading weights: 100%|█████████████████████████████████████████████████████████████████████████| 196/196 [00:00<00:00, 268.49it/s]

Loading weights:   0%|                                                                                    | 0/196 [00:00<?, ?it/s]
Loading weights:  10%|███████▌                                                                  | 20/196 [00:00<00:00, 184.62it/s]
Loading weights:  43%|███████████████████████████████▋                                          | 84/196 [00:00<00:00, 397.55it/s]
Loading weights:  77%|███████████████████████████████████████████████████████▊                 | 150/196 [00:00<00:00, 505.12it/s]
Loading weights: 100%|█████████████████████████████████████████████████████████████████████████| 196/196 [00:00<00:00, 469.47it/s]

Loading weights:   0%|                                                                                    | 0/196 [00:00<?, ?it/s]
Loading weights:   1%|▊                                                                           | 2/196 [00:00<00:13, 14.37it/s]
Loading weights:  18%|█████████████▌                                                            | 36/196 [00:00<00:00, 168.59it/s]
Loading weights:  34%|████████████████████████▉                                                 | 66/196 [00:00<00:00, 220.75it/s]
Loading weights:  49%|████████████████████████████████████▏                                     | 96/196 [00:00<00:00, 245.07it/s]
Loading weights:  64%|██████████████████████████████████████████████▉                          | 126/196 [00:00<00:00, 262.28it/s]
Loading weights:  80%|██████████████████████████████████████████████████████████               | 156/196 [00:00<00:00, 269.89it/s]
Loading weights:  95%|█████████████████████████████████████████████████████████████████████▎   | 186/196 [00:00<00:00, 277.73it/s]
Loading weights: 100%|█████████████████████████████████████████████████████████████████████████| 196/196 [00:00<00:00, 233.55it/s]

Loading weights:   0%|                                                                                    | 0/196 [00:00<?, ?it/s]
Loading weights:   1%|▊                                                                           | 2/196 [00:00<00:13, 14.07it/s]
Loading weights:  26%|██████████████████▉                                                       | 50/196 [00:00<00:00, 245.21it/s]
Loading weights:  50%|█████████████████████████████████████                                     | 98/196 [00:00<00:00, 338.31it/s]
Loading weights:  74%|██████████████████████████████████████████████████████▍                  | 146/196 [00:00<00:00, 388.70it/s]
Loading weights:  98%|███████████████████████████████████████████████████████████████████████▌ | 192/196 [00:00<00:00, 412.84it/s]
Loading weights: 100%|█████████████████████████████████████████████████████████████████████████| 196/196 [00:00<00:00, 347.72it/s]
