<local-root>/miniconda3/lib/python3.13/site-packages/torch/cuda/__init__.py:61: FutureWarning: The pynvml package is deprecated. Please install nvidia-ml-py instead. If you did not install pynvml directly, please report this to the maintainers of the package that installed pynvml for you.
  import pynvml  # type: ignore[import]
Skipping import of cpp extensions due to incompatible torch version. Please upgrade to torch >= 2.11.0 (found 2.7.1+cu118).

Loading weights:   0%|                                                                                    | 0/148 [00:00<?, ?it/s]
Loading weights: 100%|███████████████████████████████████████████████████████████████████████| 148/148 [00:00<00:00, 10030.98it/s]
[RANK 0] Detected kernel version 5.4.0, which is below the recommended minimum of 5.5.0; this can cause the process to hang. It is recommended to upgrade the kernel to the minimum version or higher.

  0%|                                                                                                     | 0/600 [00:00<?, ?it/s][transformers] `loss_type=None` was set in the config but it is unrecognized. Using the default loss: `ForCausalLMLoss`.

  0%|▏                                                                                            | 1/600 [00:00<03:15,  3.07it/s]
  0%|▍                                                                                            | 3/600 [00:00<01:35,  6.27it/s]
  1%|▊                                                                                            | 5/600 [00:00<01:13,  8.05it/s]
  1%|█                                                                                            | 7/600 [00:00<01:04,  9.15it/s]
  2%|█▍                                                                                           | 9/600 [00:01<01:00,  9.70it/s]
  2%|█▋                                                                                          | 11/600 [00:01<00:58, 10.02it/s]
  2%|█▉                                                                                          | 13/600 [00:01<00:57, 10.23it/s]
  2%|██▎                                                                                         | 15/600 [00:01<00:56, 10.40it/s]
  3%|██▌                                                                                         | 17/600 [00:01<00:55, 10.52it/s]
  3%|██▉                                                                                         | 19/600 [00:02<00:54, 10.58it/s]
  4%|███▏                                                                                        | 21/600 [00:02<00:54, 10.64it/s]
  4%|███▌                                                                                        | 23/600 [00:02<00:54, 10.68it/s]
  4%|███▊                                                                                        | 25/600 [00:02<00:53, 10.68it/s]
                                                                                                                                  

  4%|███▊                                                                                        | 25/600 [00:02<00:53, 10.68it/s]
  4%|████▏                                                                                       | 27/600 [00:02<00:53, 10.69it/s]
  5%|████▍                                                                                       | 29/600 [00:02<00:53, 10.70it/s]{'loss': '3.831', 'grad_norm': '8.093', 'learning_rate': '3.5e-05', 'epoch': '0.8475'}


Writing model shards:   0%|                                                                                 | 0/1 [00:00<?, ?it/s][A

Writing model shards: 100%|█████████████████████████████████████████████████████████████████████████| 1/1 [00:00<00:00,  1.73it/s][A
Writing model shards: 100%|█████████████████████████████████████████████████████████████████████████| 1/1 [00:00<00:00,  1.73it/s]

  5%|████▊                                                                                       | 31/600 [00:04<03:02,  3.11it/s]
  6%|█████                                                                                       | 33/600 [00:04<02:23,  3.96it/s]
  6%|█████▎                                                                                      | 35/600 [00:05<01:55,  4.89it/s]
  6%|█████▋                                                                                      | 37/600 [00:05<01:36,  5.85it/s]
  6%|█████▉                                                                                      | 39/600 [00:05<01:22,  6.77it/s]
  7%|██████▎                                                                                     | 41/600 [00:05<01:13,  7.61it/s]
  7%|██████▌                                                                                     | 43/600 [00:05<01:06,  8.34it/s]
  8%|██████▉                                                                                     | 45/600 [00:05<01:02,  8.94it/s]
  8%|███████▏                                                                                    | 47/600 [00:06<00:58,  9.41it/s]
  8%|███████▌                                                                                    | 49/600 [00:06<00:56,  9.78it/s]
                                                                                                                                  

  8%|███████▋                                                                                    | 50/600 [00:06<00:56,  9.78it/s]
  8%|███████▊                                                                                    | 51/600 [00:06<00:54, 10.03it/s]
  9%|████████▏                                                                                   | 53/600 [00:06<00:53, 10.24it/s]
  9%|████████▍                                                                                   | 55/600 [00:06<00:52, 10.40it/s]
 10%|████████▋                                                                                   | 57/600 [00:07<00:51, 10.51it/s]
 10%|█████████                                                                                   | 59/600 [00:07<00:51, 10.50it/s]{'loss': '2.35', 'grad_norm': '7.917', 'learning_rate': '4.86e-05', 'epoch': '1.678'}


Writing model shards:   0%|                                                                                 | 0/1 [00:00<?, ?it/s][A

Writing model shards: 100%|█████████████████████████████████████████████████████████████████████████| 1/1 [00:00<00:00,  1.36it/s][A
Writing model shards: 100%|█████████████████████████████████████████████████████████████████████████| 1/1 [00:00<00:00,  1.36it/s]

 10%|█████████▎                                                                                  | 61/600 [00:09<03:25,  2.63it/s]
 10%|█████████▌                                                                                  | 62/600 [00:09<02:58,  3.02it/s]
 10%|█████████▋                                                                                  | 63/600 [00:09<02:35,  3.45it/s]
 11%|█████████▉                                                                                  | 65/600 [00:09<01:56,  4.59it/s]
 11%|██████████▎                                                                                 | 67/600 [00:09<01:33,  5.72it/s]
 12%|██████████▌                                                                                 | 69/600 [00:10<01:18,  6.76it/s]
 12%|██████████▉                                                                                 | 71/600 [00:10<01:08,  7.67it/s]
 12%|███████████▏                                                                                | 73/600 [00:10<01:02,  8.42it/s]
 12%|███████████▌                                                                                | 75/600 [00:10<00:58,  9.01it/s]
                                                                                                                                  

 12%|███████████▌                                                                                | 75/600 [00:10<00:58,  9.01it/s]
 13%|███████████▊                                                                                | 77/600 [00:10<00:55,  9.47it/s]
 13%|████████████                                                                                | 79/600 [00:11<00:53,  9.82it/s]
 14%|████████████▍                                                                               | 81/600 [00:11<00:51, 10.08it/s]
 14%|████████████▋                                                                               | 83/600 [00:11<00:50, 10.25it/s]
 14%|█████████████                                                                               | 85/600 [00:11<00:49, 10.40it/s]
 14%|█████████████▎                                                                              | 87/600 [00:11<00:48, 10.50it/s]
 15%|█████████████▋                                                                              | 89/600 [00:11<00:48, 10.58it/s]{'loss': '1.74', 'grad_norm': '7.184', 'learning_rate': '4.64e-05', 'epoch': '2.508'}


Writing model shards:   0%|                                                                                 | 0/1 [00:00<?, ?it/s][A

Writing model shards: 100%|█████████████████████████████████████████████████████████████████████████| 1/1 [00:00<00:00,  1.26it/s][A
Writing model shards: 100%|█████████████████████████████████████████████████████████████████████████| 1/1 [00:00<00:00,  1.26it/s]

 15%|█████████████▉                                                                              | 91/600 [00:14<03:34,  2.37it/s]
 15%|██████████████                                                                              | 92/600 [00:14<03:05,  2.74it/s]
 16%|██████████████▍                                                                             | 94/600 [00:14<02:20,  3.61it/s]
 16%|██████████████▋                                                                             | 96/600 [00:14<01:49,  4.60it/s]
 16%|███████████████                                                                             | 98/600 [00:15<01:29,  5.61it/s]
 17%|███████████████▏                                                                           | 100/600 [00:15<01:15,  6.59it/s]
                                                                                                                                  

 17%|███████████████▏                                                                           | 100/600 [00:15<01:15,  6.59it/s]
 17%|███████████████▍                                                                           | 102/600 [00:15<01:06,  7.47it/s]
 17%|███████████████▊                                                                           | 104/600 [00:15<01:00,  8.22it/s]
 18%|████████████████                                                                           | 106/600 [00:15<00:55,  8.85it/s]
 18%|████████████████▍                                                                          | 108/600 [00:15<00:52,  9.35it/s]
 18%|████████████████▋                                                                          | 110/600 [00:16<00:50,  9.72it/s]
 19%|████████████████▉                                                                          | 112/600 [00:16<00:48, 10.01it/s]
 19%|█████████████████▎                                                                         | 114/600 [00:16<00:47, 10.21it/s]
 19%|█████████████████▌                                                                         | 116/600 [00:16<00:46, 10.37it/s]
 20%|█████████████████▉                                                                         | 118/600 [00:16<00:45, 10.48it/s]
 20%|██████████████████▏                                                                        | 120/600 [00:17<00:41, 11.65it/s]{'loss': '1.646', 'grad_norm': '6.707', 'learning_rate': '4.421e-05', 'epoch': '3.339'}


Writing model shards:   0%|                                                                                 | 0/1 [00:00<?, ?it/s][A

Writing model shards: 100%|█████████████████████████████████████████████████████████████████████████| 1/1 [00:00<00:00,  1.88it/s][A
Writing model shards: 100%|█████████████████████████████████████████████████████████████████████████| 1/1 [00:00<00:00,  1.88it/s]

 20%|██████████████████▌                                                                        | 122/600 [00:19<03:10,  2.51it/s]
 21%|██████████████████▊                                                                        | 124/600 [00:19<02:26,  3.26it/s]
                                                                                                                                  

 21%|██████████████████▉                                                                        | 125/600 [00:19<02:25,  3.26it/s]
 21%|███████████████████                                                                        | 126/600 [00:19<01:55,  4.12it/s]
 21%|███████████████████▍                                                                       | 128/600 [00:19<01:33,  5.05it/s]
 22%|███████████████████▋                                                                       | 130/600 [00:20<01:18,  6.01it/s]
 22%|████████████████████                                                                       | 132/600 [00:20<01:07,  6.93it/s]
 22%|████████████████████▎                                                                      | 134/600 [00:20<01:00,  7.75it/s]
 23%|████████████████████▋                                                                      | 136/600 [00:20<00:54,  8.45it/s]
 23%|████████████████████▉                                                                      | 138/600 [00:20<00:51,  9.03it/s]
 23%|█████████████████████▏                                                                     | 140/600 [00:20<00:48,  9.49it/s]
 24%|█████████████████████▌                                                                     | 142/600 [00:21<00:46,  9.83it/s]
 24%|█████████████████████▊                                                                     | 144/600 [00:21<00:45, 10.09it/s]
 24%|██████████████████████▏                                                                    | 146/600 [00:21<00:44, 10.26it/s]
 25%|██████████████████████▍                                                                    | 148/600 [00:21<00:43, 10.40it/s]
 25%|██████████████████████▊                                                                    | 150/600 [00:21<00:39, 11.53it/s]
                                                                                                                                  

 25%|██████████████████████▊                                                                    | 150/600 [00:21<00:39, 11.53it/s]{'loss': '1.447', 'grad_norm': '7.809', 'learning_rate': '4.211e-05', 'epoch': '4.169'}
{'loss': '1.371', 'grad_norm': '21.23', 'learning_rate': '3.991e-05', 'epoch': '5'}


Writing model shards:   0%|                                                                                 | 0/1 [00:00<?, ?it/s][A

Writing model shards: 100%|█████████████████████████████████████████████████████████████████████████| 1/1 [00:00<00:00,  1.39it/s][A
Writing model shards: 100%|█████████████████████████████████████████████████████████████████████████| 1/1 [00:00<00:00,  1.39it/s]

 25%|███████████████████████                                                                    | 152/600 [00:24<02:52,  2.59it/s]
 26%|███████████████████████▎                                                                   | 154/600 [00:24<02:12,  3.35it/s]
 26%|███████████████████████▋                                                                   | 156/600 [00:24<01:45,  4.23it/s]
 26%|███████████████████████▉                                                                   | 158/600 [00:24<01:25,  5.16it/s]
 27%|████████████████████████▎                                                                  | 160/600 [00:24<01:12,  6.07it/s]
 27%|████████████████████████▌                                                                  | 162/600 [00:24<01:04,  6.80it/s]
 27%|████████████████████████▊                                                                  | 164/600 [00:25<00:57,  7.64it/s]
 28%|█████████████████████████▏                                                                 | 166/600 [00:25<00:51,  8.35it/s]
 28%|█████████████████████████▍                                                                 | 168/600 [00:25<00:48,  8.93it/s]
 28%|█████████████████████████▊                                                                 | 170/600 [00:25<00:45,  9.41it/s]
 29%|██████████████████████████                                                                 | 172/600 [00:25<00:43,  9.77it/s]
 29%|██████████████████████████▍                                                                | 174/600 [00:26<00:42, 10.04it/s]
                                                                                                                                  

 29%|██████████████████████████▌                                                                | 175/600 [00:26<00:42, 10.04it/s]
 29%|██████████████████████████▋                                                                | 176/600 [00:26<00:41, 10.24it/s]
 30%|██████████████████████████▉                                                                | 178/600 [00:26<00:40, 10.36it/s]
 30%|███████████████████████████▎                                                               | 180/600 [00:26<00:36, 11.50it/s]{'loss': '1.295', 'grad_norm': '6.561', 'learning_rate': '3.772e-05', 'epoch': '5.847'}


Writing model shards:   0%|                                                                                 | 0/1 [00:00<?, ?it/s][A

Writing model shards: 100%|█████████████████████████████████████████████████████████████████████████| 1/1 [00:00<00:00,  1.41it/s][A
Writing model shards: 100%|█████████████████████████████████████████████████████████████████████████| 1/1 [00:00<00:00,  1.41it/s]

 30%|███████████████████████████▌                                                               | 182/600 [00:28<02:51,  2.44it/s]
 31%|███████████████████████████▉                                                               | 184/600 [00:29<02:11,  3.17it/s]
 31%|████████████████████████████▏                                                              | 186/600 [00:29<01:42,  4.02it/s]
 31%|████████████████████████████▌                                                              | 188/600 [00:29<01:23,  4.95it/s]
 32%|████████████████████████████▊                                                              | 190/600 [00:29<01:09,  5.90it/s]
 32%|█████████████████████████████                                                              | 192/600 [00:29<00:59,  6.82it/s]
 32%|█████████████████████████████▍                                                             | 194/600 [00:30<00:53,  7.66it/s]
 33%|█████████████████████████████▋                                                             | 196/600 [00:30<00:48,  8.36it/s]
 33%|██████████████████████████████                                                             | 198/600 [00:30<00:44,  8.95it/s]
 33%|██████████████████████████████▎                                                            | 200/600 [00:30<00:42,  9.42it/s]
                                                                                                                                  

 33%|██████████████████████████████▎                                                            | 200/600 [00:30<00:42,  9.42it/s]
 34%|██████████████████████████████▋                                                            | 202/600 [00:30<00:40,  9.76it/s]
 34%|██████████████████████████████▉                                                            | 204/600 [00:30<00:39, 10.03it/s]
 34%|███████████████████████████████▏                                                           | 206/600 [00:31<00:38, 10.24it/s]
 35%|███████████████████████████████▌                                                           | 208/600 [00:31<00:37, 10.36it/s]
 35%|███████████████████████████████▊                                                           | 210/600 [00:31<00:34, 11.46it/s]{'loss': '1.235', 'grad_norm': '6.496', 'learning_rate': '3.553e-05', 'epoch': '6.678'}


Writing model shards:   0%|                                                                                 | 0/1 [00:00<?, ?it/s][A

Writing model shards: 100%|█████████████████████████████████████████████████████████████████████████| 1/1 [00:00<00:00,  1.26it/s][A
Writing model shards: 100%|█████████████████████████████████████████████████████████████████████████| 1/1 [00:00<00:00,  1.26it/s]

 35%|████████████████████████████████▏                                                          | 212/600 [00:34<03:09,  2.05it/s]
 36%|████████████████████████████████▍                                                          | 214/600 [00:34<02:23,  2.70it/s]
 36%|████████████████████████████████▊                                                          | 216/600 [00:34<01:50,  3.48it/s]
 36%|█████████████████████████████████                                                          | 218/600 [00:34<01:27,  4.36it/s]
 37%|█████████████████████████████████▎                                                         | 220/600 [00:35<01:11,  5.30it/s]
 37%|█████████████████████████████████▋                                                         | 222/600 [00:35<01:00,  6.25it/s]
 37%|█████████████████████████████████▉                                                         | 224/600 [00:35<00:52,  7.13it/s]
                                                                                                                                  

 38%|██████████████████████████████████▏                                                        | 225/600 [00:35<00:52,  7.13it/s]
 38%|██████████████████████████████████▎                                                        | 226/600 [00:35<00:47,  7.93it/s]
 38%|██████████████████████████████████▌                                                        | 228/600 [00:35<00:43,  8.61it/s]
 38%|██████████████████████████████████▉                                                        | 230/600 [00:36<00:40,  9.16it/s]
 39%|███████████████████████████████████▏                                                       | 232/600 [00:36<00:38,  9.58it/s]
 39%|███████████████████████████████████▍                                                       | 234/600 [00:36<00:37,  9.87it/s]
 39%|███████████████████████████████████▊                                                       | 236/600 [00:36<00:36, 10.11it/s]
 40%|████████████████████████████████████                                                       | 238/600 [00:36<00:35, 10.29it/s]
 40%|████████████████████████████████████▍                                                      | 240/600 [00:36<00:31, 11.44it/s]{'loss': '1.141', 'grad_norm': '5.76', 'learning_rate': '3.333e-05', 'epoch': '7.508'}


Writing model shards:   0%|                                                                                 | 0/1 [00:00<?, ?it/s][A

Writing model shards: 100%|█████████████████████████████████████████████████████████████████████████| 1/1 [00:00<00:00,  1.86it/s][A
Writing model shards: 100%|█████████████████████████████████████████████████████████████████████████| 1/1 [00:00<00:00,  1.86it/s]

 40%|████████████████████████████████████▋                                                      | 242/600 [00:39<02:18,  2.58it/s]
 41%|█████████████████████████████████████                                                      | 244/600 [00:39<01:46,  3.35it/s]
 41%|█████████████████████████████████████▎                                                     | 246/600 [00:39<01:23,  4.22it/s]
 41%|█████████████████████████████████████▌                                                     | 248/600 [00:39<01:08,  5.16it/s]
 42%|█████████████████████████████████████▉                                                     | 250/600 [00:39<00:57,  6.11it/s]
                                                                                                                                  

 42%|█████████████████████████████████████▉                                                     | 250/600 [00:39<00:57,  6.11it/s]
 42%|██████████████████████████████████████▏                                                    | 252/600 [00:39<00:49,  7.01it/s]
 42%|██████████████████████████████████████▌                                                    | 254/600 [00:40<00:44,  7.81it/s]
 43%|██████████████████████████████████████▊                                                    | 256/600 [00:40<00:40,  8.50it/s]
 43%|███████████████████████████████████████▏                                                   | 258/600 [00:40<00:37,  9.05it/s]
 43%|███████████████████████████████████████▍                                                   | 260/600 [00:40<00:35,  9.50it/s]
 44%|███████████████████████████████████████▋                                                   | 262/600 [00:40<00:34,  9.83it/s]
 44%|████████████████████████████████████████                                                   | 264/600 [00:41<00:33, 10.09it/s]
 44%|████████████████████████████████████████▎                                                  | 266/600 [00:41<00:32, 10.28it/s]
 45%|████████████████████████████████████████▋                                                  | 268/600 [00:41<00:31, 10.42it/s]
 45%|████████████████████████████████████████▉                                                  | 270/600 [00:41<00:28, 11.56it/s]{'loss': '1.145', 'grad_norm': '6.851', 'learning_rate': '3.114e-05', 'epoch': '8.339'}


Writing model shards:   0%|                                                                                 | 0/1 [00:00<?, ?it/s][A

Writing model shards: 100%|█████████████████████████████████████████████████████████████████████████| 1/1 [00:00<00:00,  1.52it/s][A
Writing model shards: 100%|█████████████████████████████████████████████████████████████████████████| 1/1 [00:00<00:00,  1.52it/s]

 45%|█████████████████████████████████████████▎                                                 | 272/600 [00:43<02:08,  2.56it/s]
 46%|█████████████████████████████████████████▌                                                 | 274/600 [00:44<01:38,  3.31it/s]
                                                                                                                                  

 46%|█████████████████████████████████████████▋                                                 | 275/600 [00:44<01:38,  3.31it/s]
 46%|█████████████████████████████████████████▊                                                 | 276/600 [00:44<01:17,  4.18it/s]
 46%|██████████████████████████████████████████▏                                                | 278/600 [00:44<01:02,  5.11it/s]
 47%|██████████████████████████████████████████▍                                                | 280/600 [00:44<00:52,  6.07it/s]
 47%|██████████████████████████████████████████▊                                                | 282/600 [00:44<00:45,  6.97it/s]
 47%|███████████████████████████████████████████                                                | 284/600 [00:44<00:40,  7.79it/s]
 48%|███████████████████████████████████████████▍                                               | 286/600 [00:45<00:36,  8.50it/s]
 48%|███████████████████████████████████████████▋                                               | 288/600 [00:45<00:34,  9.07it/s]
 48%|███████████████████████████████████████████▉                                               | 290/600 [00:45<00:32,  9.51it/s]
 49%|████████████████████████████████████████████▎                                              | 292/600 [00:45<00:31,  9.85it/s]
 49%|████████████████████████████████████████████▌                                              | 294/600 [00:45<00:30, 10.10it/s]
 49%|████████████████████████████████████████████▉                                              | 296/600 [00:46<00:29, 10.28it/s]
 50%|█████████████████████████████████████████████▏                                             | 298/600 [00:46<00:29, 10.41it/s]
 50%|█████████████████████████████████████████████▌                                             | 300/600 [00:46<00:26, 11.53it/s]
                                                                                                                                  

 50%|█████████████████████████████████████████████▌                                             | 300/600 [00:46<00:26, 11.53it/s]{'loss': '1.079', 'grad_norm': '5.901', 'learning_rate': '2.895e-05', 'epoch': '9.169'}
{'loss': '1.066', 'grad_norm': '33.45', 'learning_rate': '2.675e-05', 'epoch': '10'}


Writing model shards:   0%|                                                                                 | 0/1 [00:00<?, ?it/s][A

Writing model shards: 100%|█████████████████████████████████████████████████████████████████████████| 1/1 [00:00<00:00,  1.50it/s][A
Writing model shards: 100%|█████████████████████████████████████████████████████████████████████████| 1/1 [00:00<00:00,  1.50it/s]

 50%|█████████████████████████████████████████████▊                                             | 302/600 [00:48<02:07,  2.34it/s]
 51%|██████████████████████████████████████████████                                             | 304/600 [00:49<01:36,  3.05it/s]
 51%|██████████████████████████████████████████████▍                                            | 306/600 [00:49<01:15,  3.89it/s]
 51%|██████████████████████████████████████████████▋                                            | 308/600 [00:49<01:00,  4.81it/s]
 52%|███████████████████████████████████████████████                                            | 310/600 [00:49<00:50,  5.76it/s]
 52%|███████████████████████████████████████████████▎                                           | 312/600 [00:49<00:43,  6.68it/s]
 52%|███████████████████████████████████████████████▌                                           | 314/600 [00:49<00:37,  7.53it/s]
 53%|███████████████████████████████████████████████▉                                           | 316/600 [00:50<00:34,  8.27it/s]
 53%|████████████████████████████████████████████████▏                                          | 318/600 [00:50<00:31,  8.89it/s]
 53%|████████████████████████████████████████████████▌                                          | 320/600 [00:50<00:29,  9.37it/s]
 54%|████████████████████████████████████████████████▊                                          | 322/600 [00:50<00:28,  9.75it/s]
 54%|█████████████████████████████████████████████████▏                                         | 324/600 [00:50<00:27, 10.01it/s]
                                                                                                                                  

 54%|█████████████████████████████████████████████████▎                                         | 325/600 [00:50<00:27, 10.01it/s]
 54%|█████████████████████████████████████████████████▍                                         | 326/600 [00:51<00:26, 10.21it/s]
 55%|█████████████████████████████████████████████████▋                                         | 328/600 [00:51<00:26, 10.36it/s]
 55%|██████████████████████████████████████████████████                                         | 330/600 [00:51<00:23, 11.50it/s]{'loss': '1.026', 'grad_norm': '5.892', 'learning_rate': '2.456e-05', 'epoch': '10.85'}


Writing model shards:   0%|                                                                                 | 0/1 [00:00<?, ?it/s][A

Writing model shards: 100%|█████████████████████████████████████████████████████████████████████████| 1/1 [00:00<00:00,  1.77it/s][A
Writing model shards: 100%|█████████████████████████████████████████████████████████████████████████| 1/1 [00:00<00:00,  1.77it/s]

 55%|██████████████████████████████████████████████████▎                                        | 332/600 [00:53<01:37,  2.76it/s]
 56%|██████████████████████████████████████████████████▋                                        | 334/600 [00:53<01:14,  3.55it/s]
 56%|██████████████████████████████████████████████████▉                                        | 336/600 [00:53<00:59,  4.44it/s]
 56%|███████████████████████████████████████████████████▎                                       | 338/600 [00:53<00:48,  5.39it/s]
 57%|███████████████████████████████████████████████████▌                                       | 340/600 [00:54<00:41,  6.34it/s]
 57%|███████████████████████████████████████████████████▊                                       | 342/600 [00:54<00:35,  7.22it/s]
 57%|████████████████████████████████████████████████████▏                                      | 344/600 [00:54<00:31,  8.02it/s]
 58%|████████████████████████████████████████████████████▍                                      | 346/600 [00:54<00:29,  8.68it/s]
 58%|████████████████████████████████████████████████████▊                                      | 348/600 [00:54<00:27,  9.21it/s]
 58%|█████████████████████████████████████████████████████                                      | 350/600 [00:55<00:25,  9.62it/s]
                                                                                                                                  

 58%|█████████████████████████████████████████████████████                                      | 350/600 [00:55<00:25,  9.62it/s]
 59%|█████████████████████████████████████████████████████▍                                     | 352/600 [00:55<00:24,  9.93it/s]
 59%|█████████████████████████████████████████████████████▋                                     | 354/600 [00:55<00:24, 10.16it/s]
 59%|█████████████████████████████████████████████████████▉                                     | 356/600 [00:55<00:23, 10.34it/s]
 60%|██████████████████████████████████████████████████████▎                                    | 358/600 [00:55<00:23, 10.45it/s]
 60%|██████████████████████████████████████████████████████▌                                    | 360/600 [00:55<00:20, 11.57it/s]{'loss': '0.9929', 'grad_norm': '5.182', 'learning_rate': '2.237e-05', 'epoch': '11.68'}


Writing model shards:   0%|                                                                                 | 0/1 [00:00<?, ?it/s][A

Writing model shards: 100%|█████████████████████████████████████████████████████████████████████████| 1/1 [00:00<00:00,  1.43it/s][A
Writing model shards: 100%|█████████████████████████████████████████████████████████████████████████| 1/1 [00:00<00:00,  1.43it/s]

 60%|██████████████████████████████████████████████████████▉                                    | 362/600 [00:58<01:49,  2.17it/s]
 61%|███████████████████████████████████████████████████████▏                                   | 364/600 [00:58<01:22,  2.85it/s]
 61%|███████████████████████████████████████████████████████▌                                   | 366/600 [00:58<01:04,  3.66it/s]
 61%|███████████████████████████████████████████████████████▊                                   | 368/600 [00:59<00:50,  4.56it/s]
 62%|████████████████████████████████████████████████████████                                   | 370/600 [00:59<00:41,  5.49it/s]
 62%|████████████████████████████████████████████████████████▍                                  | 372/600 [00:59<00:35,  6.44it/s]
 62%|████████████████████████████████████████████████████████▋                                  | 374/600 [00:59<00:30,  7.32it/s]
                                                                                                                                  

 62%|████████████████████████████████████████████████████████▉                                  | 375/600 [00:59<00:30,  7.32it/s]
 63%|█████████████████████████████████████████████████████████                                  | 376/600 [00:59<00:27,  8.08it/s]
 63%|█████████████████████████████████████████████████████████▎                                 | 378/600 [01:00<00:25,  8.73it/s]
 63%|█████████████████████████████████████████████████████████▋                                 | 380/600 [01:00<00:23,  9.25it/s]
 64%|█████████████████████████████████████████████████████████▉                                 | 382/600 [01:00<00:22,  9.65it/s]
 64%|██████████████████████████████████████████████████████████▏                                | 384/600 [01:00<00:21,  9.94it/s]
 64%|██████████████████████████████████████████████████████████▌                                | 386/600 [01:00<00:21, 10.17it/s]
 65%|██████████████████████████████████████████████████████████▊                                | 388/600 [01:01<00:20, 10.33it/s]
 65%|███████████████████████████████████████████████████████████▏                               | 390/600 [01:01<00:18, 11.47it/s]{'loss': '0.9283', 'grad_norm': '5.887', 'learning_rate': '2.018e-05', 'epoch': '12.51'}


Writing model shards:   0%|                                                                                 | 0/1 [00:00<?, ?it/s][A

Writing model shards: 100%|█████████████████████████████████████████████████████████████████████████| 1/1 [00:00<00:00,  1.79it/s][A
Writing model shards: 100%|█████████████████████████████████████████████████████████████████████████| 1/1 [00:00<00:00,  1.79it/s]

 65%|███████████████████████████████████████████████████████████▍                               | 392/600 [01:03<01:15,  2.74it/s]
 66%|███████████████████████████████████████████████████████████▊                               | 394/600 [01:03<00:58,  3.53it/s]
 66%|████████████████████████████████████████████████████████████                               | 396/600 [01:03<00:46,  4.43it/s]
 66%|████████████████████████████████████████████████████████████▎                              | 398/600 [01:03<00:37,  5.37it/s]
 67%|████████████████████████████████████████████████████████████▋                              | 400/600 [01:03<00:31,  6.32it/s]
                                                                                                                                  

 67%|████████████████████████████████████████████████████████████▋                              | 400/600 [01:03<00:31,  6.32it/s]
 67%|████████████████████████████████████████████████████████████▉                              | 402/600 [01:04<00:27,  7.21it/s]
 67%|█████████████████████████████████████████████████████████████▎                             | 404/600 [01:04<00:24,  8.00it/s]
 68%|█████████████████████████████████████████████████████████████▌                             | 406/600 [01:04<00:22,  8.66it/s]
 68%|█████████████████████████████████████████████████████████████▉                             | 408/600 [01:04<00:20,  9.20it/s]
 68%|██████████████████████████████████████████████████████████████▏                            | 410/600 [01:04<00:19,  9.61it/s]
 69%|██████████████████████████████████████████████████████████████▍                            | 412/600 [01:05<00:18,  9.92it/s]
 69%|██████████████████████████████████████████████████████████████▊                            | 414/600 [01:05<00:18, 10.14it/s]
 69%|███████████████████████████████████████████████████████████████                            | 416/600 [01:05<00:17, 10.32it/s]
 70%|███████████████████████████████████████████████████████████████▍                           | 418/600 [01:05<00:17, 10.44it/s]
 70%|███████████████████████████████████████████████████████████████▋                           | 420/600 [01:05<00:15, 11.57it/s]{'loss': '0.9305', 'grad_norm': '5.593', 'learning_rate': '1.798e-05', 'epoch': '13.34'}


Writing model shards:   0%|                                                                                 | 0/1 [00:00<?, ?it/s][A

Writing model shards: 100%|█████████████████████████████████████████████████████████████████████████| 1/1 [00:00<00:00,  1.36it/s][A
Writing model shards: 100%|█████████████████████████████████████████████████████████████████████████| 1/1 [00:00<00:00,  1.36it/s]

 70%|████████████████████████████████████████████████████████████████                           | 422/600 [01:08<01:17,  2.31it/s]
 71%|████████████████████████████████████████████████████████████████▎                          | 424/600 [01:08<00:58,  3.02it/s]
                                                                                                                                  

 71%|████████████████████████████████████████████████████████████████▍                          | 425/600 [01:08<00:58,  3.02it/s]
 71%|████████████████████████████████████████████████████████████████▌                          | 426/600 [01:08<00:45,  3.84it/s]
 71%|████████████████████████████████████████████████████████████████▊                          | 427/600 [01:08<00:41,  4.21it/s]
 72%|█████████████████████████████████████████████████████████████████                          | 429/600 [01:08<00:32,  5.28it/s]
 72%|█████████████████████████████████████████████████████████████████▎                         | 431/600 [01:09<00:26,  6.31it/s]
 72%|█████████████████████████████████████████████████████████████████▋                         | 433/600 [01:09<00:22,  7.27it/s]
 72%|█████████████████████████████████████████████████████████████████▉                         | 435/600 [01:09<00:20,  8.09it/s]
 73%|██████████████████████████████████████████████████████████████████▎                        | 437/600 [01:09<00:18,  8.76it/s]
 73%|██████████████████████████████████████████████████████████████████▌                        | 439/600 [01:09<00:17,  9.30it/s]
 74%|██████████████████████████████████████████████████████████████████▉                        | 441/600 [01:10<00:16,  9.71it/s]
 74%|███████████████████████████████████████████████████████████████████▏                       | 443/600 [01:10<00:15, 10.02it/s]
 74%|███████████████████████████████████████████████████████████████████▍                       | 445/600 [01:10<00:15, 10.24it/s]
 74%|███████████████████████████████████████████████████████████████████▊                       | 447/600 [01:10<00:14, 10.40it/s]
 75%|████████████████████████████████████████████████████████████████████                       | 449/600 [01:10<00:14, 10.52it/s]
                                                                                                                                  

 75%|████████████████████████████████████████████████████████████████████▎                      | 450/600 [01:10<00:14, 10.52it/s]{'loss': '0.906', 'grad_norm': '5.126', 'learning_rate': '1.579e-05', 'epoch': '14.17'}
{'loss': '0.8608', 'grad_norm': '15.47', 'learning_rate': '1.36e-05', 'epoch': '15'}


Writing model shards:   0%|                                                                                 | 0/1 [00:00<?, ?it/s][A

Writing model shards: 100%|█████████████████████████████████████████████████████████████████████████| 1/1 [00:00<00:00,  1.49it/s][A
Writing model shards: 100%|█████████████████████████████████████████████████████████████████████████| 1/1 [00:00<00:00,  1.49it/s]

 75%|████████████████████████████████████████████████████████████████████▍                      | 451/600 [01:13<01:06,  2.24it/s]
 75%|████████████████████████████████████████████████████████████████████▌                      | 452/600 [01:13<00:57,  2.59it/s]
 76%|████████████████████████████████████████████████████████████████████▊                      | 454/600 [01:13<00:42,  3.47it/s]
 76%|█████████████████████████████████████████████████████████████████████▏                     | 456/600 [01:13<00:32,  4.45it/s]
 76%|█████████████████████████████████████████████████████████████████████▍                     | 458/600 [01:13<00:25,  5.47it/s]
 77%|█████████████████████████████████████████████████████████████████████▊                     | 460/600 [01:14<00:21,  6.46it/s]
 77%|██████████████████████████████████████████████████████████████████████                     | 462/600 [01:14<00:18,  7.38it/s]
 77%|██████████████████████████████████████████████████████████████████████▎                    | 464/600 [01:14<00:16,  8.17it/s]
 78%|██████████████████████████████████████████████████████████████████████▋                    | 466/600 [01:14<00:15,  8.83it/s]
 78%|██████████████████████████████████████████████████████████████████████▉                    | 468/600 [01:14<00:14,  9.36it/s]
 78%|███████████████████████████████████████████████████████████████████████▎                   | 470/600 [01:15<00:13,  9.76it/s]
 79%|███████████████████████████████████████████████████████████████████████▌                   | 472/600 [01:15<00:12, 10.06it/s]
 79%|███████████████████████████████████████████████████████████████████████▉                   | 474/600 [01:15<00:12, 10.28it/s]
                                                                                                                                  

 79%|████████████████████████████████████████████████████████████████████████                   | 475/600 [01:15<00:12, 10.28it/s]
 79%|████████████████████████████████████████████████████████████████████████▏                  | 476/600 [01:15<00:11, 10.44it/s]
 80%|████████████████████████████████████████████████████████████████████████▍                  | 478/600 [01:15<00:11, 10.55it/s]
 80%|████████████████████████████████████████████████████████████████████████▊                  | 480/600 [01:15<00:10, 11.57it/s]{'loss': '0.8804', 'grad_norm': '5.479', 'learning_rate': '1.14e-05', 'epoch': '15.85'}


Writing model shards:   0%|                                                                                 | 0/1 [00:00<?, ?it/s][A

Writing model shards: 100%|█████████████████████████████████████████████████████████████████████████| 1/1 [00:00<00:00,  1.70it/s][A
Writing model shards: 100%|█████████████████████████████████████████████████████████████████████████| 1/1 [00:00<00:00,  1.70it/s]

 80%|█████████████████████████████████████████████████████████████████████████                  | 482/600 [01:18<00:48,  2.46it/s]
 81%|█████████████████████████████████████████████████████████████████████████▍                 | 484/600 [01:18<00:36,  3.20it/s]
 81%|█████████████████████████████████████████████████████████████████████████▋                 | 486/600 [01:18<00:28,  4.05it/s]
 81%|██████████████████████████████████████████████████████████████████████████                 | 488/600 [01:18<00:22,  4.99it/s]
 82%|██████████████████████████████████████████████████████████████████████████▎                | 490/600 [01:18<00:18,  5.95it/s]
 82%|██████████████████████████████████████████████████████████████████████████▌                | 492/600 [01:19<00:15,  6.88it/s]
 82%|██████████████████████████████████████████████████████████████████████████▉                | 494/600 [01:19<00:13,  7.73it/s]
 83%|███████████████████████████████████████████████████████████████████████████▏               | 496/600 [01:19<00:12,  8.45it/s]
 83%|███████████████████████████████████████████████████████████████████████████▌               | 498/600 [01:19<00:11,  9.04it/s]
 83%|███████████████████████████████████████████████████████████████████████████▊               | 500/600 [01:19<00:10,  9.51it/s]
                                                                                                                                  

 83%|███████████████████████████████████████████████████████████████████████████▊               | 500/600 [01:19<00:10,  9.51it/s]
 84%|████████████████████████████████████████████████████████████████████████████▏              | 502/600 [01:20<00:09,  9.86it/s]
 84%|████████████████████████████████████████████████████████████████████████████▍              | 504/600 [01:20<00:09, 10.13it/s]
 84%|████████████████████████████████████████████████████████████████████████████▋              | 506/600 [01:20<00:09, 10.32it/s]
 85%|█████████████████████████████████████████████████████████████████████████████              | 508/600 [01:20<00:08, 10.47it/s]
 85%|█████████████████████████████████████████████████████████████████████████████▎             | 510/600 [01:20<00:07, 11.62it/s]{'loss': '0.8425', 'grad_norm': '5.53', 'learning_rate': '9.211e-06', 'epoch': '16.68'}


Writing model shards:   0%|                                                                                 | 0/1 [00:00<?, ?it/s][A

Writing model shards: 100%|█████████████████████████████████████████████████████████████████████████| 1/1 [00:00<00:00,  1.30it/s][A
Writing model shards: 100%|█████████████████████████████████████████████████████████████████████████| 1/1 [00:00<00:00,  1.30it/s]

 85%|█████████████████████████████████████████████████████████████████████████████▋             | 512/600 [01:23<00:36,  2.42it/s]
 86%|█████████████████████████████████████████████████████████████████████████████▉             | 514/600 [01:23<00:27,  3.16it/s]
 86%|██████████████████████████████████████████████████████████████████████████████▎            | 516/600 [01:23<00:20,  4.01it/s]
 86%|██████████████████████████████████████████████████████████████████████████████▌            | 518/600 [01:23<00:16,  4.94it/s]
 87%|██████████████████████████████████████████████████████████████████████████████▊            | 520/600 [01:23<00:13,  5.91it/s]
 87%|███████████████████████████████████████████████████████████████████████████████▏           | 522/600 [01:24<00:11,  6.84it/s]
 87%|███████████████████████████████████████████████████████████████████████████████▍           | 524/600 [01:24<00:09,  7.69it/s]
                                                                                                                                  

 88%|███████████████████████████████████████████████████████████████████████████████▋           | 525/600 [01:24<00:09,  7.69it/s]
 88%|███████████████████████████████████████████████████████████████████████████████▊           | 526/600 [01:24<00:08,  8.42it/s]
 88%|████████████████████████████████████████████████████████████████████████████████           | 528/600 [01:24<00:07,  9.02it/s]
 88%|████████████████████████████████████████████████████████████████████████████████▍          | 530/600 [01:24<00:07,  9.49it/s]
 89%|████████████████████████████████████████████████████████████████████████████████▋          | 532/600 [01:24<00:06,  9.86it/s]
 89%|████████████████████████████████████████████████████████████████████████████████▉          | 534/600 [01:25<00:06, 10.14it/s]
 89%|█████████████████████████████████████████████████████████████████████████████████▎         | 536/600 [01:25<00:06, 10.34it/s]
 90%|█████████████████████████████████████████████████████████████████████████████████▌         | 538/600 [01:25<00:05, 10.48it/s]
 90%|█████████████████████████████████████████████████████████████████████████████████▉         | 540/600 [01:25<00:05, 11.63it/s]{'loss': '0.7976', 'grad_norm': '4.949', 'learning_rate': '7.018e-06', 'epoch': '17.51'}


Writing model shards:   0%|                                                                                 | 0/1 [00:00<?, ?it/s][A

Writing model shards: 100%|█████████████████████████████████████████████████████████████████████████| 1/1 [00:00<00:00,  1.43it/s][A
Writing model shards: 100%|█████████████████████████████████████████████████████████████████████████| 1/1 [00:00<00:00,  1.43it/s]

 90%|██████████████████████████████████████████████████████████████████████████████████▏        | 542/600 [01:27<00:23,  2.50it/s]
 91%|██████████████████████████████████████████████████████████████████████████████████▌        | 544/600 [01:28<00:17,  3.25it/s]
 91%|██████████████████████████████████████████████████████████████████████████████████▊        | 546/600 [01:28<00:13,  4.11it/s]
 91%|███████████████████████████████████████████████████████████████████████████████████        | 548/600 [01:28<00:10,  5.05it/s]
 92%|███████████████████████████████████████████████████████████████████████████████████▍       | 550/600 [01:28<00:08,  6.02it/s]
                                                                                                                                  

 92%|███████████████████████████████████████████████████████████████████████████████████▍       | 550/600 [01:28<00:08,  6.02it/s]
 92%|███████████████████████████████████████████████████████████████████████████████████▋       | 552/600 [01:28<00:06,  6.94it/s]
 92%|████████████████████████████████████████████████████████████████████████████████████       | 554/600 [01:29<00:05,  7.78it/s]
 93%|████████████████████████████████████████████████████████████████████████████████████▎      | 556/600 [01:29<00:05,  8.50it/s]
 93%|████████████████████████████████████████████████████████████████████████████████████▋      | 558/600 [01:29<00:04,  9.09it/s]
 93%|████████████████████████████████████████████████████████████████████████████████████▉      | 560/600 [01:29<00:04,  9.54it/s]
 94%|█████████████████████████████████████████████████████████████████████████████████████▏     | 562/600 [01:29<00:03,  9.90it/s]
 94%|█████████████████████████████████████████████████████████████████████████████████████▌     | 564/600 [01:29<00:03, 10.16it/s]
 94%|█████████████████████████████████████████████████████████████████████████████████████▊     | 566/600 [01:30<00:03, 10.36it/s]
 95%|██████████████████████████████████████████████████████████████████████████████████████▏    | 568/600 [01:30<00:03, 10.50it/s]
 95%|██████████████████████████████████████████████████████████████████████████████████████▍    | 570/600 [01:30<00:02, 11.65it/s]{'loss': '0.8495', 'grad_norm': '6.069', 'learning_rate': '4.825e-06', 'epoch': '18.34'}


Writing model shards:   0%|                                                                                 | 0/1 [00:00<?, ?it/s][A

Writing model shards: 100%|█████████████████████████████████████████████████████████████████████████| 1/1 [00:00<00:00,  1.78it/s][A
Writing model shards: 100%|█████████████████████████████████████████████████████████████████████████| 1/1 [00:00<00:00,  1.78it/s]

 95%|██████████████████████████████████████████████████████████████████████████████████████▊    | 572/600 [01:32<00:11,  2.52it/s]
 96%|███████████████████████████████████████████████████████████████████████████████████████    | 574/600 [01:32<00:07,  3.27it/s]
                                                                                                                                  

 96%|███████████████████████████████████████████████████████████████████████████████████████▏   | 575/600 [01:32<00:07,  3.27it/s]
 96%|███████████████████████████████████████████████████████████████████████████████████████▎   | 576/600 [01:33<00:05,  4.13it/s]
 96%|███████████████████████████████████████████████████████████████████████████████████████▋   | 578/600 [01:33<00:04,  5.07it/s]
 97%|███████████████████████████████████████████████████████████████████████████████████████▉   | 580/600 [01:33<00:03,  6.03it/s]
 97%|████████████████████████████████████████████████████████████████████████████████████████▎  | 582/600 [01:33<00:02,  6.96it/s]
 97%|████████████████████████████████████████████████████████████████████████████████████████▌  | 584/600 [01:33<00:02,  7.79it/s]
 98%|████████████████████████████████████████████████████████████████████████████████████████▉  | 586/600 [01:34<00:01,  8.51it/s]
 98%|█████████████████████████████████████████████████████████████████████████████████████████▏ | 588/600 [01:34<00:01,  9.09it/s]
 98%|█████████████████████████████████████████████████████████████████████████████████████████▍ | 590/600 [01:34<00:01,  9.55it/s]
 99%|█████████████████████████████████████████████████████████████████████████████████████████▊ | 592/600 [01:34<00:00,  9.90it/s]
 99%|██████████████████████████████████████████████████████████████████████████████████████████ | 594/600 [01:34<00:00, 10.16it/s]
 99%|██████████████████████████████████████████████████████████████████████████████████████████▍| 596/600 [01:34<00:00, 10.35it/s]
100%|██████████████████████████████████████████████████████████████████████████████████████████▋| 598/600 [01:35<00:00, 10.49it/s]
100%|███████████████████████████████████████████████████████████████████████████████████████████| 600/600 [01:35<00:00, 11.65it/s]
                                                                                                                                  

100%|███████████████████████████████████████████████████████████████████████████████████████████| 600/600 [01:35<00:00, 11.65it/s]{'loss': '0.8366', 'grad_norm': '5.079', 'learning_rate': '2.632e-06', 'epoch': '19.17'}
{'loss': '0.7974', 'grad_norm': '24.17', 'learning_rate': '4.386e-07', 'epoch': '20'}


Writing model shards:   0%|                                                                                 | 0/1 [00:00<?, ?it/s][A

Writing model shards: 100%|█████████████████████████████████████████████████████████████████████████| 1/1 [00:00<00:00,  1.38it/s][A
Writing model shards: 100%|█████████████████████████████████████████████████████████████████████████| 1/1 [00:00<00:00,  1.38it/s]

                                                                                                                                  

100%|███████████████████████████████████████████████████████████████████████████████████████████| 600/600 [01:37<00:00, 11.65it/s]
100%|███████████████████████████████████████████████████████████████████████████████████████████| 600/600 [01:37<00:00,  6.16it/s]
{'train_runtime': '97.39', 'train_samples_per_second': '95.49', 'train_steps_per_second': '6.161', 'train_loss': '1.25', 'epoch': '20'}

  0%|                                                                                                       | 0/9 [00:00<?, ?it/s]
 89%|████████████████████████████████████████████████████████████████████████████████████▍          | 8/9 [00:00<00:00, 69.21it/s]
100%|███████████████████████████████████████████████████████████████████████████████████████████████| 9/9 [00:00<00:00, 66.47it/s]

Writing model shards:   0%|                                                                                 | 0/1 [00:00<?, ?it/s]
Writing model shards: 100%|█████████████████████████████████████████████████████████████████████████| 1/1 [00:00<00:00,  1.43it/s]
Writing model shards: 100%|█████████████████████████████████████████████████████████████████████████| 1/1 [00:00<00:00,  1.43it/s]

Loading weights:   0%|                                                                                    | 0/148 [00:00<?, ?it/s]
Loading weights: 100%|████████████████████████████████████████████████████████████████████████| 148/148 [00:00<00:00, 1898.54it/s]

Loading weights:   0%|                                                                                    | 0/148 [00:00<?, ?it/s]
Loading weights: 100%|████████████████████████████████████████████████████████████████████████| 148/148 [00:00<00:00, 2165.00it/s]
<local-root>/miniconda3/lib/python3.13/site-packages/torch/cuda/__init__.py:61: FutureWarning: The pynvml package is deprecated. Please install nvidia-ml-py instead. If you did not install pynvml directly, please report this to the maintainers of the package that installed pynvml for you.
  import pynvml  # type: ignore[import]

Loading weights:   0%|                                                                                    | 0/148 [00:00<?, ?it/s]
Loading weights:  31%|███████████████████████                                                   | 46/148 [00:00<00:00, 437.81it/s]
Loading weights:  61%|█████████████████████████████████████████████                             | 90/148 [00:00<00:00, 426.60it/s]
Loading weights:  90%|█████████████████████████████████████████████████████████████████▌       | 133/148 [00:00<00:00, 417.12it/s]
Loading weights: 100%|█████████████████████████████████████████████████████████████████████████| 148/148 [00:00<00:00, 393.98it/s]

Loading weights:   0%|                                                                                    | 0/148 [00:00<?, ?it/s]
Loading weights: 100%|████████████████████████████████████████████████████████████████████████| 148/148 [00:00<00:00, 1316.39it/s]
Loading weights: 100%|████████████████████████████████████████████████████████████████████████| 148/148 [00:00<00:00, 1312.82it/s]
Warning: You are sending unauthenticated requests to the HF Hub. Please set a HF_TOKEN to enable higher rate limits and faster downloads.

Loading weights:   0%|                                                                                    | 0/389 [00:00<?, ?it/s]
Loading weights: 100%|███████████████████████████████████████████████████████████████████████| 389/389 [00:00<00:00, 33661.04it/s]
[RANK 0] Detected kernel version 5.4.0, which is below the recommended minimum of 5.5.0; this can cause the process to hang. It is recommended to upgrade the kernel to the minimum version or higher.

  0%|                                                                                                     | 0/540 [00:00<?, ?it/s]
  0%|▏                                                                                            | 1/540 [00:00<01:50,  4.90it/s]
  0%|▎                                                                                            | 2/540 [00:00<01:35,  5.63it/s]
  1%|▌                                                                                            | 3/540 [00:00<01:30,  5.96it/s]
  1%|▋                                                                                            | 4/540 [00:00<01:27,  6.14it/s]
  1%|▊                                                                                            | 5/540 [00:00<01:26,  6.20it/s]
  1%|█                                                                                            | 6/540 [00:00<01:24,  6.31it/s]
  1%|█▏                                                                                           | 7/540 [00:01<01:23,  6.38it/s]
  1%|█▍                                                                                           | 8/540 [00:01<01:23,  6.36it/s]
  2%|█▌                                                                                           | 9/540 [00:01<01:22,  6.41it/s]
  2%|█▋                                                                                          | 10/540 [00:01<01:22,  6.44it/s]
  2%|█▊                                                                                          | 11/540 [00:01<01:22,  6.44it/s]
  2%|██                                                                                          | 12/540 [00:01<01:21,  6.45it/s]
  2%|██▏                                                                                         | 13/540 [00:02<01:21,  6.46it/s]
  3%|██▍                                                                                         | 14/540 [00:02<01:21,  6.47it/s]
  3%|██▌                                                                                         | 15/540 [00:02<01:21,  6.48it/s]
  3%|██▋                                                                                         | 16/540 [00:02<01:21,  6.46it/s]
  3%|██▉                                                                                         | 17/540 [00:02<01:21,  6.45it/s]
  3%|███                                                                                         | 18/540 [00:02<01:21,  6.44it/s]
  4%|███▏                                                                                        | 19/540 [00:02<01:20,  6.44it/s]
  4%|███▍                                                                                        | 20/540 [00:03<01:20,  6.44it/s]
  4%|███▌                                                                                        | 21/540 [00:03<01:20,  6.44it/s]
  4%|███▋                                                                                        | 22/540 [00:03<01:20,  6.44it/s]
  4%|███▉                                                                                        | 23/540 [00:03<01:20,  6.44it/s]
  4%|████                                                                                        | 24/540 [00:03<01:20,  6.43it/s]
  5%|████▎                                                                                       | 25/540 [00:03<01:20,  6.43it/s]
                                                                                                                                  

  5%|████▎                                                                                       | 25/540 [00:03<01:20,  6.43it/s]
  5%|████▍                                                                                       | 26/540 [00:04<01:20,  6.42it/s]
  5%|████▌                                                                                       | 27/540 [00:04<01:19,  6.42it/s]
  5%|████▊                                                                                       | 28/540 [00:04<01:19,  6.42it/s]
  5%|████▉                                                                                       | 29/540 [00:04<01:19,  6.42it/s]
  6%|█████                                                                                       | 30/540 [00:04<01:11,  7.13it/s]{'loss': '2.997', 'grad_norm': '2.92', 'learning_rate': '4e-05', 'epoch': '0.8475'}


Writing model shards:   0%|                                                                                 | 0/1 [00:00<?, ?it/s][A

Writing model shards: 100%|█████████████████████████████████████████████████████████████████████████| 1/1 [00:01<00:00,  1.96s/it][A
Writing model shards: 100%|█████████████████████████████████████████████████████████████████████████| 1/1 [00:01<00:00,  1.96s/it]

  6%|█████▎                                                                                      | 31/540 [00:10<15:04,  1.78s/it]
  6%|█████▍                                                                                      | 32/540 [00:10<10:57,  1.29s/it]
  6%|█████▌                                                                                      | 33/540 [00:10<08:02,  1.05it/s]
  6%|█████▊                                                                                      | 34/540 [00:10<06:01,  1.40it/s]
  6%|█████▉                                                                                      | 35/540 [00:10<04:36,  1.83it/s]
  7%|██████▏                                                                                     | 36/540 [00:11<03:38,  2.31it/s]
  7%|██████▎                                                                                     | 37/540 [00:11<02:55,  2.86it/s]
  7%|██████▍                                                                                     | 38/540 [00:11<02:26,  3.43it/s]
  7%|██████▋                                                                                     | 39/540 [00:11<02:05,  3.98it/s]
  7%|██████▊                                                                                     | 40/540 [00:11<01:51,  4.49it/s]
  8%|██████▉                                                                                     | 41/540 [00:11<01:41,  4.90it/s]
  8%|███████▏                                                                                    | 42/540 [00:12<01:34,  5.27it/s]
  8%|███████▎                                                                                    | 43/540 [00:12<01:29,  5.56it/s]
  8%|███████▍                                                                                    | 44/540 [00:12<01:25,  5.78it/s]
  8%|███████▋                                                                                    | 45/540 [00:12<01:23,  5.91it/s]
  9%|███████▊                                                                                    | 46/540 [00:12<01:21,  6.05it/s]
  9%|████████                                                                                    | 47/540 [00:12<01:20,  6.13it/s]
  9%|████████▏                                                                                   | 48/540 [00:12<01:19,  6.21it/s]
  9%|████████▎                                                                                   | 49/540 [00:13<01:18,  6.24it/s]
  9%|████████▌                                                                                   | 50/540 [00:13<01:19,  6.17it/s]
                                                                                                                                  

  9%|████████▌                                                                                   | 50/540 [00:13<01:19,  6.17it/s]
  9%|████████▋                                                                                   | 51/540 [00:13<01:18,  6.23it/s]
 10%|████████▊                                                                                   | 52/540 [00:13<01:18,  6.25it/s]
 10%|█████████                                                                                   | 53/540 [00:13<01:17,  6.30it/s]
 10%|█████████▏                                                                                  | 54/540 [00:13<01:17,  6.31it/s]
 10%|█████████▎                                                                                  | 55/540 [00:14<01:17,  6.28it/s]
 10%|█████████▌                                                                                  | 56/540 [00:14<01:16,  6.31it/s]
 11%|█████████▋                                                                                  | 57/540 [00:14<01:16,  6.33it/s]
 11%|█████████▉                                                                                  | 58/540 [00:14<01:16,  6.34it/s]
 11%|██████████                                                                                  | 59/540 [00:14<01:15,  6.34it/s]{'loss': '1.62', 'grad_norm': '2.593', 'learning_rate': '4.814e-05', 'epoch': '1.678'}


Writing model shards:   0%|                                                                                 | 0/1 [00:00<?, ?it/s][A

Writing model shards: 100%|█████████████████████████████████████████████████████████████████████████| 1/1 [00:01<00:00,  1.40s/it][A
Writing model shards: 100%|█████████████████████████████████████████████████████████████████████████| 1/1 [00:01<00:00,  1.40s/it]

 11%|██████████▍                                                                                 | 61/540 [00:19<09:51,  1.23s/it]
 11%|██████████▌                                                                                 | 62/540 [00:19<07:42,  1.03it/s]
 12%|██████████▋                                                                                 | 63/540 [00:19<06:00,  1.32it/s]
 12%|██████████▉                                                                                 | 64/540 [00:20<04:41,  1.69it/s]
 12%|███████████                                                                                 | 65/540 [00:20<03:43,  2.13it/s]
 12%|███████████▏                                                                                | 66/540 [00:20<03:00,  2.63it/s]
 12%|███████████▍                                                                                | 67/540 [00:20<02:29,  3.17it/s]
 13%|███████████▌                                                                                | 68/540 [00:20<02:07,  3.72it/s]
 13%|███████████▊                                                                                | 69/540 [00:20<01:50,  4.25it/s]
 13%|███████████▉                                                                                | 70/540 [00:21<01:39,  4.72it/s]
 13%|████████████                                                                                | 71/540 [00:21<01:31,  5.12it/s]
 13%|████████████▎                                                                               | 72/540 [00:21<01:25,  5.45it/s]
 14%|████████████▍                                                                               | 73/540 [00:21<01:21,  5.71it/s]
 14%|████████████▌                                                                               | 74/540 [00:21<01:18,  5.91it/s]
 14%|████████████▊                                                                               | 75/540 [00:21<01:16,  6.05it/s]
                                                                                                                                  

 14%|████████████▊                                                                               | 75/540 [00:21<01:16,  6.05it/s]
 14%|████████████▉                                                                               | 76/540 [00:22<01:15,  6.15it/s]
 14%|█████████████                                                                               | 77/540 [00:22<01:14,  6.23it/s]
 14%|█████████████▎                                                                              | 78/540 [00:22<01:13,  6.29it/s]
 15%|█████████████▍                                                                              | 79/540 [00:22<01:12,  6.34it/s]
 15%|█████████████▋                                                                              | 80/540 [00:22<01:12,  6.36it/s]
 15%|█████████████▊                                                                              | 81/540 [00:22<01:11,  6.38it/s]
 15%|█████████████▉                                                                              | 82/540 [00:22<01:11,  6.40it/s]
 15%|██████████████▏                                                                             | 83/540 [00:23<01:11,  6.40it/s]
 16%|██████████████▎                                                                             | 84/540 [00:23<01:11,  6.41it/s]
 16%|██████████████▍                                                                             | 85/540 [00:23<01:10,  6.41it/s]
 16%|██████████████▋                                                                             | 86/540 [00:23<01:10,  6.43it/s]
 16%|██████████████▊                                                                             | 87/540 [00:23<01:10,  6.43it/s]
 16%|██████████████▉                                                                             | 88/540 [00:23<01:10,  6.43it/s]
 16%|███████████████▏                                                                            | 89/540 [00:24<01:10,  6.44it/s]{'loss': '1.198', 'grad_norm': '2.61', 'learning_rate': '4.569e-05', 'epoch': '2.508'}


Writing model shards:   0%|                                                                                 | 0/1 [00:00<?, ?it/s][A

Writing model shards: 100%|█████████████████████████████████████████████████████████████████████████| 1/1 [00:01<00:00,  1.58s/it][A
Writing model shards: 100%|█████████████████████████████████████████████████████████████████████████| 1/1 [00:01<00:00,  1.58s/it]

 17%|███████████████▌                                                                            | 91/540 [00:29<09:44,  1.30s/it]
 17%|███████████████▋                                                                            | 92/540 [00:29<07:36,  1.02s/it]
 17%|███████████████▊                                                                            | 93/540 [00:29<05:54,  1.26it/s]
 17%|████████████████                                                                            | 94/540 [00:29<04:36,  1.61it/s]
 18%|████████████████▏                                                                           | 95/540 [00:29<03:38,  2.04it/s]
 18%|████████████████▎                                                                           | 96/540 [00:30<02:55,  2.53it/s]
 18%|████████████████▌                                                                           | 97/540 [00:30<02:24,  3.07it/s]
 18%|████████████████▋                                                                           | 98/540 [00:30<02:02,  3.62it/s]
 18%|████████████████▊                                                                           | 99/540 [00:30<01:46,  4.14it/s]
 19%|████████████████▊                                                                          | 100/540 [00:30<01:35,  4.63it/s]
                                                                                                                                  

 19%|████████████████▊                                                                          | 100/540 [00:30<01:35,  4.63it/s]
 19%|█████████████████                                                                          | 101/540 [00:30<01:27,  5.01it/s]
 19%|█████████████████▏                                                                         | 102/540 [00:31<01:21,  5.35it/s]
 19%|█████████████████▎                                                                         | 103/540 [00:31<01:17,  5.62it/s]
 19%|█████████████████▌                                                                         | 104/540 [00:31<01:14,  5.83it/s]
 19%|█████████████████▋                                                                         | 105/540 [00:31<01:12,  5.98it/s]
 20%|█████████████████▊                                                                         | 106/540 [00:31<01:11,  6.09it/s]
 20%|██████████████████                                                                         | 107/540 [00:31<01:10,  6.17it/s]
 20%|██████████████████▏                                                                        | 108/540 [00:31<01:09,  6.24it/s]
 20%|██████████████████▎                                                                        | 109/540 [00:32<01:08,  6.29it/s]
 20%|██████████████████▌                                                                        | 110/540 [00:32<01:08,  6.32it/s]
 21%|██████████████████▋                                                                        | 111/540 [00:32<01:07,  6.34it/s]
 21%|██████████████████▊                                                                        | 112/540 [00:32<01:07,  6.35it/s]
 21%|███████████████████                                                                        | 113/540 [00:32<01:07,  6.37it/s]
 21%|███████████████████▏                                                                       | 114/540 [00:32<01:06,  6.38it/s]
 21%|███████████████████▍                                                                       | 115/540 [00:33<01:06,  6.40it/s]
 21%|███████████████████▌                                                                       | 116/540 [00:33<01:06,  6.40it/s]
 22%|███████████████████▋                                                                       | 117/540 [00:33<01:06,  6.40it/s]
 22%|███████████████████▉                                                                       | 118/540 [00:33<01:05,  6.40it/s]
 22%|████████████████████                                                                       | 119/540 [00:33<01:05,  6.40it/s]{'loss': '1.059', 'grad_norm': '2.821', 'learning_rate': '4.324e-05', 'epoch': '3.339'}


Writing model shards:   0%|                                                                                 | 0/1 [00:00<?, ?it/s][A

Writing model shards: 100%|█████████████████████████████████████████████████████████████████████████| 1/1 [00:01<00:00,  1.67s/it][A
Writing model shards: 100%|█████████████████████████████████████████████████████████████████████████| 1/1 [00:01<00:00,  1.67s/it]

 22%|████████████████████▍                                                                      | 121/540 [00:39<09:30,  1.36s/it]
 23%|████████████████████▌                                                                      | 122/540 [00:39<07:32,  1.08s/it]
 23%|████████████████████▋                                                                      | 123/540 [00:39<05:50,  1.19it/s]
 23%|████████████████████▉                                                                      | 124/540 [00:39<04:31,  1.53it/s]
 23%|█████████████████████                                                                      | 125/540 [00:39<03:33,  1.94it/s]
                                                                                                                                  

 23%|█████████████████████                                                                      | 125/540 [00:39<03:33,  1.94it/s]
 23%|█████████████████████▏                                                                     | 126/540 [00:40<02:50,  2.42it/s]
 24%|█████████████████████▍                                                                     | 127/540 [00:40<02:19,  2.95it/s]
 24%|█████████████████████▌                                                                     | 128/540 [00:40<01:57,  3.51it/s]
 24%|█████████████████████▋                                                                     | 129/540 [00:40<01:41,  4.04it/s]
 24%|█████████████████████▉                                                                     | 130/540 [00:40<01:30,  4.54it/s]
 24%|██████████████████████                                                                     | 131/540 [00:40<01:22,  4.96it/s]
 24%|██████████████████████▏                                                                    | 132/540 [00:41<01:16,  5.31it/s]
 25%|██████████████████████▍                                                                    | 133/540 [00:41<01:12,  5.59it/s]
 25%|██████████████████████▌                                                                    | 134/540 [00:41<01:09,  5.81it/s]
 25%|██████████████████████▊                                                                    | 135/540 [00:41<01:07,  5.96it/s]
 25%|██████████████████████▉                                                                    | 136/540 [00:41<01:06,  6.08it/s]
 25%|███████████████████████                                                                    | 137/540 [00:41<01:05,  6.17it/s]
 26%|███████████████████████▎                                                                   | 138/540 [00:41<01:04,  6.24it/s]
 26%|███████████████████████▍                                                                   | 139/540 [00:42<01:03,  6.28it/s]
 26%|███████████████████████▌                                                                   | 140/540 [00:42<01:03,  6.32it/s]
 26%|███████████████████████▊                                                                   | 141/540 [00:42<01:03,  6.33it/s]
 26%|███████████████████████▉                                                                   | 142/540 [00:42<01:02,  6.34it/s]
 26%|████████████████████████                                                                   | 143/540 [00:42<01:02,  6.36it/s]
 27%|████████████████████████▎                                                                  | 144/540 [00:42<01:02,  6.37it/s]
 27%|████████████████████████▍                                                                  | 145/540 [00:43<01:01,  6.38it/s]
 27%|████████████████████████▌                                                                  | 146/540 [00:43<01:01,  6.38it/s]
 27%|████████████████████████▊                                                                  | 147/540 [00:43<01:01,  6.39it/s]
 27%|████████████████████████▉                                                                  | 148/540 [00:43<01:01,  6.39it/s]
 28%|█████████████████████████                                                                  | 149/540 [00:43<01:01,  6.39it/s]
                                                                                                                                  

 28%|█████████████████████████▎                                                                 | 150/540 [00:43<01:00,  6.39it/s]{'loss': '0.8146', 'grad_norm': '2.585', 'learning_rate': '4.078e-05', 'epoch': '4.169'}
{'loss': '0.7017', 'grad_norm': '10.98', 'learning_rate': '3.833e-05', 'epoch': '5'}


Writing model shards:   0%|                                                                                 | 0/1 [00:00<?, ?it/s][A

Writing model shards: 100%|█████████████████████████████████████████████████████████████████████████| 1/1 [00:01<00:00,  1.39s/it][A
Writing model shards: 100%|█████████████████████████████████████████████████████████████████████████| 1/1 [00:01<00:00,  1.39s/it]

 28%|█████████████████████████▍                                                                 | 151/540 [00:49<08:39,  1.33s/it]
 28%|█████████████████████████▌                                                                 | 152/540 [00:49<06:45,  1.04s/it]
 28%|█████████████████████████▊                                                                 | 153/540 [00:49<05:14,  1.23it/s]
 29%|█████████████████████████▉                                                                 | 154/540 [00:49<04:04,  1.58it/s]
 29%|██████████████████████████                                                                 | 155/540 [00:49<03:12,  2.00it/s]
 29%|██████████████████████████▎                                                                | 156/540 [00:49<02:34,  2.49it/s]
 29%|██████████████████████████▍                                                                | 157/540 [00:50<02:06,  3.02it/s]
 29%|██████████████████████████▋                                                                | 158/540 [00:50<01:46,  3.57it/s]
 29%|██████████████████████████▊                                                                | 159/540 [00:50<01:32,  4.11it/s]
 30%|██████████████████████████▉                                                                | 160/540 [00:50<01:22,  4.60it/s]
 30%|███████████████████████████▏                                                               | 161/540 [00:50<01:15,  5.02it/s]
 30%|███████████████████████████▎                                                               | 162/540 [00:50<01:10,  5.36it/s]
 30%|███████████████████████████▍                                                               | 163/540 [00:51<01:06,  5.63it/s]
 30%|███████████████████████████▋                                                               | 164/540 [00:51<01:04,  5.79it/s]
 31%|███████████████████████████▊                                                               | 165/540 [00:51<01:02,  5.95it/s]
 31%|███████████████████████████▉                                                               | 166/540 [00:51<01:01,  6.08it/s]
 31%|████████████████████████████▏                                                              | 167/540 [00:51<01:00,  6.16it/s]
 31%|████████████████████████████▎                                                              | 168/540 [00:51<00:59,  6.23it/s]
 31%|████████████████████████████▍                                                              | 169/540 [00:51<00:59,  6.28it/s]
 31%|████████████████████████████▋                                                              | 170/540 [00:52<00:58,  6.30it/s]
 32%|████████████████████████████▊                                                              | 171/540 [00:52<00:58,  6.32it/s]
 32%|████████████████████████████▉                                                              | 172/540 [00:52<00:58,  6.34it/s]
 32%|█████████████████████████████▏                                                             | 173/540 [00:52<00:57,  6.35it/s]
 32%|█████████████████████████████▎                                                             | 174/540 [00:52<00:57,  6.35it/s]
 32%|█████████████████████████████▍                                                             | 175/540 [00:52<00:57,  6.34it/s]
                                                                                                                                  

 32%|█████████████████████████████▍                                                             | 175/540 [00:52<00:57,  6.34it/s]
 33%|█████████████████████████████▋                                                             | 176/540 [00:53<00:57,  6.33it/s]
 33%|█████████████████████████████▊                                                             | 177/540 [00:53<00:57,  6.33it/s]
 33%|█████████████████████████████▉                                                             | 178/540 [00:53<00:57,  6.33it/s]
 33%|██████████████████████████████▏                                                            | 179/540 [00:53<00:57,  6.33it/s]{'loss': '0.5618', 'grad_norm': '2.698', 'learning_rate': '3.588e-05', 'epoch': '5.847'}


Writing model shards:   0%|                                                                                 | 0/1 [00:00<?, ?it/s][A

Writing model shards: 100%|█████████████████████████████████████████████████████████████████████████| 1/1 [00:01<00:00,  1.43s/it][A
Writing model shards: 100%|█████████████████████████████████████████████████████████████████████████| 1/1 [00:01<00:00,  1.43s/it]

 34%|██████████████████████████████▌                                                            | 181/540 [01:00<09:46,  1.63s/it]
 34%|██████████████████████████████▋                                                            | 182/540 [01:00<07:33,  1.27s/it]
 34%|██████████████████████████████▊                                                            | 183/540 [01:00<05:48,  1.02it/s]
 34%|███████████████████████████████                                                            | 184/540 [01:00<04:28,  1.33it/s]
 34%|███████████████████████████████▏                                                           | 185/540 [01:00<03:28,  1.71it/s]
 34%|███████████████████████████████▎                                                           | 186/540 [01:01<02:44,  2.16it/s]
 35%|███████████████████████████████▌                                                           | 187/540 [01:01<02:12,  2.67it/s]
 35%|███████████████████████████████▋                                                           | 188/540 [01:01<01:49,  3.22it/s]
 35%|███████████████████████████████▊                                                           | 189/540 [01:01<01:33,  3.76it/s]
 35%|████████████████████████████████                                                           | 190/540 [01:01<01:21,  4.29it/s]
 35%|████████████████████████████████▏                                                          | 191/540 [01:01<01:13,  4.76it/s]
 36%|████████████████████████████████▎                                                          | 192/540 [01:01<01:07,  5.16it/s]
 36%|████████████████████████████████▌                                                          | 193/540 [01:02<01:03,  5.48it/s]
 36%|████████████████████████████████▋                                                          | 194/540 [01:02<01:00,  5.73it/s]
 36%|████████████████████████████████▊                                                          | 195/540 [01:02<00:58,  5.93it/s]
 36%|█████████████████████████████████                                                          | 196/540 [01:02<00:56,  6.07it/s]
 36%|█████████████████████████████████▏                                                         | 197/540 [01:02<00:55,  6.18it/s]
 37%|█████████████████████████████████▎                                                         | 198/540 [01:02<00:54,  6.25it/s]
 37%|█████████████████████████████████▌                                                         | 199/540 [01:03<00:54,  6.31it/s]
 37%|█████████████████████████████████▋                                                         | 200/540 [01:03<00:53,  6.35it/s]
                                                                                                                                  

 37%|█████████████████████████████████▋                                                         | 200/540 [01:03<00:53,  6.35it/s]
 37%|█████████████████████████████████▊                                                         | 201/540 [01:03<00:53,  6.37it/s]
 37%|██████████████████████████████████                                                         | 202/540 [01:03<00:52,  6.40it/s]
 38%|██████████████████████████████████▏                                                        | 203/540 [01:03<00:52,  6.41it/s]
 38%|██████████████████████████████████▍                                                        | 204/540 [01:03<00:52,  6.42it/s]
 38%|██████████████████████████████████▌                                                        | 205/540 [01:03<00:52,  6.43it/s]
 38%|██████████████████████████████████▋                                                        | 206/540 [01:04<00:51,  6.43it/s]
 38%|██████████████████████████████████▉                                                        | 207/540 [01:04<00:51,  6.44it/s]
 39%|███████████████████████████████████                                                        | 208/540 [01:04<00:51,  6.44it/s]
 39%|███████████████████████████████████▏                                                       | 209/540 [01:04<00:51,  6.44it/s]{'loss': '0.49', 'grad_norm': '2.506', 'learning_rate': '3.343e-05', 'epoch': '6.678'}


Writing model shards:   0%|                                                                                 | 0/1 [00:00<?, ?it/s][A

Writing model shards: 100%|█████████████████████████████████████████████████████████████████████████| 1/1 [00:01<00:00,  1.43s/it][A
Writing model shards: 100%|█████████████████████████████████████████████████████████████████████████| 1/1 [00:01<00:00,  1.43s/it]

 39%|███████████████████████████████████▌                                                       | 211/540 [01:09<06:49,  1.24s/it]
 39%|███████████████████████████████████▋                                                       | 212/540 [01:09<05:20,  1.02it/s]
 39%|███████████████████████████████████▉                                                       | 213/540 [01:09<04:09,  1.31it/s]
 40%|████████████████████████████████████                                                       | 214/540 [01:10<03:14,  1.68it/s]
 40%|████████████████████████████████████▏                                                      | 215/540 [01:10<02:33,  2.11it/s]
 40%|████████████████████████████████████▍                                                      | 216/540 [01:10<02:03,  2.61it/s]
 40%|████████████████████████████████████▌                                                      | 217/540 [01:10<01:42,  3.16it/s]
 40%|████████████████████████████████████▋                                                      | 218/540 [01:10<01:26,  3.71it/s]
 41%|████████████████████████████████████▉                                                      | 219/540 [01:10<01:15,  4.24it/s]
 41%|█████████████████████████████████████                                                      | 220/540 [01:11<01:07,  4.72it/s]
 41%|█████████████████████████████████████▏                                                     | 221/540 [01:11<01:02,  5.13it/s]
 41%|█████████████████████████████████████▍                                                     | 222/540 [01:11<00:58,  5.46it/s]
 41%|█████████████████████████████████████▌                                                     | 223/540 [01:11<00:55,  5.72it/s]
 41%|█████████████████████████████████████▋                                                     | 224/540 [01:11<00:53,  5.92it/s]
 42%|█████████████████████████████████████▉                                                     | 225/540 [01:11<00:51,  6.08it/s]
                                                                                                                                  

 42%|█████████████████████████████████████▉                                                     | 225/540 [01:11<00:51,  6.08it/s]
 42%|██████████████████████████████████████                                                     | 226/540 [01:11<00:50,  6.19it/s]
 42%|██████████████████████████████████████▎                                                    | 227/540 [01:12<00:49,  6.27it/s]
 42%|██████████████████████████████████████▍                                                    | 228/540 [01:12<00:49,  6.32it/s]
 42%|██████████████████████████████████████▌                                                    | 229/540 [01:12<00:48,  6.37it/s]
 43%|██████████████████████████████████████▊                                                    | 230/540 [01:12<00:48,  6.39it/s]
 43%|██████████████████████████████████████▉                                                    | 231/540 [01:12<00:48,  6.41it/s]
 43%|███████████████████████████████████████                                                    | 232/540 [01:12<00:47,  6.43it/s]
 43%|███████████████████████████████████████▎                                                   | 233/540 [01:13<00:47,  6.44it/s]
 43%|███████████████████████████████████████▍                                                   | 234/540 [01:13<00:47,  6.44it/s]
 44%|███████████████████████████████████████▌                                                   | 235/540 [01:13<00:47,  6.45it/s]
 44%|███████████████████████████████████████▊                                                   | 236/540 [01:13<00:47,  6.45it/s]
 44%|███████████████████████████████████████▉                                                   | 237/540 [01:13<00:46,  6.45it/s]
 44%|████████████████████████████████████████                                                   | 238/540 [01:13<00:46,  6.44it/s]
 44%|████████████████████████████████████████▎                                                  | 239/540 [01:13<00:46,  6.45it/s]{'loss': '0.4032', 'grad_norm': '2.353', 'learning_rate': '3.098e-05', 'epoch': '7.508'}


Writing model shards:   0%|                                                                                 | 0/1 [00:00<?, ?it/s][A

Writing model shards: 100%|█████████████████████████████████████████████████████████████████████████| 1/1 [00:01<00:00,  1.34s/it][A
Writing model shards: 100%|█████████████████████████████████████████████████████████████████████████| 1/1 [00:01<00:00,  1.34s/it]

 45%|████████████████████████████████████████▌                                                  | 241/540 [01:19<06:56,  1.39s/it]
 45%|████████████████████████████████████████▊                                                  | 242/540 [01:19<05:24,  1.09s/it]
 45%|████████████████████████████████████████▉                                                  | 243/540 [01:19<04:10,  1.18it/s]
 45%|█████████████████████████████████████████                                                  | 244/540 [01:20<03:14,  1.52it/s]
 45%|█████████████████████████████████████████▎                                                 | 245/540 [01:20<02:32,  1.94it/s]
 46%|█████████████████████████████████████████▍                                                 | 246/540 [01:20<02:01,  2.42it/s]
 46%|█████████████████████████████████████████▌                                                 | 247/540 [01:20<01:39,  2.95it/s]
 46%|█████████████████████████████████████████▊                                                 | 248/540 [01:20<01:23,  3.51it/s]
 46%|█████████████████████████████████████████▉                                                 | 249/540 [01:20<01:11,  4.06it/s]
 46%|██████████████████████████████████████████▏                                                | 250/540 [01:21<01:03,  4.55it/s]
                                                                                                                                  

 46%|██████████████████████████████████████████▏                                                | 250/540 [01:21<01:03,  4.55it/s]
 46%|██████████████████████████████████████████▎                                                | 251/540 [01:21<00:57,  4.99it/s]
 47%|██████████████████████████████████████████▍                                                | 252/540 [01:21<00:53,  5.35it/s]
 47%|██████████████████████████████████████████▋                                                | 253/540 [01:21<00:50,  5.64it/s]
 47%|██████████████████████████████████████████▊                                                | 254/540 [01:21<00:48,  5.86it/s]
 47%|██████████████████████████████████████████▉                                                | 255/540 [01:21<00:47,  6.03it/s]
 47%|███████████████████████████████████████████▏                                               | 256/540 [01:21<00:46,  6.15it/s]
 48%|███████████████████████████████████████████▎                                               | 257/540 [01:22<00:45,  6.24it/s]
 48%|███████████████████████████████████████████▍                                               | 258/540 [01:22<00:44,  6.30it/s]
 48%|███████████████████████████████████████████▋                                               | 259/540 [01:22<00:44,  6.35it/s]
 48%|███████████████████████████████████████████▊                                               | 260/540 [01:22<00:43,  6.38it/s]
 48%|███████████████████████████████████████████▉                                               | 261/540 [01:22<00:43,  6.40it/s]
 49%|████████████████████████████████████████████▏                                              | 262/540 [01:22<00:43,  6.42it/s]
 49%|████████████████████████████████████████████▎                                              | 263/540 [01:23<00:43,  6.42it/s]
 49%|████████████████████████████████████████████▍                                              | 264/540 [01:23<00:42,  6.44it/s]
 49%|████████████████████████████████████████████▋                                              | 265/540 [01:23<00:42,  6.44it/s]
 49%|████████████████████████████████████████████▊                                              | 266/540 [01:23<00:42,  6.45it/s]
 49%|████████████████████████████████████████████▉                                              | 267/540 [01:23<00:42,  6.45it/s]
 50%|█████████████████████████████████████████████▏                                             | 268/540 [01:23<00:42,  6.45it/s]
 50%|█████████████████████████████████████████████▎                                             | 269/540 [01:23<00:42,  6.45it/s]{'loss': '0.3702', 'grad_norm': '2.332', 'learning_rate': '2.853e-05', 'epoch': '8.339'}


Writing model shards:   0%|                                                                                 | 0/1 [00:00<?, ?it/s][A

Writing model shards: 100%|█████████████████████████████████████████████████████████████████████████| 1/1 [00:01<00:00,  1.49s/it][A
Writing model shards: 100%|█████████████████████████████████████████████████████████████████████████| 1/1 [00:01<00:00,  1.49s/it]

 50%|█████████████████████████████████████████████▋                                             | 271/540 [01:32<08:48,  1.96s/it]
 50%|█████████████████████████████████████████████▊                                             | 272/540 [01:32<06:46,  1.52s/it]
 51%|██████████████████████████████████████████████                                             | 273/540 [01:32<05:10,  1.16s/it]
 51%|██████████████████████████████████████████████▏                                            | 274/540 [01:32<03:56,  1.13it/s]
 51%|██████████████████████████████████████████████▎                                            | 275/540 [01:32<03:04,  1.43it/s]
                                                                                                                                  

 51%|██████████████████████████████████████████████▎                                            | 275/540 [01:32<03:04,  1.43it/s]
 51%|██████████████████████████████████████████████▌                                            | 276/540 [01:32<02:23,  1.84it/s]
 51%|██████████████████████████████████████████████▋                                            | 277/540 [01:33<01:53,  2.32it/s]
 51%|██████████████████████████████████████████████▊                                            | 278/540 [01:33<01:31,  2.86it/s]
 52%|███████████████████████████████████████████████                                            | 279/540 [01:33<01:16,  3.42it/s]
 52%|███████████████████████████████████████████████▏                                           | 280/540 [01:33<01:05,  3.97it/s]
 52%|███████████████████████████████████████████████▎                                           | 281/540 [01:33<00:57,  4.49it/s]
 52%|███████████████████████████████████████████████▌                                           | 282/540 [01:33<00:52,  4.93it/s]
 52%|███████████████████████████████████████████████▋                                           | 283/540 [01:34<00:48,  5.31it/s]
 53%|███████████████████████████████████████████████▊                                           | 284/540 [01:34<00:45,  5.61it/s]
 53%|████████████████████████████████████████████████                                           | 285/540 [01:34<00:43,  5.84it/s]
 53%|████████████████████████████████████████████████▏                                          | 286/540 [01:34<00:42,  6.01it/s]
 53%|████████████████████████████████████████████████▎                                          | 287/540 [01:34<00:41,  6.14it/s]
 53%|████████████████████████████████████████████████▌                                          | 288/540 [01:34<00:40,  6.23it/s]
 54%|████████████████████████████████████████████████▋                                          | 289/540 [01:35<00:40,  6.27it/s]
 54%|████████████████████████████████████████████████▊                                          | 290/540 [01:35<00:39,  6.33it/s]
 54%|█████████████████████████████████████████████████                                          | 291/540 [01:35<00:39,  6.36it/s]
 54%|█████████████████████████████████████████████████▏                                         | 292/540 [01:35<00:38,  6.40it/s]
 54%|█████████████████████████████████████████████████▍                                         | 293/540 [01:35<00:38,  6.42it/s]
 54%|█████████████████████████████████████████████████▌                                         | 294/540 [01:35<00:38,  6.43it/s]
 55%|█████████████████████████████████████████████████▋                                         | 295/540 [01:35<00:38,  6.44it/s]
 55%|█████████████████████████████████████████████████▉                                         | 296/540 [01:36<00:37,  6.45it/s]
 55%|██████████████████████████████████████████████████                                         | 297/540 [01:36<00:37,  6.45it/s]
 55%|██████████████████████████████████████████████████▏                                        | 298/540 [01:36<00:37,  6.46it/s]
 55%|██████████████████████████████████████████████████▍                                        | 299/540 [01:36<00:37,  6.46it/s]
                                                                                                                                  

 56%|██████████████████████████████████████████████████▌                                        | 300/540 [01:36<00:37,  6.46it/s]{'loss': '0.3132', 'grad_norm': '1.68', 'learning_rate': '2.608e-05', 'epoch': '9.169'}
{'loss': '0.2913', 'grad_norm': '13.53', 'learning_rate': '2.363e-05', 'epoch': '10'}


Writing model shards:   0%|                                                                                 | 0/1 [00:00<?, ?it/s][A

Writing model shards: 100%|█████████████████████████████████████████████████████████████████████████| 1/1 [00:01<00:00,  1.37s/it][A
Writing model shards: 100%|█████████████████████████████████████████████████████████████████████████| 1/1 [00:01<00:00,  1.37s/it]

 56%|██████████████████████████████████████████████████▋                                        | 301/540 [01:45<08:06,  2.03s/it]
 56%|██████████████████████████████████████████████████▉                                        | 302/540 [01:45<06:13,  1.57s/it]
 56%|███████████████████████████████████████████████████                                        | 303/540 [01:45<04:44,  1.20s/it]
 56%|███████████████████████████████████████████████████▏                                       | 304/540 [01:45<03:36,  1.09it/s]
 56%|███████████████████████████████████████████████████▍                                       | 305/540 [01:45<02:45,  1.42it/s]
 57%|███████████████████████████████████████████████████▌                                       | 306/540 [01:45<02:07,  1.83it/s]
 57%|███████████████████████████████████████████████████▋                                       | 307/540 [01:45<01:40,  2.31it/s]
 57%|███████████████████████████████████████████████████▉                                       | 308/540 [01:46<01:21,  2.84it/s]
 57%|████████████████████████████████████████████████████                                       | 309/540 [01:46<01:07,  3.40it/s]
 57%|████████████████████████████████████████████████████▏                                      | 310/540 [01:46<00:58,  3.96it/s]
 58%|████████████████████████████████████████████████████▍                                      | 311/540 [01:46<00:51,  4.47it/s]
 58%|████████████████████████████████████████████████████▌                                      | 312/540 [01:46<00:46,  4.92it/s]
 58%|████████████████████████████████████████████████████▋                                      | 313/540 [01:46<00:42,  5.30it/s]
 58%|████████████████████████████████████████████████████▉                                      | 314/540 [01:47<00:40,  5.60it/s]
 58%|█████████████████████████████████████████████████████                                      | 315/540 [01:47<00:38,  5.83it/s]
 59%|█████████████████████████████████████████████████████▎                                     | 316/540 [01:47<00:37,  6.00it/s]
 59%|█████████████████████████████████████████████████████▍                                     | 317/540 [01:47<00:36,  6.14it/s]
 59%|█████████████████████████████████████████████████████▌                                     | 318/540 [01:47<00:35,  6.21it/s]
 59%|█████████████████████████████████████████████████████▊                                     | 319/540 [01:47<00:35,  6.28it/s]
 59%|█████████████████████████████████████████████████████▉                                     | 320/540 [01:47<00:34,  6.33it/s]
 59%|██████████████████████████████████████████████████████                                     | 321/540 [01:48<00:34,  6.36it/s]
 60%|██████████████████████████████████████████████████████▎                                    | 322/540 [01:48<00:34,  6.39it/s]
 60%|██████████████████████████████████████████████████████▍                                    | 323/540 [01:48<00:33,  6.41it/s]
 60%|██████████████████████████████████████████████████████▌                                    | 324/540 [01:48<00:33,  6.42it/s]
 60%|██████████████████████████████████████████████████████▊                                    | 325/540 [01:48<00:33,  6.43it/s]
                                                                                                                                  

 60%|██████████████████████████████████████████████████████▊                                    | 325/540 [01:48<00:33,  6.43it/s]
 60%|██████████████████████████████████████████████████████▉                                    | 326/540 [01:48<00:33,  6.44it/s]
 61%|███████████████████████████████████████████████████████                                    | 327/540 [01:49<00:33,  6.44it/s]
 61%|███████████████████████████████████████████████████████▎                                   | 328/540 [01:49<00:32,  6.44it/s]
 61%|███████████████████████████████████████████████████████▍                                   | 329/540 [01:49<00:32,  6.45it/s]{'loss': '0.2456', 'grad_norm': '2.113', 'learning_rate': '2.118e-05', 'epoch': '10.85'}


Writing model shards:   0%|                                                                                 | 0/1 [00:00<?, ?it/s][A

Writing model shards: 100%|█████████████████████████████████████████████████████████████████████████| 1/1 [00:01<00:00,  1.40s/it][A
Writing model shards: 100%|█████████████████████████████████████████████████████████████████████████| 1/1 [00:01<00:00,  1.40s/it]

 61%|███████████████████████████████████████████████████████▊                                   | 331/540 [01:57<06:38,  1.91s/it]
 61%|███████████████████████████████████████████████████████▉                                   | 332/540 [01:57<05:06,  1.47s/it]
 62%|████████████████████████████████████████████████████████                                   | 333/540 [01:57<03:53,  1.13s/it]
 62%|████████████████████████████████████████████████████████▎                                  | 334/540 [01:57<02:57,  1.16it/s]
 62%|████████████████████████████████████████████████████████▍                                  | 335/540 [01:57<02:16,  1.50it/s]
 62%|████████████████████████████████████████████████████████▌                                  | 336/540 [01:58<01:45,  1.93it/s]
 62%|████████████████████████████████████████████████████████▊                                  | 337/540 [01:58<01:24,  2.42it/s]
 63%|████████████████████████████████████████████████████████▉                                  | 338/540 [01:58<01:08,  2.96it/s]
 63%|█████████████████████████████████████████████████████████▏                                 | 339/540 [01:58<00:57,  3.52it/s]
 63%|█████████████████████████████████████████████████████████▎                                 | 340/540 [01:58<00:49,  4.07it/s]
 63%|█████████████████████████████████████████████████████████▍                                 | 341/540 [01:58<00:43,  4.57it/s]
 63%|█████████████████████████████████████████████████████████▋                                 | 342/540 [01:58<00:39,  5.01it/s]
 64%|█████████████████████████████████████████████████████████▊                                 | 343/540 [01:59<00:36,  5.36it/s]
 64%|█████████████████████████████████████████████████████████▉                                 | 344/540 [01:59<00:34,  5.65it/s]
 64%|██████████████████████████████████████████████████████████▏                                | 345/540 [01:59<00:33,  5.87it/s]
 64%|██████████████████████████████████████████████████████████▎                                | 346/540 [01:59<00:32,  6.02it/s]
 64%|██████████████████████████████████████████████████████████▍                                | 347/540 [01:59<00:31,  6.15it/s]
 64%|██████████████████████████████████████████████████████████▋                                | 348/540 [01:59<00:30,  6.24it/s]
 65%|██████████████████████████████████████████████████████████▊                                | 349/540 [02:00<00:30,  6.29it/s]
 65%|██████████████████████████████████████████████████████████▉                                | 350/540 [02:00<00:29,  6.34it/s]
                                                                                                                                  

 65%|██████████████████████████████████████████████████████████▉                                | 350/540 [02:00<00:29,  6.34it/s]
 65%|███████████████████████████████████████████████████████████▏                               | 351/540 [02:00<00:29,  6.34it/s]
 65%|███████████████████████████████████████████████████████████▎                               | 352/540 [02:00<00:29,  6.38it/s]
 65%|███████████████████████████████████████████████████████████▍                               | 353/540 [02:00<00:29,  6.39it/s]
 66%|███████████████████████████████████████████████████████████▋                               | 354/540 [02:00<00:28,  6.41it/s]
 66%|███████████████████████████████████████████████████████████▊                               | 355/540 [02:00<00:28,  6.43it/s]
 66%|███████████████████████████████████████████████████████████▉                               | 356/540 [02:01<00:28,  6.44it/s]
 66%|████████████████████████████████████████████████████████████▏                              | 357/540 [02:01<00:28,  6.44it/s]
 66%|████████████████████████████████████████████████████████████▎                              | 358/540 [02:01<00:28,  6.44it/s]
 66%|████████████████████████████████████████████████████████████▍                              | 359/540 [02:01<00:28,  6.44it/s]{'loss': '0.2231', 'grad_norm': '1.974', 'learning_rate': '1.873e-05', 'epoch': '11.68'}


Writing model shards:   0%|                                                                                 | 0/1 [00:00<?, ?it/s][A

Writing model shards: 100%|█████████████████████████████████████████████████████████████████████████| 1/1 [00:01<00:00,  1.46s/it][A
Writing model shards: 100%|█████████████████████████████████████████████████████████████████████████| 1/1 [00:01<00:00,  1.46s/it]

 67%|████████████████████████████████████████████████████████████▊                              | 361/540 [02:08<05:13,  1.75s/it]
 67%|█████████████████████████████████████████████████████████████                              | 362/540 [02:08<04:01,  1.36s/it]
 67%|█████████████████████████████████████████████████████████████▏                             | 363/540 [02:09<03:04,  1.04s/it]
 67%|█████████████████████████████████████████████████████████████▎                             | 364/540 [02:09<02:20,  1.25it/s]
 68%|█████████████████████████████████████████████████████████████▌                             | 365/540 [02:09<01:48,  1.61it/s]
 68%|█████████████████████████████████████████████████████████████▋                             | 366/540 [02:09<01:24,  2.05it/s]
 68%|█████████████████████████████████████████████████████████████▊                             | 367/540 [02:09<01:07,  2.56it/s]
 68%|██████████████████████████████████████████████████████████████                             | 368/540 [02:09<00:55,  3.11it/s]
 68%|██████████████████████████████████████████████████████████████▏                            | 369/540 [02:10<00:46,  3.67it/s]
 69%|██████████████████████████████████████████████████████████████▎                            | 370/540 [02:10<00:40,  4.21it/s]
 69%|██████████████████████████████████████████████████████████████▌                            | 371/540 [02:10<00:36,  4.69it/s]
 69%|██████████████████████████████████████████████████████████████▋                            | 372/540 [02:10<00:32,  5.11it/s]
 69%|██████████████████████████████████████████████████████████████▊                            | 373/540 [02:10<00:30,  5.45it/s]
 69%|███████████████████████████████████████████████████████████████                            | 374/540 [02:10<00:29,  5.72it/s]
 69%|███████████████████████████████████████████████████████████████▏                           | 375/540 [02:10<00:27,  5.92it/s]
                                                                                                                                  

 69%|███████████████████████████████████████████████████████████████▏                           | 375/540 [02:11<00:27,  5.92it/s]
 70%|███████████████████████████████████████████████████████████████▎                           | 376/540 [02:11<00:26,  6.08it/s]
 70%|███████████████████████████████████████████████████████████████▌                           | 377/540 [02:11<00:26,  6.18it/s]
 70%|███████████████████████████████████████████████████████████████▋                           | 378/540 [02:11<00:25,  6.26it/s]
 70%|███████████████████████████████████████████████████████████████▊                           | 379/540 [02:11<00:25,  6.27it/s]
 70%|████████████████████████████████████████████████████████████████                           | 380/540 [02:11<00:25,  6.33it/s]
 71%|████████████████████████████████████████████████████████████████▏                          | 381/540 [02:11<00:25,  6.36it/s]
 71%|████████████████████████████████████████████████████████████████▎                          | 382/540 [02:12<00:24,  6.39it/s]
 71%|████████████████████████████████████████████████████████████████▌                          | 383/540 [02:12<00:24,  6.41it/s]
 71%|████████████████████████████████████████████████████████████████▋                          | 384/540 [02:12<00:24,  6.43it/s]
 71%|████████████████████████████████████████████████████████████████▉                          | 385/540 [02:12<00:24,  6.44it/s]
 71%|█████████████████████████████████████████████████████████████████                          | 386/540 [02:12<00:23,  6.44it/s]
 72%|█████████████████████████████████████████████████████████████████▏                         | 387/540 [02:12<00:23,  6.44it/s]
 72%|█████████████████████████████████████████████████████████████████▍                         | 388/540 [02:13<00:23,  6.45it/s]
 72%|█████████████████████████████████████████████████████████████████▌                         | 389/540 [02:13<00:23,  6.45it/s]{'loss': '0.2075', 'grad_norm': '1.912', 'learning_rate': '1.627e-05', 'epoch': '12.51'}


Writing model shards:   0%|                                                                                 | 0/1 [00:00<?, ?it/s][A

Writing model shards: 100%|█████████████████████████████████████████████████████████████████████████| 1/1 [00:01<00:00,  1.46s/it][A
Writing model shards: 100%|█████████████████████████████████████████████████████████████████████████| 1/1 [00:01<00:00,  1.46s/it]

 72%|█████████████████████████████████████████████████████████████████▉                         | 391/540 [02:20<04:08,  1.67s/it]
 73%|██████████████████████████████████████████████████████████████████                         | 392/540 [02:20<03:11,  1.29s/it]
 73%|██████████████████████████████████████████████████████████████████▏                        | 393/540 [02:20<02:26,  1.00it/s]
 73%|██████████████████████████████████████████████████████████████████▍                        | 394/540 [02:20<01:52,  1.30it/s]
 73%|██████████████████████████████████████████████████████████████████▌                        | 395/540 [02:20<01:26,  1.68it/s]
 73%|██████████████████████████████████████████████████████████████████▋                        | 396/540 [02:20<01:07,  2.13it/s]
 74%|██████████████████████████████████████████████████████████████████▉                        | 397/540 [02:20<00:54,  2.64it/s]
 74%|███████████████████████████████████████████████████████████████████                        | 398/540 [02:21<00:44,  3.19it/s]
 74%|███████████████████████████████████████████████████████████████████▏                       | 399/540 [02:21<00:37,  3.75it/s]
 74%|███████████████████████████████████████████████████████████████████▍                       | 400/540 [02:21<00:32,  4.29it/s]
                                                                                                                                  

 74%|███████████████████████████████████████████████████████████████████▍                       | 400/540 [02:21<00:32,  4.29it/s]
 74%|███████████████████████████████████████████████████████████████████▌                       | 401/540 [02:21<00:29,  4.77it/s]
 74%|███████████████████████████████████████████████████████████████████▋                       | 402/540 [02:21<00:26,  5.17it/s]
 75%|███████████████████████████████████████████████████████████████████▉                       | 403/540 [02:21<00:24,  5.49it/s]
 75%|████████████████████████████████████████████████████████████████████                       | 404/540 [02:22<00:23,  5.75it/s]
 75%|████████████████████████████████████████████████████████████████████▎                      | 405/540 [02:22<00:22,  5.94it/s]
 75%|████████████████████████████████████████████████████████████████████▍                      | 406/540 [02:22<00:21,  6.09it/s]
 75%|████████████████████████████████████████████████████████████████████▌                      | 407/540 [02:22<00:21,  6.20it/s]
 76%|████████████████████████████████████████████████████████████████████▊                      | 408/540 [02:22<00:21,  6.28it/s]
 76%|████████████████████████████████████████████████████████████████████▉                      | 409/540 [02:22<00:20,  6.34it/s]
 76%|█████████████████████████████████████████████████████████████████████                      | 410/540 [02:22<00:20,  6.37it/s]
 76%|█████████████████████████████████████████████████████████████████████▎                     | 411/540 [02:23<00:20,  6.32it/s]
 76%|█████████████████████████████████████████████████████████████████████▍                     | 412/540 [02:23<00:20,  6.36it/s]
 76%|█████████████████████████████████████████████████████████████████████▌                     | 413/540 [02:23<00:19,  6.39it/s]
 77%|█████████████████████████████████████████████████████████████████████▊                     | 414/540 [02:23<00:19,  6.41it/s]
 77%|█████████████████████████████████████████████████████████████████████▉                     | 415/540 [02:23<00:19,  6.43it/s]
 77%|██████████████████████████████████████████████████████████████████████                     | 416/540 [02:23<00:19,  6.44it/s]
 77%|██████████████████████████████████████████████████████████████████████▎                    | 417/540 [02:24<00:19,  6.44it/s]
 77%|██████████████████████████████████████████████████████████████████████▍                    | 418/540 [02:24<00:18,  6.46it/s]
 78%|██████████████████████████████████████████████████████████████████████▌                    | 419/540 [02:24<00:18,  6.46it/s]{'loss': '0.2015', 'grad_norm': '2.026', 'learning_rate': '1.382e-05', 'epoch': '13.34'}


Writing model shards:   0%|                                                                                 | 0/1 [00:00<?, ?it/s][A

Writing model shards: 100%|█████████████████████████████████████████████████████████████████████████| 1/1 [00:01<00:00,  1.69s/it][A
Writing model shards: 100%|█████████████████████████████████████████████████████████████████████████| 1/1 [00:01<00:00,  1.69s/it]

 78%|██████████████████████████████████████████████████████████████████████▉                    | 421/540 [02:31<03:37,  1.83s/it]
 78%|███████████████████████████████████████████████████████████████████████                    | 422/540 [02:32<02:47,  1.42s/it]
 78%|███████████████████████████████████████████████████████████████████████▎                   | 423/540 [02:32<02:07,  1.09s/it]
 79%|███████████████████████████████████████████████████████████████████████▍                   | 424/540 [02:32<01:36,  1.20it/s]
 79%|███████████████████████████████████████████████████████████████████████▌                   | 425/540 [02:32<01:14,  1.55it/s]
                                                                                                                                  

 79%|███████████████████████████████████████████████████████████████████████▌                   | 425/540 [02:32<01:14,  1.55it/s]
 79%|███████████████████████████████████████████████████████████████████████▊                   | 426/540 [02:32<00:57,  1.98it/s]
 79%|███████████████████████████████████████████████████████████████████████▉                   | 427/540 [02:32<00:45,  2.48it/s]
 79%|████████████████████████████████████████████████████████████████████████▏                  | 428/540 [02:33<00:37,  3.03it/s]
 79%|████████████████████████████████████████████████████████████████████████▎                  | 429/540 [02:33<00:30,  3.59it/s]
 80%|████████████████████████████████████████████████████████████████████████▍                  | 430/540 [02:33<00:26,  4.14it/s]
 80%|████████████████████████████████████████████████████████████████████████▋                  | 431/540 [02:33<00:23,  4.63it/s]
 80%|████████████████████████████████████████████████████████████████████████▊                  | 432/540 [02:33<00:21,  5.06it/s]
 80%|████████████████████████████████████████████████████████████████████████▉                  | 433/540 [02:33<00:19,  5.41it/s]
 80%|█████████████████████████████████████████████████████████████████████████▏                 | 434/540 [02:33<00:18,  5.66it/s]
 81%|█████████████████████████████████████████████████████████████████████████▎                 | 435/540 [02:34<00:17,  5.88it/s]
 81%|█████████████████████████████████████████████████████████████████████████▍                 | 436/540 [02:34<00:17,  6.04it/s]
 81%|█████████████████████████████████████████████████████████████████████████▋                 | 437/540 [02:34<00:16,  6.16it/s]
 81%|█████████████████████████████████████████████████████████████████████████▊                 | 438/540 [02:34<00:16,  6.24it/s]
 81%|█████████████████████████████████████████████████████████████████████████▉                 | 439/540 [02:34<00:16,  6.31it/s]
 81%|██████████████████████████████████████████████████████████████████████████▏                | 440/540 [02:34<00:15,  6.35it/s]
 82%|██████████████████████████████████████████████████████████████████████████▎                | 441/540 [02:35<00:15,  6.38it/s]
 82%|██████████████████████████████████████████████████████████████████████████▍                | 442/540 [02:35<00:15,  6.40it/s]
 82%|██████████████████████████████████████████████████████████████████████████▋                | 443/540 [02:35<00:15,  6.41it/s]
 82%|██████████████████████████████████████████████████████████████████████████▊                | 444/540 [02:35<00:14,  6.42it/s]
 82%|██████████████████████████████████████████████████████████████████████████▉                | 445/540 [02:35<00:14,  6.44it/s]
 83%|███████████████████████████████████████████████████████████████████████████▏               | 446/540 [02:35<00:14,  6.44it/s]
 83%|███████████████████████████████████████████████████████████████████████████▎               | 447/540 [02:35<00:14,  6.44it/s]
 83%|███████████████████████████████████████████████████████████████████████████▍               | 448/540 [02:36<00:14,  6.45it/s]
 83%|███████████████████████████████████████████████████████████████████████████▋               | 449/540 [02:36<00:14,  6.45it/s]
                                                                                                                                  

 83%|███████████████████████████████████████████████████████████████████████████▊               | 450/540 [02:36<00:13,  6.45it/s]{'loss': '0.1846', 'grad_norm': '1.598', 'learning_rate': '1.137e-05', 'epoch': '14.17'}
{'loss': '0.1729', 'grad_norm': '5.185', 'learning_rate': '8.922e-06', 'epoch': '15'}


Writing model shards:   0%|                                                                                 | 0/1 [00:00<?, ?it/s][A

Writing model shards: 100%|█████████████████████████████████████████████████████████████████████████| 1/1 [00:01<00:00,  1.44s/it][A
Writing model shards: 100%|█████████████████████████████████████████████████████████████████████████| 1/1 [00:01<00:00,  1.44s/it]

 84%|████████████████████████████████████████████████████████████████████████████               | 451/540 [02:45<03:07,  2.11s/it]
 84%|████████████████████████████████████████████████████████████████████████████▏              | 452/540 [02:45<02:22,  1.62s/it]
 84%|████████████████████████████████████████████████████████████████████████████▎              | 453/540 [02:45<01:47,  1.24s/it]
 84%|████████████████████████████████████████████████████████████████████████████▌              | 454/540 [02:45<01:22,  1.04it/s]
 84%|████████████████████████████████████████████████████████████████████████████▋              | 455/540 [02:45<01:02,  1.36it/s]
 84%|████████████████████████████████████████████████████████████████████████████▊              | 456/540 [02:45<00:47,  1.76it/s]
 85%|█████████████████████████████████████████████████████████████████████████████              | 457/540 [02:46<00:37,  2.23it/s]
 85%|█████████████████████████████████████████████████████████████████████████████▏             | 458/540 [02:46<00:29,  2.76it/s]
 85%|█████████████████████████████████████████████████████████████████████████████▎             | 459/540 [02:46<00:24,  3.32it/s]
 85%|█████████████████████████████████████████████████████████████████████████████▌             | 460/540 [02:46<00:20,  3.87it/s]
 85%|█████████████████████████████████████████████████████████████████████████████▋             | 461/540 [02:46<00:17,  4.40it/s]
 86%|█████████████████████████████████████████████████████████████████████████████▊             | 462/540 [02:46<00:16,  4.86it/s]
 86%|██████████████████████████████████████████████████████████████████████████████             | 463/540 [02:46<00:14,  5.25it/s]
 86%|██████████████████████████████████████████████████████████████████████████████▏            | 464/540 [02:47<00:13,  5.55it/s]
 86%|██████████████████████████████████████████████████████████████████████████████▎            | 465/540 [02:47<00:12,  5.80it/s]
 86%|██████████████████████████████████████████████████████████████████████████████▌            | 466/540 [02:47<00:12,  5.98it/s]
 86%|██████████████████████████████████████████████████████████████████████████████▋            | 467/540 [02:47<00:11,  6.12it/s]
 87%|██████████████████████████████████████████████████████████████████████████████▊            | 468/540 [02:47<00:11,  6.22it/s]
 87%|███████████████████████████████████████████████████████████████████████████████            | 469/540 [02:47<00:11,  6.29it/s]
 87%|███████████████████████████████████████████████████████████████████████████████▏           | 470/540 [02:48<00:11,  6.33it/s]
 87%|███████████████████████████████████████████████████████████████████████████████▎           | 471/540 [02:48<00:11,  6.17it/s]
 87%|███████████████████████████████████████████████████████████████████████████████▌           | 472/540 [02:48<00:10,  6.26it/s]
 88%|███████████████████████████████████████████████████████████████████████████████▋           | 473/540 [02:48<00:10,  6.31it/s]
 88%|███████████████████████████████████████████████████████████████████████████████▉           | 474/540 [02:48<00:10,  6.35it/s]
 88%|████████████████████████████████████████████████████████████████████████████████           | 475/540 [02:48<00:10,  6.38it/s]
                                                                                                                                  

 88%|████████████████████████████████████████████████████████████████████████████████           | 475/540 [02:48<00:10,  6.38it/s]
 88%|████████████████████████████████████████████████████████████████████████████████▏          | 476/540 [02:49<00:10,  6.40it/s]
 88%|████████████████████████████████████████████████████████████████████████████████▍          | 477/540 [02:49<00:09,  6.42it/s]
 89%|████████████████████████████████████████████████████████████████████████████████▌          | 478/540 [02:49<00:09,  6.42it/s]
 89%|████████████████████████████████████████████████████████████████████████████████▋          | 479/540 [02:49<00:09,  6.44it/s]{'loss': '0.162', 'grad_norm': '1.592', 'learning_rate': '6.471e-06', 'epoch': '15.85'}


Writing model shards:   0%|                                                                                 | 0/1 [00:00<?, ?it/s][A

Writing model shards: 100%|█████████████████████████████████████████████████████████████████████████| 1/1 [00:01<00:00,  1.41s/it][A
Writing model shards: 100%|█████████████████████████████████████████████████████████████████████████| 1/1 [00:01<00:00,  1.41s/it]

 89%|█████████████████████████████████████████████████████████████████████████████████          | 481/540 [02:57<01:54,  1.94s/it]
 89%|█████████████████████████████████████████████████████████████████████████████████▏         | 482/540 [02:57<01:27,  1.51s/it]
 89%|█████████████████████████████████████████████████████████████████████████████████▍         | 483/540 [02:57<01:05,  1.16s/it]
 90%|█████████████████████████████████████████████████████████████████████████████████▌         | 484/540 [02:58<00:49,  1.13it/s]
 90%|█████████████████████████████████████████████████████████████████████████████████▋         | 485/540 [02:58<00:37,  1.47it/s]
 90%|█████████████████████████████████████████████████████████████████████████████████▉         | 486/540 [02:58<00:28,  1.89it/s]
 90%|██████████████████████████████████████████████████████████████████████████████████         | 487/540 [02:58<00:22,  2.38it/s]
 90%|██████████████████████████████████████████████████████████████████████████████████▏        | 488/540 [02:58<00:17,  2.92it/s]
 91%|██████████████████████████████████████████████████████████████████████████████████▍        | 489/540 [02:58<00:14,  3.48it/s]
 91%|██████████████████████████████████████████████████████████████████████████████████▌        | 490/540 [02:58<00:12,  4.03it/s]
 91%|██████████████████████████████████████████████████████████████████████████████████▋        | 491/540 [02:59<00:10,  4.53it/s]
 91%|██████████████████████████████████████████████████████████████████████████████████▉        | 492/540 [02:59<00:09,  4.98it/s]
 91%|███████████████████████████████████████████████████████████████████████████████████        | 493/540 [02:59<00:08,  5.34it/s]
 91%|███████████████████████████████████████████████████████████████████████████████████▏       | 494/540 [02:59<00:08,  5.64it/s]
 92%|███████████████████████████████████████████████████████████████████████████████████▍       | 495/540 [02:59<00:07,  5.85it/s]
 92%|███████████████████████████████████████████████████████████████████████████████████▌       | 496/540 [02:59<00:07,  5.94it/s]
 92%|███████████████████████████████████████████████████████████████████████████████████▊       | 497/540 [03:00<00:07,  6.09it/s]
 92%|███████████████████████████████████████████████████████████████████████████████████▉       | 498/540 [03:00<00:06,  6.19it/s]
 92%|████████████████████████████████████████████████████████████████████████████████████       | 499/540 [03:00<00:06,  6.26it/s]
 93%|████████████████████████████████████████████████████████████████████████████████████▎      | 500/540 [03:00<00:06,  6.32it/s]
                                                                                                                                  

 93%|████████████████████████████████████████████████████████████████████████████████████▎      | 500/540 [03:00<00:06,  6.32it/s]
 93%|████████████████████████████████████████████████████████████████████████████████████▍      | 501/540 [03:00<00:06,  6.36it/s]
 93%|████████████████████████████████████████████████████████████████████████████████████▌      | 502/540 [03:00<00:05,  6.39it/s]
 93%|████████████████████████████████████████████████████████████████████████████████████▊      | 503/540 [03:00<00:05,  6.41it/s]
 93%|████████████████████████████████████████████████████████████████████████████████████▉      | 504/540 [03:01<00:05,  6.42it/s]
 94%|█████████████████████████████████████████████████████████████████████████████████████      | 505/540 [03:01<00:05,  6.43it/s]
 94%|█████████████████████████████████████████████████████████████████████████████████████▎     | 506/540 [03:01<00:05,  6.44it/s]
 94%|█████████████████████████████████████████████████████████████████████████████████████▍     | 507/540 [03:01<00:05,  6.44it/s]
 94%|█████████████████████████████████████████████████████████████████████████████████████▌     | 508/540 [03:01<00:04,  6.45it/s]
 94%|█████████████████████████████████████████████████████████████████████████████████████▊     | 509/540 [03:01<00:04,  6.44it/s]{'loss': '0.1571', 'grad_norm': '1.571', 'learning_rate': '4.02e-06', 'epoch': '16.68'}


Writing model shards:   0%|                                                                                 | 0/1 [00:00<?, ?it/s][A

Writing model shards: 100%|█████████████████████████████████████████████████████████████████████████| 1/1 [00:01<00:00,  1.38s/it][A
Writing model shards: 100%|█████████████████████████████████████████████████████████████████████████| 1/1 [00:01<00:00,  1.38s/it]

 95%|██████████████████████████████████████████████████████████████████████████████████████     | 511/540 [03:06<00:35,  1.23s/it]
 95%|██████████████████████████████████████████████████████████████████████████████████████▎    | 512/540 [03:07<00:26,  1.04it/s]
 95%|██████████████████████████████████████████████████████████████████████████████████████▍    | 513/540 [03:07<00:20,  1.33it/s]
 95%|██████████████████████████████████████████████████████████████████████████████████████▌    | 514/540 [03:07<00:15,  1.69it/s]
 95%|██████████████████████████████████████████████████████████████████████████████████████▊    | 515/540 [03:07<00:11,  2.14it/s]
 96%|██████████████████████████████████████████████████████████████████████████████████████▉    | 516/540 [03:07<00:09,  2.64it/s]
 96%|███████████████████████████████████████████████████████████████████████████████████████    | 517/540 [03:07<00:07,  3.19it/s]
 96%|███████████████████████████████████████████████████████████████████████████████████████▎   | 518/540 [03:07<00:05,  3.74it/s]
 96%|███████████████████████████████████████████████████████████████████████████████████████▍   | 519/540 [03:08<00:04,  4.27it/s]
 96%|███████████████████████████████████████████████████████████████████████████████████████▋   | 520/540 [03:08<00:04,  4.75it/s]
 96%|███████████████████████████████████████████████████████████████████████████████████████▊   | 521/540 [03:08<00:03,  5.16it/s]
 97%|███████████████████████████████████████████████████████████████████████████████████████▉   | 522/540 [03:08<00:03,  5.49it/s]
 97%|████████████████████████████████████████████████████████████████████████████████████████▏  | 523/540 [03:08<00:02,  5.75it/s]
 97%|████████████████████████████████████████████████████████████████████████████████████████▎  | 524/540 [03:08<00:02,  5.94it/s]
 97%|████████████████████████████████████████████████████████████████████████████████████████▍  | 525/540 [03:09<00:02,  6.09it/s]
                                                                                                                                  

 97%|████████████████████████████████████████████████████████████████████████████████████████▍  | 525/540 [03:09<00:02,  6.09it/s]
 97%|████████████████████████████████████████████████████████████████████████████████████████▋  | 526/540 [03:09<00:02,  6.19it/s]
 98%|████████████████████████████████████████████████████████████████████████████████████████▊  | 527/540 [03:09<00:02,  6.27it/s]
 98%|████████████████████████████████████████████████████████████████████████████████████████▉  | 528/540 [03:09<00:01,  6.32it/s]
 98%|█████████████████████████████████████████████████████████████████████████████████████████▏ | 529/540 [03:09<00:01,  6.36it/s]
 98%|█████████████████████████████████████████████████████████████████████████████████████████▎ | 530/540 [03:09<00:01,  6.39it/s]
 98%|█████████████████████████████████████████████████████████████████████████████████████████▍ | 531/540 [03:09<00:01,  6.41it/s]
 99%|█████████████████████████████████████████████████████████████████████████████████████████▋ | 532/540 [03:10<00:01,  6.43it/s]
 99%|█████████████████████████████████████████████████████████████████████████████████████████▊ | 533/540 [03:10<00:01,  6.44it/s]
 99%|█████████████████████████████████████████████████████████████████████████████████████████▉ | 534/540 [03:10<00:00,  6.44it/s]
 99%|██████████████████████████████████████████████████████████████████████████████████████████▏| 535/540 [03:10<00:00,  6.45it/s]
 99%|██████████████████████████████████████████████████████████████████████████████████████████▎| 536/540 [03:10<00:00,  6.45it/s]
 99%|██████████████████████████████████████████████████████████████████████████████████████████▍| 537/540 [03:10<00:00,  6.45it/s]
100%|██████████████████████████████████████████████████████████████████████████████████████████▋| 538/540 [03:11<00:00,  6.45it/s]
100%|██████████████████████████████████████████████████████████████████████████████████████████▊| 539/540 [03:11<00:00,  6.46it/s]{'loss': '0.1618', 'grad_norm': '1.315', 'learning_rate': '1.569e-06', 'epoch': '17.51'}


Writing model shards:   0%|                                                                                 | 0/1 [00:00<?, ?it/s][A

Writing model shards: 100%|█████████████████████████████████████████████████████████████████████████| 1/1 [00:01<00:00,  1.44s/it][A
Writing model shards: 100%|█████████████████████████████████████████████████████████████████████████| 1/1 [00:01<00:00,  1.44s/it]

                                                                                                                                  

100%|███████████████████████████████████████████████████████████████████████████████████████████| 540/540 [03:16<00:00,  6.46it/s]
100%|███████████████████████████████████████████████████████████████████████████████████████████| 540/540 [03:16<00:00,  2.75it/s]
{'train_runtime': '196.5', 'train_samples_per_second': '42.59', 'train_steps_per_second': '2.748', 'train_loss': '0.5845', 'epoch': '18'}

  0%|                                                                                                       | 0/9 [00:00<?, ?it/s]
 67%|███████████████████████████████████████████████████████████████▎                               | 6/9 [00:00<00:00, 52.70it/s]
100%|███████████████████████████████████████████████████████████████████████████████████████████████| 9/9 [00:00<00:00, 49.00it/s]

Writing model shards:   0%|                                                                                 | 0/1 [00:00<?, ?it/s]
Writing model shards: 100%|█████████████████████████████████████████████████████████████████████████| 1/1 [00:01<00:00,  1.38s/it]
Writing model shards: 100%|█████████████████████████████████████████████████████████████████████████| 1/1 [00:01<00:00,  1.38s/it]

Loading weights:   0%|                                                                                    | 0/388 [00:00<?, ?it/s]
Loading weights:  66%|███████████████████████████████████████████████▉                        | 258/388 [00:00<00:00, 2575.03it/s]
Loading weights: 100%|████████████████████████████████████████████████████████████████████████| 388/388 [00:00<00:00, 2565.76it/s]

Loading weights:   0%|                                                                                    | 0/388 [00:00<?, ?it/s]
Loading weights:  76%|██████████████████████████████████████████████████████▌                 | 294/388 [00:00<00:00, 2913.61it/s]
Loading weights: 100%|████████████████████████████████████████████████████████████████████████| 388/388 [00:00<00:00, 3039.28it/s]

Loading weights:   0%|                                                                                    | 0/388 [00:00<?, ?it/s]
Loading weights:  23%|████████████████▊                                                         | 88/388 [00:00<00:00, 860.91it/s]
Loading weights:  52%|█████████████████████████████████████▋                                   | 200/388 [00:00<00:00, 995.26it/s]
Loading weights:  77%|████████████████████████████████████████████████████████▍                | 300/388 [00:00<00:00, 851.29it/s]
Loading weights: 100%|█████████████████████████████████████████████████████████████████████████| 388/388 [00:00<00:00, 821.11it/s]
Loading weights: 100%|█████████████████████████████████████████████████████████████████████████| 388/388 [00:00<00:00, 848.44it/s]

Loading weights:   0%|                                                                                    | 0/388 [00:00<?, ?it/s]
Loading weights:  32%|███████████████████████                                                 | 124/388 [00:00<00:00, 1232.01it/s]
Loading weights:  71%|██████████████████████████████████████████████████▊                     | 274/388 [00:00<00:00, 1381.78it/s]
Loading weights: 100%|████████████████████████████████████████████████████████████████████████| 388/388 [00:00<00:00, 1370.39it/s]

Loading weights:   0%|                                                                                    | 0/773 [00:00<?, ?it/s]
Loading weights: 100%|███████████████████████████████████████████████████████████████████████| 773/773 [00:00<00:00, 28352.53it/s]
[RANK 0] Detected kernel version 5.4.0, which is below the recommended minimum of 5.5.0; this can cause the process to hang. It is recommended to upgrade the kernel to the minimum version or higher.

  0%|                                                                                                     | 0/360 [00:00<?, ?it/s]
  0%|▎                                                                                            | 1/360 [00:01<06:33,  1.10s/it]
  1%|▌                                                                                            | 2/360 [00:01<05:44,  1.04it/s]
  1%|▊                                                                                            | 3/360 [00:02<05:40,  1.05it/s]
  1%|█                                                                                            | 4/360 [00:03<05:38,  1.05it/s]
  1%|█▎                                                                                           | 5/360 [00:04<05:37,  1.05it/s]
  2%|█▌                                                                                           | 6/360 [00:05<05:35,  1.05it/s]
  2%|█▊                                                                                           | 7/360 [00:06<05:34,  1.05it/s]
  2%|██                                                                                           | 8/360 [00:07<05:33,  1.05it/s]
  2%|██▎                                                                                          | 9/360 [00:08<05:33,  1.05it/s]
  3%|██▌                                                                                         | 10/360 [00:09<05:32,  1.05it/s]
  3%|██▊                                                                                         | 11/360 [00:10<05:31,  1.05it/s]
  3%|███                                                                                         | 12/360 [00:11<05:29,  1.05it/s]
  4%|███▎                                                                                        | 13/360 [00:12<05:28,  1.06it/s]
  4%|███▌                                                                                        | 14/360 [00:13<05:27,  1.06it/s]
  4%|███▊                                                                                        | 15/360 [00:14<05:27,  1.05it/s]
  4%|████                                                                                        | 16/360 [00:15<05:26,  1.05it/s]
  5%|████▎                                                                                       | 17/360 [00:16<05:25,  1.06it/s]
  5%|████▌                                                                                       | 18/360 [00:17<05:23,  1.06it/s]
  5%|████▊                                                                                       | 19/360 [00:18<05:22,  1.06it/s]
  6%|█████                                                                                       | 20/360 [00:19<05:50,  1.03s/it]
  6%|█████▎                                                                                      | 21/360 [00:20<05:40,  1.00s/it]
  6%|█████▌                                                                                      | 22/360 [00:21<05:33,  1.01it/s]
  6%|█████▉                                                                                      | 23/360 [00:22<05:28,  1.03it/s]
  7%|██████▏                                                                                     | 24/360 [00:23<05:24,  1.03it/s]
  7%|██████▍                                                                                     | 25/360 [00:24<05:22,  1.04it/s]
                                                                                                                                  

  7%|██████▍                                                                                     | 25/360 [00:24<05:22,  1.04it/s]
  7%|██████▋                                                                                     | 26/360 [00:24<05:19,  1.05it/s]
  8%|██████▉                                                                                     | 27/360 [00:25<05:17,  1.05it/s]
  8%|███████▏                                                                                    | 28/360 [00:26<05:15,  1.05it/s]
  8%|███████▍                                                                                    | 29/360 [00:27<05:13,  1.06it/s]
  8%|███████▋                                                                                    | 30/360 [00:28<04:09,  1.32it/s]{'loss': '2.679', 'grad_norm': '1.86', 'learning_rate': '4e-05', 'epoch': '0.8547'}


Writing model shards:   0%|                                                                                 | 0/1 [00:00<?, ?it/s][A

Writing model shards: 100%|█████████████████████████████████████████████████████████████████████████| 1/1 [00:07<00:00,  7.90s/it][A
Writing model shards: 100%|█████████████████████████████████████████████████████████████████████████| 1/1 [00:07<00:00,  7.90s/it]

  9%|███████▉                                                                                    | 31/360 [00:52<42:59,  7.84s/it]
  9%|████████▏                                                                                   | 32/360 [00:53<31:34,  5.78s/it]
  9%|████████▍                                                                                   | 33/360 [00:54<23:35,  4.33s/it]
  9%|████████▋                                                                                   | 34/360 [00:55<18:00,  3.32s/it]
 10%|████████▉                                                                                   | 35/360 [00:56<14:06,  2.61s/it]
 10%|█████████▏                                                                                  | 36/360 [00:57<11:23,  2.11s/it]
 10%|█████████▍                                                                                  | 37/360 [00:58<09:29,  1.76s/it]
 11%|█████████▋                                                                                  | 38/360 [00:59<08:09,  1.52s/it]
 11%|█████████▉                                                                                  | 39/360 [01:00<07:13,  1.35s/it]
 11%|██████████▏                                                                                 | 40/360 [01:01<06:34,  1.23s/it]
 11%|██████████▍                                                                                 | 41/360 [01:02<06:32,  1.23s/it]
 12%|██████████▋                                                                                 | 42/360 [01:03<06:04,  1.15s/it]
 12%|██████████▉                                                                                 | 43/360 [01:04<05:45,  1.09s/it]
 12%|███████████▏                                                                                | 44/360 [01:05<05:30,  1.05s/it]
 12%|███████████▌                                                                                | 45/360 [01:06<05:20,  1.02s/it]
 13%|███████████▊                                                                                | 46/360 [01:07<05:12,  1.00it/s]
 13%|████████████                                                                                | 47/360 [01:07<05:07,  1.02it/s]
 13%|████████████▎                                                                               | 48/360 [01:08<05:04,  1.03it/s]
 14%|████████████▌                                                                               | 49/360 [01:09<05:00,  1.03it/s]
 14%|████████████▊                                                                               | 50/360 [01:10<04:58,  1.04it/s]
                                                                                                                                  

 14%|████████████▊                                                                               | 50/360 [01:10<04:58,  1.04it/s]
 14%|█████████████                                                                               | 51/360 [01:11<04:55,  1.04it/s]
 14%|█████████████▎                                                                              | 52/360 [01:12<04:54,  1.05it/s]
 15%|█████████████▌                                                                              | 53/360 [01:13<04:52,  1.05it/s]
 15%|█████████████▊                                                                              | 54/360 [01:14<04:50,  1.05it/s]
 15%|██████████████                                                                              | 55/360 [01:15<04:49,  1.05it/s]
 16%|██████████████▎                                                                             | 56/360 [01:16<04:48,  1.05it/s]
 16%|██████████████▌                                                                             | 57/360 [01:17<04:48,  1.05it/s]
 16%|██████████████▊                                                                             | 58/360 [01:18<04:46,  1.05it/s]
 16%|███████████████                                                                             | 59/360 [01:19<04:45,  1.05it/s]
 17%|███████████████▎                                                                            | 60/360 [01:19<03:48,  1.31it/s]{'loss': '1.517', 'grad_norm': '1.784', 'learning_rate': '4.727e-05', 'epoch': '1.684'}


Writing model shards:   0%|                                                                                 | 0/1 [00:00<?, ?it/s][A

Writing model shards: 100%|█████████████████████████████████████████████████████████████████████████| 1/1 [00:09<00:00,  9.13s/it][A
Writing model shards: 100%|█████████████████████████████████████████████████████████████████████████| 1/1 [00:09<00:00,  9.13s/it]

 17%|███████████████▌                                                                            | 61/360 [01:48<45:23,  9.11s/it]
 17%|███████████████▊                                                                            | 62/360 [01:49<33:04,  6.66s/it]
 18%|████████████████                                                                            | 63/360 [01:50<24:29,  4.95s/it]
 18%|████████████████▎                                                                           | 64/360 [01:51<18:29,  3.75s/it]
 18%|████████████████▌                                                                           | 65/360 [01:52<14:17,  2.91s/it]
 18%|████████████████▊                                                                           | 66/360 [01:53<11:22,  2.32s/it]
 19%|█████████████████                                                                           | 67/360 [01:54<09:19,  1.91s/it]
 19%|█████████████████▍                                                                          | 68/360 [01:54<07:53,  1.62s/it]
 19%|█████████████████▋                                                                          | 69/360 [01:55<06:53,  1.42s/it]
 19%|█████████████████▉                                                                          | 70/360 [01:56<06:11,  1.28s/it]
 20%|██████████████████▏                                                                         | 71/360 [01:57<05:41,  1.18s/it]
 20%|██████████████████▍                                                                         | 72/360 [01:58<05:19,  1.11s/it]
 20%|██████████████████▋                                                                         | 73/360 [01:59<05:04,  1.06s/it]
 21%|██████████████████▉                                                                         | 74/360 [02:00<04:53,  1.03s/it]
 21%|███████████████████▏                                                                        | 75/360 [02:01<04:46,  1.00s/it]
                                                                                                                                  

 21%|███████████████████▏                                                                        | 75/360 [02:01<04:46,  1.00s/it]
 21%|███████████████████▍                                                                        | 76/360 [02:02<04:40,  1.01it/s]
 21%|███████████████████▋                                                                        | 77/360 [02:03<04:35,  1.03it/s]
 22%|███████████████████▉                                                                        | 78/360 [02:04<04:32,  1.03it/s]
 22%|████████████████████▏                                                                       | 79/360 [02:05<04:30,  1.04it/s]
 22%|████████████████████▍                                                                       | 80/360 [02:06<04:27,  1.04it/s]
 22%|████████████████████▋                                                                       | 81/360 [02:07<04:26,  1.05it/s]
 23%|████████████████████▉                                                                       | 82/360 [02:08<04:47,  1.03s/it]
 23%|█████████████████████▏                                                                      | 83/360 [02:09<04:39,  1.01s/it]
 23%|█████████████████████▍                                                                      | 84/360 [02:10<04:33,  1.01it/s]
 24%|█████████████████████▋                                                                      | 85/360 [02:11<04:28,  1.02it/s]
 24%|█████████████████████▉                                                                      | 86/360 [02:12<04:25,  1.03it/s]
 24%|██████████████████████▏                                                                     | 87/360 [02:13<04:22,  1.04it/s]
 24%|██████████████████████▍                                                                     | 88/360 [02:14<04:20,  1.04it/s]
 25%|██████████████████████▋                                                                     | 89/360 [02:15<04:18,  1.05it/s]
 25%|███████████████████████                                                                     | 90/360 [02:15<03:26,  1.30it/s]{'loss': '1.116', 'grad_norm': '1.692', 'learning_rate': '4.348e-05', 'epoch': '2.513'}


Writing model shards:   0%|                                                                                 | 0/1 [00:00<?, ?it/s][A

Writing model shards: 100%|█████████████████████████████████████████████████████████████████████████| 1/1 [00:10<00:00, 10.31s/it][A
Writing model shards: 100%|█████████████████████████████████████████████████████████████████████████| 1/1 [00:10<00:00, 10.31s/it]

 25%|███████████████████████▎                                                                    | 91/360 [02:46<43:58,  9.81s/it]
 26%|███████████████████████▌                                                                    | 92/360 [02:47<31:55,  7.15s/it]
 26%|███████████████████████▊                                                                    | 93/360 [02:48<23:30,  5.28s/it]
 26%|████████████████████████                                                                    | 94/360 [02:49<17:38,  3.98s/it]
 26%|████████████████████████▎                                                                   | 95/360 [02:50<13:32,  3.07s/it]
 27%|████████████████████████▌                                                                   | 96/360 [02:51<10:40,  2.43s/it]
 27%|████████████████████████▊                                                                   | 97/360 [02:51<08:40,  1.98s/it]
 27%|█████████████████████████                                                                   | 98/360 [02:52<07:16,  1.67s/it]
 28%|█████████████████████████▎                                                                  | 99/360 [02:53<06:17,  1.45s/it]
 28%|█████████████████████████▎                                                                 | 100/360 [02:54<05:36,  1.29s/it]
                                                                                                                                  

 28%|█████████████████████████▎                                                                 | 100/360 [02:54<05:36,  1.29s/it]
 28%|█████████████████████████▌                                                                 | 101/360 [02:55<05:07,  1.19s/it]
 28%|█████████████████████████▊                                                                 | 102/360 [02:56<05:07,  1.19s/it]
 29%|██████████████████████████                                                                 | 103/360 [02:57<04:46,  1.12s/it]
 29%|██████████████████████████▎                                                                | 104/360 [02:58<04:31,  1.06s/it]
 29%|██████████████████████████▌                                                                | 105/360 [02:59<04:20,  1.02s/it]
 29%|██████████████████████████▊                                                                | 106/360 [03:00<04:12,  1.00it/s]
 30%|███████████████████████████                                                                | 107/360 [03:01<04:07,  1.02it/s]
 30%|███████████████████████████▎                                                               | 108/360 [03:02<04:03,  1.04it/s]
 30%|███████████████████████████▌                                                               | 109/360 [03:03<03:59,  1.05it/s]
 31%|███████████████████████████▊                                                               | 110/360 [03:04<03:57,  1.05it/s]
 31%|████████████████████████████                                                               | 111/360 [03:05<03:55,  1.06it/s]
 31%|████████████████████████████▎                                                              | 112/360 [03:06<03:54,  1.06it/s]
 31%|████████████████████████████▌                                                              | 113/360 [03:07<03:52,  1.06it/s]
 32%|████████████████████████████▊                                                              | 114/360 [03:08<03:51,  1.06it/s]
 32%|█████████████████████████████                                                              | 115/360 [03:09<03:49,  1.07it/s]
 32%|█████████████████████████████▎                                                             | 116/360 [03:10<03:48,  1.07it/s]
 32%|█████████████████████████████▌                                                             | 117/360 [03:10<03:47,  1.07it/s]
 33%|█████████████████████████████▊                                                             | 118/360 [03:11<03:46,  1.07it/s]
 33%|██████████████████████████████                                                             | 119/360 [03:12<03:45,  1.07it/s]
 33%|██████████████████████████████▎                                                            | 120/360 [03:13<03:00,  1.33it/s]{'loss': '0.9669', 'grad_norm': '1.762', 'learning_rate': '3.97e-05', 'epoch': '3.342'}


Writing model shards:   0%|                                                                                 | 0/1 [00:00<?, ?it/s][A

Writing model shards: 100%|█████████████████████████████████████████████████████████████████████████| 1/1 [00:07<00:00,  7.33s/it][A
Writing model shards: 100%|█████████████████████████████████████████████████████████████████████████| 1/1 [00:07<00:00,  7.33s/it]

 34%|██████████████████████████████▌                                                            | 121/360 [03:40<35:02,  8.80s/it]
 34%|██████████████████████████████▊                                                            | 122/360 [03:41<25:32,  6.44s/it]
 34%|███████████████████████████████                                                            | 123/360 [03:42<19:13,  4.87s/it]
 34%|███████████████████████████████▎                                                           | 124/360 [03:43<14:29,  3.69s/it]
 35%|███████████████████████████████▌                                                           | 125/360 [03:44<11:12,  2.86s/it]
                                                                                                                                  

 35%|███████████████████████████████▌                                                           | 125/360 [03:44<11:12,  2.86s/it]
 35%|███████████████████████████████▊                                                           | 126/360 [03:45<08:54,  2.28s/it]
 35%|████████████████████████████████                                                           | 127/360 [03:46<07:17,  1.88s/it]
 36%|████████████████████████████████▎                                                          | 128/360 [03:47<06:09,  1.59s/it]
 36%|████████████████████████████████▌                                                          | 129/360 [03:48<05:22,  1.40s/it]
 36%|████████████████████████████████▊                                                          | 130/360 [03:49<04:49,  1.26s/it]
 36%|█████████████████████████████████                                                          | 131/360 [03:50<04:26,  1.16s/it]
 37%|█████████████████████████████████▎                                                         | 132/360 [03:51<04:09,  1.09s/it]
 37%|█████████████████████████████████▌                                                         | 133/360 [03:52<03:57,  1.05s/it]
 37%|█████████████████████████████████▊                                                         | 134/360 [03:53<03:48,  1.01s/it]
 38%|██████████████████████████████████▏                                                        | 135/360 [03:54<03:42,  1.01it/s]
 38%|██████████████████████████████████▍                                                        | 136/360 [03:54<03:37,  1.03it/s]
 38%|██████████████████████████████████▋                                                        | 137/360 [03:55<03:34,  1.04it/s]
 38%|██████████████████████████████████▉                                                        | 138/360 [03:56<03:31,  1.05it/s]
 39%|███████████████████████████████████▏                                                       | 139/360 [03:57<03:29,  1.06it/s]
 39%|███████████████████████████████████▍                                                       | 140/360 [03:58<03:27,  1.06it/s]
 39%|███████████████████████████████████▋                                                       | 141/360 [03:59<03:26,  1.06it/s]
 39%|███████████████████████████████████▉                                                       | 142/360 [04:00<03:41,  1.02s/it]
 40%|████████████████████████████████████▏                                                      | 143/360 [04:01<03:35,  1.01it/s]
 40%|████████████████████████████████████▍                                                      | 144/360 [04:02<03:30,  1.03it/s]
 40%|████████████████████████████████████▋                                                      | 145/360 [04:03<03:26,  1.04it/s]
 41%|████████████████████████████████████▉                                                      | 146/360 [04:04<03:23,  1.05it/s]
 41%|█████████████████████████████████████▏                                                     | 147/360 [04:05<03:21,  1.06it/s]
 41%|█████████████████████████████████████▍                                                     | 148/360 [04:06<03:20,  1.06it/s]
 41%|█████████████████████████████████████▋                                                     | 149/360 [04:07<03:18,  1.06it/s]
 42%|█████████████████████████████████████▉                                                     | 150/360 [04:07<02:37,  1.33it/s]
                                                                                                                                  

 42%|█████████████████████████████████████▉                                                     | 150/360 [04:07<02:37,  1.33it/s]{'loss': '0.7317', 'grad_norm': '1.607', 'learning_rate': '3.591e-05', 'epoch': '4.171'}
{'loss': '0.6155', 'grad_norm': 'inf', 'learning_rate': '3.212e-05', 'epoch': '5'}


Writing model shards:   0%|                                                                                 | 0/1 [00:00<?, ?it/s][A

Writing model shards: 100%|█████████████████████████████████████████████████████████████████████████| 1/1 [00:08<00:00,  8.14s/it][A
Writing model shards: 100%|█████████████████████████████████████████████████████████████████████████| 1/1 [00:08<00:00,  8.14s/it]

 42%|██████████████████████████████████████▏                                                    | 151/360 [04:35<31:07,  8.94s/it]
 42%|██████████████████████████████████████▍                                                    | 152/360 [04:36<22:39,  6.54s/it]
 42%|██████████████████████████████████████▋                                                    | 153/360 [04:37<16:45,  4.86s/it]
 43%|██████████████████████████████████████▉                                                    | 154/360 [04:38<12:37,  3.68s/it]
 43%|███████████████████████████████████████▏                                                   | 155/360 [04:39<09:45,  2.86s/it]
 43%|███████████████████████████████████████▍                                                   | 156/360 [04:40<07:45,  2.28s/it]
 44%|███████████████████████████████████████▋                                                   | 157/360 [04:41<06:21,  1.88s/it]
 44%|███████████████████████████████████████▉                                                   | 158/360 [04:42<05:22,  1.59s/it]
 44%|████████████████████████████████████████▏                                                  | 159/360 [04:43<04:40,  1.40s/it]
 44%|████████████████████████████████████████▍                                                  | 160/360 [04:44<04:11,  1.26s/it]
 45%|████████████████████████████████████████▋                                                  | 161/360 [04:45<03:51,  1.16s/it]
 45%|████████████████████████████████████████▉                                                  | 162/360 [04:46<03:36,  1.09s/it]
 45%|█████████████████████████████████████████▏                                                 | 163/360 [04:47<03:40,  1.12s/it]
 46%|█████████████████████████████████████████▍                                                 | 164/360 [04:48<03:28,  1.06s/it]
 46%|█████████████████████████████████████████▋                                                 | 165/360 [04:49<03:19,  1.02s/it]
 46%|█████████████████████████████████████████▉                                                 | 166/360 [04:49<03:13,  1.00it/s]
 46%|██████████████████████████████████████████▏                                                | 167/360 [04:50<03:08,  1.02it/s]
 47%|██████████████████████████████████████████▍                                                | 168/360 [04:51<03:05,  1.04it/s]
 47%|██████████████████████████████████████████▋                                                | 169/360 [04:52<03:02,  1.05it/s]
 47%|██████████████████████████████████████████▉                                                | 170/360 [04:53<03:00,  1.05it/s]
 48%|███████████████████████████████████████████▏                                               | 171/360 [04:54<02:58,  1.06it/s]
 48%|███████████████████████████████████████████▍                                               | 172/360 [04:55<02:57,  1.06it/s]
 48%|███████████████████████████████████████████▋                                               | 173/360 [04:56<02:55,  1.07it/s]
 48%|███████████████████████████████████████████▉                                               | 174/360 [04:57<02:54,  1.07it/s]
 49%|████████████████████████████████████████████▏                                              | 175/360 [04:58<02:53,  1.07it/s]
                                                                                                                                  

 49%|████████████████████████████████████████████▏                                              | 175/360 [04:58<02:53,  1.07it/s]
 49%|████████████████████████████████████████████▍                                              | 176/360 [04:59<02:52,  1.07it/s]
 49%|████████████████████████████████████████████▋                                              | 177/360 [05:00<02:50,  1.07it/s]
 49%|████████████████████████████████████████████▉                                              | 178/360 [05:01<02:49,  1.07it/s]
 50%|█████████████████████████████████████████████▏                                             | 179/360 [05:02<02:48,  1.07it/s]
 50%|█████████████████████████████████████████████▌                                             | 180/360 [05:02<02:15,  1.33it/s]{'loss': '0.4829', 'grad_norm': '1.531', 'learning_rate': '2.848e-05', 'epoch': '5.855'}


Writing model shards:   0%|                                                                                 | 0/1 [00:00<?, ?it/s][A

Writing model shards: 100%|█████████████████████████████████████████████████████████████████████████| 1/1 [00:08<00:00,  8.55s/it][A
Writing model shards: 100%|█████████████████████████████████████████████████████████████████████████| 1/1 [00:08<00:00,  8.55s/it]

 50%|█████████████████████████████████████████████▊                                             | 181/360 [05:31<27:29,  9.21s/it]
 51%|██████████████████████████████████████████████                                             | 182/360 [05:32<19:57,  6.73s/it]
 51%|██████████████████████████████████████████████▎                                            | 183/360 [05:33<14:43,  4.99s/it]
 51%|██████████████████████████████████████████████▌                                            | 184/360 [05:34<11:18,  3.86s/it]
 51%|██████████████████████████████████████████████▊                                            | 185/360 [05:35<08:41,  2.98s/it]
 52%|███████████████████████████████████████████████                                            | 186/360 [05:36<06:51,  2.37s/it]
 52%|███████████████████████████████████████████████▎                                           | 187/360 [05:37<05:34,  1.94s/it]
 52%|███████████████████████████████████████████████▌                                           | 188/360 [05:38<04:41,  1.64s/it]
 52%|███████████████████████████████████████████████▊                                           | 189/360 [05:39<04:03,  1.42s/it]
 53%|████████████████████████████████████████████████                                           | 190/360 [05:40<03:37,  1.28s/it]
 53%|████████████████████████████████████████████████▎                                          | 191/360 [05:41<03:18,  1.17s/it]
 53%|████████████████████████████████████████████████▌                                          | 192/360 [05:41<03:04,  1.10s/it]
 54%|████████████████████████████████████████████████▊                                          | 193/360 [05:42<02:55,  1.05s/it]
 54%|█████████████████████████████████████████████████                                          | 194/360 [05:43<02:48,  1.02s/it]
 54%|█████████████████████████████████████████████████▎                                         | 195/360 [05:44<02:43,  1.01it/s]
 54%|█████████████████████████████████████████████████▌                                         | 196/360 [05:45<02:39,  1.03it/s]
 55%|█████████████████████████████████████████████████▊                                         | 197/360 [05:46<02:36,  1.04it/s]
 55%|██████████████████████████████████████████████████                                         | 198/360 [05:47<02:34,  1.05it/s]
 55%|██████████████████████████████████████████████████▎                                        | 199/360 [05:48<02:32,  1.05it/s]
 56%|██████████████████████████████████████████████████▌                                        | 200/360 [05:49<02:31,  1.06it/s]
                                                                                                                                  

 56%|██████████████████████████████████████████████████▌                                        | 200/360 [05:49<02:31,  1.06it/s]
 56%|██████████████████████████████████████████████████▊                                        | 201/360 [05:50<02:29,  1.06it/s]
 56%|███████████████████████████████████████████████████                                        | 202/360 [05:51<02:28,  1.07it/s]
 56%|███████████████████████████████████████████████████▎                                       | 203/360 [05:52<02:27,  1.07it/s]
 57%|███████████████████████████████████████████████████▌                                       | 204/360 [05:53<02:25,  1.07it/s]
 57%|███████████████████████████████████████████████████▊                                       | 205/360 [05:54<02:35,  1.00s/it]
 57%|████████████████████████████████████████████████████                                       | 206/360 [05:55<02:31,  1.02it/s]
 57%|████████████████████████████████████████████████████▎                                      | 207/360 [05:56<02:28,  1.03it/s]
 58%|████████████████████████████████████████████████████▌                                      | 208/360 [05:57<02:25,  1.04it/s]
 58%|████████████████████████████████████████████████████▊                                      | 209/360 [05:58<02:23,  1.05it/s]
 58%|█████████████████████████████████████████████████████                                      | 210/360 [05:58<01:54,  1.31it/s]{'loss': '0.4191', 'grad_norm': '1.511', 'learning_rate': '2.47e-05', 'epoch': '6.684'}


Writing model shards:   0%|                                                                                 | 0/1 [00:00<?, ?it/s][A

Writing model shards: 100%|█████████████████████████████████████████████████████████████████████████| 1/1 [00:08<00:00,  8.27s/it][A
Writing model shards: 100%|█████████████████████████████████████████████████████████████████████████| 1/1 [00:08<00:00,  8.27s/it]

 59%|█████████████████████████████████████████████████████▎                                     | 211/360 [06:27<22:56,  9.24s/it]
 59%|█████████████████████████████████████████████████████▌                                     | 212/360 [06:28<16:38,  6.74s/it]
 59%|█████████████████████████████████████████████████████▊                                     | 213/360 [06:29<12:15,  5.00s/it]
 59%|██████████████████████████████████████████████████████                                     | 214/360 [06:30<09:12,  3.78s/it]
 60%|██████████████████████████████████████████████████████▎                                    | 215/360 [06:31<07:04,  2.93s/it]
 60%|██████████████████████████████████████████████████████▌                                    | 216/360 [06:32<05:35,  2.33s/it]
 60%|██████████████████████████████████████████████████████▊                                    | 217/360 [06:33<04:33,  1.91s/it]
 61%|███████████████████████████████████████████████████████                                    | 218/360 [06:33<03:49,  1.62s/it]
 61%|███████████████████████████████████████████████████████▎                                   | 219/360 [06:34<03:19,  1.41s/it]
 61%|███████████████████████████████████████████████████████▌                                   | 220/360 [06:35<02:57,  1.27s/it]
 61%|███████████████████████████████████████████████████████▊                                   | 221/360 [06:36<02:42,  1.17s/it]
 62%|████████████████████████████████████████████████████████                                   | 222/360 [06:37<02:31,  1.10s/it]
 62%|████████████████████████████████████████████████████████▎                                  | 223/360 [06:38<02:23,  1.05s/it]
 62%|████████████████████████████████████████████████████████▌                                  | 224/360 [06:39<02:17,  1.01s/it]
 62%|████████████████████████████████████████████████████████▉                                  | 225/360 [06:40<02:13,  1.01it/s]
                                                                                                                                  

 62%|████████████████████████████████████████████████████████▉                                  | 225/360 [06:40<02:13,  1.01it/s]
 63%|█████████████████████████████████████████████████████████▏                                 | 226/360 [06:41<02:21,  1.06s/it]
 63%|█████████████████████████████████████████████████████████▍                                 | 227/360 [06:42<02:15,  1.02s/it]
 63%|█████████████████████████████████████████████████████████▋                                 | 228/360 [06:43<02:11,  1.01it/s]
 64%|█████████████████████████████████████████████████████████▉                                 | 229/360 [06:44<02:07,  1.03it/s]
 64%|██████████████████████████████████████████████████████████▏                                | 230/360 [06:45<02:05,  1.04it/s]
 64%|██████████████████████████████████████████████████████████▍                                | 231/360 [06:46<02:03,  1.05it/s]
 64%|██████████████████████████████████████████████████████████▋                                | 232/360 [06:47<02:01,  1.05it/s]
 65%|██████████████████████████████████████████████████████████▉                                | 233/360 [06:48<01:59,  1.06it/s]
 65%|███████████████████████████████████████████████████████████▏                               | 234/360 [06:49<01:58,  1.06it/s]
 65%|███████████████████████████████████████████████████████████▍                               | 235/360 [06:50<01:57,  1.07it/s]
 66%|███████████████████████████████████████████████████████████▋                               | 236/360 [06:51<01:56,  1.07it/s]
 66%|███████████████████████████████████████████████████████████▉                               | 237/360 [06:51<01:55,  1.07it/s]
 66%|████████████████████████████████████████████████████████████▏                              | 238/360 [06:52<01:54,  1.07it/s]
 66%|████████████████████████████████████████████████████████████▍                              | 239/360 [06:53<01:53,  1.07it/s]
 67%|████████████████████████████████████████████████████████████▋                              | 240/360 [06:54<01:30,  1.33it/s]{'loss': '0.3523', 'grad_norm': '1.406', 'learning_rate': '2.091e-05', 'epoch': '7.513'}


Writing model shards:   0%|                                                                                 | 0/1 [00:00<?, ?it/s][A

Writing model shards: 100%|█████████████████████████████████████████████████████████████████████████| 1/1 [00:08<00:00,  8.05s/it][A
Writing model shards: 100%|█████████████████████████████████████████████████████████████████████████| 1/1 [00:08<00:00,  8.05s/it]

 67%|████████████████████████████████████████████████████████████▉                              | 241/360 [07:22<17:52,  9.01s/it]
 67%|█████████████████████████████████████████████████████████████▏                             | 242/360 [07:23<12:57,  6.59s/it]
 68%|█████████████████████████████████████████████████████████████▍                             | 243/360 [07:24<09:32,  4.89s/it]
 68%|█████████████████████████████████████████████████████████████▋                             | 244/360 [07:25<07:09,  3.70s/it]
 68%|█████████████████████████████████████████████████████████████▉                             | 245/360 [07:26<05:30,  2.87s/it]
 68%|██████████████████████████████████████████████████████████████▏                            | 246/360 [07:27<04:30,  2.37s/it]
 69%|██████████████████████████████████████████████████████████████▍                            | 247/360 [07:28<03:39,  1.94s/it]
 69%|██████████████████████████████████████████████████████████████▋                            | 248/360 [07:29<03:03,  1.64s/it]
 69%|██████████████████████████████████████████████████████████████▉                            | 249/360 [07:30<02:38,  1.43s/it]
 69%|███████████████████████████████████████████████████████████████▏                           | 250/360 [07:31<02:20,  1.28s/it]
                                                                                                                                  

 69%|███████████████████████████████████████████████████████████████▏                           | 250/360 [07:31<02:20,  1.28s/it]
 70%|███████████████████████████████████████████████████████████████▍                           | 251/360 [07:32<02:08,  1.18s/it]
 70%|███████████████████████████████████████████████████████████████▋                           | 252/360 [07:32<01:59,  1.10s/it]
 70%|███████████████████████████████████████████████████████████████▉                           | 253/360 [07:33<01:52,  1.05s/it]
 71%|████████████████████████████████████████████████████████████████▏                          | 254/360 [07:34<01:47,  1.02s/it]
 71%|████████████████████████████████████████████████████████████████▍                          | 255/360 [07:35<01:45,  1.00s/it]
 71%|████████████████████████████████████████████████████████████████▋                          | 256/360 [07:36<01:42,  1.02it/s]
 71%|████████████████████████████████████████████████████████████████▉                          | 257/360 [07:37<01:39,  1.03it/s]
 72%|█████████████████████████████████████████████████████████████████▏                         | 258/360 [07:38<01:37,  1.04it/s]
 72%|█████████████████████████████████████████████████████████████████▍                         | 259/360 [07:39<01:35,  1.05it/s]
 72%|█████████████████████████████████████████████████████████████████▋                         | 260/360 [07:40<01:34,  1.06it/s]
 72%|█████████████████████████████████████████████████████████████████▉                         | 261/360 [07:41<01:33,  1.06it/s]
 73%|██████████████████████████████████████████████████████████████████▏                        | 262/360 [07:42<01:32,  1.06it/s]
 73%|██████████████████████████████████████████████████████████████████▍                        | 263/360 [07:43<01:31,  1.06it/s]
 73%|██████████████████████████████████████████████████████████████████▋                        | 264/360 [07:44<01:30,  1.06it/s]
 74%|██████████████████████████████████████████████████████████████████▉                        | 265/360 [07:45<01:29,  1.06it/s]
 74%|███████████████████████████████████████████████████████████████████▏                       | 266/360 [07:46<01:35,  1.01s/it]
 74%|███████████████████████████████████████████████████████████████████▍                       | 267/360 [07:47<01:32,  1.01it/s]
 74%|███████████████████████████████████████████████████████████████████▋                       | 268/360 [07:48<01:29,  1.03it/s]
 75%|███████████████████████████████████████████████████████████████████▉                       | 269/360 [07:49<01:27,  1.04it/s]
 75%|████████████████████████████████████████████████████████████████████▎                      | 270/360 [07:49<01:09,  1.30it/s]{'loss': '0.3091', 'grad_norm': '1.194', 'learning_rate': '1.712e-05', 'epoch': '8.342'}


Writing model shards:   0%|                                                                                 | 0/1 [00:00<?, ?it/s][A

Writing model shards: 100%|█████████████████████████████████████████████████████████████████████████| 1/1 [00:08<00:00,  8.00s/it][A
Writing model shards: 100%|█████████████████████████████████████████████████████████████████████████| 1/1 [00:08<00:00,  8.00s/it]

 75%|████████████████████████████████████████████████████████████████████▌                      | 271/360 [08:17<13:16,  8.95s/it]
 76%|████████████████████████████████████████████████████████████████████▊                      | 272/360 [08:18<09:36,  6.55s/it]
 76%|█████████████████████████████████████████████████████████████████████                      | 273/360 [08:19<07:03,  4.86s/it]
 76%|█████████████████████████████████████████████████████████████████████▎                     | 274/360 [08:20<05:16,  3.68s/it]
 76%|█████████████████████████████████████████████████████████████████████▌                     | 275/360 [08:21<04:03,  2.86s/it]
                                                                                                                                  

 76%|█████████████████████████████████████████████████████████████████████▌                     | 275/360 [08:21<04:03,  2.86s/it]
 77%|█████████████████████████████████████████████████████████████████████▊                     | 276/360 [08:22<03:11,  2.28s/it]
 77%|██████████████████████████████████████████████████████████████████████                     | 277/360 [08:23<02:35,  1.88s/it]
 77%|██████████████████████████████████████████████████████████████████████▎                    | 278/360 [08:24<02:10,  1.60s/it]
 78%|██████████████████████████████████████████████████████████████████████▌                    | 279/360 [08:25<01:53,  1.40s/it]
 78%|██████████████████████████████████████████████████████████████████████▊                    | 280/360 [08:25<01:40,  1.26s/it]
 78%|███████████████████████████████████████████████████████████████████████                    | 281/360 [08:26<01:31,  1.16s/it]
 78%|███████████████████████████████████████████████████████████████████████▎                   | 282/360 [08:27<01:25,  1.09s/it]
 79%|███████████████████████████████████████████████████████████████████████▌                   | 283/360 [08:28<01:20,  1.04s/it]
 79%|███████████████████████████████████████████████████████████████████████▊                   | 284/360 [08:29<01:16,  1.01s/it]
 79%|████████████████████████████████████████████████████████████████████████                   | 285/360 [08:30<01:14,  1.01it/s]
 79%|████████████████████████████████████████████████████████████████████████▎                  | 286/360 [08:31<01:17,  1.05s/it]
 80%|████████████████████████████████████████████████████████████████████████▌                  | 287/360 [08:32<01:13,  1.01s/it]
 80%|████████████████████████████████████████████████████████████████████████▊                  | 288/360 [08:33<01:11,  1.01it/s]
 80%|█████████████████████████████████████████████████████████████████████████                  | 289/360 [08:34<01:08,  1.03it/s]
 81%|█████████████████████████████████████████████████████████████████████████▎                 | 290/360 [08:35<01:07,  1.04it/s]
 81%|█████████████████████████████████████████████████████████████████████████▌                 | 291/360 [08:36<01:06,  1.04it/s]
 81%|█████████████████████████████████████████████████████████████████████████▊                 | 292/360 [08:37<01:04,  1.05it/s]
 81%|██████████████████████████████████████████████████████████████████████████                 | 293/360 [08:38<01:03,  1.05it/s]
 82%|██████████████████████████████████████████████████████████████████████████▎                | 294/360 [08:39<01:02,  1.06it/s]
 82%|██████████████████████████████████████████████████████████████████████████▌                | 295/360 [08:40<01:01,  1.06it/s]
 82%|██████████████████████████████████████████████████████████████████████████▊                | 296/360 [08:41<01:00,  1.06it/s]
 82%|███████████████████████████████████████████████████████████████████████████                | 297/360 [08:42<00:59,  1.07it/s]
 83%|███████████████████████████████████████████████████████████████████████████▎               | 298/360 [08:43<00:58,  1.07it/s]
 83%|███████████████████████████████████████████████████████████████████████████▌               | 299/360 [08:44<00:57,  1.07it/s]
 83%|███████████████████████████████████████████████████████████████████████████▊               | 300/360 [08:44<00:45,  1.33it/s]
                                                                                                                                  

 83%|███████████████████████████████████████████████████████████████████████████▊               | 300/360 [08:44<00:45,  1.33it/s]{'loss': '0.269', 'grad_norm': '1.033', 'learning_rate': '1.333e-05', 'epoch': '9.171'}
{'loss': '0.2534', 'grad_norm': '6.077', 'learning_rate': '9.545e-06', 'epoch': '10'}


Writing model shards:   0%|                                                                                 | 0/1 [00:00<?, ?it/s][A

Writing model shards: 100%|█████████████████████████████████████████████████████████████████████████| 1/1 [00:07<00:00,  7.43s/it][A
Writing model shards: 100%|█████████████████████████████████████████████████████████████████████████| 1/1 [00:07<00:00,  7.43s/it]

 84%|████████████████████████████████████████████████████████████████████████████               | 301/360 [09:11<08:40,  8.82s/it]
 84%|████████████████████████████████████████████████████████████████████████████▎              | 302/360 [09:12<06:15,  6.47s/it]
 84%|████████████████████████████████████████████████████████████████████████████▌              | 303/360 [09:13<04:34,  4.81s/it]
 84%|████████████████████████████████████████████████████████████████████████████▊              | 304/360 [09:14<03:24,  3.65s/it]
 85%|█████████████████████████████████████████████████████████████████████████████              | 305/360 [09:15<02:36,  2.84s/it]
 85%|█████████████████████████████████████████████████████████████████████████████▎             | 306/360 [09:16<02:02,  2.27s/it]
 85%|█████████████████████████████████████████████████████████████████████████████▌             | 307/360 [09:17<01:43,  1.96s/it]
 86%|█████████████████████████████████████████████████████████████████████████████▊             | 308/360 [09:18<01:26,  1.65s/it]
 86%|██████████████████████████████████████████████████████████████████████████████             | 309/360 [09:19<01:13,  1.44s/it]
 86%|██████████████████████████████████████████████████████████████████████████████▎            | 310/360 [09:20<01:04,  1.30s/it]
 86%|██████████████████████████████████████████████████████████████████████████████▌            | 311/360 [09:21<00:58,  1.19s/it]
 87%|██████████████████████████████████████████████████████████████████████████████▊            | 312/360 [09:22<00:53,  1.12s/it]
 87%|███████████████████████████████████████████████████████████████████████████████            | 313/360 [09:23<00:50,  1.07s/it]
 87%|███████████████████████████████████████████████████████████████████████████████▎           | 314/360 [09:24<00:47,  1.03s/it]
 88%|███████████████████████████████████████████████████████████████████████████████▋           | 315/360 [09:25<00:45,  1.01s/it]
 88%|███████████████████████████████████████████████████████████████████████████████▉           | 316/360 [09:26<00:43,  1.01it/s]
 88%|████████████████████████████████████████████████████████████████████████████████▏          | 317/360 [09:27<00:42,  1.02it/s]
 88%|████████████████████████████████████████████████████████████████████████████████▍          | 318/360 [09:28<00:40,  1.03it/s]
 89%|████████████████████████████████████████████████████████████████████████████████▋          | 319/360 [09:29<00:39,  1.04it/s]
 89%|████████████████████████████████████████████████████████████████████████████████▉          | 320/360 [09:30<00:38,  1.04it/s]
 89%|█████████████████████████████████████████████████████████████████████████████████▏         | 321/360 [09:31<00:37,  1.05it/s]
 89%|█████████████████████████████████████████████████████████████████████████████████▍         | 322/360 [09:32<00:36,  1.05it/s]
 90%|█████████████████████████████████████████████████████████████████████████████████▋         | 323/360 [09:33<00:35,  1.05it/s]
 90%|█████████████████████████████████████████████████████████████████████████████████▉         | 324/360 [09:34<00:34,  1.05it/s]
 90%|██████████████████████████████████████████████████████████████████████████████████▏        | 325/360 [09:35<00:33,  1.06it/s]
                                                                                                                                  

 90%|██████████████████████████████████████████████████████████████████████████████████▏        | 325/360 [09:35<00:33,  1.06it/s]
 91%|██████████████████████████████████████████████████████████████████████████████████▍        | 326/360 [09:35<00:32,  1.06it/s]
 91%|██████████████████████████████████████████████████████████████████████████████████▋        | 327/360 [09:37<00:33,  1.02s/it]
 91%|██████████████████████████████████████████████████████████████████████████████████▉        | 328/360 [09:38<00:32,  1.00s/it]
 91%|███████████████████████████████████████████████████████████████████████████████████▏       | 329/360 [09:39<00:30,  1.02it/s]
 92%|███████████████████████████████████████████████████████████████████████████████████▍       | 330/360 [09:39<00:23,  1.27it/s]{'loss': '0.2184', 'grad_norm': '1.154', 'learning_rate': '5.758e-06', 'epoch': '10.85'}


Writing model shards:   0%|                                                                                 | 0/1 [00:00<?, ?it/s][A

Writing model shards: 100%|█████████████████████████████████████████████████████████████████████████| 1/1 [00:07<00:00,  7.97s/it][A
Writing model shards: 100%|█████████████████████████████████████████████████████████████████████████| 1/1 [00:07<00:00,  7.97s/it]

 92%|███████████████████████████████████████████████████████████████████████████████████▋       | 331/360 [10:06<04:16,  8.83s/it]
 92%|███████████████████████████████████████████████████████████████████████████████████▉       | 332/360 [10:07<03:00,  6.46s/it]
 92%|████████████████████████████████████████████████████████████████████████████████████▏      | 333/360 [10:08<02:09,  4.81s/it]
 93%|████████████████████████████████████████████████████████████████████████████████████▍      | 334/360 [10:09<01:34,  3.65s/it]
 93%|████████████████████████████████████████████████████████████████████████████████████▋      | 335/360 [10:10<01:11,  2.84s/it]
 93%|████████████████████████████████████████████████████████████████████████████████████▉      | 336/360 [10:11<00:54,  2.27s/it]
 94%|█████████████████████████████████████████████████████████████████████████████████████▏     | 337/360 [10:12<00:43,  1.88s/it]
 94%|█████████████████████████████████████████████████████████████████████████████████████▍     | 338/360 [10:13<00:35,  1.60s/it]
 94%|█████████████████████████████████████████████████████████████████████████████████████▋     | 339/360 [10:14<00:29,  1.40s/it]
 94%|█████████████████████████████████████████████████████████████████████████████████████▉     | 340/360 [10:15<00:25,  1.27s/it]
 95%|██████████████████████████████████████████████████████████████████████████████████████▏    | 341/360 [10:16<00:22,  1.17s/it]
 95%|██████████████████████████████████████████████████████████████████████████████████████▍    | 342/360 [10:17<00:19,  1.11s/it]
 95%|██████████████████████████████████████████████████████████████████████████████████████▋    | 343/360 [10:18<00:17,  1.06s/it]
 96%|██████████████████████████████████████████████████████████████████████████████████████▉    | 344/360 [10:19<00:16,  1.03s/it]
 96%|███████████████████████████████████████████████████████████████████████████████████████▏   | 345/360 [10:20<00:15,  1.00s/it]
 96%|███████████████████████████████████████████████████████████████████████████████████████▍   | 346/360 [10:21<00:13,  1.01it/s]
 96%|███████████████████████████████████████████████████████████████████████████████████████▋   | 347/360 [10:22<00:13,  1.05s/it]
 97%|███████████████████████████████████████████████████████████████████████████████████████▉   | 348/360 [10:23<00:12,  1.02s/it]
 97%|████████████████████████████████████████████████████████████████████████████████████████▏  | 349/360 [10:24<00:11,  1.00s/it]
 97%|████████████████████████████████████████████████████████████████████████████████████████▍  | 350/360 [10:25<00:09,  1.01it/s]
                                                                                                                                  

 97%|████████████████████████████████████████████████████████████████████████████████████████▍  | 350/360 [10:25<00:09,  1.01it/s]
 98%|████████████████████████████████████████████████████████████████████████████████████████▋  | 351/360 [10:26<00:08,  1.03it/s]
 98%|████████████████████████████████████████████████████████████████████████████████████████▉  | 352/360 [10:27<00:07,  1.03it/s]
 98%|█████████████████████████████████████████████████████████████████████████████████████████▏ | 353/360 [10:28<00:06,  1.04it/s]
 98%|█████████████████████████████████████████████████████████████████████████████████████████▍ | 354/360 [10:29<00:05,  1.04it/s]
 99%|█████████████████████████████████████████████████████████████████████████████████████████▋ | 355/360 [10:30<00:04,  1.04it/s]
 99%|█████████████████████████████████████████████████████████████████████████████████████████▉ | 356/360 [10:31<00:03,  1.05it/s]
 99%|██████████████████████████████████████████████████████████████████████████████████████████▏| 357/360 [10:31<00:02,  1.05it/s]
 99%|██████████████████████████████████████████████████████████████████████████████████████████▍| 358/360 [10:32<00:01,  1.05it/s]
100%|██████████████████████████████████████████████████████████████████████████████████████████▋| 359/360 [10:33<00:00,  1.05it/s]
100%|███████████████████████████████████████████████████████████████████████████████████████████| 360/360 [10:34<00:00,  1.31it/s]{'loss': '0.2049', 'grad_norm': '1.134', 'learning_rate': '1.97e-06', 'epoch': '11.68'}


Writing model shards:   0%|                                                                                 | 0/1 [00:00<?, ?it/s][A

Writing model shards: 100%|█████████████████████████████████████████████████████████████████████████| 1/1 [00:07<00:00,  7.90s/it][A
Writing model shards: 100%|█████████████████████████████████████████████████████████████████████████| 1/1 [00:07<00:00,  7.90s/it]

                                                                                                                                  

100%|███████████████████████████████████████████████████████████████████████████████████████████| 360/360 [11:01<00:00,  1.31it/s]
100%|███████████████████████████████████████████████████████████████████████████████████████████| 360/360 [11:01<00:00,  1.84s/it]
{'train_runtime': '661.1', 'train_samples_per_second': '8.44', 'train_steps_per_second': '0.545', 'train_loss': '0.7093', 'epoch': '12'}

  0%|                                                                                                      | 0/17 [00:00<?, ?it/s]
 18%|████████████████▌                                                                             | 3/17 [00:00<00:00, 29.71it/s]
 35%|█████████████████████████████████▏                                                            | 6/17 [00:00<00:00, 23.33it/s]
 53%|█████████████████████████████████████████████████▊                                            | 9/17 [00:00<00:00, 23.37it/s]
 71%|█████████████████████████████████████████████████████████████████▋                           | 12/17 [00:00<00:00, 23.41it/s]
 88%|██████████████████████████████████████████████████████████████████████████████████           | 15/17 [00:00<00:00, 23.41it/s]
100%|█████████████████████████████████████████████████████████████████████████████████████████████| 17/17 [00:00<00:00, 23.20it/s]

Writing model shards:   0%|                                                                                 | 0/1 [00:00<?, ?it/s]
Writing model shards: 100%|█████████████████████████████████████████████████████████████████████████| 1/1 [00:07<00:00,  7.52s/it]
Writing model shards: 100%|█████████████████████████████████████████████████████████████████████████| 1/1 [00:07<00:00,  7.52s/it]

Loading weights:   0%|                                                                                    | 0/772 [00:00<?, ?it/s]
Loading weights:   0%|▏                                                                           | 2/772 [00:00<00:51, 14.97it/s]
Loading weights:   3%|██▎                                                                       | 24/772 [00:00<00:06, 112.07it/s]
Loading weights:   7%|█████▏                                                                    | 54/772 [00:00<00:03, 187.32it/s]
Loading weights:  24%|█████████████████▏                                                       | 182/772 [00:00<00:01, 583.01it/s]
Loading weights:  38%|███████████████████████████▉                                             | 296/772 [00:00<00:00, 767.42it/s]
Loading weights:  55%|███████████████████████████████████████▉                                 | 422/772 [00:00<00:00, 925.25it/s]
Loading weights:  70%|██████████████████████████████████████████████████▋                     | 544/772 [00:00<00:00, 1017.81it/s]
Loading weights:  86%|█████████████████████████████████████████████████████████████▋          | 662/772 [00:00<00:00, 1057.90it/s]
Loading weights: 100%|█████████████████████████████████████████████████████████████████████████| 772/772 [00:00<00:00, 812.02it/s]

Loading weights:   0%|                                                                                    | 0/772 [00:00<?, ?it/s]
Loading weights:  11%|████████▏                                                                 | 86/772 [00:00<00:00, 832.56it/s]
Loading weights:  32%|██████████████████████▉                                                 | 246/772 [00:00<00:00, 1216.71it/s]
Loading weights:  51%|████████████████████████████████████▎                                   | 390/772 [00:00<00:00, 1308.17it/s]
Loading weights:  69%|█████████████████████████████████████████████████▊                      | 534/772 [00:00<00:00, 1345.07it/s]
Loading weights:  88%|███████████████████████████████████████████████████████████████▏        | 678/772 [00:00<00:00, 1354.19it/s]
Loading weights: 100%|████████████████████████████████████████████████████████████████████████| 772/772 [00:00<00:00, 1326.66it/s]

Loading weights:   0%|                                                                                    | 0/772 [00:00<?, ?it/s]
Loading weights:   5%|███▋                                                                      | 38/772 [00:00<00:02, 354.52it/s]
Loading weights:  11%|████████▍                                                                 | 88/772 [00:00<00:01, 419.49it/s]
Loading weights:  18%|████████████▊                                                            | 136/772 [00:00<00:01, 425.81it/s]
Loading weights:  24%|█████████████████▏                                                       | 182/772 [00:00<00:01, 425.78it/s]
Loading weights:  29%|█████████████████████▎                                                   | 225/772 [00:00<00:01, 413.40it/s]
Loading weights:  35%|█████████████████████████▏                                               | 267/772 [00:00<00:01, 395.03it/s]
Loading weights:  40%|█████████████████████████████▎                                           | 310/772 [00:00<00:01, 395.66it/s]
Loading weights:  45%|█████████████████████████████████                                        | 350/772 [00:00<00:01, 392.76it/s]
Loading weights:  51%|████████████████████████████████████▉                                    | 390/772 [00:00<00:00, 391.28it/s]
Loading weights:  56%|████████████████████████████████████████▋                                | 430/772 [00:01<00:00, 389.16it/s]
Loading weights:  61%|████████████████████████████████████████████▍                            | 470/772 [00:01<00:00, 388.52it/s]
Loading weights:  66%|████████████████████████████████████████████████▏                        | 509/772 [00:01<00:00, 387.70it/s]
Loading weights:  71%|████████████████████████████████████████████████████                     | 550/772 [00:01<00:00, 387.26it/s]
Loading weights:  76%|███████████████████████████████████████████████████████▋                 | 589/772 [00:01<00:00, 386.42it/s]
Loading weights:  82%|███████████████████████████████████████████████████████████▌             | 630/772 [00:01<00:00, 389.67it/s]
Loading weights:  87%|███████████████████████████████████████████████████████████████▎         | 670/772 [00:01<00:00, 390.42it/s]
Loading weights:  92%|███████████████████████████████████████████████████████████████████▏     | 710/772 [00:01<00:00, 391.64it/s]
Loading weights:  97%|██████████████████████████████████████████████████████████████████████▉  | 750/772 [00:01<00:00, 391.67it/s]
Loading weights: 100%|█████████████████████████████████████████████████████████████████████████| 772/772 [00:01<00:00, 396.83it/s]

Loading weights:   0%|                                                                                    | 0/772 [00:00<?, ?it/s]
Loading weights:   7%|█████▏                                                                    | 54/772 [00:00<00:01, 529.56it/s]
Loading weights:  18%|█████████████▎                                                           | 141/772 [00:00<00:00, 728.12it/s]
Loading weights:  28%|████████████████████▍                                                    | 216/772 [00:00<00:00, 722.04it/s]
Loading weights:  38%|███████████████████████████▉                                             | 296/772 [00:00<00:00, 734.54it/s]
Loading weights:  49%|███████████████████████████████████▌                                     | 376/772 [00:00<00:00, 742.55it/s]
Loading weights:  59%|██████████████████████████████████████████▉                              | 454/772 [00:00<00:00, 753.85it/s]
Loading weights:  69%|██████████████████████████████████████████████████                       | 530/772 [00:00<00:00, 746.54it/s]
Loading weights:  78%|█████████████████████████████████████████████████████████▏               | 605/772 [00:00<00:00, 738.70it/s]
Loading weights:  88%|████████████████████████████████████████████████████████████████▏        | 679/772 [00:00<00:00, 722.91it/s]
Loading weights:  97%|███████████████████████████████████████████████████████████████████████  | 752/772 [00:01<00:00, 706.88it/s]
Loading weights: 100%|█████████████████████████████████████████████████████████████████████████| 772/772 [00:01<00:00, 721.66it/s]
