<local-root>/miniconda3/lib/python3.13/site-packages/torch/cuda/__init__.py:61: FutureWarning: The pynvml package is deprecated. Please install nvidia-ml-py instead. If you did not install pynvml directly, please report this to the maintainers of the package that installed pynvml for you.
  import pynvml  # type: ignore[import]
Skipping import of cpp extensions due to incompatible torch version. Please upgrade to torch >= 2.11.0 (found 2.7.1+cu118).

Loading weights:   0%|                                                                                     | 0/76 [00:00<?, ?it/s]
Loading weights: 100%|█████████████████████████████████████████████████████████████████████████| 76/76 [00:00<00:00, 11211.17it/s]
[RANK 0] Detected kernel version 5.4.0, which is below the recommended minimum of 5.5.0; this can cause the process to hang. It is recommended to upgrade the kernel to the minimum version or higher.

  0%|                                                                                                     | 0/600 [00:00<?, ?it/s][transformers] `loss_type=None` was set in the config but it is unrecognized. Using the default loss: `ForCausalLMLoss`.

  0%|▏                                                                                            | 1/600 [00:00<02:45,  3.63it/s]
  0%|▍                                                                                            | 3/600 [00:00<01:16,  7.81it/s]
  1%|▊                                                                                            | 5/600 [00:00<00:56, 10.55it/s]
  1%|█                                                                                            | 7/600 [00:00<00:48, 12.24it/s]
  2%|█▍                                                                                           | 9/600 [00:00<00:43, 13.48it/s]
  2%|█▋                                                                                          | 11/600 [00:00<00:41, 14.31it/s]
  2%|█▉                                                                                          | 13/600 [00:01<00:39, 14.87it/s]
  2%|██▎                                                                                         | 15/600 [00:01<00:38, 15.20it/s]
  3%|██▌                                                                                         | 17/600 [00:01<00:37, 15.46it/s]
  3%|██▉                                                                                         | 19/600 [00:01<00:37, 15.66it/s]
  4%|███▏                                                                                        | 21/600 [00:01<00:36, 15.74it/s]
  4%|███▌                                                                                        | 23/600 [00:01<00:36, 15.66it/s]
  4%|███▊                                                                                        | 25/600 [00:01<00:36, 15.80it/s]
                                                                                                                                  

  4%|███▊                                                                                        | 25/600 [00:01<00:36, 15.80it/s]
  4%|████▏                                                                                       | 27/600 [00:01<00:36, 15.85it/s]
  5%|████▍                                                                                       | 29/600 [00:02<00:35, 15.94it/s]{'loss': '4.117', 'grad_norm': '6.229', 'learning_rate': '3.667e-05', 'epoch': '0.8475'}


Writing model shards:   0%|                                                                                 | 0/1 [00:00<?, ?it/s][A

Writing model shards: 100%|█████████████████████████████████████████████████████████████████████████| 1/1 [00:00<00:00,  2.32it/s][A
Writing model shards: 100%|█████████████████████████████████████████████████████████████████████████| 1/1 [00:00<00:00,  2.32it/s]

  5%|████▊                                                                                       | 31/600 [00:03<02:19,  4.09it/s]
  6%|█████                                                                                       | 33/600 [00:03<01:48,  5.25it/s]
  6%|█████▎                                                                                      | 35/600 [00:03<01:26,  6.54it/s]
  6%|█████▋                                                                                      | 37/600 [00:03<01:11,  7.92it/s]
  6%|█████▉                                                                                      | 39/600 [00:03<00:59,  9.35it/s]
  7%|██████▎                                                                                     | 41/600 [00:04<00:52, 10.70it/s]
  7%|██████▌                                                                                     | 43/600 [00:04<00:46, 11.87it/s]
  8%|██████▉                                                                                     | 45/600 [00:04<00:43, 12.87it/s]
  8%|███████▏                                                                                    | 47/600 [00:04<00:40, 13.69it/s]
  8%|███████▌                                                                                    | 49/600 [00:04<00:38, 14.16it/s]
                                                                                                                                  

  8%|███████▋                                                                                    | 50/600 [00:04<00:38, 14.16it/s]
  8%|███████▊                                                                                    | 51/600 [00:04<00:37, 14.60it/s]
  9%|████████▏                                                                                   | 53/600 [00:04<00:36, 14.94it/s]
  9%|████████▍                                                                                   | 55/600 [00:04<00:35, 15.25it/s]
 10%|████████▋                                                                                   | 57/600 [00:05<00:34, 15.51it/s]
 10%|█████████                                                                                   | 59/600 [00:05<00:34, 15.65it/s]{'loss': '2.665', 'grad_norm': '5.15', 'learning_rate': '4.851e-05', 'epoch': '1.678'}


Writing model shards:   0%|                                                                                 | 0/1 [00:00<?, ?it/s][A

Writing model shards: 100%|█████████████████████████████████████████████████████████████████████████| 1/1 [00:00<00:00,  2.20it/s][A
Writing model shards: 100%|█████████████████████████████████████████████████████████████████████████| 1/1 [00:00<00:00,  2.19it/s]

 10%|█████████▎                                                                                  | 61/600 [00:06<02:12,  4.07it/s]
 10%|█████████▋                                                                                  | 63/600 [00:06<01:42,  5.25it/s]
 11%|█████████▉                                                                                  | 65/600 [00:06<01:21,  6.59it/s]
 11%|██████████▎                                                                                 | 67/600 [00:06<01:06,  8.01it/s]
 12%|██████████▌                                                                                 | 69/600 [00:06<00:56,  9.42it/s]
 12%|██████████▉                                                                                 | 71/600 [00:07<00:49, 10.75it/s]
 12%|███████████▏                                                                                | 73/600 [00:07<00:44, 11.93it/s]
 12%|███████████▌                                                                                | 75/600 [00:07<00:40, 12.92it/s]
                                                                                                                                  

 12%|███████████▌                                                                                | 75/600 [00:07<00:40, 12.92it/s]
 13%|███████████▊                                                                                | 77/600 [00:07<00:38, 13.71it/s]
 13%|████████████                                                                                | 79/600 [00:07<00:36, 14.30it/s]
 14%|████████████▍                                                                               | 81/600 [00:07<00:35, 14.79it/s]
 14%|████████████▋                                                                               | 83/600 [00:07<00:34, 15.18it/s]
 14%|█████████████                                                                               | 85/600 [00:07<00:33, 15.33it/s]
 14%|█████████████▎                                                                              | 87/600 [00:08<00:32, 15.59it/s]
 15%|█████████████▋                                                                              | 89/600 [00:08<00:32, 15.74it/s]{'loss': '1.954', 'grad_norm': '5.181', 'learning_rate': '4.632e-05', 'epoch': '2.508'}


Writing model shards:   0%|                                                                                 | 0/1 [00:00<?, ?it/s][A

Writing model shards: 100%|█████████████████████████████████████████████████████████████████████████| 1/1 [00:00<00:00,  1.95it/s][A
Writing model shards: 100%|█████████████████████████████████████████████████████████████████████████| 1/1 [00:00<00:00,  1.95it/s]

 15%|█████████████▉                                                                              | 91/600 [00:09<02:25,  3.49it/s]
 16%|██████████████▎                                                                             | 93/600 [00:09<01:51,  4.57it/s]
 16%|██████████████▌                                                                             | 95/600 [00:10<01:26,  5.82it/s]
 16%|██████████████▊                                                                             | 97/600 [00:10<01:09,  7.20it/s]
 16%|███████████████▏                                                                            | 99/600 [00:10<00:58,  8.62it/s]
                                                                                                                                  

 17%|███████████████▏                                                                           | 100/600 [00:10<00:58,  8.62it/s]
 17%|███████████████▎                                                                           | 101/600 [00:10<00:49, 10.01it/s]
 17%|███████████████▌                                                                           | 103/600 [00:10<00:44, 11.29it/s]
 18%|███████████████▉                                                                           | 105/600 [00:10<00:39, 12.40it/s]
 18%|████████████████▏                                                                          | 107/600 [00:10<00:37, 13.16it/s]
 18%|████████████████▌                                                                          | 109/600 [00:10<00:35, 13.93it/s]
 18%|████████████████▊                                                                          | 111/600 [00:11<00:33, 14.54it/s]
 19%|█████████████████▏                                                                         | 113/600 [00:11<00:32, 14.97it/s]
 19%|█████████████████▍                                                                         | 115/600 [00:11<00:31, 15.29it/s]
 20%|█████████████████▋                                                                         | 117/600 [00:11<00:31, 15.52it/s]
 20%|██████████████████                                                                         | 119/600 [00:11<00:30, 15.68it/s]{'loss': '1.818', 'grad_norm': '5.416', 'learning_rate': '4.421e-05', 'epoch': '3.339'}


Writing model shards:   0%|                                                                                 | 0/1 [00:00<?, ?it/s][A

Writing model shards: 100%|█████████████████████████████████████████████████████████████████████████| 1/1 [00:00<00:00,  2.51it/s][A
Writing model shards: 100%|█████████████████████████████████████████████████████████████████████████| 1/1 [00:00<00:00,  2.51it/s]

 20%|██████████████████▎                                                                        | 121/600 [00:13<02:02,  3.91it/s]
 20%|██████████████████▋                                                                        | 123/600 [00:13<01:34,  5.06it/s]
 21%|██████████████████▉                                                                        | 125/600 [00:13<01:14,  6.36it/s]
                                                                                                                                  

 21%|██████████████████▉                                                                        | 125/600 [00:13<01:14,  6.36it/s]
 21%|███████████████████▎                                                                       | 127/600 [00:13<01:00,  7.76it/s]
 22%|███████████████████▌                                                                       | 129/600 [00:13<00:51,  9.20it/s]
 22%|███████████████████▊                                                                       | 131/600 [00:13<00:44, 10.54it/s]
 22%|████████████████████▏                                                                      | 133/600 [00:13<00:39, 11.76it/s]
 22%|████████████████████▍                                                                      | 135/600 [00:13<00:36, 12.73it/s]
 23%|████████████████████▊                                                                      | 137/600 [00:14<00:34, 13.60it/s]
 23%|█████████████████████                                                                      | 139/600 [00:14<00:32, 14.27it/s]
 24%|█████████████████████▍                                                                     | 141/600 [00:14<00:31, 14.77it/s]
 24%|█████████████████████▋                                                                     | 143/600 [00:14<00:30, 15.01it/s]
 24%|█████████████████████▉                                                                     | 145/600 [00:14<00:29, 15.34it/s]
 24%|██████████████████████▎                                                                    | 147/600 [00:14<00:29, 15.57it/s]
 25%|██████████████████████▌                                                                    | 149/600 [00:14<00:28, 15.74it/s]
                                                                                                                                  

 25%|██████████████████████▊                                                                    | 150/600 [00:14<00:28, 15.74it/s]{'loss': '1.601', 'grad_norm': '7.758', 'learning_rate': '4.211e-05', 'epoch': '4.169'}
{'loss': '1.536', 'grad_norm': '20.18', 'learning_rate': '3.991e-05', 'epoch': '5'}


Writing model shards:   0%|                                                                                 | 0/1 [00:00<?, ?it/s][A

Writing model shards: 100%|█████████████████████████████████████████████████████████████████████████| 1/1 [00:00<00:00,  2.27it/s][A
Writing model shards: 100%|█████████████████████████████████████████████████████████████████████████| 1/1 [00:00<00:00,  2.27it/s]

 25%|██████████████████████▉                                                                    | 151/600 [00:16<01:58,  3.80it/s]
 26%|███████████████████████▏                                                                   | 153/600 [00:16<01:30,  4.94it/s]
 26%|███████████████████████▌                                                                   | 155/600 [00:16<01:11,  6.24it/s]
 26%|███████████████████████▊                                                                   | 157/600 [00:16<00:57,  7.64it/s]
 26%|████████████████████████                                                                   | 159/600 [00:16<00:48,  9.07it/s]
 27%|████████████████████████▍                                                                  | 161/600 [00:16<00:42, 10.44it/s]
 27%|████████████████████████▋                                                                  | 163/600 [00:16<00:37, 11.68it/s]
 28%|█████████████████████████                                                                  | 165/600 [00:17<00:34, 12.73it/s]
 28%|█████████████████████████▎                                                                 | 167/600 [00:17<00:31, 13.59it/s]
 28%|█████████████████████████▋                                                                 | 169/600 [00:17<00:30, 14.17it/s]
 28%|█████████████████████████▉                                                                 | 171/600 [00:17<00:29, 14.71it/s]
 29%|██████████████████████████▏                                                                | 173/600 [00:17<00:28, 15.12it/s]
 29%|██████████████████████████▌                                                                | 175/600 [00:17<00:27, 15.42it/s]
                                                                                                                                  

 29%|██████████████████████████▌                                                                | 175/600 [00:17<00:27, 15.42it/s]
 30%|██████████████████████████▊                                                                | 177/600 [00:17<00:27, 15.61it/s]
 30%|███████████████████████████▏                                                               | 179/600 [00:17<00:26, 15.76it/s]{'loss': '1.467', 'grad_norm': '5.906', 'learning_rate': '3.772e-05', 'epoch': '5.847'}


Writing model shards:   0%|                                                                                 | 0/1 [00:00<?, ?it/s][A

Writing model shards: 100%|█████████████████████████████████████████████████████████████████████████| 1/1 [00:00<00:00,  1.93it/s][A
Writing model shards: 100%|█████████████████████████████████████████████████████████████████████████| 1/1 [00:00<00:00,  1.92it/s]

 30%|███████████████████████████▍                                                               | 181/600 [00:19<02:02,  3.43it/s]
 30%|███████████████████████████▊                                                               | 183/600 [00:19<01:32,  4.49it/s]
 31%|████████████████████████████                                                               | 185/600 [00:19<01:12,  5.71it/s]
 31%|████████████████████████████▎                                                              | 187/600 [00:19<00:58,  7.06it/s]
 32%|████████████████████████████▋                                                              | 189/600 [00:20<00:48,  8.49it/s]
 32%|████████████████████████████▉                                                              | 191/600 [00:20<00:41,  9.90it/s]
 32%|█████████████████████████████▎                                                             | 193/600 [00:20<00:36, 11.19it/s]
 32%|█████████████████████████████▌                                                             | 195/600 [00:20<00:32, 12.33it/s]
 33%|█████████████████████████████▉                                                             | 197/600 [00:20<00:30, 13.27it/s]
 33%|██████████████████████████████▏                                                            | 199/600 [00:20<00:28, 14.02it/s]
                                                                                                                                  

 33%|██████████████████████████████▎                                                            | 200/600 [00:20<00:28, 14.02it/s]
 34%|██████████████████████████████▍                                                            | 201/600 [00:20<00:27, 14.59it/s]
 34%|██████████████████████████████▊                                                            | 203/600 [00:20<00:26, 15.03it/s]
 34%|███████████████████████████████                                                            | 205/600 [00:21<00:25, 15.36it/s]
 34%|███████████████████████████████▍                                                           | 207/600 [00:21<00:25, 15.60it/s]
 35%|███████████████████████████████▋                                                           | 209/600 [00:21<00:24, 15.76it/s]{'loss': '1.414', 'grad_norm': '6.697', 'learning_rate': '3.553e-05', 'epoch': '6.678'}


Writing model shards:   0%|                                                                                 | 0/1 [00:00<?, ?it/s][A

Writing model shards: 100%|█████████████████████████████████████████████████████████████████████████| 1/1 [00:00<00:00,  2.47it/s][A
Writing model shards: 100%|█████████████████████████████████████████████████████████████████████████| 1/1 [00:00<00:00,  2.46it/s]

 35%|████████████████████████████████                                                           | 211/600 [00:22<01:39,  3.90it/s]
 36%|████████████████████████████████▎                                                          | 213/600 [00:22<01:16,  5.05it/s]
 36%|████████████████████████████████▌                                                          | 215/600 [00:22<01:00,  6.36it/s]
 36%|████████████████████████████████▉                                                          | 217/600 [00:23<00:49,  7.77it/s]
 36%|█████████████████████████████████▏                                                         | 219/600 [00:23<00:41,  9.20it/s]
 37%|█████████████████████████████████▌                                                         | 221/600 [00:23<00:35, 10.56it/s]
 37%|█████████████████████████████████▊                                                         | 223/600 [00:23<00:32, 11.78it/s]
 38%|██████████████████████████████████▏                                                        | 225/600 [00:23<00:29, 12.83it/s]
                                                                                                                                  

 38%|██████████████████████████████████▏                                                        | 225/600 [00:23<00:29, 12.83it/s]
 38%|██████████████████████████████████▍                                                        | 227/600 [00:23<00:27, 13.67it/s]
 38%|██████████████████████████████████▋                                                        | 229/600 [00:23<00:25, 14.32it/s]
 38%|███████████████████████████████████                                                        | 231/600 [00:23<00:24, 14.82it/s]
 39%|███████████████████████████████████▎                                                       | 233/600 [00:24<00:24, 15.20it/s]
 39%|███████████████████████████████████▋                                                       | 235/600 [00:24<00:23, 15.47it/s]
 40%|███████████████████████████████████▉                                                       | 237/600 [00:24<00:23, 15.63it/s]
 40%|████████████████████████████████████▏                                                      | 239/600 [00:24<00:22, 15.79it/s]{'loss': '1.318', 'grad_norm': '5.507', 'learning_rate': '3.333e-05', 'epoch': '7.508'}


Writing model shards:   0%|                                                                                 | 0/1 [00:00<?, ?it/s][A

Writing model shards: 100%|█████████████████████████████████████████████████████████████████████████| 1/1 [00:00<00:00,  2.12it/s][A
Writing model shards: 100%|█████████████████████████████████████████████████████████████████████████| 1/1 [00:00<00:00,  2.12it/s]

 40%|████████████████████████████████████▌                                                      | 241/600 [00:26<01:49,  3.29it/s]
 40%|████████████████████████████████████▊                                                      | 243/600 [00:26<01:22,  4.33it/s]
 41%|█████████████████████████████████████▏                                                     | 245/600 [00:26<01:04,  5.54it/s]
 41%|█████████████████████████████████████▍                                                     | 247/600 [00:26<00:51,  6.90it/s]
 42%|█████████████████████████████████████▊                                                     | 249/600 [00:26<00:42,  8.33it/s]
                                                                                                                                  

 42%|█████████████████████████████████████▉                                                     | 250/600 [00:26<00:42,  8.33it/s]
 42%|██████████████████████████████████████                                                     | 251/600 [00:26<00:35,  9.74it/s]
 42%|██████████████████████████████████████▎                                                    | 253/600 [00:26<00:31, 11.06it/s]
 42%|██████████████████████████████████████▋                                                    | 255/600 [00:27<00:28, 12.22it/s]
 43%|██████████████████████████████████████▉                                                    | 257/600 [00:27<00:26, 13.18it/s]
 43%|███████████████████████████████████████▎                                                   | 259/600 [00:27<00:24, 13.96it/s]
 44%|███████████████████████████████████████▌                                                   | 261/600 [00:27<00:23, 14.55it/s]
 44%|███████████████████████████████████████▉                                                   | 263/600 [00:27<00:22, 14.99it/s]
 44%|████████████████████████████████████████▏                                                  | 265/600 [00:27<00:21, 15.33it/s]
 44%|████████████████████████████████████████▍                                                  | 267/600 [00:27<00:21, 15.57it/s]
 45%|████████████████████████████████████████▊                                                  | 269/600 [00:27<00:21, 15.74it/s]{'loss': '1.322', 'grad_norm': '6.594', 'learning_rate': '3.114e-05', 'epoch': '8.339'}


Writing model shards:   0%|                                                                                 | 0/1 [00:00<?, ?it/s][A

Writing model shards: 100%|█████████████████████████████████████████████████████████████████████████| 1/1 [00:00<00:00,  1.55it/s][A
Writing model shards: 100%|█████████████████████████████████████████████████████████████████████████| 1/1 [00:00<00:00,  1.55it/s]

 45%|█████████████████████████████████████████                                                  | 271/600 [00:29<01:35,  3.45it/s]
 46%|█████████████████████████████████████████▍                                                 | 273/600 [00:29<01:12,  4.51it/s]
 46%|█████████████████████████████████████████▋                                                 | 275/600 [00:29<00:56,  5.75it/s]
                                                                                                                                  

 46%|█████████████████████████████████████████▋                                                 | 275/600 [00:29<00:56,  5.75it/s]
 46%|██████████████████████████████████████████                                                 | 277/600 [00:29<00:45,  7.13it/s]
 46%|██████████████████████████████████████████▎                                                | 279/600 [00:30<00:37,  8.56it/s]
 47%|██████████████████████████████████████████▌                                                | 281/600 [00:30<00:32,  9.96it/s]
 47%|██████████████████████████████████████████▉                                                | 283/600 [00:30<00:28, 11.26it/s]
 48%|███████████████████████████████████████████▏                                               | 285/600 [00:30<00:25, 12.38it/s]
 48%|███████████████████████████████████████████▌                                               | 287/600 [00:30<00:23, 13.31it/s]
 48%|███████████████████████████████████████████▊                                               | 289/600 [00:30<00:22, 14.04it/s]
 48%|████████████████████████████████████████████▏                                              | 291/600 [00:30<00:21, 14.61it/s]
 49%|████████████████████████████████████████████▍                                              | 293/600 [00:30<00:20, 15.03it/s]
 49%|████████████████████████████████████████████▋                                              | 295/600 [00:31<00:19, 15.34it/s]
 50%|█████████████████████████████████████████████                                              | 297/600 [00:31<00:19, 15.57it/s]
 50%|█████████████████████████████████████████████▎                                             | 299/600 [00:31<00:19, 15.74it/s]
                                                                                                                                  

 50%|█████████████████████████████████████████████▌                                             | 300/600 [00:31<00:19, 15.74it/s]{'loss': '1.263', 'grad_norm': '5.706', 'learning_rate': '2.895e-05', 'epoch': '9.169'}
{'loss': '1.26', 'grad_norm': '31.06', 'learning_rate': '2.675e-05', 'epoch': '10'}


Writing model shards:   0%|                                                                                 | 0/1 [00:00<?, ?it/s][A

Writing model shards: 100%|█████████████████████████████████████████████████████████████████████████| 1/1 [00:00<00:00,  2.52it/s][A
Writing model shards: 100%|█████████████████████████████████████████████████████████████████████████| 1/1 [00:00<00:00,  2.51it/s]

 50%|█████████████████████████████████████████████▋                                             | 301/600 [00:32<01:13,  4.07it/s]
 50%|█████████████████████████████████████████████▉                                             | 303/600 [00:32<00:56,  5.24it/s]
 51%|██████████████████████████████████████████████▎                                            | 305/600 [00:32<00:44,  6.58it/s]
 51%|██████████████████████████████████████████████▌                                            | 307/600 [00:33<00:36,  8.00it/s]
 52%|██████████████████████████████████████████████▊                                            | 309/600 [00:33<00:30,  9.43it/s]
 52%|███████████████████████████████████████████████▏                                           | 311/600 [00:33<00:26, 10.77it/s]
 52%|███████████████████████████████████████████████▍                                           | 313/600 [00:33<00:23, 11.96it/s]
 52%|███████████████████████████████████████████████▊                                           | 315/600 [00:33<00:21, 12.97it/s]
 53%|████████████████████████████████████████████████                                           | 317/600 [00:33<00:20, 13.78it/s]
 53%|████████████████████████████████████████████████▍                                          | 319/600 [00:33<00:19, 14.42it/s]
 54%|████████████████████████████████████████████████▋                                          | 321/600 [00:33<00:18, 14.90it/s]
 54%|████████████████████████████████████████████████▉                                          | 323/600 [00:34<00:18, 15.26it/s]
 54%|█████████████████████████████████████████████████▎                                         | 325/600 [00:34<00:17, 15.52it/s]
                                                                                                                                  

 54%|█████████████████████████████████████████████████▎                                         | 325/600 [00:34<00:17, 15.52it/s]
 55%|█████████████████████████████████████████████████▌                                         | 327/600 [00:34<00:17, 15.70it/s]
 55%|█████████████████████████████████████████████████▉                                         | 329/600 [00:34<00:17, 15.82it/s]{'loss': '1.221', 'grad_norm': '5.719', 'learning_rate': '2.456e-05', 'epoch': '10.85'}


Writing model shards:   0%|                                                                                 | 0/1 [00:00<?, ?it/s][A

Writing model shards: 100%|█████████████████████████████████████████████████████████████████████████| 1/1 [00:00<00:00,  2.64it/s][A
Writing model shards: 100%|█████████████████████████████████████████████████████████████████████████| 1/1 [00:00<00:00,  2.63it/s]

 55%|██████████████████████████████████████████████████▏                                        | 331/600 [00:35<01:03,  4.23it/s]
 56%|██████████████████████████████████████████████████▌                                        | 333/600 [00:35<00:49,  5.43it/s]
 56%|██████████████████████████████████████████████████▊                                        | 335/600 [00:35<00:39,  6.78it/s]
 56%|███████████████████████████████████████████████████                                        | 337/600 [00:36<00:32,  8.21it/s]
 56%|███████████████████████████████████████████████████▍                                       | 339/600 [00:36<00:27,  9.63it/s]
 57%|███████████████████████████████████████████████████▋                                       | 341/600 [00:36<00:23, 10.96it/s]
 57%|████████████████████████████████████████████████████                                       | 343/600 [00:36<00:21, 12.12it/s]
 57%|████████████████████████████████████████████████████▎                                      | 345/600 [00:36<00:19, 13.10it/s]
 58%|████████████████████████████████████████████████████▋                                      | 347/600 [00:36<00:18, 13.89it/s]
 58%|████████████████████████████████████████████████████▉                                      | 349/600 [00:36<00:17, 14.50it/s]
                                                                                                                                  

 58%|█████████████████████████████████████████████████████                                      | 350/600 [00:36<00:17, 14.50it/s]
 58%|█████████████████████████████████████████████████████▏                                     | 351/600 [00:36<00:16, 14.95it/s]
 59%|█████████████████████████████████████████████████████▌                                     | 353/600 [00:37<00:16, 15.29it/s]
 59%|█████████████████████████████████████████████████████▊                                     | 355/600 [00:37<00:15, 15.53it/s]
 60%|██████████████████████████████████████████████████████▏                                    | 357/600 [00:37<00:15, 15.70it/s]
 60%|██████████████████████████████████████████████████████▍                                    | 359/600 [00:37<00:15, 15.81it/s]{'loss': '1.188', 'grad_norm': '5.393', 'learning_rate': '2.237e-05', 'epoch': '11.68'}


Writing model shards:   0%|                                                                                 | 0/1 [00:00<?, ?it/s][A

Writing model shards: 100%|█████████████████████████████████████████████████████████████████████████| 1/1 [00:00<00:00,  2.45it/s][A
Writing model shards: 100%|█████████████████████████████████████████████████████████████████████████| 1/1 [00:00<00:00,  2.45it/s]

 60%|██████████████████████████████████████████████████████▊                                    | 361/600 [00:39<01:08,  3.49it/s]
 60%|███████████████████████████████████████████████████████                                    | 363/600 [00:39<00:52,  4.56it/s]
 61%|███████████████████████████████████████████████████████▎                                   | 365/600 [00:39<00:40,  5.81it/s]
 61%|███████████████████████████████████████████████████████▋                                   | 367/600 [00:39<00:32,  7.19it/s]
 62%|███████████████████████████████████████████████████████▉                                   | 369/600 [00:39<00:26,  8.62it/s]
 62%|████████████████████████████████████████████████████████▎                                  | 371/600 [00:39<00:22,  9.99it/s]
 62%|████████████████████████████████████████████████████████▌                                  | 373/600 [00:39<00:20, 11.27it/s]
 62%|████████████████████████████████████████████████████████▉                                  | 375/600 [00:39<00:18, 12.36it/s]
                                                                                                                                  

 62%|████████████████████████████████████████████████████████▉                                  | 375/600 [00:39<00:18, 12.36it/s]
 63%|█████████████████████████████████████████████████████████▏                                 | 377/600 [00:40<00:16, 13.28it/s]
 63%|█████████████████████████████████████████████████████████▍                                 | 379/600 [00:40<00:15, 14.03it/s]
 64%|█████████████████████████████████████████████████████████▊                                 | 381/600 [00:40<00:15, 14.56it/s]
 64%|██████████████████████████████████████████████████████████                                 | 383/600 [00:40<00:17, 12.15it/s]
 64%|██████████████████████████████████████████████████████████▍                                | 385/600 [00:40<00:16, 13.11it/s]
 64%|██████████████████████████████████████████████████████████▋                                | 387/600 [00:40<00:15, 13.87it/s]
 65%|██████████████████████████████████████████████████████████▉                                | 389/600 [00:40<00:14, 14.48it/s]{'loss': '1.12', 'grad_norm': '5.32', 'learning_rate': '2.018e-05', 'epoch': '12.51'}


Writing model shards:   0%|                                                                                 | 0/1 [00:00<?, ?it/s][A

Writing model shards: 100%|█████████████████████████████████████████████████████████████████████████| 1/1 [00:00<00:00,  2.90it/s][A
Writing model shards: 100%|█████████████████████████████████████████████████████████████████████████| 1/1 [00:00<00:00,  2.90it/s]

 65%|███████████████████████████████████████████████████████████▎                               | 391/600 [00:42<00:51,  4.05it/s]
 66%|███████████████████████████████████████████████████████████▌                               | 393/600 [00:42<00:39,  5.22it/s]
 66%|███████████████████████████████████████████████████████████▉                               | 395/600 [00:42<00:31,  6.54it/s]
 66%|████████████████████████████████████████████████████████████▏                              | 397/600 [00:42<00:25,  7.97it/s]
 66%|████████████████████████████████████████████████████████████▌                              | 399/600 [00:42<00:21,  9.39it/s]
                                                                                                                                  

 67%|████████████████████████████████████████████████████████████▋                              | 400/600 [00:42<00:21,  9.39it/s]
 67%|████████████████████████████████████████████████████████████▊                              | 401/600 [00:42<00:18, 10.73it/s]
 67%|█████████████████████████████████████████████████████████████                              | 403/600 [00:42<00:16, 11.93it/s]
 68%|█████████████████████████████████████████████████████████████▍                             | 405/600 [00:43<00:15, 12.93it/s]
 68%|█████████████████████████████████████████████████████████████▋                             | 407/600 [00:43<00:14, 13.76it/s]
 68%|██████████████████████████████████████████████████████████████                             | 409/600 [00:43<00:13, 14.41it/s]
 68%|██████████████████████████████████████████████████████████████▎                            | 411/600 [00:43<00:12, 14.90it/s]
 69%|██████████████████████████████████████████████████████████████▋                            | 413/600 [00:43<00:12, 15.27it/s]
 69%|██████████████████████████████████████████████████████████████▉                            | 415/600 [00:43<00:11, 15.52it/s]
 70%|███████████████████████████████████████████████████████████████▏                           | 417/600 [00:43<00:11, 15.71it/s]
 70%|███████████████████████████████████████████████████████████████▌                           | 419/600 [00:43<00:11, 15.84it/s]{'loss': '1.143', 'grad_norm': '6.146', 'learning_rate': '1.798e-05', 'epoch': '13.34'}


Writing model shards:   0%|                                                                                 | 0/1 [00:00<?, ?it/s][A

Writing model shards: 100%|█████████████████████████████████████████████████████████████████████████| 1/1 [00:00<00:00,  2.42it/s][A
Writing model shards: 100%|█████████████████████████████████████████████████████████████████████████| 1/1 [00:00<00:00,  2.42it/s]

 70%|███████████████████████████████████████████████████████████████▊                           | 421/600 [00:45<00:45,  3.90it/s]
 70%|████████████████████████████████████████████████████████████████▏                          | 423/600 [00:45<00:35,  5.03it/s]
 71%|████████████████████████████████████████████████████████████████▍                          | 425/600 [00:45<00:27,  6.33it/s]
                                                                                                                                  

 71%|████████████████████████████████████████████████████████████████▍                          | 425/600 [00:45<00:27,  6.33it/s]
 71%|████████████████████████████████████████████████████████████████▊                          | 427/600 [00:45<00:22,  7.72it/s]
 72%|█████████████████████████████████████████████████████████████████                          | 429/600 [00:45<00:18,  9.15it/s]
 72%|█████████████████████████████████████████████████████████████████▎                         | 431/600 [00:45<00:16, 10.48it/s]
 72%|█████████████████████████████████████████████████████████████████▋                         | 433/600 [00:46<00:14, 11.65it/s]
 72%|█████████████████████████████████████████████████████████████████▉                         | 435/600 [00:46<00:12, 12.69it/s]
 73%|██████████████████████████████████████████████████████████████████▎                        | 437/600 [00:46<00:12, 13.54it/s]
 73%|██████████████████████████████████████████████████████████████████▌                        | 439/600 [00:46<00:11, 14.18it/s]
 74%|██████████████████████████████████████████████████████████████████▉                        | 441/600 [00:46<00:10, 14.69it/s]
 74%|███████████████████████████████████████████████████████████████████▏                       | 443/600 [00:46<00:10, 15.10it/s]
 74%|███████████████████████████████████████████████████████████████████▍                       | 445/600 [00:46<00:10, 15.38it/s]
 74%|███████████████████████████████████████████████████████████████████▊                       | 447/600 [00:46<00:09, 15.61it/s]
 75%|████████████████████████████████████████████████████████████████████                       | 449/600 [00:47<00:09, 15.71it/s]
                                                                                                                                  

 75%|████████████████████████████████████████████████████████████████████▎                      | 450/600 [00:47<00:09, 15.71it/s]{'loss': '1.109', 'grad_norm': '5.034', 'learning_rate': '1.579e-05', 'epoch': '14.17'}
{'loss': '1.059', 'grad_norm': '13.48', 'learning_rate': '1.36e-05', 'epoch': '15'}


Writing model shards:   0%|                                                                                 | 0/1 [00:00<?, ?it/s][A

Writing model shards: 100%|█████████████████████████████████████████████████████████████████████████| 1/1 [00:00<00:00,  2.12it/s][A
Writing model shards: 100%|█████████████████████████████████████████████████████████████████████████| 1/1 [00:00<00:00,  2.12it/s]

 75%|████████████████████████████████████████████████████████████████████▍                      | 451/600 [00:48<00:44,  3.36it/s]
 76%|████████████████████████████████████████████████████████████████████▋                      | 453/600 [00:48<00:33,  4.40it/s]
 76%|█████████████████████████████████████████████████████████████████████                      | 455/600 [00:49<00:25,  5.63it/s]
 76%|█████████████████████████████████████████████████████████████████████▎                     | 457/600 [00:49<00:20,  6.98it/s]
 76%|█████████████████████████████████████████████████████████████████████▌                     | 459/600 [00:49<00:16,  8.41it/s]
 77%|█████████████████████████████████████████████████████████████████████▉                     | 461/600 [00:49<00:14,  9.83it/s]
 77%|██████████████████████████████████████████████████████████████████████▏                    | 463/600 [00:49<00:12, 11.10it/s]
 78%|██████████████████████████████████████████████████████████████████████▌                    | 465/600 [00:49<00:11, 12.24it/s]
 78%|██████████████████████████████████████████████████████████████████████▊                    | 467/600 [00:49<00:10, 13.18it/s]
 78%|███████████████████████████████████████████████████████████████████████▏                   | 469/600 [00:49<00:09, 13.93it/s]
 78%|███████████████████████████████████████████████████████████████████████▍                   | 471/600 [00:50<00:08, 14.53it/s]
 79%|███████████████████████████████████████████████████████████████████████▋                   | 473/600 [00:50<00:08, 15.00it/s]
 79%|████████████████████████████████████████████████████████████████████████                   | 475/600 [00:50<00:08, 15.32it/s]
                                                                                                                                  

 79%|████████████████████████████████████████████████████████████████████████                   | 475/600 [00:50<00:08, 15.32it/s]
 80%|████████████████████████████████████████████████████████████████████████▎                  | 477/600 [00:50<00:07, 15.54it/s]
 80%|████████████████████████████████████████████████████████████████████████▋                  | 479/600 [00:50<00:07, 15.73it/s]{'loss': '1.096', 'grad_norm': '5.531', 'learning_rate': '1.14e-05', 'epoch': '15.85'}


Writing model shards:   0%|                                                                                 | 0/1 [00:00<?, ?it/s][A

Writing model shards: 100%|█████████████████████████████████████████████████████████████████████████| 1/1 [00:00<00:00,  2.42it/s][A
Writing model shards: 100%|█████████████████████████████████████████████████████████████████████████| 1/1 [00:00<00:00,  2.42it/s]

 80%|████████████████████████████████████████████████████████████████████████▉                  | 481/600 [00:51<00:29,  3.98it/s]
 80%|█████████████████████████████████████████████████████████████████████████▎                 | 483/600 [00:52<00:22,  5.15it/s]
 81%|█████████████████████████████████████████████████████████████████████████▌                 | 485/600 [00:52<00:17,  6.47it/s]
 81%|█████████████████████████████████████████████████████████████████████████▊                 | 487/600 [00:52<00:14,  7.89it/s]
 82%|██████████████████████████████████████████████████████████████████████████▏                | 489/600 [00:52<00:11,  9.31it/s]
 82%|██████████████████████████████████████████████████████████████████████████▍                | 491/600 [00:52<00:10, 10.67it/s]
 82%|██████████████████████████████████████████████████████████████████████████▊                | 493/600 [00:52<00:09, 11.86it/s]
 82%|███████████████████████████████████████████████████████████████████████████                | 495/600 [00:52<00:08, 12.86it/s]
 83%|███████████████████████████████████████████████████████████████████████████▍               | 497/600 [00:52<00:07, 13.69it/s]
 83%|███████████████████████████████████████████████████████████████████████████▋               | 499/600 [00:53<00:07, 14.36it/s]
                                                                                                                                  

 83%|███████████████████████████████████████████████████████████████████████████▊               | 500/600 [00:53<00:06, 14.36it/s]
 84%|███████████████████████████████████████████████████████████████████████████▉               | 501/600 [00:53<00:06, 14.85it/s]
 84%|████████████████████████████████████████████████████████████████████████████▎              | 503/600 [00:53<00:06, 15.24it/s]
 84%|████████████████████████████████████████████████████████████████████████████▌              | 505/600 [00:53<00:06, 15.53it/s]
 84%|████████████████████████████████████████████████████████████████████████████▉              | 507/600 [00:53<00:05, 15.72it/s]
 85%|█████████████████████████████████████████████████████████████████████████████▏             | 509/600 [00:53<00:05, 15.54it/s]{'loss': '1.069', 'grad_norm': '5.577', 'learning_rate': '9.211e-06', 'epoch': '16.68'}


Writing model shards:   0%|                                                                                 | 0/1 [00:00<?, ?it/s][A

Writing model shards: 100%|█████████████████████████████████████████████████████████████████████████| 1/1 [00:00<00:00,  2.31it/s][A
Writing model shards: 100%|█████████████████████████████████████████████████████████████████████████| 1/1 [00:00<00:00,  2.31it/s]

 85%|█████████████████████████████████████████████████████████████████████████████▌             | 511/600 [00:55<00:22,  4.04it/s]
 86%|█████████████████████████████████████████████████████████████████████████████▊             | 513/600 [00:55<00:16,  5.21it/s]
 86%|██████████████████████████████████████████████████████████████████████████████             | 515/600 [00:55<00:13,  6.53it/s]
 86%|██████████████████████████████████████████████████████████████████████████████▍            | 517/600 [00:55<00:10,  7.95it/s]
 86%|██████████████████████████████████████████████████████████████████████████████▋            | 519/600 [00:55<00:08,  9.38it/s]
 87%|███████████████████████████████████████████████████████████████████████████████            | 521/600 [00:55<00:07, 10.73it/s]
 87%|███████████████████████████████████████████████████████████████████████████████▎           | 523/600 [00:55<00:06, 11.93it/s]
 88%|███████████████████████████████████████████████████████████████████████████████▋           | 525/600 [00:55<00:05, 12.93it/s]
                                                                                                                                  

 88%|███████████████████████████████████████████████████████████████████████████████▋           | 525/600 [00:55<00:05, 12.93it/s]
 88%|███████████████████████████████████████████████████████████████████████████████▉           | 527/600 [00:55<00:05, 13.74it/s]
 88%|████████████████████████████████████████████████████████████████████████████████▏          | 529/600 [00:56<00:04, 14.39it/s]
 88%|████████████████████████████████████████████████████████████████████████████████▌          | 531/600 [00:56<00:04, 14.86it/s]
 89%|████████████████████████████████████████████████████████████████████████████████▊          | 533/600 [00:56<00:04, 15.22it/s]
 89%|█████████████████████████████████████████████████████████████████████████████████▏         | 535/600 [00:56<00:04, 15.49it/s]
 90%|█████████████████████████████████████████████████████████████████████████████████▍         | 537/600 [00:56<00:04, 15.65it/s]
 90%|█████████████████████████████████████████████████████████████████████████████████▋         | 539/600 [00:56<00:03, 15.80it/s]{'loss': '1.017', 'grad_norm': '4.672', 'learning_rate': '7.018e-06', 'epoch': '17.51'}


Writing model shards:   0%|                                                                                 | 0/1 [00:00<?, ?it/s][A

Writing model shards: 100%|█████████████████████████████████████████████████████████████████████████| 1/1 [00:00<00:00,  2.33it/s][A
Writing model shards: 100%|█████████████████████████████████████████████████████████████████████████| 1/1 [00:00<00:00,  2.33it/s]

 90%|██████████████████████████████████████████████████████████████████████████████████         | 541/600 [00:58<00:16,  3.56it/s]
 90%|██████████████████████████████████████████████████████████████████████████████████▎        | 543/600 [00:58<00:12,  4.65it/s]
 91%|██████████████████████████████████████████████████████████████████████████████████▋        | 545/600 [00:58<00:09,  5.91it/s]
 91%|██████████████████████████████████████████████████████████████████████████████████▉        | 547/600 [00:58<00:07,  7.27it/s]
 92%|███████████████████████████████████████████████████████████████████████████████████▎       | 549/600 [00:58<00:05,  8.70it/s]
                                                                                                                                  

 92%|███████████████████████████████████████████████████████████████████████████████████▍       | 550/600 [00:58<00:05,  8.70it/s]
 92%|███████████████████████████████████████████████████████████████████████████████████▌       | 551/600 [00:58<00:04, 10.10it/s]
 92%|███████████████████████████████████████████████████████████████████████████████████▊       | 553/600 [00:59<00:04, 11.38it/s]
 92%|████████████████████████████████████████████████████████████████████████████████████▏      | 555/600 [00:59<00:03, 12.48it/s]
 93%|████████████████████████████████████████████████████████████████████████████████████▍      | 557/600 [00:59<00:03, 13.40it/s]
 93%|████████████████████████████████████████████████████████████████████████████████████▊      | 559/600 [00:59<00:02, 14.12it/s]
 94%|█████████████████████████████████████████████████████████████████████████████████████      | 561/600 [00:59<00:02, 14.66it/s]
 94%|█████████████████████████████████████████████████████████████████████████████████████▍     | 563/600 [00:59<00:02, 15.09it/s]
 94%|█████████████████████████████████████████████████████████████████████████████████████▋     | 565/600 [00:59<00:02, 15.40it/s]
 94%|█████████████████████████████████████████████████████████████████████████████████████▉     | 567/600 [00:59<00:02, 15.62it/s]
 95%|██████████████████████████████████████████████████████████████████████████████████████▎    | 569/600 [01:00<00:01, 15.78it/s]{'loss': '1.071', 'grad_norm': '6.261', 'learning_rate': '4.825e-06', 'epoch': '18.34'}


Writing model shards:   0%|                                                                                 | 0/1 [00:00<?, ?it/s][A

Writing model shards: 100%|█████████████████████████████████████████████████████████████████████████| 1/1 [00:00<00:00,  2.89it/s][A
Writing model shards: 100%|█████████████████████████████████████████████████████████████████████████| 1/1 [00:00<00:00,  2.88it/s]

 95%|██████████████████████████████████████████████████████████████████████████████████████▌    | 571/600 [01:01<00:06,  4.29it/s]
 96%|██████████████████████████████████████████████████████████████████████████████████████▉    | 573/600 [01:01<00:04,  5.50it/s]
 96%|███████████████████████████████████████████████████████████████████████████████████████▏   | 575/600 [01:01<00:03,  6.86it/s]
                                                                                                                                  

 96%|███████████████████████████████████████████████████████████████████████████████████████▏   | 575/600 [01:01<00:03,  6.86it/s]
 96%|███████████████████████████████████████████████████████████████████████████████████████▌   | 577/600 [01:01<00:02,  8.28it/s]
 96%|███████████████████████████████████████████████████████████████████████████████████████▊   | 579/600 [01:01<00:02,  9.69it/s]
 97%|████████████████████████████████████████████████████████████████████████████████████████   | 581/600 [01:01<00:01, 11.01it/s]
 97%|████████████████████████████████████████████████████████████████████████████████████████▍  | 583/600 [01:02<00:01, 12.18it/s]
 98%|████████████████████████████████████████████████████████████████████████████████████████▋  | 585/600 [01:02<00:01, 13.15it/s]
 98%|█████████████████████████████████████████████████████████████████████████████████████████  | 587/600 [01:02<00:00, 13.93it/s]
 98%|█████████████████████████████████████████████████████████████████████████████████████████▎ | 589/600 [01:02<00:00, 14.53it/s]
 98%|█████████████████████████████████████████████████████████████████████████████████████████▋ | 591/600 [01:02<00:00, 14.97it/s]
 99%|█████████████████████████████████████████████████████████████████████████████████████████▉ | 593/600 [01:02<00:00, 15.29it/s]
 99%|██████████████████████████████████████████████████████████████████████████████████████████▏| 595/600 [01:02<00:00, 15.54it/s]
100%|██████████████████████████████████████████████████████████████████████████████████████████▌| 597/600 [01:02<00:00, 15.72it/s]
100%|██████████████████████████████████████████████████████████████████████████████████████████▊| 599/600 [01:03<00:00, 15.85it/s]
                                                                                                                                  

100%|███████████████████████████████████████████████████████████████████████████████████████████| 600/600 [01:03<00:00, 15.85it/s]{'loss': '1.069', 'grad_norm': '5.538', 'learning_rate': '2.632e-06', 'epoch': '19.17'}
{'loss': '1.016', 'grad_norm': '23.17', 'learning_rate': '4.386e-07', 'epoch': '20'}


Writing model shards:   0%|                                                                                 | 0/1 [00:00<?, ?it/s][A

Writing model shards: 100%|█████████████████████████████████████████████████████████████████████████| 1/1 [00:00<00:00,  2.56it/s][A
Writing model shards: 100%|█████████████████████████████████████████████████████████████████████████| 1/1 [00:00<00:00,  2.55it/s]

                                                                                                                                  

100%|███████████████████████████████████████████████████████████████████████████████████████████| 600/600 [01:04<00:00, 15.85it/s]
100%|███████████████████████████████████████████████████████████████████████████████████████████| 600/600 [01:04<00:00,  9.32it/s]
{'train_runtime': '64.38', 'train_samples_per_second': '144.5', 'train_steps_per_second': '9.32', 'train_loss': '1.455', 'epoch': '20'}

  0%|                                                                                                       | 0/9 [00:00<?, ?it/s]
100%|██████████████████████████████████████████████████████████████████████████████████████████████| 9/9 [00:00<00:00, 105.23it/s]

Writing model shards:   0%|                                                                                 | 0/1 [00:00<?, ?it/s]
Writing model shards: 100%|█████████████████████████████████████████████████████████████████████████| 1/1 [00:00<00:00,  2.96it/s]
Writing model shards: 100%|█████████████████████████████████████████████████████████████████████████| 1/1 [00:00<00:00,  2.96it/s]

Loading weights:   0%|                                                                                     | 0/76 [00:00<?, ?it/s]
Loading weights: 100%|██████████████████████████████████████████████████████████████████████████| 76/76 [00:00<00:00, 1910.36it/s]

Loading weights:   0%|                                                                                     | 0/76 [00:00<?, ?it/s]
Loading weights: 100%|██████████████████████████████████████████████████████████████████████████| 76/76 [00:00<00:00, 2115.54it/s]
<local-root>/miniconda3/lib/python3.13/site-packages/torch/cuda/__init__.py:61: FutureWarning: The pynvml package is deprecated. Please install nvidia-ml-py instead. If you did not install pynvml directly, please report this to the maintainers of the package that installed pynvml for you.
  import pynvml  # type: ignore[import]

Loading weights:   0%|                                                                                     | 0/76 [00:00<?, ?it/s]
Loading weights:  76%|█████████████████████████████████████████████████████████▏                 | 58/76 [00:00<00:00, 561.04it/s]
Loading weights: 100%|███████████████████████████████████████████████████████████████████████████| 76/76 [00:00<00:00, 437.30it/s]

Loading weights:   0%|                                                                                     | 0/76 [00:00<?, ?it/s]
Loading weights: 100%|██████████████████████████████████████████████████████████████████████████| 76/76 [00:00<00:00, 1392.49it/s]

Loading weights:   0%|                                                                                    | 0/292 [00:00<?, ?it/s]
Loading weights: 100%|████████████████████████████████████████████████████████████████████████| 292/292 [00:00<00:00, 9692.36it/s]
[RANK 0] Detected kernel version 5.4.0, which is below the recommended minimum of 5.5.0; this can cause the process to hang. It is recommended to upgrade the kernel to the minimum version or higher.

  0%|                                                                                                     | 0/540 [00:00<?, ?it/s]
  0%|▏                                                                                            | 1/540 [00:00<02:08,  4.21it/s]
  0%|▎                                                                                            | 2/540 [00:00<01:55,  4.65it/s]
  1%|▌                                                                                            | 3/540 [00:00<01:49,  4.90it/s]
  1%|▋                                                                                            | 4/540 [00:00<01:48,  4.93it/s]
  1%|▊                                                                                            | 5/540 [00:01<01:49,  4.88it/s]
  1%|█                                                                                            | 6/540 [00:01<01:50,  4.83it/s]
  1%|█▏                                                                                           | 7/540 [00:01<01:51,  4.78it/s]
  1%|█▍                                                                                           | 8/540 [00:01<01:52,  4.75it/s]
  2%|█▌                                                                                           | 9/540 [00:01<01:51,  4.74it/s]
  2%|█▋                                                                                          | 10/540 [00:02<01:52,  4.73it/s]
  2%|█▊                                                                                          | 11/540 [00:02<01:51,  4.73it/s]
  2%|██                                                                                          | 12/540 [00:02<01:51,  4.71it/s]
  2%|██▏                                                                                         | 13/540 [00:02<01:51,  4.71it/s]
  3%|██▍                                                                                         | 14/540 [00:02<01:51,  4.72it/s]
  3%|██▌                                                                                         | 15/540 [00:03<01:51,  4.69it/s]
  3%|██▋                                                                                         | 16/540 [00:03<01:51,  4.70it/s]
  3%|██▉                                                                                         | 17/540 [00:03<01:51,  4.71it/s]
  3%|███                                                                                         | 18/540 [00:03<01:50,  4.71it/s]
  4%|███▏                                                                                        | 19/540 [00:04<01:50,  4.72it/s]
  4%|███▍                                                                                        | 20/540 [00:04<01:50,  4.72it/s]
  4%|███▌                                                                                        | 21/540 [00:04<01:49,  4.73it/s]
  4%|███▋                                                                                        | 22/540 [00:04<01:49,  4.73it/s]
  4%|███▉                                                                                        | 23/540 [00:04<01:49,  4.73it/s]
  4%|████                                                                                        | 24/540 [00:05<01:49,  4.73it/s]
  5%|████▎                                                                                       | 25/540 [00:05<01:48,  4.73it/s]
                                                                                                                                  

  5%|████▎                                                                                       | 25/540 [00:05<01:48,  4.73it/s]
  5%|████▍                                                                                       | 26/540 [00:05<01:48,  4.72it/s]
  5%|████▌                                                                                       | 27/540 [00:05<01:49,  4.70it/s]
  5%|████▊                                                                                       | 28/540 [00:05<01:48,  4.71it/s]
  5%|████▉                                                                                       | 29/540 [00:06<01:48,  4.70it/s]{'loss': '3.191', 'grad_norm': '7.322', 'learning_rate': '3.5e-05', 'epoch': '0.8475'}


Writing model shards:   0%|                                                                                 | 0/1 [00:00<?, ?it/s][A

Writing model shards: 100%|█████████████████████████████████████████████████████████████████████████| 1/1 [00:02<00:00,  2.15s/it][A
Writing model shards: 100%|█████████████████████████████████████████████████████████████████████████| 1/1 [00:02<00:00,  2.15s/it]

  6%|█████▎                                                                                      | 31/540 [00:11<12:24,  1.46s/it]
  6%|█████▍                                                                                      | 32/540 [00:12<09:45,  1.15s/it]
  6%|█████▌                                                                                      | 33/540 [00:12<07:39,  1.10it/s]
  6%|█████▊                                                                                      | 34/540 [00:12<06:03,  1.39it/s]
  6%|█████▉                                                                                      | 35/540 [00:12<04:51,  1.73it/s]
  7%|██████▏                                                                                     | 36/540 [00:13<03:58,  2.12it/s]
  7%|██████▎                                                                                     | 37/540 [00:13<03:19,  2.52it/s]
  7%|██████▍                                                                                     | 38/540 [00:13<02:52,  2.91it/s]
  7%|██████▋                                                                                     | 39/540 [00:13<02:32,  3.28it/s]
  7%|██████▊                                                                                     | 40/540 [00:13<02:18,  3.60it/s]
  8%|██████▉                                                                                     | 41/540 [00:14<02:08,  3.87it/s]
  8%|███████▏                                                                                    | 42/540 [00:14<02:01,  4.09it/s]
  8%|███████▎                                                                                    | 43/540 [00:14<01:56,  4.26it/s]
  8%|███████▍                                                                                    | 44/540 [00:14<01:52,  4.39it/s]
  8%|███████▋                                                                                    | 45/540 [00:14<01:50,  4.48it/s]
  9%|███████▊                                                                                    | 46/540 [00:15<01:48,  4.55it/s]
  9%|████████                                                                                    | 47/540 [00:15<01:47,  4.59it/s]
  9%|████████▏                                                                                   | 48/540 [00:15<01:46,  4.61it/s]
  9%|████████▎                                                                                   | 49/540 [00:15<01:45,  4.63it/s]
  9%|████████▌                                                                                   | 50/540 [00:16<01:45,  4.65it/s]
                                                                                                                                  

  9%|████████▌                                                                                   | 50/540 [00:16<01:45,  4.65it/s]
  9%|████████▋                                                                                   | 51/540 [00:16<01:44,  4.67it/s]
 10%|████████▊                                                                                   | 52/540 [00:16<01:44,  4.68it/s]
 10%|█████████                                                                                   | 53/540 [00:16<01:43,  4.69it/s]
 10%|█████████▏                                                                                  | 54/540 [00:16<01:43,  4.70it/s]
 10%|█████████▎                                                                                  | 55/540 [00:17<01:42,  4.71it/s]
 10%|█████████▌                                                                                  | 56/540 [00:17<01:42,  4.72it/s]
 11%|█████████▋                                                                                  | 57/540 [00:17<01:42,  4.72it/s]
 11%|█████████▉                                                                                  | 58/540 [00:17<01:42,  4.70it/s]
 11%|██████████                                                                                  | 59/540 [00:17<01:42,  4.70it/s]{'loss': '1.861', 'grad_norm': '9.483', 'learning_rate': '4.843e-05', 'epoch': '1.678'}


Writing model shards:   0%|                                                                                 | 0/1 [00:00<?, ?it/s][A

Writing model shards: 100%|█████████████████████████████████████████████████████████████████████████| 1/1 [00:01<00:00,  1.99s/it][A
Writing model shards: 100%|█████████████████████████████████████████████████████████████████████████| 1/1 [00:01<00:00,  1.99s/it]

 11%|██████████▍                                                                                 | 61/540 [00:23<11:08,  1.40s/it]
 11%|██████████▌                                                                                 | 62/540 [00:23<08:47,  1.10s/it]
 12%|██████████▋                                                                                 | 63/540 [00:23<06:55,  1.15it/s]
 12%|██████████▉                                                                                 | 64/540 [00:24<05:28,  1.45it/s]
 12%|███████████                                                                                 | 65/540 [00:24<04:24,  1.80it/s]
 12%|███████████▏                                                                                | 66/540 [00:24<03:37,  2.18it/s]
 12%|███████████▍                                                                                | 67/540 [00:24<03:02,  2.58it/s]
 13%|███████████▌                                                                                | 68/540 [00:24<02:38,  2.98it/s]
 13%|███████████▊                                                                                | 69/540 [00:25<02:20,  3.34it/s]
 13%|███████████▉                                                                                | 70/540 [00:25<02:09,  3.64it/s]
 13%|████████████                                                                                | 71/540 [00:25<02:00,  3.90it/s]
 13%|████████████▎                                                                               | 72/540 [00:25<01:53,  4.12it/s]
 14%|████████████▍                                                                               | 73/540 [00:26<01:48,  4.28it/s]
 14%|████████████▌                                                                               | 74/540 [00:26<01:45,  4.40it/s]
 14%|████████████▊                                                                               | 75/540 [00:26<01:43,  4.49it/s]
                                                                                                                                  

 14%|████████████▊                                                                               | 75/540 [00:26<01:43,  4.49it/s]
 14%|████████████▉                                                                               | 76/540 [00:26<01:41,  4.56it/s]
 14%|█████████████                                                                               | 77/540 [00:26<01:40,  4.60it/s]
 14%|█████████████▎                                                                              | 78/540 [00:27<01:39,  4.64it/s]
 15%|█████████████▍                                                                              | 79/540 [00:27<01:38,  4.67it/s]
 15%|█████████████▋                                                                              | 80/540 [00:27<01:38,  4.66it/s]
 15%|█████████████▊                                                                              | 81/540 [00:27<01:38,  4.68it/s]
 15%|█████████████▉                                                                              | 82/540 [00:27<01:37,  4.70it/s]
 15%|██████████████▏                                                                             | 83/540 [00:28<01:37,  4.70it/s]
 16%|██████████████▎                                                                             | 84/540 [00:28<01:36,  4.71it/s]
 16%|██████████████▍                                                                             | 85/540 [00:28<01:36,  4.71it/s]
 16%|██████████████▋                                                                             | 86/540 [00:28<01:36,  4.71it/s]
 16%|██████████████▊                                                                             | 87/540 [00:28<01:36,  4.71it/s]
 16%|██████████████▉                                                                             | 88/540 [00:29<01:35,  4.72it/s]
 16%|███████████████▏                                                                            | 89/540 [00:29<01:35,  4.72it/s]{'loss': '1.407', 'grad_norm': '8.142', 'learning_rate': '4.598e-05', 'epoch': '2.508'}


Writing model shards:   0%|                                                                                 | 0/1 [00:00<?, ?it/s][A

Writing model shards: 100%|█████████████████████████████████████████████████████████████████████████| 1/1 [00:02<00:00,  2.04s/it][A
Writing model shards: 100%|█████████████████████████████████████████████████████████████████████████| 1/1 [00:02<00:00,  2.04s/it]

 17%|███████████████▌                                                                            | 91/540 [00:37<15:34,  2.08s/it]
 17%|███████████████▋                                                                            | 92/540 [00:38<12:05,  1.62s/it]
 17%|███████████████▊                                                                            | 93/540 [00:38<09:19,  1.25s/it]
 17%|████████████████                                                                            | 94/540 [00:38<07:12,  1.03it/s]
 18%|████████████████▏                                                                           | 95/540 [00:38<05:36,  1.32it/s]
 18%|████████████████▎                                                                           | 96/540 [00:39<04:27,  1.66it/s]
 18%|████████████████▌                                                                           | 97/540 [00:39<03:36,  2.04it/s]
 18%|████████████████▋                                                                           | 98/540 [00:39<03:00,  2.45it/s]
 18%|████████████████▊                                                                           | 99/540 [00:39<02:34,  2.85it/s]
 19%|████████████████▊                                                                          | 100/540 [00:39<02:16,  3.23it/s]
                                                                                                                                  

 19%|████████████████▊                                                                          | 100/540 [00:39<02:16,  3.23it/s]
 19%|█████████████████                                                                          | 101/540 [00:40<02:03,  3.56it/s]
 19%|█████████████████▏                                                                         | 102/540 [00:40<01:54,  3.84it/s]
 19%|█████████████████▎                                                                         | 103/540 [00:40<01:48,  4.04it/s]
 19%|█████████████████▌                                                                         | 104/540 [00:40<01:43,  4.22it/s]
 19%|█████████████████▋                                                                         | 105/540 [00:40<01:39,  4.36it/s]
 20%|█████████████████▊                                                                         | 106/540 [00:41<01:37,  4.47it/s]
 20%|██████████████████                                                                         | 107/540 [00:41<01:35,  4.54it/s]
 20%|██████████████████▏                                                                        | 108/540 [00:41<01:34,  4.59it/s]
 20%|██████████████████▎                                                                        | 109/540 [00:41<01:33,  4.63it/s]
 20%|██████████████████▌                                                                        | 110/540 [00:41<01:32,  4.64it/s]
 21%|██████████████████▋                                                                        | 111/540 [00:42<01:32,  4.64it/s]
 21%|██████████████████▊                                                                        | 112/540 [00:42<01:31,  4.67it/s]
 21%|███████████████████                                                                        | 113/540 [00:42<01:31,  4.69it/s]
 21%|███████████████████▏                                                                       | 114/540 [00:42<01:30,  4.70it/s]
 21%|███████████████████▍                                                                       | 115/540 [00:43<01:30,  4.70it/s]
 21%|███████████████████▌                                                                       | 116/540 [00:43<01:29,  4.71it/s]
 22%|███████████████████▋                                                                       | 117/540 [00:43<01:29,  4.72it/s]
 22%|███████████████████▉                                                                       | 118/540 [00:43<01:29,  4.72it/s]
 22%|████████████████████                                                                       | 119/540 [00:43<01:29,  4.72it/s]{'loss': '1.33', 'grad_norm': '7.737', 'learning_rate': '4.353e-05', 'epoch': '3.339'}


Writing model shards:   0%|                                                                                 | 0/1 [00:00<?, ?it/s][A

Writing model shards: 100%|█████████████████████████████████████████████████████████████████████████| 1/1 [00:02<00:00,  2.07s/it][A
Writing model shards: 100%|█████████████████████████████████████████████████████████████████████████| 1/1 [00:02<00:00,  2.07s/it]

 22%|████████████████████▍                                                                      | 121/540 [00:50<10:42,  1.53s/it]
 23%|████████████████████▌                                                                      | 122/540 [00:50<08:24,  1.21s/it]
 23%|████████████████████▋                                                                      | 123/540 [00:50<06:34,  1.06it/s]
 23%|████████████████████▉                                                                      | 124/540 [00:50<05:10,  1.34it/s]
 23%|█████████████████████                                                                      | 125/540 [00:50<04:07,  1.68it/s]
                                                                                                                                  

 23%|█████████████████████                                                                      | 125/540 [00:50<04:07,  1.68it/s]
 23%|█████████████████████▏                                                                     | 126/540 [00:51<03:21,  2.05it/s]
 24%|█████████████████████▍                                                                     | 127/540 [00:51<02:48,  2.45it/s]
 24%|█████████████████████▌                                                                     | 128/540 [00:51<02:24,  2.85it/s]
 24%|█████████████████████▋                                                                     | 129/540 [00:51<02:07,  3.23it/s]
 24%|█████████████████████▉                                                                     | 130/540 [00:51<01:55,  3.54it/s]
 24%|██████████████████████                                                                     | 131/540 [00:52<01:46,  3.83it/s]
 24%|██████████████████████▏                                                                    | 132/540 [00:52<01:40,  4.06it/s]
 25%|██████████████████████▍                                                                    | 133/540 [00:52<01:36,  4.23it/s]
 25%|██████████████████████▌                                                                    | 134/540 [00:52<01:33,  4.36it/s]
 25%|██████████████████████▊                                                                    | 135/540 [00:53<01:30,  4.46it/s]
 25%|██████████████████████▉                                                                    | 136/540 [00:53<01:29,  4.53it/s]
 25%|███████████████████████                                                                    | 137/540 [00:53<01:27,  4.59it/s]
 26%|███████████████████████▎                                                                   | 138/540 [00:53<01:26,  4.63it/s]
 26%|███████████████████████▍                                                                   | 139/540 [00:53<01:26,  4.64it/s]
 26%|███████████████████████▌                                                                   | 140/540 [00:54<01:25,  4.66it/s]
 26%|███████████████████████▊                                                                   | 141/540 [00:54<01:25,  4.68it/s]
 26%|███████████████████████▉                                                                   | 142/540 [00:54<01:24,  4.69it/s]
 26%|████████████████████████                                                                   | 143/540 [00:54<01:24,  4.70it/s]
 27%|████████████████████████▎                                                                  | 144/540 [00:54<01:24,  4.71it/s]
 27%|████████████████████████▍                                                                  | 145/540 [00:55<01:23,  4.72it/s]
 27%|████████████████████████▌                                                                  | 146/540 [00:55<01:23,  4.72it/s]
 27%|████████████████████████▊                                                                  | 147/540 [00:55<01:23,  4.69it/s]
 27%|████████████████████████▉                                                                  | 148/540 [00:55<01:23,  4.70it/s]
 28%|█████████████████████████                                                                  | 149/540 [00:56<01:23,  4.71it/s]
                                                                                                                                  

 28%|█████████████████████████▎                                                                 | 150/540 [00:56<01:22,  4.71it/s]{'loss': '1.14', 'grad_norm': '8.019', 'learning_rate': '4.118e-05', 'epoch': '4.169'}
{'loss': '1.065', 'grad_norm': '22.15', 'learning_rate': '3.873e-05', 'epoch': '5'}


Writing model shards:   0%|                                                                                 | 0/1 [00:00<?, ?it/s][A

Writing model shards: 100%|█████████████████████████████████████████████████████████████████████████| 1/1 [00:01<00:00,  1.57s/it][A
Writing model shards: 100%|█████████████████████████████████████████████████████████████████████████| 1/1 [00:01<00:00,  1.58s/it]

 28%|█████████████████████████▍                                                                 | 151/540 [01:01<09:13,  1.42s/it]
 28%|█████████████████████████▌                                                                 | 152/540 [01:01<07:16,  1.12s/it]
 28%|█████████████████████████▊                                                                 | 153/540 [01:02<05:42,  1.13it/s]
 29%|█████████████████████████▉                                                                 | 154/540 [01:02<04:30,  1.42it/s]
 29%|██████████████████████████                                                                 | 155/540 [01:02<03:37,  1.77it/s]
 29%|██████████████████████████▎                                                                | 156/540 [01:02<02:58,  2.16it/s]
 29%|██████████████████████████▍                                                                | 157/540 [01:02<02:29,  2.56it/s]
 29%|██████████████████████████▋                                                                | 158/540 [01:03<02:09,  2.96it/s]
 29%|██████████████████████████▊                                                                | 159/540 [01:03<01:54,  3.32it/s]
 30%|██████████████████████████▉                                                                | 160/540 [01:03<01:44,  3.64it/s]
 30%|███████████████████████████▏                                                               | 161/540 [01:03<01:37,  3.91it/s]
 30%|███████████████████████████▎                                                               | 162/540 [01:04<01:31,  4.12it/s]
 30%|███████████████████████████▍                                                               | 163/540 [01:04<01:27,  4.29it/s]
 30%|███████████████████████████▋                                                               | 164/540 [01:04<01:25,  4.41it/s]
 31%|███████████████████████████▊                                                               | 165/540 [01:04<01:23,  4.50it/s]
 31%|███████████████████████████▉                                                               | 166/540 [01:04<01:21,  4.57it/s]
 31%|████████████████████████████▏                                                              | 167/540 [01:05<01:20,  4.61it/s]
 31%|████████████████████████████▎                                                              | 168/540 [01:05<01:20,  4.65it/s]
 31%|████████████████████████████▍                                                              | 169/540 [01:05<01:19,  4.67it/s]
 31%|████████████████████████████▋                                                              | 170/540 [01:05<01:19,  4.65it/s]
 32%|████████████████████████████▊                                                              | 171/540 [01:05<01:18,  4.68it/s]
 32%|████████████████████████████▉                                                              | 172/540 [01:06<01:18,  4.70it/s]
 32%|█████████████████████████████▏                                                             | 173/540 [01:06<01:17,  4.71it/s]
 32%|█████████████████████████████▎                                                             | 174/540 [01:06<01:17,  4.71it/s]
 32%|█████████████████████████████▍                                                             | 175/540 [01:06<01:17,  4.72it/s]
                                                                                                                                  

 32%|█████████████████████████████▍                                                             | 175/540 [01:06<01:17,  4.72it/s]
 33%|█████████████████████████████▋                                                             | 176/540 [01:06<01:17,  4.72it/s]
 33%|█████████████████████████████▊                                                             | 177/540 [01:07<01:16,  4.72it/s]
 33%|█████████████████████████████▉                                                             | 178/540 [01:07<01:16,  4.73it/s]
 33%|██████████████████████████████▏                                                            | 179/540 [01:07<01:16,  4.73it/s]{'loss': '0.9725', 'grad_norm': '7.239', 'learning_rate': '3.627e-05', 'epoch': '5.847'}


Writing model shards:   0%|                                                                                 | 0/1 [00:00<?, ?it/s][A

Writing model shards: 100%|█████████████████████████████████████████████████████████████████████████| 1/1 [00:01<00:00,  1.67s/it][A
Writing model shards: 100%|█████████████████████████████████████████████████████████████████████████| 1/1 [00:01<00:00,  1.67s/it]

 34%|██████████████████████████████▌                                                            | 181/540 [01:13<08:18,  1.39s/it]
 34%|██████████████████████████████▋                                                            | 182/540 [01:13<06:33,  1.10s/it]
 34%|██████████████████████████████▊                                                            | 183/540 [01:13<05:09,  1.15it/s]
 34%|███████████████████████████████                                                            | 184/540 [01:13<04:05,  1.45it/s]
 34%|███████████████████████████████▏                                                           | 185/540 [01:13<03:17,  1.80it/s]
 34%|███████████████████████████████▎                                                           | 186/540 [01:14<02:41,  2.19it/s]
 35%|███████████████████████████████▌                                                           | 187/540 [01:14<02:16,  2.58it/s]
 35%|███████████████████████████████▋                                                           | 188/540 [01:14<01:58,  2.97it/s]
 35%|███████████████████████████████▊                                                           | 189/540 [01:14<01:45,  3.33it/s]
 35%|████████████████████████████████                                                           | 190/540 [01:15<01:35,  3.65it/s]
 35%|████████████████████████████████▏                                                          | 191/540 [01:15<01:29,  3.90it/s]
 36%|████████████████████████████████▎                                                          | 192/540 [01:15<01:24,  4.12it/s]
 36%|████████████████████████████████▌                                                          | 193/540 [01:15<01:20,  4.29it/s]
 36%|████████████████████████████████▋                                                          | 194/540 [01:15<01:18,  4.41it/s]
 36%|████████████████████████████████▊                                                          | 195/540 [01:16<01:16,  4.49it/s]
 36%|█████████████████████████████████                                                          | 196/540 [01:16<01:15,  4.56it/s]
 36%|█████████████████████████████████▏                                                         | 197/540 [01:16<01:14,  4.61it/s]
 37%|█████████████████████████████████▎                                                         | 198/540 [01:16<01:13,  4.64it/s]
 37%|█████████████████████████████████▌                                                         | 199/540 [01:16<01:13,  4.67it/s]
 37%|█████████████████████████████████▋                                                         | 200/540 [01:17<01:12,  4.68it/s]
                                                                                                                                  

 37%|█████████████████████████████████▋                                                         | 200/540 [01:17<01:12,  4.68it/s]
 37%|█████████████████████████████████▊                                                         | 201/540 [01:17<01:12,  4.69it/s]
 37%|██████████████████████████████████                                                         | 202/540 [01:17<01:11,  4.70it/s]
 38%|██████████████████████████████████▏                                                        | 203/540 [01:17<01:11,  4.69it/s]
 38%|██████████████████████████████████▍                                                        | 204/540 [01:18<01:11,  4.69it/s]
 38%|██████████████████████████████████▌                                                        | 205/540 [01:18<01:11,  4.70it/s]
 38%|██████████████████████████████████▋                                                        | 206/540 [01:18<01:11,  4.70it/s]
 38%|██████████████████████████████████▉                                                        | 207/540 [01:18<01:10,  4.70it/s]
 39%|███████████████████████████████████                                                        | 208/540 [01:18<01:10,  4.71it/s]
 39%|███████████████████████████████████▏                                                       | 209/540 [01:19<01:10,  4.71it/s]{'loss': '0.9132', 'grad_norm': '6.425', 'learning_rate': '3.382e-05', 'epoch': '6.678'}


Writing model shards:   0%|                                                                                 | 0/1 [00:00<?, ?it/s][A

Writing model shards: 100%|█████████████████████████████████████████████████████████████████████████| 1/1 [00:01<00:00,  1.77s/it][A
Writing model shards: 100%|█████████████████████████████████████████████████████████████████████████| 1/1 [00:01<00:00,  1.77s/it]

 39%|███████████████████████████████████▌                                                       | 211/540 [01:24<07:59,  1.46s/it]
 39%|███████████████████████████████████▋                                                       | 212/540 [01:25<06:17,  1.15s/it]
 39%|███████████████████████████████████▉                                                       | 213/540 [01:25<04:55,  1.11it/s]
 40%|████████████████████████████████████                                                       | 214/540 [01:25<03:53,  1.40it/s]
 40%|████████████████████████████████████▏                                                      | 215/540 [01:25<03:06,  1.74it/s]
 40%|████████████████████████████████████▍                                                      | 216/540 [01:25<02:32,  2.12it/s]
 40%|████████████████████████████████████▌                                                      | 217/540 [01:26<02:07,  2.52it/s]
 40%|████████████████████████████████████▋                                                      | 218/540 [01:26<01:50,  2.92it/s]
 41%|████████████████████████████████████▉                                                      | 219/540 [01:26<01:37,  3.30it/s]
 41%|█████████████████████████████████████                                                      | 220/540 [01:26<01:28,  3.62it/s]
 41%|█████████████████████████████████████▏                                                     | 221/540 [01:27<01:21,  3.89it/s]
 41%|█████████████████████████████████████▍                                                     | 222/540 [01:27<01:17,  4.11it/s]
 41%|█████████████████████████████████████▌                                                     | 223/540 [01:27<01:14,  4.28it/s]
 41%|█████████████████████████████████████▋                                                     | 224/540 [01:27<01:11,  4.40it/s]
 42%|█████████████████████████████████████▉                                                     | 225/540 [01:27<01:10,  4.49it/s]
                                                                                                                                  

 42%|█████████████████████████████████████▉                                                     | 225/540 [01:27<01:10,  4.49it/s]
 42%|██████████████████████████████████████                                                     | 226/540 [01:28<01:08,  4.56it/s]
 42%|██████████████████████████████████████▎                                                    | 227/540 [01:28<01:07,  4.61it/s]
 42%|██████████████████████████████████████▍                                                    | 228/540 [01:28<01:07,  4.63it/s]
 42%|██████████████████████████████████████▌                                                    | 229/540 [01:28<01:06,  4.64it/s]
 43%|██████████████████████████████████████▊                                                    | 230/540 [01:28<01:06,  4.67it/s]
 43%|██████████████████████████████████████▉                                                    | 231/540 [01:29<01:05,  4.69it/s]
 43%|███████████████████████████████████████                                                    | 232/540 [01:29<01:05,  4.70it/s]
 43%|███████████████████████████████████████▎                                                   | 233/540 [01:29<01:05,  4.70it/s]
 43%|███████████████████████████████████████▍                                                   | 234/540 [01:29<01:05,  4.70it/s]
 44%|███████████████████████████████████████▌                                                   | 235/540 [01:29<01:04,  4.71it/s]
 44%|███████████████████████████████████████▊                                                   | 236/540 [01:30<01:04,  4.69it/s]
 44%|███████████████████████████████████████▉                                                   | 237/540 [01:30<01:04,  4.70it/s]
 44%|████████████████████████████████████████                                                   | 238/540 [01:30<01:04,  4.70it/s]
 44%|████████████████████████████████████████▎                                                  | 239/540 [01:30<01:03,  4.71it/s]{'loss': '0.802', 'grad_norm': '5.555', 'learning_rate': '3.137e-05', 'epoch': '7.508'}


Writing model shards:   0%|                                                                                 | 0/1 [00:00<?, ?it/s][A

Writing model shards: 100%|█████████████████████████████████████████████████████████████████████████| 1/1 [00:01<00:00,  1.78s/it][A
Writing model shards: 100%|█████████████████████████████████████████████████████████████████████████| 1/1 [00:01<00:00,  1.78s/it]

 45%|████████████████████████████████████████▌                                                  | 241/540 [01:36<07:32,  1.51s/it]
 45%|████████████████████████████████████████▊                                                  | 242/540 [01:37<05:55,  1.19s/it]
 45%|████████████████████████████████████████▉                                                  | 243/540 [01:37<04:37,  1.07it/s]
 45%|█████████████████████████████████████████                                                  | 244/540 [01:37<03:38,  1.35it/s]
 45%|█████████████████████████████████████████▎                                                 | 245/540 [01:37<02:54,  1.69it/s]
 46%|█████████████████████████████████████████▍                                                 | 246/540 [01:37<02:22,  2.07it/s]
 46%|█████████████████████████████████████████▌                                                 | 247/540 [01:38<01:58,  2.47it/s]
 46%|█████████████████████████████████████████▊                                                 | 248/540 [01:38<01:41,  2.87it/s]
 46%|█████████████████████████████████████████▉                                                 | 249/540 [01:38<01:29,  3.25it/s]
 46%|██████████████████████████████████████████▏                                                | 250/540 [01:38<01:21,  3.58it/s]
                                                                                                                                  

 46%|██████████████████████████████████████████▏                                                | 250/540 [01:38<01:21,  3.58it/s]
 46%|██████████████████████████████████████████▎                                                | 251/540 [01:39<01:15,  3.85it/s]
 47%|██████████████████████████████████████████▍                                                | 252/540 [01:39<01:10,  4.07it/s]
 47%|██████████████████████████████████████████▋                                                | 253/540 [01:39<01:07,  4.25it/s]
 47%|██████████████████████████████████████████▊                                                | 254/540 [01:39<01:05,  4.38it/s]
 47%|██████████████████████████████████████████▉                                                | 255/540 [01:39<01:03,  4.48it/s]
 47%|███████████████████████████████████████████▏                                               | 256/540 [01:40<01:02,  4.55it/s]
 48%|███████████████████████████████████████████▎                                               | 257/540 [01:40<01:01,  4.60it/s]
 48%|███████████████████████████████████████████▍                                               | 258/540 [01:40<01:00,  4.64it/s]
 48%|███████████████████████████████████████████▋                                               | 259/540 [01:40<01:00,  4.66it/s]
 48%|███████████████████████████████████████████▊                                               | 260/540 [01:40<00:59,  4.68it/s]
 48%|███████████████████████████████████████████▉                                               | 261/540 [01:41<00:59,  4.69it/s]
 49%|████████████████████████████████████████████▏                                              | 262/540 [01:41<00:59,  4.71it/s]
 49%|████████████████████████████████████████████▎                                              | 263/540 [01:41<00:58,  4.71it/s]
 49%|████████████████████████████████████████████▍                                              | 264/540 [01:41<00:58,  4.72it/s]
 49%|████████████████████████████████████████████▋                                              | 265/540 [01:42<00:58,  4.72it/s]
 49%|████████████████████████████████████████████▊                                              | 266/540 [01:42<00:58,  4.72it/s]
 49%|████████████████████████████████████████████▉                                              | 267/540 [01:42<00:57,  4.73it/s]
 50%|█████████████████████████████████████████████▏                                             | 268/540 [01:42<00:57,  4.72it/s]
 50%|█████████████████████████████████████████████▎                                             | 269/540 [01:42<00:57,  4.72it/s]{'loss': '0.7775', 'grad_norm': '6.344', 'learning_rate': '2.892e-05', 'epoch': '8.339'}


Writing model shards:   0%|                                                                                 | 0/1 [00:00<?, ?it/s][A

Writing model shards: 100%|█████████████████████████████████████████████████████████████████████████| 1/1 [00:01<00:00,  1.96s/it][A
Writing model shards: 100%|█████████████████████████████████████████████████████████████████████████| 1/1 [00:01<00:00,  1.96s/it]

 50%|█████████████████████████████████████████████▋                                             | 271/540 [01:49<07:20,  1.64s/it]
 50%|█████████████████████████████████████████████▊                                             | 272/540 [01:49<05:44,  1.28s/it]
 51%|██████████████████████████████████████████████                                             | 273/540 [01:49<04:28,  1.00s/it]
 51%|██████████████████████████████████████████████▏                                            | 274/540 [01:50<03:29,  1.27it/s]
 51%|██████████████████████████████████████████████▎                                            | 275/540 [01:50<02:46,  1.59it/s]
                                                                                                                                  

 51%|██████████████████████████████████████████████▎                                            | 275/540 [01:50<02:46,  1.59it/s]
 51%|██████████████████████████████████████████████▌                                            | 276/540 [01:50<02:14,  1.97it/s]
 51%|██████████████████████████████████████████████▋                                            | 277/540 [01:50<01:51,  2.37it/s]
 51%|██████████████████████████████████████████████▊                                            | 278/540 [01:50<01:34,  2.77it/s]
 52%|███████████████████████████████████████████████                                            | 279/540 [01:51<01:22,  3.15it/s]
 52%|███████████████████████████████████████████████▏                                           | 280/540 [01:51<01:14,  3.50it/s]
 52%|███████████████████████████████████████████████▎                                           | 281/540 [01:51<01:08,  3.79it/s]
 52%|███████████████████████████████████████████████▌                                           | 282/540 [01:51<01:04,  4.00it/s]
 52%|███████████████████████████████████████████████▋                                           | 283/540 [01:52<01:01,  4.18it/s]
 53%|███████████████████████████████████████████████▊                                           | 284/540 [01:52<00:59,  4.33it/s]
 53%|████████████████████████████████████████████████                                           | 285/540 [01:52<00:57,  4.43it/s]
 53%|████████████████████████████████████████████████▏                                          | 286/540 [01:52<00:56,  4.51it/s]
 53%|████████████████████████████████████████████████▎                                          | 287/540 [01:52<00:55,  4.58it/s]
 53%|████████████████████████████████████████████████▌                                          | 288/540 [01:53<00:54,  4.62it/s]
 54%|████████████████████████████████████████████████▋                                          | 289/540 [01:53<00:54,  4.64it/s]
 54%|████████████████████████████████████████████████▊                                          | 290/540 [01:53<00:53,  4.67it/s]
 54%|█████████████████████████████████████████████████                                          | 291/540 [01:53<00:53,  4.68it/s]
 54%|█████████████████████████████████████████████████▏                                         | 292/540 [01:53<00:52,  4.69it/s]
 54%|█████████████████████████████████████████████████▍                                         | 293/540 [01:54<00:52,  4.71it/s]
 54%|█████████████████████████████████████████████████▌                                         | 294/540 [01:54<00:52,  4.71it/s]
 55%|█████████████████████████████████████████████████▋                                         | 295/540 [01:54<00:52,  4.71it/s]
 55%|█████████████████████████████████████████████████▉                                         | 296/540 [01:54<00:51,  4.71it/s]
 55%|██████████████████████████████████████████████████                                         | 297/540 [01:54<00:51,  4.71it/s]
 55%|██████████████████████████████████████████████████▏                                        | 298/540 [01:55<00:51,  4.70it/s]
 55%|██████████████████████████████████████████████████▍                                        | 299/540 [01:55<00:51,  4.71it/s]
                                                                                                                                  

 56%|██████████████████████████████████████████████████▌                                        | 300/540 [01:55<00:51,  4.71it/s]{'loss': '0.6997', 'grad_norm': '5.989', 'learning_rate': '2.647e-05', 'epoch': '9.169'}
{'loss': '0.6905', 'grad_norm': '29.51', 'learning_rate': '2.402e-05', 'epoch': '10'}


Writing model shards:   0%|                                                                                 | 0/1 [00:00<?, ?it/s][A

Writing model shards: 100%|█████████████████████████████████████████████████████████████████████████| 1/1 [00:01<00:00,  1.71s/it][A
Writing model shards: 100%|█████████████████████████████████████████████████████████████████████████| 1/1 [00:01<00:00,  1.71s/it]

 56%|██████████████████████████████████████████████████▋                                        | 301/540 [02:01<05:51,  1.47s/it]
 56%|██████████████████████████████████████████████████▉                                        | 302/540 [02:01<04:35,  1.16s/it]
 56%|███████████████████████████████████████████████████                                        | 303/540 [02:01<03:35,  1.10it/s]
 56%|███████████████████████████████████████████████████▏                                       | 304/540 [02:01<02:50,  1.39it/s]
 56%|███████████████████████████████████████████████████▍                                       | 305/540 [02:02<02:16,  1.72it/s]
 57%|███████████████████████████████████████████████████▌                                       | 306/540 [02:02<01:51,  2.11it/s]
 57%|███████████████████████████████████████████████████▋                                       | 307/540 [02:02<01:32,  2.51it/s]
 57%|███████████████████████████████████████████████████▉                                       | 308/540 [02:02<01:19,  2.91it/s]
 57%|████████████████████████████████████████████████████                                       | 309/540 [02:02<01:10,  3.27it/s]
 57%|████████████████████████████████████████████████████▏                                      | 310/540 [02:03<01:03,  3.60it/s]
 58%|████████████████████████████████████████████████████▍                                      | 311/540 [02:03<00:59,  3.86it/s]
 58%|████████████████████████████████████████████████████▌                                      | 312/540 [02:03<00:56,  4.07it/s]
 58%|████████████████████████████████████████████████████▋                                      | 313/540 [02:03<00:53,  4.23it/s]
 58%|████████████████████████████████████████████████████▉                                      | 314/540 [02:04<00:51,  4.36it/s]
 58%|█████████████████████████████████████████████████████                                      | 315/540 [02:04<00:50,  4.44it/s]
 59%|█████████████████████████████████████████████████████▎                                     | 316/540 [02:04<00:49,  4.50it/s]
 59%|█████████████████████████████████████████████████████▍                                     | 317/540 [02:04<00:48,  4.56it/s]
 59%|█████████████████████████████████████████████████████▌                                     | 318/540 [02:04<00:48,  4.61it/s]
 59%|█████████████████████████████████████████████████████▊                                     | 319/540 [02:05<00:47,  4.64it/s]
 59%|█████████████████████████████████████████████████████▉                                     | 320/540 [02:05<00:47,  4.67it/s]
 59%|██████████████████████████████████████████████████████                                     | 321/540 [02:05<00:46,  4.68it/s]
 60%|██████████████████████████████████████████████████████▎                                    | 322/540 [02:05<00:46,  4.68it/s]
 60%|██████████████████████████████████████████████████████▍                                    | 323/540 [02:05<00:46,  4.70it/s]
 60%|██████████████████████████████████████████████████████▌                                    | 324/540 [02:06<00:45,  4.70it/s]
 60%|██████████████████████████████████████████████████████▊                                    | 325/540 [02:06<00:45,  4.71it/s]
                                                                                                                                  

 60%|██████████████████████████████████████████████████████▊                                    | 325/540 [02:06<00:45,  4.71it/s]
 60%|██████████████████████████████████████████████████████▉                                    | 326/540 [02:06<00:45,  4.71it/s]
 61%|███████████████████████████████████████████████████████                                    | 327/540 [02:06<00:45,  4.71it/s]
 61%|███████████████████████████████████████████████████████▎                                   | 328/540 [02:07<00:45,  4.71it/s]
 61%|███████████████████████████████████████████████████████▍                                   | 329/540 [02:07<00:44,  4.71it/s]{'loss': '0.6153', 'grad_norm': '4.94', 'learning_rate': '2.157e-05', 'epoch': '10.85'}


Writing model shards:   0%|                                                                                 | 0/1 [00:00<?, ?it/s][A

Writing model shards: 100%|█████████████████████████████████████████████████████████████████████████| 1/1 [00:01<00:00,  1.68s/it][A
Writing model shards: 100%|█████████████████████████████████████████████████████████████████████████| 1/1 [00:01<00:00,  1.68s/it]

 61%|███████████████████████████████████████████████████████▊                                   | 331/540 [02:12<04:59,  1.43s/it]
 61%|███████████████████████████████████████████████████████▉                                   | 332/540 [02:13<03:55,  1.13s/it]
 62%|████████████████████████████████████████████████████████                                   | 333/540 [02:13<03:04,  1.12it/s]
 62%|████████████████████████████████████████████████████████▎                                  | 334/540 [02:13<02:25,  1.42it/s]
 62%|████████████████████████████████████████████████████████▍                                  | 335/540 [02:13<01:56,  1.76it/s]
 62%|████████████████████████████████████████████████████████▌                                  | 336/540 [02:14<01:35,  2.15it/s]
 62%|████████████████████████████████████████████████████████▊                                  | 337/540 [02:14<01:19,  2.55it/s]
 63%|████████████████████████████████████████████████████████▉                                  | 338/540 [02:14<01:08,  2.95it/s]
 63%|█████████████████████████████████████████████████████████▏                                 | 339/540 [02:14<01:00,  3.32it/s]
 63%|█████████████████████████████████████████████████████████▎                                 | 340/540 [02:14<00:54,  3.64it/s]
 63%|█████████████████████████████████████████████████████████▍                                 | 341/540 [02:15<00:50,  3.91it/s]
 63%|█████████████████████████████████████████████████████████▋                                 | 342/540 [02:15<00:48,  4.12it/s]
 64%|█████████████████████████████████████████████████████████▊                                 | 343/540 [02:15<00:45,  4.29it/s]
 64%|█████████████████████████████████████████████████████████▉                                 | 344/540 [02:15<00:44,  4.42it/s]
 64%|██████████████████████████████████████████████████████████▏                                | 345/540 [02:15<00:43,  4.50it/s]
 64%|██████████████████████████████████████████████████████████▎                                | 346/540 [02:16<00:42,  4.57it/s]
 64%|██████████████████████████████████████████████████████████▍                                | 347/540 [02:16<00:41,  4.62it/s]
 64%|██████████████████████████████████████████████████████████▋                                | 348/540 [02:16<00:41,  4.65it/s]
 65%|██████████████████████████████████████████████████████████▊                                | 349/540 [02:16<00:40,  4.68it/s]
 65%|██████████████████████████████████████████████████████████▉                                | 350/540 [02:16<00:40,  4.69it/s]
                                                                                                                                  

 65%|██████████████████████████████████████████████████████████▉                                | 350/540 [02:16<00:40,  4.69it/s]
 65%|███████████████████████████████████████████████████████████▏                               | 351/540 [02:17<00:40,  4.70it/s]
 65%|███████████████████████████████████████████████████████████▎                               | 352/540 [02:17<00:39,  4.71it/s]
 65%|███████████████████████████████████████████████████████████▍                               | 353/540 [02:17<00:42,  4.43it/s]
 66%|███████████████████████████████████████████████████████████▋                               | 354/540 [02:17<00:41,  4.51it/s]
 66%|███████████████████████████████████████████████████████████▊                               | 355/540 [02:18<00:40,  4.57it/s]
 66%|███████████████████████████████████████████████████████████▉                               | 356/540 [02:18<00:39,  4.62it/s]
 66%|████████████████████████████████████████████████████████████▏                              | 357/540 [02:18<00:39,  4.64it/s]
 66%|████████████████████████████████████████████████████████████▎                              | 358/540 [02:18<00:39,  4.66it/s]
 66%|████████████████████████████████████████████████████████████▍                              | 359/540 [02:18<00:39,  4.62it/s]{'loss': '0.5875', 'grad_norm': '5.095', 'learning_rate': '1.912e-05', 'epoch': '11.68'}


Writing model shards:   0%|                                                                                 | 0/1 [00:00<?, ?it/s][A

Writing model shards: 100%|█████████████████████████████████████████████████████████████████████████| 1/1 [00:01<00:00,  1.89s/it][A
Writing model shards: 100%|█████████████████████████████████████████████████████████████████████████| 1/1 [00:01<00:00,  1.89s/it]

 67%|████████████████████████████████████████████████████████████▊                              | 361/540 [02:24<04:24,  1.48s/it]
 67%|█████████████████████████████████████████████████████████████                              | 362/540 [02:25<03:27,  1.16s/it]
 67%|█████████████████████████████████████████████████████████████▏                             | 363/540 [02:25<02:41,  1.09it/s]
 67%|█████████████████████████████████████████████████████████████▎                             | 364/540 [02:25<02:07,  1.38it/s]
 68%|█████████████████████████████████████████████████████████████▌                             | 365/540 [02:25<01:41,  1.72it/s]
 68%|█████████████████████████████████████████████████████████████▋                             | 366/540 [02:25<01:22,  2.11it/s]
 68%|█████████████████████████████████████████████████████████████▊                             | 367/540 [02:26<01:08,  2.51it/s]
 68%|██████████████████████████████████████████████████████████████                             | 368/540 [02:26<00:59,  2.91it/s]
 68%|██████████████████████████████████████████████████████████████▏                            | 369/540 [02:26<00:52,  3.28it/s]
 69%|██████████████████████████████████████████████████████████████▎                            | 370/540 [02:26<00:47,  3.61it/s]
 69%|██████████████████████████████████████████████████████████████▌                            | 371/540 [02:26<00:43,  3.88it/s]
 69%|██████████████████████████████████████████████████████████████▋                            | 372/540 [02:27<00:40,  4.10it/s]
 69%|██████████████████████████████████████████████████████████████▊                            | 373/540 [02:27<00:39,  4.27it/s]
 69%|███████████████████████████████████████████████████████████████                            | 374/540 [02:27<00:37,  4.40it/s]
 69%|███████████████████████████████████████████████████████████████▏                           | 375/540 [02:27<00:36,  4.48it/s]
                                                                                                                                  

 69%|███████████████████████████████████████████████████████████████▏                           | 375/540 [02:27<00:36,  4.48it/s]
 70%|███████████████████████████████████████████████████████████████▎                           | 376/540 [02:28<00:36,  4.55it/s]
 70%|███████████████████████████████████████████████████████████████▌                           | 377/540 [02:28<00:35,  4.60it/s]
 70%|███████████████████████████████████████████████████████████████▋                           | 378/540 [02:28<00:34,  4.63it/s]
 70%|███████████████████████████████████████████████████████████████▊                           | 379/540 [02:28<00:34,  4.66it/s]
 70%|████████████████████████████████████████████████████████████████                           | 380/540 [02:28<00:34,  4.68it/s]
 71%|████████████████████████████████████████████████████████████████▏                          | 381/540 [02:29<00:33,  4.69it/s]
 71%|████████████████████████████████████████████████████████████████▎                          | 382/540 [02:29<00:33,  4.70it/s]
 71%|████████████████████████████████████████████████████████████████▌                          | 383/540 [02:29<00:33,  4.71it/s]
 71%|████████████████████████████████████████████████████████████████▋                          | 384/540 [02:29<00:33,  4.71it/s]
 71%|████████████████████████████████████████████████████████████████▉                          | 385/540 [02:29<00:32,  4.72it/s]
 71%|█████████████████████████████████████████████████████████████████                          | 386/540 [02:30<00:32,  4.71it/s]
 72%|█████████████████████████████████████████████████████████████████▏                         | 387/540 [02:30<00:32,  4.71it/s]
 72%|█████████████████████████████████████████████████████████████████▍                         | 388/540 [02:30<00:32,  4.72it/s]
 72%|█████████████████████████████████████████████████████████████████▌                         | 389/540 [02:30<00:32,  4.72it/s]{'loss': '0.5274', 'grad_norm': '4.724', 'learning_rate': '1.667e-05', 'epoch': '12.51'}


Writing model shards:   0%|                                                                                 | 0/1 [00:00<?, ?it/s][A

Writing model shards: 100%|█████████████████████████████████████████████████████████████████████████| 1/1 [00:01<00:00,  1.48s/it][A
Writing model shards: 100%|█████████████████████████████████████████████████████████████████████████| 1/1 [00:01<00:00,  1.48s/it]

 72%|█████████████████████████████████████████████████████████████████▉                         | 391/540 [02:36<03:29,  1.41s/it]
 73%|██████████████████████████████████████████████████████████████████                         | 392/540 [02:36<02:44,  1.11s/it]
 73%|██████████████████████████████████████████████████████████████████▏                        | 393/540 [02:36<02:08,  1.14it/s]
 73%|██████████████████████████████████████████████████████████████████▍                        | 394/540 [02:36<01:41,  1.44it/s]
 73%|██████████████████████████████████████████████████████████████████▌                        | 395/540 [02:37<01:21,  1.78it/s]
 73%|██████████████████████████████████████████████████████████████████▋                        | 396/540 [02:37<01:06,  2.17it/s]
 74%|██████████████████████████████████████████████████████████████████▉                        | 397/540 [02:37<00:55,  2.57it/s]
 74%|███████████████████████████████████████████████████████████████████                        | 398/540 [02:37<00:47,  2.97it/s]
 74%|███████████████████████████████████████████████████████████████████▏                       | 399/540 [02:38<00:42,  3.33it/s]
 74%|███████████████████████████████████████████████████████████████████▍                       | 400/540 [02:38<00:38,  3.65it/s]
                                                                                                                                  

 74%|███████████████████████████████████████████████████████████████████▍                       | 400/540 [02:38<00:38,  3.65it/s]
 74%|███████████████████████████████████████████████████████████████████▌                       | 401/540 [02:38<00:35,  3.92it/s]
 74%|███████████████████████████████████████████████████████████████████▋                       | 402/540 [02:38<00:35,  3.87it/s]
 75%|███████████████████████████████████████████████████████████████████▉                       | 403/540 [02:38<00:33,  4.09it/s]
 75%|████████████████████████████████████████████████████████████████████                       | 404/540 [02:39<00:32,  4.25it/s]
 75%|████████████████████████████████████████████████████████████████████▎                      | 405/540 [02:39<00:30,  4.38it/s]
 75%|████████████████████████████████████████████████████████████████████▍                      | 406/540 [02:39<00:29,  4.48it/s]
 75%|████████████████████████████████████████████████████████████████████▌                      | 407/540 [02:39<00:29,  4.55it/s]
 76%|████████████████████████████████████████████████████████████████████▊                      | 408/540 [02:40<00:28,  4.60it/s]
 76%|████████████████████████████████████████████████████████████████████▉                      | 409/540 [02:40<00:28,  4.64it/s]
 76%|█████████████████████████████████████████████████████████████████████                      | 410/540 [02:40<00:27,  4.66it/s]
 76%|█████████████████████████████████████████████████████████████████████▎                     | 411/540 [02:40<00:27,  4.68it/s]
 76%|█████████████████████████████████████████████████████████████████████▍                     | 412/540 [02:40<00:27,  4.69it/s]
 76%|█████████████████████████████████████████████████████████████████████▌                     | 413/540 [02:41<00:27,  4.70it/s]
 77%|█████████████████████████████████████████████████████████████████████▊                     | 414/540 [02:41<00:26,  4.71it/s]
 77%|█████████████████████████████████████████████████████████████████████▉                     | 415/540 [02:41<00:26,  4.71it/s]
 77%|██████████████████████████████████████████████████████████████████████                     | 416/540 [02:41<00:26,  4.71it/s]
 77%|██████████████████████████████████████████████████████████████████████▎                    | 417/540 [02:41<00:26,  4.72it/s]
 77%|██████████████████████████████████████████████████████████████████████▍                    | 418/540 [02:42<00:25,  4.70it/s]
 78%|██████████████████████████████████████████████████████████████████████▌                    | 419/540 [02:42<00:25,  4.70it/s]{'loss': '0.5124', 'grad_norm': '4.833', 'learning_rate': '1.422e-05', 'epoch': '13.34'}


Writing model shards:   0%|                                                                                 | 0/1 [00:00<?, ?it/s][A

Writing model shards: 100%|█████████████████████████████████████████████████████████████████████████| 1/1 [00:01<00:00,  1.54s/it][A
Writing model shards: 100%|█████████████████████████████████████████████████████████████████████████| 1/1 [00:01<00:00,  1.54s/it]

 78%|██████████████████████████████████████████████████████████████████████▉                    | 421/540 [02:49<03:30,  1.77s/it]
 78%|███████████████████████████████████████████████████████████████████████                    | 422/540 [02:49<02:43,  1.39s/it]
 78%|███████████████████████████████████████████████████████████████████████▎                   | 423/540 [02:49<02:06,  1.08s/it]
 79%|███████████████████████████████████████████████████████████████████████▍                   | 424/540 [02:50<01:37,  1.19it/s]
 79%|███████████████████████████████████████████████████████████████████████▌                   | 425/540 [02:50<01:16,  1.50it/s]
                                                                                                                                  

 79%|███████████████████████████████████████████████████████████████████████▌                   | 425/540 [02:50<01:16,  1.50it/s]
 79%|███████████████████████████████████████████████████████████████████████▊                   | 426/540 [02:50<01:01,  1.86it/s]
 79%|███████████████████████████████████████████████████████████████████████▉                   | 427/540 [02:50<00:50,  2.25it/s]
 79%|████████████████████████████████████████████████████████████████████████▏                  | 428/540 [02:51<00:42,  2.66it/s]
 79%|████████████████████████████████████████████████████████████████████████▎                  | 429/540 [02:51<00:36,  3.04it/s]
 80%|████████████████████████████████████████████████████████████████████████▍                  | 430/540 [02:51<00:32,  3.40it/s]
 80%|████████████████████████████████████████████████████████████████████████▋                  | 431/540 [02:51<00:29,  3.70it/s]
 80%|████████████████████████████████████████████████████████████████████████▊                  | 432/540 [02:51<00:27,  3.95it/s]
 80%|████████████████████████████████████████████████████████████████████████▉                  | 433/540 [02:52<00:25,  4.15it/s]
 80%|█████████████████████████████████████████████████████████████████████████▏                 | 434/540 [02:52<00:24,  4.31it/s]
 81%|█████████████████████████████████████████████████████████████████████████▎                 | 435/540 [02:52<00:23,  4.42it/s]
 81%|█████████████████████████████████████████████████████████████████████████▍                 | 436/540 [02:52<00:23,  4.51it/s]
 81%|█████████████████████████████████████████████████████████████████████████▋                 | 437/540 [02:52<00:22,  4.58it/s]
 81%|█████████████████████████████████████████████████████████████████████████▊                 | 438/540 [02:53<00:22,  4.62it/s]
 81%|█████████████████████████████████████████████████████████████████████████▉                 | 439/540 [02:53<00:21,  4.65it/s]
 81%|██████████████████████████████████████████████████████████████████████████▏                | 440/540 [02:53<00:21,  4.68it/s]
 82%|██████████████████████████████████████████████████████████████████████████▎                | 441/540 [02:53<00:21,  4.69it/s]
 82%|██████████████████████████████████████████████████████████████████████████▍                | 442/540 [02:53<00:20,  4.70it/s]
 82%|██████████████████████████████████████████████████████████████████████████▋                | 443/540 [02:54<00:20,  4.71it/s]
 82%|██████████████████████████████████████████████████████████████████████████▊                | 444/540 [02:54<00:20,  4.72it/s]
 82%|██████████████████████████████████████████████████████████████████████████▉                | 445/540 [02:54<00:20,  4.72it/s]
 83%|███████████████████████████████████████████████████████████████████████████▏               | 446/540 [02:54<00:19,  4.72it/s]
 83%|███████████████████████████████████████████████████████████████████████████▎               | 447/540 [02:55<00:19,  4.73it/s]
 83%|███████████████████████████████████████████████████████████████████████████▍               | 448/540 [02:55<00:19,  4.72it/s]
 83%|███████████████████████████████████████████████████████████████████████████▋               | 449/540 [02:55<00:19,  4.72it/s]
                                                                                                                                  

 83%|███████████████████████████████████████████████████████████████████████████▊               | 450/540 [02:55<00:19,  4.72it/s]{'loss': '0.4875', 'grad_norm': '4.302', 'learning_rate': '1.176e-05', 'epoch': '14.17'}
{'loss': '0.4422', 'grad_norm': '11.32', 'learning_rate': '9.314e-06', 'epoch': '15'}


Writing model shards:   0%|                                                                                 | 0/1 [00:00<?, ?it/s][A

Writing model shards: 100%|█████████████████████████████████████████████████████████████████████████| 1/1 [00:01<00:00,  1.74s/it][A
Writing model shards: 100%|█████████████████████████████████████████████████████████████████████████| 1/1 [00:01<00:00,  1.74s/it]

 84%|████████████████████████████████████████████████████████████████████████████               | 451/540 [03:02<02:24,  1.62s/it]
 84%|████████████████████████████████████████████████████████████████████████████▏              | 452/540 [03:02<01:51,  1.27s/it]
 84%|████████████████████████████████████████████████████████████████████████████▎              | 453/540 [03:02<01:26,  1.00it/s]
 84%|████████████████████████████████████████████████████████████████████████████▌              | 454/540 [03:02<01:07,  1.28it/s]
 84%|████████████████████████████████████████████████████████████████████████████▋              | 455/540 [03:02<00:52,  1.61it/s]
 84%|████████████████████████████████████████████████████████████████████████████▊              | 456/540 [03:03<00:42,  1.98it/s]
 85%|█████████████████████████████████████████████████████████████████████████████              | 457/540 [03:03<00:34,  2.38it/s]
 85%|█████████████████████████████████████████████████████████████████████████████▏             | 458/540 [03:03<00:29,  2.78it/s]
 85%|█████████████████████████████████████████████████████████████████████████████▎             | 459/540 [03:03<00:25,  3.16it/s]
 85%|█████████████████████████████████████████████████████████████████████████████▌             | 460/540 [03:03<00:22,  3.50it/s]
 85%|█████████████████████████████████████████████████████████████████████████████▋             | 461/540 [03:04<00:20,  3.80it/s]
 86%|█████████████████████████████████████████████████████████████████████████████▊             | 462/540 [03:04<00:19,  4.03it/s]
 86%|██████████████████████████████████████████████████████████████████████████████             | 463/540 [03:04<00:18,  4.21it/s]
 86%|██████████████████████████████████████████████████████████████████████████████▏            | 464/540 [03:04<00:17,  4.35it/s]
 86%|██████████████████████████████████████████████████████████████████████████████▎            | 465/540 [03:04<00:16,  4.45it/s]
 86%|██████████████████████████████████████████████████████████████████████████████▌            | 466/540 [03:05<00:16,  4.53it/s]
 86%|██████████████████████████████████████████████████████████████████████████████▋            | 467/540 [03:05<00:15,  4.59it/s]
 87%|██████████████████████████████████████████████████████████████████████████████▊            | 468/540 [03:05<00:15,  4.63it/s]
 87%|███████████████████████████████████████████████████████████████████████████████            | 469/540 [03:05<00:15,  4.66it/s]
 87%|███████████████████████████████████████████████████████████████████████████████▏           | 470/540 [03:06<00:14,  4.68it/s]
 87%|███████████████████████████████████████████████████████████████████████████████▎           | 471/540 [03:06<00:14,  4.69it/s]
 87%|███████████████████████████████████████████████████████████████████████████████▌           | 472/540 [03:06<00:14,  4.70it/s]
 88%|███████████████████████████████████████████████████████████████████████████████▋           | 473/540 [03:06<00:14,  4.71it/s]
 88%|███████████████████████████████████████████████████████████████████████████████▉           | 474/540 [03:06<00:14,  4.71it/s]
 88%|████████████████████████████████████████████████████████████████████████████████           | 475/540 [03:07<00:13,  4.71it/s]
                                                                                                                                  

 88%|████████████████████████████████████████████████████████████████████████████████           | 475/540 [03:07<00:13,  4.71it/s]
 88%|████████████████████████████████████████████████████████████████████████████████▏          | 476/540 [03:07<00:13,  4.72it/s]
 88%|████████████████████████████████████████████████████████████████████████████████▍          | 477/540 [03:07<00:13,  4.71it/s]
 89%|████████████████████████████████████████████████████████████████████████████████▌          | 478/540 [03:07<00:13,  4.71it/s]
 89%|████████████████████████████████████████████████████████████████████████████████▋          | 479/540 [03:07<00:12,  4.72it/s]{'loss': '0.4365', 'grad_norm': '4.844', 'learning_rate': '6.863e-06', 'epoch': '15.85'}


Writing model shards:   0%|                                                                                 | 0/1 [00:00<?, ?it/s][A

Writing model shards: 100%|█████████████████████████████████████████████████████████████████████████| 1/1 [00:01<00:00,  1.56s/it][A
Writing model shards: 100%|█████████████████████████████████████████████████████████████████████████| 1/1 [00:01<00:00,  1.56s/it]

 89%|█████████████████████████████████████████████████████████████████████████████████          | 481/540 [03:14<01:29,  1.52s/it]
 89%|█████████████████████████████████████████████████████████████████████████████████▏         | 482/540 [03:14<01:09,  1.19s/it]
 89%|█████████████████████████████████████████████████████████████████████████████████▍         | 483/540 [03:14<00:53,  1.07it/s]
 90%|█████████████████████████████████████████████████████████████████████████████████▌         | 484/540 [03:14<00:41,  1.35it/s]
 90%|█████████████████████████████████████████████████████████████████████████████████▋         | 485/540 [03:14<00:32,  1.69it/s]
 90%|█████████████████████████████████████████████████████████████████████████████████▉         | 486/540 [03:15<00:26,  2.07it/s]
 90%|██████████████████████████████████████████████████████████████████████████████████         | 487/540 [03:15<00:21,  2.47it/s]
 90%|██████████████████████████████████████████████████████████████████████████████████▏        | 488/540 [03:15<00:18,  2.87it/s]
 91%|██████████████████████████████████████████████████████████████████████████████████▍        | 489/540 [03:15<00:15,  3.25it/s]
 91%|██████████████████████████████████████████████████████████████████████████████████▌        | 490/540 [03:15<00:13,  3.58it/s]
 91%|██████████████████████████████████████████████████████████████████████████████████▋        | 491/540 [03:16<00:12,  3.85it/s]
 91%|██████████████████████████████████████████████████████████████████████████████████▉        | 492/540 [03:16<00:11,  4.08it/s]
 91%|███████████████████████████████████████████████████████████████████████████████████        | 493/540 [03:16<00:11,  4.25it/s]
 91%|███████████████████████████████████████████████████████████████████████████████████▏       | 494/540 [03:16<00:10,  4.38it/s]
 92%|███████████████████████████████████████████████████████████████████████████████████▍       | 495/540 [03:16<00:10,  4.48it/s]
 92%|███████████████████████████████████████████████████████████████████████████████████▌       | 496/540 [03:17<00:09,  4.55it/s]
 92%|███████████████████████████████████████████████████████████████████████████████████▊       | 497/540 [03:17<00:09,  4.60it/s]
 92%|███████████████████████████████████████████████████████████████████████████████████▉       | 498/540 [03:17<00:09,  4.64it/s]
 92%|████████████████████████████████████████████████████████████████████████████████████       | 499/540 [03:17<00:08,  4.66it/s]
 93%|████████████████████████████████████████████████████████████████████████████████████▎      | 500/540 [03:18<00:08,  4.68it/s]
                                                                                                                                  

 93%|████████████████████████████████████████████████████████████████████████████████████▎      | 500/540 [03:18<00:08,  4.68it/s]
 93%|████████████████████████████████████████████████████████████████████████████████████▍      | 501/540 [03:18<00:08,  4.69it/s]
 93%|████████████████████████████████████████████████████████████████████████████████████▌      | 502/540 [03:18<00:08,  4.70it/s]
 93%|████████████████████████████████████████████████████████████████████████████████████▊      | 503/540 [03:18<00:07,  4.71it/s]
 93%|████████████████████████████████████████████████████████████████████████████████████▉      | 504/540 [03:18<00:07,  4.71it/s]
 94%|█████████████████████████████████████████████████████████████████████████████████████      | 505/540 [03:19<00:07,  4.72it/s]
 94%|█████████████████████████████████████████████████████████████████████████████████████▎     | 506/540 [03:19<00:07,  4.72it/s]
 94%|█████████████████████████████████████████████████████████████████████████████████████▍     | 507/540 [03:19<00:07,  4.71it/s]
 94%|█████████████████████████████████████████████████████████████████████████████████████▌     | 508/540 [03:19<00:06,  4.71it/s]
 94%|█████████████████████████████████████████████████████████████████████████████████████▊     | 509/540 [03:19<00:06,  4.71it/s]{'loss': '0.425', 'grad_norm': '4.373', 'learning_rate': '4.412e-06', 'epoch': '16.68'}


Writing model shards:   0%|                                                                                 | 0/1 [00:00<?, ?it/s][A

Writing model shards: 100%|█████████████████████████████████████████████████████████████████████████| 1/1 [00:01<00:00,  1.50s/it][A
Writing model shards: 100%|█████████████████████████████████████████████████████████████████████████| 1/1 [00:01<00:00,  1.50s/it]

 95%|██████████████████████████████████████████████████████████████████████████████████████     | 511/540 [03:25<00:40,  1.38s/it]
 95%|██████████████████████████████████████████████████████████████████████████████████████▎    | 512/540 [03:25<00:30,  1.09s/it]
 95%|██████████████████████████████████████████████████████████████████████████████████████▍    | 513/540 [03:25<00:23,  1.16it/s]
 95%|██████████████████████████████████████████████████████████████████████████████████████▌    | 514/540 [03:26<00:17,  1.46it/s]
 95%|██████████████████████████████████████████████████████████████████████████████████████▊    | 515/540 [03:26<00:13,  1.81it/s]
 96%|██████████████████████████████████████████████████████████████████████████████████████▉    | 516/540 [03:26<00:10,  2.20it/s]
 96%|███████████████████████████████████████████████████████████████████████████████████████    | 517/540 [03:26<00:08,  2.60it/s]
 96%|███████████████████████████████████████████████████████████████████████████████████████▎   | 518/540 [03:26<00:07,  2.99it/s]
 96%|███████████████████████████████████████████████████████████████████████████████████████▍   | 519/540 [03:27<00:06,  3.35it/s]
 96%|███████████████████████████████████████████████████████████████████████████████████████▋   | 520/540 [03:27<00:05,  3.67it/s]
 96%|███████████████████████████████████████████████████████████████████████████████████████▊   | 521/540 [03:27<00:04,  3.93it/s]
 97%|███████████████████████████████████████████████████████████████████████████████████████▉   | 522/540 [03:27<00:04,  4.14it/s]
 97%|████████████████████████████████████████████████████████████████████████████████████████▏  | 523/540 [03:28<00:03,  4.30it/s]
 97%|████████████████████████████████████████████████████████████████████████████████████████▎  | 524/540 [03:28<00:03,  4.41it/s]
 97%|████████████████████████████████████████████████████████████████████████████████████████▍  | 525/540 [03:28<00:03,  4.50it/s]
                                                                                                                                  

 97%|████████████████████████████████████████████████████████████████████████████████████████▍  | 525/540 [03:28<00:03,  4.50it/s]
 97%|████████████████████████████████████████████████████████████████████████████████████████▋  | 526/540 [03:28<00:03,  4.56it/s]
 98%|████████████████████████████████████████████████████████████████████████████████████████▊  | 527/540 [03:28<00:02,  4.61it/s]
 98%|████████████████████████████████████████████████████████████████████████████████████████▉  | 528/540 [03:29<00:02,  4.64it/s]
 98%|█████████████████████████████████████████████████████████████████████████████████████████▏ | 529/540 [03:29<00:02,  4.67it/s]
 98%|█████████████████████████████████████████████████████████████████████████████████████████▎ | 530/540 [03:29<00:02,  4.68it/s]
 98%|█████████████████████████████████████████████████████████████████████████████████████████▍ | 531/540 [03:29<00:01,  4.69it/s]
 99%|█████████████████████████████████████████████████████████████████████████████████████████▋ | 532/540 [03:29<00:01,  4.70it/s]
 99%|█████████████████████████████████████████████████████████████████████████████████████████▊ | 533/540 [03:30<00:01,  4.71it/s]
 99%|█████████████████████████████████████████████████████████████████████████████████████████▉ | 534/540 [03:30<00:01,  4.71it/s]
 99%|██████████████████████████████████████████████████████████████████████████████████████████▏| 535/540 [03:30<00:01,  4.71it/s]
 99%|██████████████████████████████████████████████████████████████████████████████████████████▎| 536/540 [03:30<00:00,  4.71it/s]
 99%|██████████████████████████████████████████████████████████████████████████████████████████▍| 537/540 [03:30<00:00,  4.72it/s]
100%|██████████████████████████████████████████████████████████████████████████████████████████▋| 538/540 [03:31<00:00,  4.72it/s]
100%|██████████████████████████████████████████████████████████████████████████████████████████▊| 539/540 [03:31<00:00,  4.72it/s]{'loss': '0.4079', 'grad_norm': '3.67', 'learning_rate': '2.059e-06', 'epoch': '17.51'}


Writing model shards:   0%|                                                                                 | 0/1 [00:00<?, ?it/s][A

Writing model shards: 100%|█████████████████████████████████████████████████████████████████████████| 1/1 [00:01<00:00,  1.83s/it][A
Writing model shards: 100%|█████████████████████████████████████████████████████████████████████████| 1/1 [00:01<00:00,  1.83s/it]

                                                                                                                                  

100%|███████████████████████████████████████████████████████████████████████████████████████████| 540/540 [03:37<00:00,  4.72it/s]
100%|███████████████████████████████████████████████████████████████████████████████████████████| 540/540 [03:37<00:00,  2.49it/s]
{'train_runtime': '217.1', 'train_samples_per_second': '38.55', 'train_steps_per_second': '2.487', 'train_loss': '0.9045', 'epoch': '18'}

  0%|                                                                                                       | 0/9 [00:00<?, ?it/s]
 44%|██████████████████████████████████████████▏                                                    | 4/9 [00:00<00:00, 35.99it/s]
 89%|████████████████████████████████████████████████████████████████████████████████████▍          | 8/9 [00:00<00:00, 31.66it/s]
100%|███████████████████████████████████████████████████████████████████████████████████████████████| 9/9 [00:00<00:00, 31.78it/s]

Writing model shards:   0%|                                                                                 | 0/1 [00:00<?, ?it/s]
Writing model shards: 100%|█████████████████████████████████████████████████████████████████████████| 1/1 [00:01<00:00,  1.69s/it]
Writing model shards: 100%|█████████████████████████████████████████████████████████████████████████| 1/1 [00:01<00:00,  1.69s/it]

Loading weights:   0%|                                                                                    | 0/292 [00:00<?, ?it/s]
Loading weights:  63%|█████████████████████████████████████████████                           | 183/292 [00:00<00:00, 1828.01it/s]
Loading weights: 100%|████████████████████████████████████████████████████████████████████████| 292/292 [00:00<00:00, 1565.98it/s]

Loading weights:   0%|                                                                                    | 0/292 [00:00<?, ?it/s]
Loading weights: 100%|████████████████████████████████████████████████████████████████████████| 292/292 [00:00<00:00, 2318.73it/s]
Loading weights: 100%|████████████████████████████████████████████████████████████████████████| 292/292 [00:00<00:00, 2313.61it/s]

Loading weights:   0%|                                                                                    | 0/292 [00:00<?, ?it/s]
Loading weights:  16%|███████████▋                                                              | 46/292 [00:00<00:00, 433.37it/s]
Loading weights:  32%|███████████████████████▊                                                  | 94/292 [00:00<00:00, 439.39it/s]
Loading weights:  49%|███████████████████████████████████▌                                     | 142/292 [00:00<00:00, 442.44it/s]
Loading weights:  65%|███████████████████████████████████████████████▌                         | 190/292 [00:00<00:00, 446.79it/s]
Loading weights:  82%|███████████████████████████████████████████████████████████▌             | 238/292 [00:00<00:00, 446.87it/s]
Loading weights:  98%|███████████████████████████████████████████████████████████████████████▌ | 286/292 [00:00<00:00, 447.54it/s]
Loading weights: 100%|█████████████████████████████████████████████████████████████████████████| 292/292 [00:00<00:00, 433.21it/s]

Loading weights:   0%|                                                                                    | 0/292 [00:00<?, ?it/s]
Loading weights:  47%|█████████████████████████████████▌                                      | 136/292 [00:00<00:00, 1351.22it/s]
Loading weights:  99%|███████████████████████████████████████████████████████████████████████ | 288/292 [00:00<00:00, 1441.98it/s]
Loading weights: 100%|████████████████████████████████████████████████████████████████████████| 292/292 [00:00<00:00, 1302.60it/s]

Loading weights:   0%|                                                                                    | 0/196 [00:00<?, ?it/s]
Loading weights:  29%|█████████████████████▏                                                    | 56/196 [00:00<00:00, 543.96it/s]
Loading weights:  65%|███████████████████████████████████████████████▋                         | 128/196 [00:00<00:00, 627.83it/s]
Loading weights: 100%|█████████████████████████████████████████████████████████████████████████| 196/196 [00:00<00:00, 683.91it/s]
Warning: You are sending unauthenticated requests to the HF Hub. Please set a HF_TOKEN to enable higher rate limits and faster downloads.
[RANK 0] Detected kernel version 5.4.0, which is below the recommended minimum of 5.5.0; this can cause the process to hang. It is recommended to upgrade the kernel to the minimum version or higher.

  0%|                                                                                                     | 0/360 [00:00<?, ?it/s]
  0%|▎                                                                                            | 1/360 [00:00<02:50,  2.11it/s]
  1%|▌                                                                                            | 2/360 [00:00<02:40,  2.23it/s]
  1%|▊                                                                                            | 3/360 [00:01<02:39,  2.24it/s]
  1%|█                                                                                            | 4/360 [00:01<02:39,  2.24it/s]
  1%|█▎                                                                                           | 5/360 [00:02<02:38,  2.23it/s]
  2%|█▌                                                                                           | 6/360 [00:02<02:38,  2.23it/s]
  2%|█▊                                                                                           | 7/360 [00:03<02:37,  2.24it/s]
  2%|██                                                                                           | 8/360 [00:03<02:36,  2.24it/s]
  2%|██▎                                                                                          | 9/360 [00:04<02:36,  2.25it/s]
  3%|██▌                                                                                         | 10/360 [00:04<02:35,  2.25it/s]
  3%|██▊                                                                                         | 11/360 [00:04<02:34,  2.25it/s]
  3%|███                                                                                         | 12/360 [00:05<02:34,  2.25it/s]
  4%|███▎                                                                                        | 13/360 [00:05<02:34,  2.25it/s]
  4%|███▌                                                                                        | 14/360 [00:06<02:33,  2.25it/s]
  4%|███▊                                                                                        | 15/360 [00:06<02:33,  2.25it/s]
  4%|████                                                                                        | 16/360 [00:07<02:32,  2.26it/s]
  5%|████▎                                                                                       | 17/360 [00:07<02:31,  2.26it/s]
  5%|████▌                                                                                       | 18/360 [00:08<02:31,  2.26it/s]
  5%|████▊                                                                                       | 19/360 [00:08<02:30,  2.26it/s]
  6%|█████                                                                                       | 20/360 [00:08<02:30,  2.26it/s]
  6%|█████▎                                                                                      | 21/360 [00:09<02:30,  2.26it/s]
  6%|█████▌                                                                                      | 22/360 [00:09<02:29,  2.26it/s]
  6%|█████▉                                                                                      | 23/360 [00:10<02:29,  2.25it/s]
  7%|██████▏                                                                                     | 24/360 [00:10<02:29,  2.25it/s]
  7%|██████▍                                                                                     | 25/360 [00:11<02:29,  2.25it/s]
                                                                                                                                  

  7%|██████▍                                                                                     | 25/360 [00:11<02:29,  2.25it/s]
  7%|██████▋                                                                                     | 26/360 [00:11<02:28,  2.25it/s]
  8%|██████▉                                                                                     | 27/360 [00:12<02:27,  2.25it/s]
  8%|███████▏                                                                                    | 28/360 [00:12<02:27,  2.25it/s]
  8%|███████▍                                                                                    | 29/360 [00:12<02:26,  2.25it/s]
  8%|███████▋                                                                                    | 30/360 [00:13<01:57,  2.81it/s]{'loss': '1.896', 'grad_norm': '4.521', 'learning_rate': '4e-05', 'epoch': '0.8547'}


Writing model shards:   0%|                                                                                 | 0/1 [00:00<?, ?it/s][A

Writing model shards: 100%|█████████████████████████████████████████████████████████████████████████| 1/1 [00:06<00:00,  6.77s/it][A
Writing model shards: 100%|█████████████████████████████████████████████████████████████████████████| 1/1 [00:06<00:00,  6.77s/it]

  9%|███████▉                                                                                    | 31/360 [00:31<31:44,  5.79s/it]
  9%|████████▏                                                                                   | 32/360 [00:31<22:52,  4.18s/it]
  9%|████████▍                                                                                   | 33/360 [00:32<16:41,  3.06s/it]
  9%|████████▋                                                                                   | 34/360 [00:32<12:22,  2.28s/it]
 10%|████████▉                                                                                   | 35/360 [00:33<09:21,  1.73s/it]
 10%|█████████▏                                                                                  | 36/360 [00:33<07:14,  1.34s/it]
 10%|█████████▍                                                                                  | 37/360 [00:34<05:46,  1.07s/it]
 11%|█████████▋                                                                                  | 38/360 [00:34<04:44,  1.13it/s]
 11%|█████████▉                                                                                  | 39/360 [00:35<04:01,  1.33it/s]
 11%|██████████▏                                                                                 | 40/360 [00:35<03:31,  1.52it/s]
 11%|██████████▍                                                                                 | 41/360 [00:35<03:09,  1.68it/s]
 12%|██████████▋                                                                                 | 42/360 [00:36<02:54,  1.82it/s]
 12%|██████████▉                                                                                 | 43/360 [00:36<02:44,  1.93it/s]
 12%|███████████▏                                                                                | 44/360 [00:37<02:36,  2.01it/s]
 12%|███████████▌                                                                                | 45/360 [00:37<02:31,  2.08it/s]
 13%|███████████▊                                                                                | 46/360 [00:38<02:27,  2.13it/s]
 13%|████████████                                                                                | 47/360 [00:38<02:24,  2.16it/s]
 13%|████████████▎                                                                               | 48/360 [00:39<02:22,  2.19it/s]
 14%|████████████▌                                                                               | 49/360 [00:39<02:20,  2.21it/s]
 14%|████████████▊                                                                               | 50/360 [00:39<02:19,  2.22it/s]
                                                                                                                                  

 14%|████████████▊                                                                               | 50/360 [00:40<02:19,  2.22it/s]
 14%|█████████████                                                                               | 51/360 [00:40<02:18,  2.23it/s]
 14%|█████████████▎                                                                              | 52/360 [00:40<02:17,  2.24it/s]
 15%|█████████████▌                                                                              | 53/360 [00:41<02:16,  2.24it/s]
 15%|█████████████▊                                                                              | 54/360 [00:41<02:16,  2.25it/s]
 15%|██████████████                                                                              | 55/360 [00:42<02:15,  2.25it/s]
 16%|██████████████▎                                                                             | 56/360 [00:42<02:15,  2.25it/s]
 16%|██████████████▌                                                                             | 57/360 [00:43<02:14,  2.25it/s]
 16%|██████████████▊                                                                             | 58/360 [00:43<02:13,  2.26it/s]
 16%|███████████████                                                                             | 59/360 [00:43<02:13,  2.25it/s]
 17%|███████████████▎                                                                            | 60/360 [00:44<01:47,  2.80it/s]{'loss': '1.18', 'grad_norm': '3.695', 'learning_rate': '4.727e-05', 'epoch': '1.684'}


Writing model shards:   0%|                                                                                 | 0/1 [00:00<?, ?it/s][A

Writing model shards: 100%|█████████████████████████████████████████████████████████████████████████| 1/1 [00:05<00:00,  5.96s/it][A
Writing model shards: 100%|█████████████████████████████████████████████████████████████████████████| 1/1 [00:05<00:00,  5.96s/it]

 17%|███████████████▌                                                                            | 61/360 [01:02<28:09,  5.65s/it]
 17%|███████████████▊                                                                            | 62/360 [01:02<20:17,  4.09s/it]
 18%|████████████████                                                                            | 63/360 [01:02<14:49,  2.99s/it]
 18%|████████████████▎                                                                           | 64/360 [01:03<10:59,  2.23s/it]
 18%|████████████████▌                                                                           | 65/360 [01:03<08:19,  1.69s/it]
 18%|████████████████▊                                                                           | 66/360 [01:04<06:27,  1.32s/it]
 19%|█████████████████                                                                           | 67/360 [01:04<05:09,  1.06s/it]
 19%|█████████████████▍                                                                          | 68/360 [01:05<04:14,  1.15it/s]
 19%|█████████████████▋                                                                          | 69/360 [01:05<03:36,  1.35it/s]
 19%|█████████████████▉                                                                          | 70/360 [01:06<03:09,  1.53it/s]
 20%|██████████████████▏                                                                         | 71/360 [01:06<02:50,  1.69it/s]
 20%|██████████████████▍                                                                         | 72/360 [01:06<02:37,  1.83it/s]
 20%|██████████████████▋                                                                         | 73/360 [01:07<02:27,  1.94it/s]
 21%|██████████████████▉                                                                         | 74/360 [01:07<02:21,  2.03it/s]
 21%|███████████████████▏                                                                        | 75/360 [01:08<02:16,  2.09it/s]
                                                                                                                                  

 21%|███████████████████▏                                                                        | 75/360 [01:08<02:16,  2.09it/s]
 21%|███████████████████▍                                                                        | 76/360 [01:08<02:12,  2.14it/s]
 21%|███████████████████▋                                                                        | 77/360 [01:09<02:10,  2.17it/s]
 22%|███████████████████▉                                                                        | 78/360 [01:09<02:08,  2.19it/s]
 22%|████████████████████▏                                                                       | 79/360 [01:10<02:07,  2.21it/s]
 22%|████████████████████▍                                                                       | 80/360 [01:10<02:05,  2.22it/s]
 22%|████████████████████▋                                                                       | 81/360 [01:10<02:04,  2.23it/s]
 23%|████████████████████▉                                                                       | 82/360 [01:11<02:04,  2.24it/s]
 23%|█████████████████████▏                                                                      | 83/360 [01:11<02:03,  2.24it/s]
 23%|█████████████████████▍                                                                      | 84/360 [01:12<02:02,  2.25it/s]
 24%|█████████████████████▋                                                                      | 85/360 [01:12<02:02,  2.25it/s]
 24%|█████████████████████▉                                                                      | 86/360 [01:13<02:01,  2.25it/s]
 24%|██████████████████████▏                                                                     | 87/360 [01:13<02:01,  2.25it/s]
 24%|██████████████████████▍                                                                     | 88/360 [01:14<02:00,  2.25it/s]
 25%|██████████████████████▋                                                                     | 89/360 [01:14<02:00,  2.25it/s]
 25%|███████████████████████                                                                     | 90/360 [01:14<01:36,  2.81it/s]{'loss': '0.8082', 'grad_norm': '3.586', 'learning_rate': '4.348e-05', 'epoch': '2.513'}


Writing model shards:   0%|                                                                                 | 0/1 [00:00<?, ?it/s][A

Writing model shards: 100%|█████████████████████████████████████████████████████████████████████████| 1/1 [00:07<00:00,  7.35s/it][A
Writing model shards: 100%|█████████████████████████████████████████████████████████████████████████| 1/1 [00:07<00:00,  7.35s/it]

 25%|███████████████████████▎                                                                    | 91/360 [01:36<31:02,  6.92s/it]
 26%|███████████████████████▌                                                                    | 92/360 [01:37<22:14,  4.98s/it]
 26%|███████████████████████▊                                                                    | 93/360 [01:37<16:05,  3.62s/it]
 26%|████████████████████████                                                                    | 94/360 [01:38<11:48,  2.66s/it]
 26%|████████████████████████▎                                                                   | 95/360 [01:38<08:49,  2.00s/it]
 27%|████████████████████████▌                                                                   | 96/360 [01:39<06:44,  1.53s/it]
 27%|████████████████████████▊                                                                   | 97/360 [01:39<05:16,  1.21s/it]
 27%|█████████████████████████                                                                   | 98/360 [01:40<04:15,  1.02it/s]
 28%|█████████████████████████▎                                                                  | 99/360 [01:40<03:33,  1.23it/s]
 28%|█████████████████████████▎                                                                 | 100/360 [01:40<03:03,  1.42it/s]
                                                                                                                                  

 28%|█████████████████████████▎                                                                 | 100/360 [01:40<03:03,  1.42it/s]
 28%|█████████████████████████▌                                                                 | 101/360 [01:41<02:42,  1.60it/s]
 28%|█████████████████████████▊                                                                 | 102/360 [01:41<02:27,  1.75it/s]
 29%|██████████████████████████                                                                 | 103/360 [01:42<02:16,  1.88it/s]
 29%|██████████████████████████▎                                                                | 104/360 [01:42<02:09,  1.98it/s]
 29%|██████████████████████████▌                                                                | 105/360 [01:43<02:03,  2.06it/s]
 29%|██████████████████████████▊                                                                | 106/360 [01:43<02:00,  2.11it/s]
 30%|███████████████████████████                                                                | 107/360 [01:43<01:57,  2.16it/s]
 30%|███████████████████████████▎                                                               | 108/360 [01:44<01:55,  2.18it/s]
 30%|███████████████████████████▌                                                               | 109/360 [01:44<01:53,  2.20it/s]
 31%|███████████████████████████▊                                                               | 110/360 [01:45<01:52,  2.22it/s]
 31%|████████████████████████████                                                               | 111/360 [01:45<01:51,  2.23it/s]
 31%|████████████████████████████▎                                                              | 112/360 [01:46<01:50,  2.24it/s]
 31%|████████████████████████████▌                                                              | 113/360 [01:46<01:49,  2.25it/s]
 32%|████████████████████████████▊                                                              | 114/360 [01:47<01:49,  2.25it/s]
 32%|█████████████████████████████                                                              | 115/360 [01:47<01:48,  2.26it/s]
 32%|█████████████████████████████▎                                                             | 116/360 [01:47<01:48,  2.26it/s]
 32%|█████████████████████████████▌                                                             | 117/360 [01:48<01:47,  2.26it/s]
 33%|█████████████████████████████▊                                                             | 118/360 [01:48<01:47,  2.26it/s]
 33%|██████████████████████████████                                                             | 119/360 [01:49<01:46,  2.26it/s]
 33%|██████████████████████████████▎                                                            | 120/360 [01:49<01:25,  2.82it/s]{'loss': '0.6003', 'grad_norm': '4.229', 'learning_rate': '3.97e-05', 'epoch': '3.342'}


Writing model shards:   0%|                                                                                 | 0/1 [00:00<?, ?it/s][A

Writing model shards: 100%|█████████████████████████████████████████████████████████████████████████| 1/1 [00:05<00:00,  5.87s/it][A
Writing model shards: 100%|█████████████████████████████████████████████████████████████████████████| 1/1 [00:05<00:00,  5.87s/it]

 34%|██████████████████████████████▌                                                            | 121/360 [02:08<23:14,  5.83s/it]
 34%|██████████████████████████████▊                                                            | 122/360 [02:08<16:43,  4.22s/it]
 34%|███████████████████████████████                                                            | 123/360 [02:08<12:10,  3.08s/it]
 34%|███████████████████████████████▎                                                           | 124/360 [02:09<09:00,  2.29s/it]
 35%|███████████████████████████████▌                                                           | 125/360 [02:09<06:48,  1.74s/it]
                                                                                                                                  

 35%|███████████████████████████████▌                                                           | 125/360 [02:09<06:48,  1.74s/it]
 35%|███████████████████████████████▊                                                           | 126/360 [02:10<05:15,  1.35s/it]
 35%|████████████████████████████████                                                           | 127/360 [02:10<04:10,  1.08s/it]
 36%|████████████████████████████████▎                                                          | 128/360 [02:11<03:25,  1.13it/s]
 36%|████████████████████████████████▌                                                          | 129/360 [02:11<02:53,  1.33it/s]
 36%|████████████████████████████████▊                                                          | 130/360 [02:12<02:31,  1.52it/s]
 36%|█████████████████████████████████                                                          | 131/360 [02:12<02:15,  1.68it/s]
 37%|█████████████████████████████████▎                                                         | 132/360 [02:12<02:04,  1.83it/s]
 37%|█████████████████████████████████▌                                                         | 133/360 [02:13<01:57,  1.94it/s]
 37%|█████████████████████████████████▊                                                         | 134/360 [02:13<01:51,  2.03it/s]
 38%|██████████████████████████████████▏                                                        | 135/360 [02:14<01:47,  2.09it/s]
 38%|██████████████████████████████████▍                                                        | 136/360 [02:14<01:44,  2.14it/s]
 38%|██████████████████████████████████▋                                                        | 137/360 [02:15<01:42,  2.18it/s]
 38%|██████████████████████████████████▉                                                        | 138/360 [02:15<01:40,  2.20it/s]
 39%|███████████████████████████████████▏                                                       | 139/360 [02:16<01:39,  2.22it/s]
 39%|███████████████████████████████████▍                                                       | 140/360 [02:16<01:38,  2.24it/s]
 39%|███████████████████████████████████▋                                                       | 141/360 [02:16<01:37,  2.24it/s]
 39%|███████████████████████████████████▉                                                       | 142/360 [02:17<01:36,  2.25it/s]
 40%|████████████████████████████████████▏                                                      | 143/360 [02:17<01:36,  2.26it/s]
 40%|████████████████████████████████████▍                                                      | 144/360 [02:18<01:35,  2.26it/s]
 40%|████████████████████████████████████▋                                                      | 145/360 [02:18<01:35,  2.26it/s]
 41%|████████████████████████████████████▉                                                      | 146/360 [02:19<01:34,  2.26it/s]
 41%|█████████████████████████████████████▏                                                     | 147/360 [02:19<01:34,  2.26it/s]
 41%|█████████████████████████████████████▍                                                     | 148/360 [02:19<01:33,  2.26it/s]
 41%|█████████████████████████████████████▋                                                     | 149/360 [02:20<01:33,  2.27it/s]
 42%|█████████████████████████████████████▉                                                     | 150/360 [02:20<01:14,  2.82it/s]
                                                                                                                                  

 42%|█████████████████████████████████████▉                                                     | 150/360 [02:20<01:14,  2.82it/s]{'loss': '0.3974', 'grad_norm': '2.243', 'learning_rate': '3.591e-05', 'epoch': '4.171'}
{'loss': '0.3037', 'grad_norm': '8.346', 'learning_rate': '3.212e-05', 'epoch': '5'}


Writing model shards:   0%|                                                                                 | 0/1 [00:00<?, ?it/s][A

Writing model shards: 100%|█████████████████████████████████████████████████████████████████████████| 1/1 [00:06<00:00,  6.07s/it][A
Writing model shards: 100%|█████████████████████████████████████████████████████████████████████████| 1/1 [00:06<00:00,  6.07s/it]

 42%|██████████████████████████████████████▏                                                    | 151/360 [02:39<21:04,  6.05s/it]
 42%|██████████████████████████████████████▍                                                    | 152/360 [02:40<15:08,  4.37s/it]
 42%|██████████████████████████████████████▋                                                    | 153/360 [02:40<11:00,  3.19s/it]
 43%|██████████████████████████████████████▉                                                    | 154/360 [02:41<08:07,  2.37s/it]
 43%|███████████████████████████████████████▏                                                   | 155/360 [02:41<06:06,  1.79s/it]
 43%|███████████████████████████████████████▍                                                   | 156/360 [02:42<04:42,  1.38s/it]
 44%|███████████████████████████████████████▋                                                   | 157/360 [02:42<03:43,  1.10s/it]
 44%|███████████████████████████████████████▉                                                   | 158/360 [02:43<03:02,  1.11it/s]
 44%|████████████████████████████████████████▏                                                  | 159/360 [02:43<02:33,  1.31it/s]
 44%|████████████████████████████████████████▍                                                  | 160/360 [02:43<02:13,  1.50it/s]
 45%|████████████████████████████████████████▋                                                  | 161/360 [02:44<01:59,  1.67it/s]
 45%|████████████████████████████████████████▉                                                  | 162/360 [02:44<01:49,  1.81it/s]
 45%|█████████████████████████████████████████▏                                                 | 163/360 [02:45<01:42,  1.93it/s]
 46%|█████████████████████████████████████████▍                                                 | 164/360 [02:45<01:37,  2.02it/s]
 46%|█████████████████████████████████████████▋                                                 | 165/360 [02:46<01:33,  2.09it/s]
 46%|█████████████████████████████████████████▉                                                 | 166/360 [02:46<01:30,  2.14it/s]
 46%|██████████████████████████████████████████▏                                                | 167/360 [02:46<01:29,  2.17it/s]
 47%|██████████████████████████████████████████▍                                                | 168/360 [02:47<01:27,  2.20it/s]
 47%|██████████████████████████████████████████▋                                                | 169/360 [02:47<01:26,  2.22it/s]
 47%|██████████████████████████████████████████▉                                                | 170/360 [02:48<01:25,  2.23it/s]
 48%|███████████████████████████████████████████▏                                               | 171/360 [02:48<01:24,  2.24it/s]
 48%|███████████████████████████████████████████▍                                               | 172/360 [02:49<01:23,  2.25it/s]
 48%|███████████████████████████████████████████▋                                               | 173/360 [02:49<01:22,  2.25it/s]
 48%|███████████████████████████████████████████▉                                               | 174/360 [02:50<01:22,  2.25it/s]
 49%|████████████████████████████████████████████▏                                              | 175/360 [02:50<01:21,  2.26it/s]
                                                                                                                                  

 49%|████████████████████████████████████████████▏                                              | 175/360 [02:50<01:21,  2.26it/s]
 49%|████████████████████████████████████████████▍                                              | 176/360 [02:50<01:21,  2.26it/s]
 49%|████████████████████████████████████████████▋                                              | 177/360 [02:51<01:20,  2.26it/s]
 49%|████████████████████████████████████████████▉                                              | 178/360 [02:51<01:20,  2.26it/s]
 50%|█████████████████████████████████████████████▏                                             | 179/360 [02:52<01:19,  2.27it/s]
 50%|█████████████████████████████████████████████▌                                             | 180/360 [02:52<01:03,  2.82it/s]{'loss': '0.2218', 'grad_norm': '2.292', 'learning_rate': '2.833e-05', 'epoch': '5.855'}


Writing model shards:   0%|                                                                                 | 0/1 [00:00<?, ?it/s][A

Writing model shards: 100%|█████████████████████████████████████████████████████████████████████████| 1/1 [00:05<00:00,  5.51s/it][A
Writing model shards: 100%|█████████████████████████████████████████████████████████████████████████| 1/1 [00:05<00:00,  5.60s/it]

 50%|█████████████████████████████████████████████▊                                             | 181/360 [03:11<17:43,  5.94s/it]
 51%|██████████████████████████████████████████████                                             | 182/360 [03:11<12:44,  4.29s/it]
 51%|██████████████████████████████████████████████▎                                            | 183/360 [03:12<09:15,  3.14s/it]
 51%|██████████████████████████████████████████████▌                                            | 184/360 [03:12<06:49,  2.33s/it]
 51%|██████████████████████████████████████████████▊                                            | 185/360 [03:13<05:08,  1.76s/it]
 52%|███████████████████████████████████████████████                                            | 186/360 [03:13<03:57,  1.37s/it]
 52%|███████████████████████████████████████████████▎                                           | 187/360 [03:14<03:08,  1.09s/it]
 52%|███████████████████████████████████████████████▌                                           | 188/360 [03:14<02:33,  1.12it/s]
 52%|███████████████████████████████████████████████▊                                           | 189/360 [03:14<02:09,  1.32it/s]
 53%|████████████████████████████████████████████████                                           | 190/360 [03:15<01:52,  1.51it/s]
 53%|████████████████████████████████████████████████▎                                          | 191/360 [03:15<01:40,  1.68it/s]
 53%|████████████████████████████████████████████████▌                                          | 192/360 [03:16<01:32,  1.82it/s]
 54%|████████████████████████████████████████████████▊                                          | 193/360 [03:16<01:26,  1.93it/s]
 54%|█████████████████████████████████████████████████                                          | 194/360 [03:17<01:22,  2.02it/s]
 54%|█████████████████████████████████████████████████▎                                         | 195/360 [03:17<01:19,  2.09it/s]
 54%|█████████████████████████████████████████████████▌                                         | 196/360 [03:18<01:16,  2.14it/s]
 55%|█████████████████████████████████████████████████▊                                         | 197/360 [03:18<01:14,  2.18it/s]
 55%|██████████████████████████████████████████████████                                         | 198/360 [03:18<01:13,  2.20it/s]
 55%|██████████████████████████████████████████████████▎                                        | 199/360 [03:19<01:12,  2.22it/s]
 56%|██████████████████████████████████████████████████▌                                        | 200/360 [03:19<01:11,  2.23it/s]
                                                                                                                                  

 56%|██████████████████████████████████████████████████▌                                        | 200/360 [03:19<01:11,  2.23it/s]
 56%|██████████████████████████████████████████████████▊                                        | 201/360 [03:20<01:10,  2.24it/s]
 56%|███████████████████████████████████████████████████                                        | 202/360 [03:20<01:10,  2.25it/s]
 56%|███████████████████████████████████████████████████▎                                       | 203/360 [03:21<01:09,  2.26it/s]
 57%|███████████████████████████████████████████████████▌                                       | 204/360 [03:21<01:09,  2.26it/s]
 57%|███████████████████████████████████████████████████▊                                       | 205/360 [03:22<01:08,  2.26it/s]
 57%|████████████████████████████████████████████████████                                       | 206/360 [03:22<01:08,  2.26it/s]
 57%|████████████████████████████████████████████████████▎                                      | 207/360 [03:22<01:07,  2.26it/s]
 58%|████████████████████████████████████████████████████▌                                      | 208/360 [03:23<01:07,  2.26it/s]
 58%|████████████████████████████████████████████████████▊                                      | 209/360 [03:23<01:06,  2.26it/s]
 58%|█████████████████████████████████████████████████████                                      | 210/360 [03:23<00:53,  2.82it/s]{'loss': '0.1991', 'grad_norm': '2.063', 'learning_rate': '2.455e-05', 'epoch': '6.684'}


Writing model shards:   0%|                                                                                 | 0/1 [00:00<?, ?it/s][A

Writing model shards: 100%|█████████████████████████████████████████████████████████████████████████| 1/1 [00:05<00:00,  5.79s/it][A
Writing model shards: 100%|█████████████████████████████████████████████████████████████████████████| 1/1 [00:05<00:00,  5.79s/it]

 59%|█████████████████████████████████████████████████████▎                                     | 211/360 [03:42<14:32,  5.85s/it]
 59%|█████████████████████████████████████████████████████▌                                     | 212/360 [03:43<10:25,  4.23s/it]
 59%|█████████████████████████████████████████████████████▊                                     | 213/360 [03:43<07:34,  3.09s/it]
 59%|██████████████████████████████████████████████████████                                     | 214/360 [03:43<05:35,  2.30s/it]
 60%|██████████████████████████████████████████████████████▎                                    | 215/360 [03:44<04:12,  1.74s/it]
 60%|██████████████████████████████████████████████████████▌                                    | 216/360 [03:44<03:14,  1.35s/it]
 60%|██████████████████████████████████████████████████████▊                                    | 217/360 [03:45<02:34,  1.08s/it]
 61%|███████████████████████████████████████████████████████                                    | 218/360 [03:45<02:05,  1.13it/s]
 61%|███████████████████████████████████████████████████████▎                                   | 219/360 [03:46<01:46,  1.33it/s]
 61%|███████████████████████████████████████████████████████▌                                   | 220/360 [03:46<01:32,  1.52it/s]
 61%|███████████████████████████████████████████████████████▊                                   | 221/360 [03:47<01:22,  1.68it/s]
 62%|████████████████████████████████████████████████████████                                   | 222/360 [03:47<01:16,  1.80it/s]
 62%|████████████████████████████████████████████████████████▎                                  | 223/360 [03:47<01:11,  1.92it/s]
 62%|████████████████████████████████████████████████████████▌                                  | 224/360 [03:48<01:07,  2.01it/s]
 62%|████████████████████████████████████████████████████████▉                                  | 225/360 [03:48<01:04,  2.08it/s]
                                                                                                                                  

 62%|████████████████████████████████████████████████████████▉                                  | 225/360 [03:48<01:04,  2.08it/s]
 63%|█████████████████████████████████████████████████████████▏                                 | 226/360 [03:49<01:02,  2.13it/s]
 63%|█████████████████████████████████████████████████████████▍                                 | 227/360 [03:49<01:01,  2.17it/s]
 63%|█████████████████████████████████████████████████████████▋                                 | 228/360 [03:50<01:00,  2.20it/s]
 64%|█████████████████████████████████████████████████████████▉                                 | 229/360 [03:50<00:59,  2.22it/s]
 64%|██████████████████████████████████████████████████████████▏                                | 230/360 [03:51<00:58,  2.23it/s]
 64%|██████████████████████████████████████████████████████████▍                                | 231/360 [03:51<00:57,  2.24it/s]
 64%|██████████████████████████████████████████████████████████▋                                | 232/360 [03:51<00:56,  2.25it/s]
 65%|██████████████████████████████████████████████████████████▉                                | 233/360 [03:52<00:56,  2.25it/s]
 65%|███████████████████████████████████████████████████████████▏                               | 234/360 [03:52<00:55,  2.26it/s]
 65%|███████████████████████████████████████████████████████████▍                               | 235/360 [03:53<00:55,  2.26it/s]
 66%|███████████████████████████████████████████████████████████▋                               | 236/360 [03:53<00:54,  2.26it/s]
 66%|███████████████████████████████████████████████████████████▉                               | 237/360 [03:54<00:54,  2.25it/s]
 66%|████████████████████████████████████████████████████████████▏                              | 238/360 [03:54<00:54,  2.26it/s]
 66%|████████████████████████████████████████████████████████████▍                              | 239/360 [03:55<00:53,  2.26it/s]
 67%|████████████████████████████████████████████████████████████▋                              | 240/360 [03:55<00:42,  2.82it/s]{'loss': '0.1686', 'grad_norm': '1.533', 'learning_rate': '2.076e-05', 'epoch': '7.513'}


Writing model shards:   0%|                                                                                 | 0/1 [00:00<?, ?it/s][A

Writing model shards: 100%|█████████████████████████████████████████████████████████████████████████| 1/1 [00:05<00:00,  5.31s/it][A
Writing model shards: 100%|█████████████████████████████████████████████████████████████████████████| 1/1 [00:05<00:00,  5.31s/it]

 67%|████████████████████████████████████████████████████████████▉                              | 241/360 [04:12<10:48,  5.45s/it]
 67%|█████████████████████████████████████████████████████████████▏                             | 242/360 [04:12<07:45,  3.94s/it]
 68%|█████████████████████████████████████████████████████████████▍                             | 243/360 [04:13<05:38,  2.89s/it]
 68%|█████████████████████████████████████████████████████████████▋                             | 244/360 [04:13<04:10,  2.16s/it]
 68%|█████████████████████████████████████████████████████████████▉                             | 245/360 [04:14<03:08,  1.64s/it]
 68%|██████████████████████████████████████████████████████████████▏                            | 246/360 [04:14<02:26,  1.28s/it]
 69%|██████████████████████████████████████████████████████████████▍                            | 247/360 [04:15<01:56,  1.03s/it]
 69%|██████████████████████████████████████████████████████████████▋                            | 248/360 [04:15<01:35,  1.17it/s]
 69%|██████████████████████████████████████████████████████████████▉                            | 249/360 [04:16<01:20,  1.37it/s]
 69%|███████████████████████████████████████████████████████████████▏                           | 250/360 [04:16<01:10,  1.56it/s]
                                                                                                                                  

 69%|███████████████████████████████████████████████████████████████▏                           | 250/360 [04:16<01:10,  1.56it/s]
 70%|███████████████████████████████████████████████████████████████▍                           | 251/360 [04:16<01:03,  1.72it/s]
 70%|███████████████████████████████████████████████████████████████▋                           | 252/360 [04:17<00:58,  1.85it/s]
 70%|███████████████████████████████████████████████████████████████▉                           | 253/360 [04:17<00:54,  1.96it/s]
 71%|████████████████████████████████████████████████████████████████▏                          | 254/360 [04:18<00:51,  2.04it/s]
 71%|████████████████████████████████████████████████████████████████▍                          | 255/360 [04:18<00:49,  2.10it/s]
 71%|████████████████████████████████████████████████████████████████▋                          | 256/360 [04:19<00:48,  2.15it/s]
 71%|████████████████████████████████████████████████████████████████▉                          | 257/360 [04:19<00:47,  2.18it/s]
 72%|█████████████████████████████████████████████████████████████████▏                         | 258/360 [04:19<00:46,  2.21it/s]
 72%|█████████████████████████████████████████████████████████████████▍                         | 259/360 [04:20<00:45,  2.22it/s]
 72%|█████████████████████████████████████████████████████████████████▋                         | 260/360 [04:20<00:44,  2.24it/s]
 72%|█████████████████████████████████████████████████████████████████▉                         | 261/360 [04:21<00:44,  2.24it/s]
 73%|██████████████████████████████████████████████████████████████████▏                        | 262/360 [04:21<00:43,  2.25it/s]
 73%|██████████████████████████████████████████████████████████████████▍                        | 263/360 [04:22<00:43,  2.25it/s]
 73%|██████████████████████████████████████████████████████████████████▋                        | 264/360 [04:22<00:42,  2.25it/s]
 74%|██████████████████████████████████████████████████████████████████▉                        | 265/360 [04:23<00:42,  2.26it/s]
 74%|███████████████████████████████████████████████████████████████████▏                       | 266/360 [04:23<00:41,  2.26it/s]
 74%|███████████████████████████████████████████████████████████████████▍                       | 267/360 [04:23<00:41,  2.26it/s]
 74%|███████████████████████████████████████████████████████████████████▋                       | 268/360 [04:24<00:40,  2.26it/s]
 75%|███████████████████████████████████████████████████████████████████▉                       | 269/360 [04:24<00:40,  2.26it/s]
 75%|████████████████████████████████████████████████████████████████████▎                      | 270/360 [04:24<00:31,  2.82it/s]{'loss': '0.142', 'grad_norm': '1.72', 'learning_rate': '1.697e-05', 'epoch': '8.342'}


Writing model shards:   0%|                                                                                 | 0/1 [00:00<?, ?it/s][A

Writing model shards: 100%|█████████████████████████████████████████████████████████████████████████| 1/1 [00:06<00:00,  6.00s/it][A
Writing model shards: 100%|█████████████████████████████████████████████████████████████████████████| 1/1 [00:06<00:00,  6.00s/it]

 75%|████████████████████████████████████████████████████████████████████▌                      | 271/360 [04:42<08:16,  5.58s/it]
 76%|████████████████████████████████████████████████████████████████████▊                      | 272/360 [04:43<05:55,  4.03s/it]
 76%|█████████████████████████████████████████████████████████████████████                      | 273/360 [04:43<04:17,  2.96s/it]
 76%|█████████████████████████████████████████████████████████████████████▎                     | 274/360 [04:44<03:09,  2.20s/it]
 76%|█████████████████████████████████████████████████████████████████████▌                     | 275/360 [04:44<02:22,  1.67s/it]
                                                                                                                                  

 76%|█████████████████████████████████████████████████████████████████████▌                     | 275/360 [04:44<02:22,  1.67s/it]
 77%|█████████████████████████████████████████████████████████████████████▊                     | 276/360 [04:44<01:49,  1.30s/it]
 77%|██████████████████████████████████████████████████████████████████████                     | 277/360 [04:45<01:26,  1.05s/it]
 77%|██████████████████████████████████████████████████████████████████████▎                    | 278/360 [04:45<01:10,  1.16it/s]
 78%|██████████████████████████████████████████████████████████████████████▌                    | 279/360 [04:46<00:59,  1.36it/s]
 78%|██████████████████████████████████████████████████████████████████████▊                    | 280/360 [04:46<00:51,  1.54it/s]
 78%|███████████████████████████████████████████████████████████████████████                    | 281/360 [04:47<00:46,  1.71it/s]
 78%|███████████████████████████████████████████████████████████████████████▎                   | 282/360 [04:47<00:42,  1.84it/s]
 79%|███████████████████████████████████████████████████████████████████████▌                   | 283/360 [04:48<00:45,  1.69it/s]
 79%|███████████████████████████████████████████████████████████████████████▊                   | 284/360 [04:48<00:41,  1.83it/s]
 79%|████████████████████████████████████████████████████████████████████████                   | 285/360 [04:49<00:38,  1.94it/s]
 79%|████████████████████████████████████████████████████████████████████████▎                  | 286/360 [04:49<00:36,  2.03it/s]
 80%|████████████████████████████████████████████████████████████████████████▌                  | 287/360 [04:50<00:34,  2.10it/s]
 80%|████████████████████████████████████████████████████████████████████████▊                  | 288/360 [04:50<00:33,  2.14it/s]
 80%|█████████████████████████████████████████████████████████████████████████                  | 289/360 [04:50<00:32,  2.18it/s]
 81%|█████████████████████████████████████████████████████████████████████████▎                 | 290/360 [04:51<00:31,  2.20it/s]
 81%|█████████████████████████████████████████████████████████████████████████▌                 | 291/360 [04:51<00:31,  2.22it/s]
 81%|█████████████████████████████████████████████████████████████████████████▊                 | 292/360 [04:52<00:30,  2.24it/s]
 81%|██████████████████████████████████████████████████████████████████████████                 | 293/360 [04:52<00:29,  2.24it/s]
 82%|██████████████████████████████████████████████████████████████████████████▎                | 294/360 [04:53<00:29,  2.25it/s]
 82%|██████████████████████████████████████████████████████████████████████████▌                | 295/360 [04:53<00:28,  2.25it/s]
 82%|██████████████████████████████████████████████████████████████████████████▊                | 296/360 [04:54<00:28,  2.26it/s]
 82%|███████████████████████████████████████████████████████████████████████████                | 297/360 [04:54<00:27,  2.26it/s]
 83%|███████████████████████████████████████████████████████████████████████████▎               | 298/360 [04:54<00:27,  2.26it/s]
 83%|███████████████████████████████████████████████████████████████████████████▌               | 299/360 [04:55<00:26,  2.26it/s]
 83%|███████████████████████████████████████████████████████████████████████████▊               | 300/360 [04:55<00:21,  2.82it/s]
                                                                                                                                  

 83%|███████████████████████████████████████████████████████████████████████████▊               | 300/360 [04:55<00:21,  2.82it/s]{'loss': '0.1302', 'grad_norm': '1.085', 'learning_rate': '1.318e-05', 'epoch': '9.171'}
{'loss': '0.1211', 'grad_norm': '4.588', 'learning_rate': '9.394e-06', 'epoch': '10'}


Writing model shards:   0%|                                                                                 | 0/1 [00:00<?, ?it/s][A

Writing model shards: 100%|█████████████████████████████████████████████████████████████████████████| 1/1 [00:05<00:00,  5.35s/it][A
Writing model shards: 100%|█████████████████████████████████████████████████████████████████████████| 1/1 [00:05<00:00,  5.35s/it]

 84%|████████████████████████████████████████████████████████████████████████████               | 301/360 [05:13<05:39,  5.76s/it]
 84%|████████████████████████████████████████████████████████████████████████████▎              | 302/360 [05:14<04:01,  4.17s/it]
 84%|████████████████████████████████████████████████████████████████████████████▌              | 303/360 [05:14<02:53,  3.05s/it]
 84%|████████████████████████████████████████████████████████████████████████████▊              | 304/360 [05:15<02:07,  2.27s/it]
 85%|█████████████████████████████████████████████████████████████████████████████              | 305/360 [05:15<01:34,  1.72s/it]
 85%|█████████████████████████████████████████████████████████████████████████████▎             | 306/360 [05:16<01:12,  1.34s/it]
 85%|█████████████████████████████████████████████████████████████████████████████▌             | 307/360 [05:16<00:56,  1.07s/it]
 86%|█████████████████████████████████████████████████████████████████████████████▊             | 308/360 [05:17<00:45,  1.13it/s]
 86%|██████████████████████████████████████████████████████████████████████████████             | 309/360 [05:17<00:38,  1.33it/s]
 86%|██████████████████████████████████████████████████████████████████████████████▎            | 310/360 [05:17<00:32,  1.52it/s]
 86%|██████████████████████████████████████████████████████████████████████████████▌            | 311/360 [05:18<00:29,  1.68it/s]
 87%|██████████████████████████████████████████████████████████████████████████████▊            | 312/360 [05:18<00:26,  1.82it/s]
 87%|███████████████████████████████████████████████████████████████████████████████            | 313/360 [05:19<00:24,  1.93it/s]
 87%|███████████████████████████████████████████████████████████████████████████████▎           | 314/360 [05:19<00:22,  2.02it/s]
 88%|███████████████████████████████████████████████████████████████████████████████▋           | 315/360 [05:20<00:21,  2.08it/s]
 88%|███████████████████████████████████████████████████████████████████████████████▉           | 316/360 [05:20<00:20,  2.13it/s]
 88%|████████████████████████████████████████████████████████████████████████████████▏          | 317/360 [05:21<00:19,  2.16it/s]
 88%|████████████████████████████████████████████████████████████████████████████████▍          | 318/360 [05:21<00:19,  2.19it/s]
 89%|████████████████████████████████████████████████████████████████████████████████▋          | 319/360 [05:21<00:18,  2.21it/s]
 89%|████████████████████████████████████████████████████████████████████████████████▉          | 320/360 [05:22<00:18,  2.22it/s]
 89%|█████████████████████████████████████████████████████████████████████████████████▏         | 321/360 [05:22<00:17,  2.23it/s]
 89%|█████████████████████████████████████████████████████████████████████████████████▍         | 322/360 [05:23<00:16,  2.24it/s]
 90%|█████████████████████████████████████████████████████████████████████████████████▋         | 323/360 [05:23<00:16,  2.24it/s]
 90%|█████████████████████████████████████████████████████████████████████████████████▉         | 324/360 [05:24<00:16,  2.24it/s]
 90%|██████████████████████████████████████████████████████████████████████████████████▏        | 325/360 [05:24<00:15,  2.25it/s]
                                                                                                                                  

 90%|██████████████████████████████████████████████████████████████████████████████████▏        | 325/360 [05:24<00:15,  2.25it/s]
 91%|██████████████████████████████████████████████████████████████████████████████████▍        | 326/360 [05:25<00:15,  2.25it/s]
 91%|██████████████████████████████████████████████████████████████████████████████████▋        | 327/360 [05:25<00:14,  2.25it/s]
 91%|██████████████████████████████████████████████████████████████████████████████████▉        | 328/360 [05:25<00:14,  2.25it/s]
 91%|███████████████████████████████████████████████████████████████████████████████████▏       | 329/360 [05:26<00:13,  2.25it/s]
 92%|███████████████████████████████████████████████████████████████████████████████████▍       | 330/360 [05:26<00:10,  2.80it/s]{'loss': '0.1037', 'grad_norm': '0.7999', 'learning_rate': '5.606e-06', 'epoch': '10.85'}


Writing model shards:   0%|                                                                                 | 0/1 [00:00<?, ?it/s][A

Writing model shards: 100%|█████████████████████████████████████████████████████████████████████████| 1/1 [00:05<00:00,  5.28s/it][A
Writing model shards: 100%|█████████████████████████████████████████████████████████████████████████| 1/1 [00:05<00:00,  5.28s/it]

 92%|███████████████████████████████████████████████████████████████████████████████████▋       | 331/360 [05:43<02:38,  5.46s/it]
 92%|███████████████████████████████████████████████████████████████████████████████████▉       | 332/360 [05:44<01:50,  3.96s/it]
 92%|████████████████████████████████████████████████████████████████████████████████████▏      | 333/360 [05:44<01:18,  2.90s/it]
 93%|████████████████████████████████████████████████████████████████████████████████████▍      | 334/360 [05:45<00:56,  2.16s/it]
 93%|████████████████████████████████████████████████████████████████████████████████████▋      | 335/360 [05:45<00:41,  1.65s/it]
 93%|████████████████████████████████████████████████████████████████████████████████████▉      | 336/360 [05:46<00:30,  1.29s/it]
 94%|█████████████████████████████████████████████████████████████████████████████████████▏     | 337/360 [05:46<00:23,  1.03s/it]
 94%|█████████████████████████████████████████████████████████████████████████████████████▍     | 338/360 [05:46<00:18,  1.17it/s]
 94%|█████████████████████████████████████████████████████████████████████████████████████▋     | 339/360 [05:47<00:15,  1.36it/s]
 94%|█████████████████████████████████████████████████████████████████████████████████████▉     | 340/360 [05:47<00:12,  1.55it/s]
 95%|██████████████████████████████████████████████████████████████████████████████████████▏    | 341/360 [05:48<00:11,  1.71it/s]
 95%|██████████████████████████████████████████████████████████████████████████████████████▍    | 342/360 [05:48<00:09,  1.84it/s]
 95%|██████████████████████████████████████████████████████████████████████████████████████▋    | 343/360 [05:49<00:08,  1.95it/s]
 96%|██████████████████████████████████████████████████████████████████████████████████████▉    | 344/360 [05:49<00:07,  2.03it/s]
 96%|███████████████████████████████████████████████████████████████████████████████████████▏   | 345/360 [05:50<00:07,  2.09it/s]
 96%|███████████████████████████████████████████████████████████████████████████████████████▍   | 346/360 [05:50<00:06,  2.13it/s]
 96%|███████████████████████████████████████████████████████████████████████████████████████▋   | 347/360 [05:50<00:06,  2.17it/s]
 97%|███████████████████████████████████████████████████████████████████████████████████████▉   | 348/360 [05:51<00:05,  2.19it/s]
 97%|████████████████████████████████████████████████████████████████████████████████████████▏  | 349/360 [05:51<00:04,  2.21it/s]
 97%|████████████████████████████████████████████████████████████████████████████████████████▍  | 350/360 [05:52<00:04,  2.22it/s]
                                                                                                                                  

 97%|████████████████████████████████████████████████████████████████████████████████████████▍  | 350/360 [05:52<00:04,  2.22it/s]
 98%|████████████████████████████████████████████████████████████████████████████████████████▋  | 351/360 [05:52<00:04,  2.23it/s]
 98%|████████████████████████████████████████████████████████████████████████████████████████▉  | 352/360 [05:53<00:03,  2.24it/s]
 98%|█████████████████████████████████████████████████████████████████████████████████████████▏ | 353/360 [05:53<00:03,  2.24it/s]
 98%|█████████████████████████████████████████████████████████████████████████████████████████▍ | 354/360 [05:54<00:02,  2.25it/s]
 99%|█████████████████████████████████████████████████████████████████████████████████████████▋ | 355/360 [05:54<00:02,  2.25it/s]
 99%|█████████████████████████████████████████████████████████████████████████████████████████▉ | 356/360 [05:54<00:01,  2.25it/s]
 99%|██████████████████████████████████████████████████████████████████████████████████████████▏| 357/360 [05:55<00:01,  2.25it/s]
 99%|██████████████████████████████████████████████████████████████████████████████████████████▍| 358/360 [05:55<00:00,  2.25it/s]
100%|██████████████████████████████████████████████████████████████████████████████████████████▋| 359/360 [05:56<00:00,  2.25it/s]
100%|███████████████████████████████████████████████████████████████████████████████████████████| 360/360 [05:56<00:00,  2.81it/s]{'loss': '0.0965', 'grad_norm': '0.7701', 'learning_rate': '1.818e-06', 'epoch': '11.68'}


Writing model shards:   0%|                                                                                 | 0/1 [00:00<?, ?it/s][A

Writing model shards: 100%|█████████████████████████████████████████████████████████████████████████| 1/1 [00:05<00:00,  5.24s/it][A
Writing model shards: 100%|█████████████████████████████████████████████████████████████████████████| 1/1 [00:05<00:00,  5.24s/it]

                                                                                                                                  

100%|███████████████████████████████████████████████████████████████████████████████████████████| 360/360 [06:14<00:00,  2.81it/s]
100%|███████████████████████████████████████████████████████████████████████████████████████████| 360/360 [06:14<00:00,  1.04s/it]
{'train_runtime': '374.6', 'train_samples_per_second': '14.89', 'train_steps_per_second': '0.961', 'train_loss': '0.445', 'epoch': '12'}

  0%|                                                                                                      | 0/17 [00:00<?, ?it/s]
 35%|█████████████████████████████████▏                                                            | 6/17 [00:00<00:00, 56.98it/s]
 71%|█████████████████████████████████████████████████████████████████▋                           | 12/17 [00:00<00:00, 51.26it/s]
100%|█████████████████████████████████████████████████████████████████████████████████████████████| 17/17 [00:00<00:00, 49.69it/s]

Writing model shards:   0%|                                                                                 | 0/1 [00:00<?, ?it/s]
Writing model shards: 100%|█████████████████████████████████████████████████████████████████████████| 1/1 [00:05<00:00,  5.64s/it]
Writing model shards: 100%|█████████████████████████████████████████████████████████████████████████| 1/1 [00:05<00:00,  5.64s/it]

Loading weights:   0%|                                                                                    | 0/196 [00:00<?, ?it/s]
Loading weights:   1%|▍                                                                           | 1/196 [00:00<00:43,  4.49it/s]
Loading weights:   1%|▊                                                                           | 2/196 [00:00<00:30,  6.29it/s]
Loading weights:  32%|███████████████████████▍                                                  | 62/196 [00:00<00:00, 208.63it/s]
Loading weights:  62%|█████████████████████████████████████████████                            | 121/196 [00:00<00:00, 332.13it/s]
Loading weights:  93%|███████████████████████████████████████████████████████████████████▊     | 182/196 [00:00<00:00, 419.75it/s]
Loading weights: 100%|█████████████████████████████████████████████████████████████████████████| 196/196 [00:00<00:00, 292.85it/s]

Loading weights:   0%|                                                                                    | 0/196 [00:00<?, ?it/s]
Loading weights:  12%|█████████                                                                 | 24/196 [00:00<00:00, 227.70it/s]
Loading weights:  43%|███████████████████████████████▋                                          | 84/196 [00:00<00:00, 416.00it/s]
Loading weights:  80%|██████████████████████████████████████████████████████████               | 156/196 [00:00<00:00, 515.41it/s]
Loading weights: 100%|█████████████████████████████████████████████████████████████████████████| 196/196 [00:00<00:00, 516.05it/s]

Loading weights:   0%|                                                                                    | 0/196 [00:00<?, ?it/s]
Loading weights:   1%|▊                                                                           | 2/196 [00:00<00:11, 16.47it/s]
Loading weights:  18%|█████████████▌                                                            | 36/196 [00:00<00:00, 188.88it/s]
Loading weights:  37%|███████████████████████████▏                                              | 72/196 [00:00<00:00, 252.64it/s]
Loading weights:  55%|████████████████████████████████████████▏                                | 108/196 [00:00<00:00, 282.86it/s]
Loading weights:  73%|█████████████████████████████████████████████████████▋                   | 144/196 [00:00<00:00, 299.85it/s]
Loading weights:  92%|███████████████████████████████████████████████████████████████████      | 180/196 [00:00<00:00, 308.63it/s]
Loading weights: 100%|█████████████████████████████████████████████████████████████████████████| 196/196 [00:00<00:00, 274.95it/s]

Loading weights:   0%|                                                                                    | 0/196 [00:00<?, ?it/s]
Loading weights:   1%|▊                                                                           | 2/196 [00:00<00:11, 16.65it/s]
Loading weights:  18%|█████████████▊                                                             | 36/196 [00:00<00:01, 95.49it/s]
Loading weights:  32%|███████████████████████▋                                                   | 62/196 [00:01<00:02, 58.91it/s]
Loading weights:  49%|████████████████████████████████████▋                                      | 96/196 [00:01<00:01, 52.99it/s]
Loading weights:  74%|███████████████████████████████████████████████████████                   | 146/196 [00:01<00:00, 96.56it/s]
Loading weights:  98%|███████████████████████████████████████████████████████████████████████▌ | 192/196 [00:01<00:00, 139.52it/s]
Loading weights: 100%|█████████████████████████████████████████████████████████████████████████| 196/196 [00:01<00:00, 100.82it/s]
