<local-root>/miniconda3/lib/python3.13/site-packages/torch/cuda/__init__.py:61: FutureWarning: The pynvml package is deprecated. Please install nvidia-ml-py instead. If you did not install pynvml directly, please report this to the maintainers of the package that installed pynvml for you.
  import pynvml  # type: ignore[import]
Skipping import of cpp extensions due to incompatible torch version. Please upgrade to torch >= 2.11.0 (found 2.7.1+cu118).

Loading weights:   0%|                                                    | 0/148 [00:00<?, ?it/s]
Loading weights: 100%|████████████████████████████████████████| 148/148 [00:00<00:00, 6862.45it/s]
[RANK 0] Detected kernel version 5.4.0, which is below the recommended minimum of 5.5.0; this can cause the process to hang. It is recommended to upgrade the kernel to the minimum version or higher.

  0%|                                                                     | 0/600 [00:00<?, ?it/s][transformers] `loss_type=None` was set in the config but it is unrecognized. Using the default loss: `ForCausalLMLoss`.

  0%|                                                             | 1/600 [00:01<10:41,  1.07s/it]
  0%|▏                                                            | 2/600 [00:01<05:00,  1.99it/s]
  0%|▎                                                            | 3/600 [00:01<03:11,  3.12it/s]
  1%|▌                                                            | 5/600 [00:01<02:04,  4.76it/s]
  1%|▋                                                            | 7/600 [00:01<01:34,  6.24it/s]
  1%|▊                                                            | 8/600 [00:01<01:26,  6.85it/s]
  2%|▉                                                            | 9/600 [00:01<01:20,  7.37it/s]
  2%|█                                                           | 10/600 [00:02<01:17,  7.58it/s]
  2%|█                                                           | 11/600 [00:02<01:17,  7.63it/s]
  2%|█▏                                                          | 12/600 [00:02<01:15,  7.84it/s]
  2%|█▎                                                          | 13/600 [00:02<01:23,  7.01it/s]
  2%|█▍                                                          | 14/600 [00:02<01:20,  7.28it/s]
  2%|█▌                                                          | 15/600 [00:02<01:19,  7.39it/s]
  3%|█▌                                                          | 16/600 [00:02<01:15,  7.69it/s]
  3%|█▋                                                          | 17/600 [00:02<01:12,  8.07it/s]
  3%|█▊                                                          | 18/600 [00:03<01:09,  8.40it/s]
  3%|█▉                                                          | 19/600 [00:03<01:07,  8.61it/s]
  3%|██                                                          | 20/600 [00:03<01:06,  8.75it/s]
  4%|██                                                          | 21/600 [00:03<01:05,  8.86it/s]
  4%|██▏                                                         | 22/600 [00:03<01:04,  8.94it/s]
  4%|██▎                                                         | 23/600 [00:03<01:03,  9.15it/s]
  4%|██▍                                                         | 24/600 [00:03<01:01,  9.35it/s]
                                                                                                  

  4%|██▌                                                         | 25/600 [00:03<01:01,  9.35it/s]
  4%|██▌                                                         | 26/600 [00:03<00:59,  9.59it/s]
  5%|██▊                                                         | 28/600 [00:04<00:57,  9.88it/s]
  5%|███                                                         | 30/600 [00:04<00:51, 11.03it/s]{'loss': '3.213', 'grad_norm': '10.79', 'learning_rate': '3.333e-05', 'epoch': '0.8475'}


Writing model shards:   0%|                                                 | 0/1 [00:00<?, ?it/s][A

Writing model shards: 100%|█████████████████████████████████████████| 1/1 [00:00<00:00,  1.05it/s][A
Writing model shards: 100%|█████████████████████████████████████████| 1/1 [00:00<00:00,  1.05it/s]

  5%|███▏                                                        | 32/600 [00:06<04:50,  1.95it/s]
  6%|███▍                                                        | 34/600 [00:07<03:32,  2.66it/s]
  6%|███▌                                                        | 36/600 [00:07<02:41,  3.50it/s]
  6%|███▊                                                        | 38/600 [00:07<02:06,  4.43it/s]
  7%|████                                                        | 40/600 [00:07<01:43,  5.39it/s]
  7%|████▏                                                       | 42/600 [00:07<01:28,  6.33it/s]
  7%|████▍                                                       | 44/600 [00:08<01:17,  7.18it/s]
  8%|████▌                                                       | 46/600 [00:08<01:09,  7.92it/s]
  8%|████▊                                                       | 48/600 [00:08<01:04,  8.50it/s]
  8%|█████                                                       | 50/600 [00:08<01:01,  8.97it/s]
                                                                                                  

  8%|█████                                                       | 50/600 [00:08<01:01,  8.97it/s]
  9%|█████▏                                                      | 52/600 [00:08<00:58,  9.32it/s]
  9%|█████▍                                                      | 54/600 [00:09<00:56,  9.59it/s]
  9%|█████▌                                                      | 56/600 [00:09<00:55,  9.76it/s]
 10%|█████▊                                                      | 58/600 [00:09<00:54,  9.86it/s]
 10%|██████                                                      | 60/600 [00:09<00:49, 10.83it/s]{'loss': '1.944', 'grad_norm': '13.79', 'learning_rate': '4.868e-05', 'epoch': '1.678'}


Writing model shards:   0%|                                                 | 0/1 [00:00<?, ?it/s][A

Writing model shards: 100%|█████████████████████████████████████████| 1/1 [00:03<00:00,  3.05s/it][A
Writing model shards: 100%|█████████████████████████████████████████| 1/1 [00:03<00:00,  3.05s/it]

 10%|██████▏                                                     | 62/600 [00:17<10:41,  1.19s/it]
 11%|██████▍                                                     | 64/600 [00:17<07:43,  1.16it/s]
 11%|██████▌                                                     | 66/600 [00:17<05:38,  1.58it/s]
 11%|██████▊                                                     | 68/600 [00:17<04:11,  2.11it/s]
 12%|███████                                                     | 70/600 [00:17<03:10,  2.78it/s]
 12%|███████▏                                                    | 72/600 [00:18<02:28,  3.57it/s]
 12%|███████▍                                                    | 74/600 [00:18<01:58,  4.45it/s]
                                                                                                  

 12%|███████▌                                                    | 75/600 [00:18<01:57,  4.45it/s]
 13%|███████▌                                                    | 76/600 [00:18<01:37,  5.39it/s]
 13%|███████▊                                                    | 78/600 [00:18<01:22,  6.30it/s]
 13%|████████                                                    | 80/600 [00:18<01:12,  7.18it/s]
 14%|████████▏                                                   | 82/600 [00:18<01:05,  7.95it/s]
 14%|████████▍                                                   | 84/600 [00:19<01:00,  8.59it/s]
 14%|████████▌                                                   | 86/600 [00:19<00:56,  9.11it/s]
 15%|████████▊                                                   | 88/600 [00:19<00:53,  9.51it/s]
 15%|█████████                                                   | 90/600 [00:19<00:47, 10.74it/s]{'loss': '1.576', 'grad_norm': '13.98', 'learning_rate': '4.649e-05', 'epoch': '2.508'}


Writing model shards:   0%|                                                 | 0/1 [00:00<?, ?it/s][A

Writing model shards: 100%|█████████████████████████████████████████| 1/1 [00:00<00:00,  1.10it/s][A
Writing model shards: 100%|█████████████████████████████████████████| 1/1 [00:00<00:00,  1.09it/s]

 15%|█████████▏                                                  | 92/600 [00:22<04:05,  2.07it/s]
 16%|█████████▍                                                  | 94/600 [00:22<03:06,  2.71it/s]
 16%|█████████▌                                                  | 95/600 [00:22<02:42,  3.10it/s]
 16%|█████████▌                                                  | 96/600 [00:22<02:20,  3.58it/s]
 16%|█████████▋                                                  | 97/600 [00:23<02:02,  4.11it/s]
 16%|█████████▊                                                  | 98/600 [00:23<01:46,  4.73it/s]
 17%|█████████▊                                                 | 100/600 [00:23<01:22,  6.06it/s]
                                                                                                  

 17%|█████████▊                                                 | 100/600 [00:23<01:22,  6.06it/s]
 17%|██████████                                                 | 102/600 [00:23<01:09,  7.14it/s]
 17%|██████████▏                                                | 104/600 [00:23<01:02,  7.96it/s]
 18%|██████████▎                                                | 105/600 [00:24<01:18,  6.35it/s]
 18%|██████████▌                                                | 107/600 [00:24<01:06,  7.44it/s]
 18%|██████████▋                                                | 109/600 [00:24<00:59,  8.30it/s]
 18%|██████████▉                                                | 111/600 [00:24<00:54,  8.97it/s]
 19%|███████████                                                | 113/600 [00:24<00:51,  9.44it/s]
 19%|███████████▎                                               | 115/600 [00:24<00:49,  9.81it/s]
 20%|███████████▌                                               | 117/600 [00:25<00:47, 10.09it/s]
 20%|███████████▋                                               | 119/600 [00:25<00:46, 10.28it/s]{'loss': '1.293', 'grad_norm': '11.15', 'learning_rate': '4.439e-05', 'epoch': '3.339'}


Writing model shards:   0%|                                                 | 0/1 [00:00<?, ?it/s][A

Writing model shards: 100%|█████████████████████████████████████████| 1/1 [00:02<00:00,  2.13s/it][A
Writing model shards: 100%|█████████████████████████████████████████| 1/1 [00:02<00:00,  2.14s/it]

 20%|███████████▉                                               | 121/600 [00:29<05:22,  1.49it/s]
 20%|███████████▉                                               | 122/600 [00:29<04:32,  1.75it/s]
 20%|████████████                                               | 123/600 [00:29<03:46,  2.10it/s]
 21%|████████████▏                                              | 124/600 [00:29<03:07,  2.54it/s]
                                                                                                  

 21%|████████████▎                                              | 125/600 [00:29<03:07,  2.54it/s]
 21%|████████████▍                                              | 126/600 [00:29<02:11,  3.62it/s]
 21%|████████████▌                                              | 128/600 [00:29<01:39,  4.75it/s]
 22%|████████████▊                                              | 130/600 [00:30<01:20,  5.85it/s]
 22%|████████████▉                                              | 132/600 [00:30<01:08,  6.87it/s]
 22%|█████████████▏                                             | 134/600 [00:30<01:00,  7.76it/s]
 23%|█████████████▎                                             | 136/600 [00:30<00:55,  8.36it/s]
 23%|█████████████▌                                             | 138/600 [00:30<00:53,  8.62it/s]
 23%|█████████████▊                                             | 140/600 [00:31<00:51,  9.01it/s]
 24%|█████████████▉                                             | 142/600 [00:31<00:49,  9.24it/s]
 24%|██████████████                                             | 143/600 [00:31<00:48,  9.36it/s]
 24%|██████████████▏                                            | 144/600 [00:31<00:48,  9.40it/s]
 24%|██████████████▎                                            | 145/600 [00:31<00:47,  9.52it/s]
 24%|██████████████▎                                            | 146/600 [00:31<00:47,  9.54it/s]
 24%|██████████████▍                                            | 147/600 [00:31<00:47,  9.61it/s]
 25%|██████████████▌                                            | 148/600 [00:31<00:46,  9.67it/s]
 25%|██████████████▋                                            | 149/600 [00:32<00:46,  9.69it/s]
                                                                                                  

 25%|██████████████▊                                            | 150/600 [00:32<00:46,  9.69it/s]{'loss': '1.17', 'grad_norm': '14.71', 'learning_rate': '4.228e-05', 'epoch': '4.169'}
{'loss': '1.056', 'grad_norm': '16.05', 'learning_rate': '4.009e-05', 'epoch': '5'}


Writing model shards:   0%|                                                 | 0/1 [00:00<?, ?it/s][A

Writing model shards: 100%|█████████████████████████████████████████| 1/1 [00:02<00:00,  2.45s/it][A
Writing model shards: 100%|█████████████████████████████████████████| 1/1 [00:02<00:00,  2.45s/it]

 25%|██████████████▊                                            | 151/600 [00:37<08:52,  1.19s/it]
 25%|██████████████▉                                            | 152/600 [00:37<06:55,  1.08it/s]
 26%|███████████████                                            | 153/600 [00:37<05:20,  1.40it/s]
 26%|███████████████▏                                           | 155/600 [00:37<03:22,  2.20it/s]
 26%|███████████████▍                                           | 157/600 [00:37<02:21,  3.13it/s]
 26%|███████████████▌                                           | 158/600 [00:37<02:02,  3.62it/s]
 27%|███████████████▋                                           | 160/600 [00:38<01:31,  4.79it/s]
 27%|███████████████▉                                           | 162/600 [00:38<01:14,  5.86it/s]
 27%|████████████████                                           | 163/600 [00:38<01:13,  5.92it/s]
 27%|████████████████▏                                          | 164/600 [00:38<01:13,  5.96it/s]
 28%|████████████████▏                                          | 165/600 [00:38<01:22,  5.25it/s]
 28%|████████████████▎                                          | 166/600 [00:39<01:35,  4.56it/s]
 28%|████████████████▌                                          | 168/600 [00:39<01:12,  5.95it/s]
 28%|████████████████▋                                          | 170/600 [00:39<01:00,  7.08it/s]
 29%|████████████████▉                                          | 172/600 [00:39<00:53,  7.96it/s]
 29%|█████████████████                                          | 174/600 [00:39<00:49,  8.61it/s]
                                                                                                  

 29%|█████████████████▏                                         | 175/600 [00:40<00:49,  8.61it/s]
 29%|█████████████████▎                                         | 176/600 [00:40<00:47,  8.97it/s]
 30%|█████████████████▌                                         | 178/600 [00:40<00:45,  9.33it/s]
 30%|█████████████████▋                                         | 180/600 [00:40<00:40, 10.45it/s]{'loss': '0.9584', 'grad_norm': '15.06', 'learning_rate': '3.789e-05', 'epoch': '5.847'}


Writing model shards:   0%|                                                 | 0/1 [00:00<?, ?it/s][A

Writing model shards: 100%|█████████████████████████████████████████| 1/1 [00:00<00:00,  1.44it/s][A
Writing model shards: 100%|█████████████████████████████████████████| 1/1 [00:00<00:00,  1.44it/s]

 30%|█████████████████▉                                         | 182/600 [00:42<03:03,  2.27it/s]
 30%|█████████████████▉                                         | 183/600 [00:43<02:40,  2.61it/s]
 31%|██████████████████                                         | 184/600 [00:43<02:16,  3.05it/s]
 31%|██████████████████▏                                        | 185/600 [00:43<01:57,  3.52it/s]
 31%|██████████████████▎                                        | 186/600 [00:43<01:41,  4.08it/s]
 31%|██████████████████▍                                        | 187/600 [00:43<01:26,  4.76it/s]
 31%|██████████████████▍                                        | 188/600 [00:43<01:15,  5.47it/s]
 32%|██████████████████▌                                        | 189/600 [00:43<01:08,  6.03it/s]
 32%|██████████████████▊                                        | 191/600 [00:43<00:54,  7.44it/s]
 32%|██████████████████▉                                        | 192/600 [00:44<00:53,  7.63it/s]
 32%|██████████████████▉                                        | 193/600 [00:44<00:53,  7.67it/s]
 32%|███████████████████                                        | 194/600 [00:44<00:52,  7.72it/s]
 32%|███████████████████▏                                       | 195/600 [00:44<00:49,  8.20it/s]
 33%|███████████████████▎                                       | 196/600 [00:44<00:47,  8.44it/s]
 33%|███████████████████▎                                       | 197/600 [00:44<00:46,  8.69it/s]
 33%|███████████████████▍                                       | 198/600 [00:44<00:45,  8.85it/s]
 33%|███████████████████▌                                       | 199/600 [00:44<00:45,  8.81it/s]
 33%|███████████████████▋                                       | 200/600 [00:44<00:44,  8.90it/s]
                                                                                                  

 33%|███████████████████▋                                       | 200/600 [00:44<00:44,  8.90it/s]
 34%|███████████████████▊                                       | 201/600 [00:45<00:44,  8.94it/s]
 34%|███████████████████▊                                       | 202/600 [00:45<00:43,  9.07it/s]
 34%|███████████████████▉                                       | 203/600 [00:45<00:45,  8.79it/s]
 34%|████████████████████                                       | 204/600 [00:45<00:45,  8.78it/s]
 34%|████████████████████▏                                      | 205/600 [00:45<00:45,  8.61it/s]
 34%|████████████████████▎                                      | 206/600 [00:45<00:47,  8.28it/s]
 34%|████████████████████▎                                      | 207/600 [00:45<00:47,  8.24it/s]
 35%|████████████████████▍                                      | 208/600 [00:45<00:48,  8.08it/s]
 35%|████████████████████▌                                      | 209/600 [00:46<00:49,  7.92it/s]{'loss': '0.869', 'grad_norm': '14.07', 'learning_rate': '3.57e-05', 'epoch': '6.678'}


Writing model shards:   0%|                                                 | 0/1 [00:00<?, ?it/s][A

Writing model shards: 100%|█████████████████████████████████████████| 1/1 [00:02<00:00,  2.04s/it][A
Writing model shards: 100%|█████████████████████████████████████████| 1/1 [00:02<00:00,  2.05s/it]

 35%|████████████████████▋                                      | 211/600 [00:50<06:30,  1.00s/it]
 36%|████████████████████▉                                      | 213/600 [00:50<04:08,  1.56it/s]
 36%|█████████████████████▏                                     | 215/600 [00:50<02:51,  2.25it/s]
 36%|█████████████████████▎                                     | 217/600 [00:50<02:04,  3.07it/s]
 36%|█████████████████████▌                                     | 219/600 [00:50<01:35,  4.00it/s]
 37%|█████████████████████▋                                     | 221/600 [00:51<01:16,  4.98it/s]
 37%|█████████████████████▉                                     | 223/600 [00:51<01:03,  5.95it/s]
 38%|██████████████████████▏                                    | 225/600 [00:51<00:54,  6.86it/s]
                                                                                                  

 38%|██████████████████████▏                                    | 225/600 [00:51<00:54,  6.86it/s]
 38%|██████████████████████▎                                    | 227/600 [00:51<00:48,  7.65it/s]
 38%|██████████████████████▌                                    | 229/600 [00:51<00:44,  8.32it/s]
 38%|██████████████████████▋                                    | 231/600 [00:52<00:41,  8.87it/s]
 39%|██████████████████████▉                                    | 233/600 [00:52<00:39,  9.30it/s]
 39%|███████████████████████                                    | 235/600 [00:52<00:38,  9.60it/s]
 40%|███████████████████████▎                                   | 237/600 [00:52<00:36,  9.85it/s]
 40%|███████████████████████▌                                   | 239/600 [00:52<00:36, 10.02it/s]{'loss': '0.8074', 'grad_norm': '11.7', 'learning_rate': '3.351e-05', 'epoch': '7.508'}


Writing model shards:   0%|                                                 | 0/1 [00:00<?, ?it/s][A

Writing model shards: 100%|█████████████████████████████████████████| 1/1 [00:02<00:00,  2.14s/it][A
Writing model shards: 100%|█████████████████████████████████████████| 1/1 [00:02<00:00,  2.14s/it]

 40%|███████████████████████▋                                   | 241/600 [00:58<05:32,  1.08it/s]
 40%|███████████████████████▊                                   | 242/600 [00:58<04:40,  1.28it/s]
 40%|███████████████████████▉                                   | 243/600 [00:58<03:50,  1.55it/s]
 41%|███████████████████████▉                                   | 244/600 [00:58<03:09,  1.88it/s]
 41%|████████████████████████▏                                  | 246/600 [00:59<02:08,  2.75it/s]
 41%|████████████████████████▍                                  | 248/600 [00:59<01:34,  3.73it/s]
 42%|████████████████████████▍                                  | 249/600 [00:59<01:24,  4.17it/s]
 42%|████████████████████████▌                                  | 250/600 [00:59<01:12,  4.80it/s]
                                                                                                  

 42%|████████████████████████▌                                  | 250/600 [00:59<01:12,  4.80it/s]
 42%|████████████████████████▊                                  | 252/600 [00:59<00:57,  6.09it/s]
 42%|████████████████████████▉                                  | 254/600 [00:59<00:48,  7.17it/s]
 43%|█████████████████████████▏                                 | 256/600 [01:00<00:42,  8.03it/s]
 43%|█████████████████████████▎                                 | 258/600 [01:00<00:39,  8.71it/s]
 43%|█████████████████████████▌                                 | 260/600 [01:00<00:36,  9.20it/s]
 44%|█████████████████████████▊                                 | 262/600 [01:00<00:35,  9.53it/s]
 44%|█████████████████████████▉                                 | 264/600 [01:00<00:34,  9.75it/s]
 44%|██████████████████████████▏                                | 266/600 [01:01<00:33,  9.84it/s]
 45%|██████████████████████████▎                                | 268/600 [01:01<00:33,  9.95it/s]
 45%|██████████████████████████▌                                | 270/600 [01:01<00:30, 10.93it/s]{'loss': '0.7656', 'grad_norm': '10.78', 'learning_rate': '3.132e-05', 'epoch': '8.339'}


Writing model shards:   0%|                                                 | 0/1 [00:00<?, ?it/s][A

Writing model shards: 100%|█████████████████████████████████████████| 1/1 [00:01<00:00,  1.76s/it][A
Writing model shards: 100%|█████████████████████████████████████████| 1/1 [00:01<00:00,  1.76s/it]

 45%|██████████████████████████▋                                | 272/600 [01:05<04:11,  1.30it/s]
 46%|██████████████████████████▉                                | 274/600 [01:06<03:04,  1.77it/s]
                                                                                                  

 46%|███████████████████████████                                | 275/600 [01:06<03:03,  1.77it/s]
 46%|███████████████████████████▏                               | 276/600 [01:06<02:17,  2.36it/s]
 46%|███████████████████████████▏                               | 277/600 [01:06<01:59,  2.71it/s]
 46%|███████████████████████████▍                               | 279/600 [01:06<01:29,  3.60it/s]
 47%|███████████████████████████▋                               | 281/600 [01:06<01:09,  4.57it/s]
 47%|███████████████████████████▊                               | 283/600 [01:07<00:56,  5.56it/s]
 48%|████████████████████████████                               | 285/600 [01:07<00:48,  6.52it/s]
 48%|████████████████████████████▏                              | 287/600 [01:07<00:42,  7.39it/s]
 48%|████████████████████████████▍                              | 289/600 [01:07<00:38,  8.13it/s]
 48%|████████████████████████████▌                              | 291/600 [01:07<00:35,  8.75it/s]
 49%|████████████████████████████▊                              | 293/600 [01:08<00:33,  9.22it/s]
 49%|█████████████████████████████                              | 295/600 [01:08<00:31,  9.57it/s]
 50%|█████████████████████████████▏                             | 297/600 [01:08<00:30,  9.82it/s]
 50%|█████████████████████████████▍                             | 299/600 [01:08<00:30, 10.00it/s]
                                                                                                  

 50%|█████████████████████████████▌                             | 300/600 [01:08<00:30, 10.00it/s]{'loss': '0.6698', 'grad_norm': '8.698', 'learning_rate': '2.912e-05', 'epoch': '9.169'}
{'loss': '0.6097', 'grad_norm': '20.43', 'learning_rate': '2.693e-05', 'epoch': '10'}


Writing model shards:   0%|                                                 | 0/1 [00:00<?, ?it/s][A

Writing model shards: 100%|█████████████████████████████████████████| 1/1 [00:01<00:00,  1.54s/it][A
Writing model shards: 100%|█████████████████████████████████████████| 1/1 [00:01<00:00,  1.54s/it]

 50%|█████████████████████████████▌                             | 301/600 [01:14<04:31,  1.10it/s]
 50%|█████████████████████████████▋                             | 302/600 [01:14<03:48,  1.31it/s]
 50%|█████████████████████████████▊                             | 303/600 [01:14<03:07,  1.58it/s]
 51%|█████████████████████████████▉                             | 304/600 [01:14<02:31,  1.95it/s]
 51%|██████████████████████████████                             | 306/600 [01:14<01:43,  2.83it/s]
 51%|██████████████████████████████▏                            | 307/600 [01:14<01:27,  3.33it/s]
 51%|██████████████████████████████▎                            | 308/600 [01:14<01:13,  3.95it/s]
 52%|██████████████████████████████▍                            | 310/600 [01:15<00:55,  5.22it/s]
 52%|██████████████████████████████▌                            | 311/600 [01:15<00:50,  5.77it/s]
 52%|██████████████████████████████▊                            | 313/600 [01:15<00:41,  6.87it/s]
 52%|██████████████████████████████▉                            | 314/600 [01:15<00:39,  7.24it/s]
 52%|██████████████████████████████▉                            | 315/600 [01:15<00:37,  7.54it/s]
 53%|███████████████████████████████                            | 316/600 [01:15<00:36,  7.88it/s]
 53%|███████████████████████████████▎                           | 318/600 [01:15<00:34,  8.11it/s]
 53%|███████████████████████████████▍                           | 320/600 [01:16<00:32,  8.53it/s]
 54%|███████████████████████████████▌                           | 321/600 [01:16<00:31,  8.80it/s]
 54%|███████████████████████████████▊                           | 323/600 [01:16<00:30,  9.22it/s]
 54%|███████████████████████████████▊                           | 324/600 [01:16<00:29,  9.37it/s]
 54%|███████████████████████████████▉                           | 325/600 [01:16<00:29,  9.46it/s]
                                                                                                  

 54%|███████████████████████████████▉                           | 325/600 [01:16<00:29,  9.46it/s]
 54%|████████████████████████████████                           | 326/600 [01:16<00:29,  9.43it/s]
 55%|████████████████████████████████▏                          | 327/600 [01:16<00:28,  9.53it/s]
 55%|████████████████████████████████▎                          | 328/600 [01:17<00:28,  9.62it/s]
 55%|████████████████████████████████▎                          | 329/600 [01:17<00:28,  9.51it/s]{'loss': '0.5383', 'grad_norm': '10.25', 'learning_rate': '2.474e-05', 'epoch': '10.85'}


Writing model shards:   0%|                                                 | 0/1 [00:00<?, ?it/s][A

Writing model shards: 100%|█████████████████████████████████████████| 1/1 [00:01<00:00,  1.68s/it][A
Writing model shards: 100%|█████████████████████████████████████████| 1/1 [00:01<00:00,  1.68s/it]

 55%|████████████████████████████████▌                          | 331/600 [01:21<04:25,  1.01it/s]
 55%|████████████████████████████████▋                          | 332/600 [01:21<03:28,  1.29it/s]
 56%|████████████████████████████████▋                          | 333/600 [01:21<02:42,  1.64it/s]
 56%|████████████████████████████████▊                          | 334/600 [01:21<02:06,  2.10it/s]
 56%|████████████████████████████████▉                          | 335/600 [01:21<01:39,  2.66it/s]
 56%|█████████████████████████████████                          | 336/600 [01:21<01:21,  3.25it/s]
 56%|█████████████████████████████████▏                         | 337/600 [01:22<01:06,  3.94it/s]
 56%|█████████████████████████████████▏                         | 338/600 [01:22<00:54,  4.77it/s]
 56%|█████████████████████████████████▎                         | 339/600 [01:22<00:46,  5.58it/s]
 57%|█████████████████████████████████▍                         | 340/600 [01:22<00:40,  6.41it/s]
 57%|█████████████████████████████████▌                         | 341/600 [01:22<00:40,  6.40it/s]
 57%|█████████████████████████████████▋                         | 343/600 [01:22<00:34,  7.56it/s]
 57%|█████████████████████████████████▊                         | 344/600 [01:22<00:32,  7.80it/s]
 57%|█████████████████████████████████▉                         | 345/600 [01:22<00:31,  8.09it/s]
 58%|██████████████████████████████████                         | 346/600 [01:23<00:30,  8.40it/s]
 58%|██████████████████████████████████                         | 347/600 [01:23<00:28,  8.76it/s]
 58%|██████████████████████████████████▏                        | 348/600 [01:23<00:27,  9.02it/s]
 58%|██████████████████████████████████▍                        | 350/600 [01:23<00:26,  9.51it/s]
                                                                                                  

 58%|██████████████████████████████████▍                        | 350/600 [01:23<00:26,  9.51it/s]
 58%|██████████████████████████████████▌                        | 351/600 [01:23<00:25,  9.62it/s]
 59%|██████████████████████████████████▋                        | 353/600 [01:23<00:25,  9.83it/s]
 59%|██████████████████████████████████▉                        | 355/600 [01:23<00:24,  9.93it/s]
 60%|███████████████████████████████████                        | 357/600 [01:24<00:24,  9.99it/s]
 60%|███████████████████████████████████▎                       | 359/600 [01:24<00:24, 10.02it/s]{'loss': '0.5136', 'grad_norm': '8.9', 'learning_rate': '2.254e-05', 'epoch': '11.68'}


Writing model shards:   0%|                                                 | 0/1 [00:00<?, ?it/s][A

Writing model shards: 100%|█████████████████████████████████████████| 1/1 [00:01<00:00,  1.18s/it][A
Writing model shards: 100%|█████████████████████████████████████████| 1/1 [00:01<00:00,  1.18s/it]

 60%|███████████████████████████████████▍                       | 361/600 [01:27<02:12,  1.80it/s]
 60%|███████████████████████████████████▌                       | 362/600 [01:27<01:52,  2.12it/s]
 61%|███████████████████████████████████▊                       | 364/600 [01:27<01:20,  2.93it/s]
 61%|███████████████████████████████████▉                       | 366/600 [01:27<01:01,  3.83it/s]
 61%|████████████████████████████████████▏                      | 368/600 [01:28<00:48,  4.81it/s]
 62%|████████████████████████████████████▍                      | 370/600 [01:28<00:39,  5.79it/s]
 62%|████████████████████████████████████▌                      | 372/600 [01:28<00:33,  6.74it/s]
 62%|████████████████████████████████████▊                      | 374/600 [01:28<00:29,  7.56it/s]
                                                                                                  

 62%|████████████████████████████████████▉                      | 375/600 [01:28<00:29,  7.56it/s]
 63%|████████████████████████████████████▉                      | 376/600 [01:28<00:27,  8.12it/s]
 63%|█████████████████████████████████████▏                     | 378/600 [01:29<00:25,  8.65it/s]
 63%|█████████████████████████████████████▎                     | 380/600 [01:29<00:24,  9.02it/s]
 64%|█████████████████████████████████████▌                     | 382/600 [01:29<00:23,  9.37it/s]
 64%|█████████████████████████████████████▊                     | 384/600 [01:29<00:22,  9.57it/s]
 64%|█████████████████████████████████████▉                     | 386/600 [01:29<00:21,  9.77it/s]
 65%|██████████████████████████████████████▏                    | 388/600 [01:30<00:21,  9.92it/s]
 65%|██████████████████████████████████████▎                    | 390/600 [01:30<00:19, 10.87it/s]{'loss': '0.467', 'grad_norm': '8.852', 'learning_rate': '2.035e-05', 'epoch': '12.51'}


Writing model shards:   0%|                                                 | 0/1 [00:00<?, ?it/s][A

Writing model shards: 100%|█████████████████████████████████████████| 1/1 [00:01<00:00,  1.20s/it][A
Writing model shards: 100%|█████████████████████████████████████████| 1/1 [00:01<00:00,  1.20s/it]

 65%|██████████████████████████████████████▌                    | 392/600 [01:35<03:06,  1.12it/s]
 66%|██████████████████████████████████████▋                    | 394/600 [01:35<02:15,  1.52it/s]
 66%|██████████████████████████████████████▉                    | 396/600 [01:36<01:39,  2.05it/s]
 66%|███████████████████████████████████████▏                   | 398/600 [01:36<01:15,  2.69it/s]
 67%|███████████████████████████████████████▎                   | 400/600 [01:36<00:57,  3.46it/s]
                                                                                                  

 67%|███████████████████████████████████████▎                   | 400/600 [01:36<00:57,  3.46it/s]
 67%|███████████████████████████████████████▌                   | 402/600 [01:36<00:45,  4.32it/s]
 67%|███████████████████████████████████████▋                   | 404/600 [01:36<00:37,  5.24it/s]
 68%|███████████████████████████████████████▉                   | 406/600 [01:37<00:31,  6.18it/s]
 68%|████████████████████████████████████████                   | 408/600 [01:37<00:27,  7.06it/s]
 68%|████████████████████████████████████████▎                  | 410/600 [01:37<00:24,  7.85it/s]
 69%|████████████████████████████████████████▌                  | 412/600 [01:37<00:22,  8.51it/s]
 69%|████████████████████████████████████████▋                  | 414/600 [01:37<00:20,  9.03it/s]
 69%|████████████████████████████████████████▉                  | 416/600 [01:37<00:19,  9.39it/s]
 70%|█████████████████████████████████████████                  | 418/600 [01:38<00:18,  9.63it/s]
 70%|█████████████████████████████████████████▎                 | 420/600 [01:38<00:17, 10.56it/s]{'loss': '0.4398', 'grad_norm': '10.34', 'learning_rate': '1.816e-05', 'epoch': '13.34'}


Writing model shards:   0%|                                                 | 0/1 [00:00<?, ?it/s][A

Writing model shards: 100%|█████████████████████████████████████████| 1/1 [00:00<00:00,  1.59it/s][A
Writing model shards: 100%|█████████████████████████████████████████| 1/1 [00:00<00:00,  1.59it/s]

 70%|█████████████████████████████████████████▍                 | 422/600 [01:40<01:14,  2.38it/s]
 70%|█████████████████████████████████████████▌                 | 423/600 [01:40<01:05,  2.71it/s]
 71%|█████████████████████████████████████████▋                 | 424/600 [01:40<00:55,  3.16it/s]
 71%|█████████████████████████████████████████▊                 | 425/600 [01:41<00:47,  3.71it/s]
                                                                                                  

 71%|█████████████████████████████████████████▊                 | 425/600 [01:41<00:47,  3.71it/s]
 71%|█████████████████████████████████████████▉                 | 426/600 [01:41<00:40,  4.35it/s]
 71%|█████████████████████████████████████████▉                 | 427/600 [01:41<00:34,  5.03it/s]
 71%|██████████████████████████████████████████                 | 428/600 [01:41<00:29,  5.74it/s]
 72%|██████████████████████████████████████████▏                | 429/600 [01:41<00:26,  6.39it/s]
 72%|██████████████████████████████████████████▎                | 430/600 [01:41<00:24,  6.97it/s]
 72%|██████████████████████████████████████████▍                | 431/600 [01:41<00:23,  7.32it/s]
 72%|██████████████████████████████████████████▍                | 432/600 [01:41<00:22,  7.58it/s]
 72%|██████████████████████████████████████████▌                | 433/600 [01:41<00:20,  7.99it/s]
 72%|██████████████████████████████████████████▋                | 434/600 [01:42<00:19,  8.32it/s]
 72%|██████████████████████████████████████████▊                | 435/600 [01:42<00:19,  8.53it/s]
 73%|██████████████████████████████████████████▊                | 436/600 [01:42<00:20,  8.08it/s]
 73%|██████████████████████████████████████████▉                | 437/600 [01:42<00:22,  7.13it/s]
 73%|███████████████████████████████████████████                | 438/600 [01:42<00:25,  6.32it/s]
 73%|███████████████████████████████████████████▏               | 439/600 [01:42<00:24,  6.69it/s]
 73%|███████████████████████████████████████████▎               | 440/600 [01:42<00:22,  7.25it/s]
 74%|███████████████████████████████████████████▎               | 441/600 [01:43<00:20,  7.84it/s]
 74%|███████████████████████████████████████████▍               | 442/600 [01:43<00:18,  8.35it/s]
 74%|███████████████████████████████████████████▌               | 443/600 [01:43<00:18,  8.70it/s]
 74%|███████████████████████████████████████████▋               | 444/600 [01:43<00:17,  8.96it/s]
 74%|███████████████████████████████████████████▊               | 445/600 [01:43<00:17,  9.06it/s]
 74%|███████████████████████████████████████████▊               | 446/600 [01:43<00:16,  9.17it/s]
 74%|███████████████████████████████████████████▉               | 447/600 [01:43<00:16,  9.36it/s]
 75%|████████████████████████████████████████████               | 448/600 [01:43<00:16,  9.50it/s]
 75%|████████████████████████████████████████████▏              | 449/600 [01:43<00:15,  9.60it/s]
                                                                                                  

 75%|████████████████████████████████████████████▎              | 450/600 [01:43<00:15,  9.60it/s]{'loss': '0.4037', 'grad_norm': '7.283', 'learning_rate': '1.596e-05', 'epoch': '14.17'}
{'loss': '0.3599', 'grad_norm': '22.6', 'learning_rate': '1.377e-05', 'epoch': '15'}


Writing model shards:   0%|                                                 | 0/1 [00:00<?, ?it/s][A

Writing model shards: 100%|█████████████████████████████████████████| 1/1 [00:04<00:00,  4.35s/it][A
Writing model shards: 100%|█████████████████████████████████████████| 1/1 [00:04<00:00,  4.35s/it]

 75%|████████████████████████████████████████████▎              | 451/600 [01:50<03:56,  1.58s/it]
 75%|████████████████████████████████████████████▍              | 452/600 [01:50<03:00,  1.22s/it]
 76%|████████████████████████████████████████████▌              | 453/600 [01:50<02:16,  1.08it/s]
 76%|████████████████████████████████████████████▋              | 455/600 [01:50<01:22,  1.75it/s]
 76%|████████████████████████████████████████████▉              | 457/600 [01:51<00:55,  2.56it/s]
 76%|█████████████████████████████████████████████▏             | 459/600 [01:51<00:40,  3.49it/s]
 77%|█████████████████████████████████████████████▎             | 461/600 [01:51<00:30,  4.50it/s]
 77%|█████████████████████████████████████████████▌             | 463/600 [01:51<00:24,  5.52it/s]
 78%|█████████████████████████████████████████████▋             | 465/600 [01:51<00:20,  6.50it/s]
 78%|█████████████████████████████████████████████▉             | 467/600 [01:51<00:18,  7.37it/s]
 78%|██████████████████████████████████████████████             | 469/600 [01:52<00:16,  8.13it/s]
 78%|██████████████████████████████████████████████▎            | 471/600 [01:52<00:14,  8.74it/s]
 79%|██████████████████████████████████████████████▌            | 473/600 [01:52<00:13,  9.23it/s]
 79%|██████████████████████████████████████████████▋            | 475/600 [01:52<00:13,  9.61it/s]
                                                                                                  

 79%|██████████████████████████████████████████████▋            | 475/600 [01:52<00:13,  9.61it/s]
 80%|██████████████████████████████████████████████▉            | 477/600 [01:52<00:12,  9.88it/s]
 80%|███████████████████████████████████████████████            | 479/600 [01:53<00:11, 10.09it/s]{'loss': '0.3421', 'grad_norm': '7.862', 'learning_rate': '1.158e-05', 'epoch': '15.85'}


Writing model shards:   0%|                                                 | 0/1 [00:00<?, ?it/s][A

Writing model shards: 100%|█████████████████████████████████████████| 1/1 [00:02<00:00,  2.27s/it][A
Writing model shards: 100%|█████████████████████████████████████████| 1/1 [00:02<00:00,  2.27s/it]

 80%|███████████████████████████████████████████████▎           | 481/600 [01:59<01:54,  1.04it/s]
 80%|███████████████████████████████████████████████▍           | 483/600 [01:59<01:22,  1.42it/s]
 81%|███████████████████████████████████████████████▌           | 484/600 [01:59<01:09,  1.66it/s]
 81%|███████████████████████████████████████████████▊           | 486/600 [01:59<00:49,  2.31it/s]
 81%|███████████████████████████████████████████████▉           | 488/600 [01:59<00:36,  3.09it/s]
 82%|████████████████████████████████████████████████▏          | 490/600 [01:59<00:27,  3.96it/s]
 82%|████████████████████████████████████████████████▍          | 492/600 [02:00<00:21,  4.92it/s]
 82%|████████████████████████████████████████████████▌          | 494/600 [02:00<00:18,  5.88it/s]
 83%|████████████████████████████████████████████████▊          | 496/600 [02:00<00:15,  6.81it/s]
 83%|████████████████████████████████████████████████▉          | 498/600 [02:00<00:13,  7.62it/s]
 83%|█████████████████████████████████████████████████▏         | 500/600 [02:00<00:11,  8.33it/s]
                                                                                                  

 83%|█████████████████████████████████████████████████▏         | 500/600 [02:00<00:11,  8.33it/s]
 84%|█████████████████████████████████████████████████▎         | 502/600 [02:01<00:11,  8.90it/s]
 84%|█████████████████████████████████████████████████▌         | 504/600 [02:01<00:10,  9.35it/s]
 84%|█████████████████████████████████████████████████▊         | 506/600 [02:01<00:09,  9.65it/s]
 85%|█████████████████████████████████████████████████▉         | 508/600 [02:01<00:09,  9.92it/s]
 85%|██████████████████████████████████████████████████▏        | 510/600 [02:01<00:08, 11.00it/s]{'loss': '0.3561', 'grad_norm': '5.581', 'learning_rate': '9.386e-06', 'epoch': '16.68'}


Writing model shards:   0%|                                                 | 0/1 [00:00<?, ?it/s][A

Writing model shards: 100%|█████████████████████████████████████████| 1/1 [00:00<00:00,  1.53it/s][A
Writing model shards: 100%|█████████████████████████████████████████| 1/1 [00:00<00:00,  1.53it/s]

 85%|██████████████████████████████████████████████████▎        | 512/600 [02:07<01:19,  1.11it/s]
 86%|██████████████████████████████████████████████████▌        | 514/600 [02:07<00:56,  1.52it/s]
 86%|██████████████████████████████████████████████████▋        | 515/600 [02:07<00:47,  1.78it/s]
 86%|██████████████████████████████████████████████████▊        | 517/600 [02:07<00:33,  2.46it/s]
 86%|███████████████████████████████████████████████████        | 519/600 [02:08<00:24,  3.26it/s]
 87%|███████████████████████████████████████████████████▏       | 521/600 [02:08<00:19,  4.15it/s]
 87%|███████████████████████████████████████████████████▎       | 522/600 [02:08<00:17,  4.52it/s]
 87%|███████████████████████████████████████████████████▌       | 524/600 [02:08<00:13,  5.58it/s]
                                                                                                  

 88%|███████████████████████████████████████████████████▋       | 525/600 [02:08<00:13,  5.58it/s]
 88%|███████████████████████████████████████████████████▋       | 526/600 [02:08<00:11,  6.56it/s]
 88%|███████████████████████████████████████████████████▉       | 528/600 [02:08<00:09,  7.41it/s]
 88%|████████████████████████████████████████████████████       | 530/600 [02:09<00:08,  8.11it/s]
 89%|████████████████████████████████████████████████████▎      | 532/600 [02:09<00:07,  8.67it/s]
 89%|████████████████████████████████████████████████████▌      | 534/600 [02:09<00:07,  9.09it/s]
 89%|████████████████████████████████████████████████████▋      | 536/600 [02:09<00:06,  9.40it/s]
 90%|████████████████████████████████████████████████████▉      | 538/600 [02:09<00:06,  9.66it/s]
 90%|█████████████████████████████████████████████████████      | 540/600 [02:10<00:05, 10.81it/s]{'loss': '0.3109', 'grad_norm': '6.763', 'learning_rate': '7.193e-06', 'epoch': '17.51'}


Writing model shards:   0%|                                                 | 0/1 [00:00<?, ?it/s][A

Writing model shards: 100%|█████████████████████████████████████████| 1/1 [00:01<00:00,  1.19s/it][A
Writing model shards: 100%|█████████████████████████████████████████| 1/1 [00:01<00:00,  1.19s/it]

 90%|█████████████████████████████████████████████████████▎     | 542/600 [02:13<00:37,  1.55it/s]
 90%|█████████████████████████████████████████████████████▍     | 543/600 [02:14<00:31,  1.81it/s]
 91%|█████████████████████████████████████████████████████▍     | 544/600 [02:14<00:26,  2.14it/s]
 91%|█████████████████████████████████████████████████████▌     | 545/600 [02:14<00:21,  2.56it/s]
 91%|█████████████████████████████████████████████████████▋     | 546/600 [02:14<00:17,  3.09it/s]
 91%|█████████████████████████████████████████████████████▊     | 547/600 [02:14<00:14,  3.71it/s]
 91%|█████████████████████████████████████████████████████▉     | 548/600 [02:14<00:11,  4.40it/s]
 92%|█████████████████████████████████████████████████████▉     | 549/600 [02:14<00:09,  5.13it/s]
 92%|██████████████████████████████████████████████████████     | 550/600 [02:14<00:08,  5.63it/s]
                                                                                                  

 92%|██████████████████████████████████████████████████████     | 550/600 [02:14<00:08,  5.63it/s]
 92%|██████████████████████████████████████████████████████▏    | 551/600 [02:15<00:07,  6.31it/s]
 92%|██████████████████████████████████████████████████████▎    | 552/600 [02:15<00:06,  6.93it/s]
 92%|██████████████████████████████████████████████████████▍    | 553/600 [02:15<00:06,  7.38it/s]
 92%|██████████████████████████████████████████████████████▍    | 554/600 [02:15<00:05,  7.74it/s]
 92%|██████████████████████████████████████████████████████▌    | 555/600 [02:15<00:05,  8.07it/s]
 93%|██████████████████████████████████████████████████████▋    | 556/600 [02:15<00:05,  8.24it/s]
 93%|██████████████████████████████████████████████████████▊    | 557/600 [02:15<00:05,  8.32it/s]
 93%|██████████████████████████████████████████████████████▊    | 558/600 [02:15<00:04,  8.70it/s]
 93%|███████████████████████████████████████████████████████    | 560/600 [02:16<00:04,  9.36it/s]
 94%|███████████████████████████████████████████████████████▎   | 562/600 [02:16<00:03,  9.79it/s]
 94%|███████████████████████████████████████████████████████▍   | 564/600 [02:16<00:03,  9.95it/s]
 94%|███████████████████████████████████████████████████████▋   | 566/600 [02:16<00:03,  9.97it/s]
 95%|███████████████████████████████████████████████████████▊   | 568/600 [02:16<00:03, 10.00it/s]
 95%|████████████████████████████████████████████████████████   | 570/600 [02:16<00:02, 10.90it/s]{'loss': '0.3004', 'grad_norm': '8.436', 'learning_rate': '5e-06', 'epoch': '18.34'}


Writing model shards:   0%|                                                 | 0/1 [00:00<?, ?it/s][A

Writing model shards: 100%|█████████████████████████████████████████| 1/1 [00:00<00:00,  1.29it/s][A
Writing model shards: 100%|█████████████████████████████████████████| 1/1 [00:00<00:00,  1.29it/s]

 95%|████████████████████████████████████████████████████████▏  | 572/600 [02:19<00:14,  1.99it/s]
 96%|████████████████████████████████████████████████████████▍  | 574/600 [02:19<00:09,  2.66it/s]
                                                                                                  

 96%|████████████████████████████████████████████████████████▌  | 575/600 [02:20<00:09,  2.66it/s]
 96%|████████████████████████████████████████████████████████▋  | 576/600 [02:20<00:06,  3.44it/s]
 96%|████████████████████████████████████████████████████████▊  | 578/600 [02:20<00:05,  4.32it/s]
 97%|█████████████████████████████████████████████████████████  | 580/600 [02:20<00:03,  5.26it/s]
 97%|█████████████████████████████████████████████████████████▏ | 582/600 [02:20<00:02,  6.15it/s]
 97%|█████████████████████████████████████████████████████████▍ | 584/600 [02:20<00:02,  7.04it/s]
 98%|█████████████████████████████████████████████████████████▌ | 586/600 [02:21<00:01,  7.83it/s]
 98%|█████████████████████████████████████████████████████████▊ | 588/600 [02:21<00:01,  8.50it/s]
 98%|██████████████████████████████████████████████████████████ | 590/600 [02:21<00:01,  9.02it/s]
 99%|██████████████████████████████████████████████████████████▏| 592/600 [02:21<00:00,  9.44it/s]
 99%|██████████████████████████████████████████████████████████▍| 594/600 [02:21<00:00,  9.74it/s]
 99%|██████████████████████████████████████████████████████████▌| 596/600 [02:22<00:00,  9.96it/s]
100%|██████████████████████████████████████████████████████████▊| 598/600 [02:22<00:00, 10.03it/s]
100%|███████████████████████████████████████████████████████████| 600/600 [02:22<00:00, 11.09it/s]
                                                                                                  

100%|███████████████████████████████████████████████████████████| 600/600 [02:22<00:00, 11.09it/s]{'loss': '0.2817', 'grad_norm': '6.978', 'learning_rate': '2.807e-06', 'epoch': '19.17'}
{'loss': '0.257', 'grad_norm': '37.8', 'learning_rate': '6.14e-07', 'epoch': '20'}


Writing model shards:   0%|                                                 | 0/1 [00:00<?, ?it/s][A

Writing model shards: 100%|█████████████████████████████████████████| 1/1 [00:00<00:00,  1.63it/s][A
Writing model shards: 100%|█████████████████████████████████████████| 1/1 [00:00<00:00,  1.63it/s]

                                                                                                  

100%|███████████████████████████████████████████████████████████| 600/600 [02:24<00:00, 11.09it/s]
100%|███████████████████████████████████████████████████████████| 600/600 [02:24<00:00,  4.15it/s]
{'train_runtime': '144.5', 'train_samples_per_second': '64.37', 'train_steps_per_second': '4.153', 'train_loss': '0.8127', 'epoch': '20'}

  0%|                                                                       | 0/9 [00:00<?, ?it/s]
 89%|████████████████████████████████████████████████████████       | 8/9 [00:00<00:00, 68.58it/s]
100%|███████████████████████████████████████████████████████████████| 9/9 [00:00<00:00, 66.11it/s]

Writing model shards:   0%|                                                 | 0/1 [00:00<?, ?it/s]
Writing model shards: 100%|█████████████████████████████████████████| 1/1 [00:00<00:00,  1.35it/s]
Writing model shards: 100%|█████████████████████████████████████████| 1/1 [00:00<00:00,  1.35it/s]

Loading weights:   0%|                                                    | 0/148 [00:00<?, ?it/s]
Loading weights:  33%|█████████████▉                            | 49/148 [00:00<00:00, 482.82it/s]
Loading weights:  72%|█████████████████████████████▎           | 106/148 [00:00<00:00, 516.36it/s]
Loading weights: 100%|█████████████████████████████████████████| 148/148 [00:00<00:00, 416.36it/s]

Loading weights:   0%|                                                    | 0/148 [00:00<?, ?it/s]
Loading weights:  64%|██████████████████████████▋               | 94/148 [00:00<00:00, 922.46it/s]
Loading weights: 100%|█████████████████████████████████████████| 148/148 [00:00<00:00, 746.92it/s]
<local-root>/miniconda3/lib/python3.13/site-packages/torch/cuda/__init__.py:61: FutureWarning: The pynvml package is deprecated. Please install nvidia-ml-py instead. If you did not install pynvml directly, please report this to the maintainers of the package that installed pynvml for you.
  import pynvml  # type: ignore[import]

Loading weights:   0%|                                                    | 0/148 [00:00<?, ?it/s]
Loading weights:  16%|██████▊                                   | 24/148 [00:00<00:00, 211.12it/s]
Loading weights:  31%|█████████████                             | 46/148 [00:00<00:00, 180.18it/s]
Loading weights:  44%|██████████████████▍                       | 65/148 [00:00<00:00, 155.10it/s]
Loading weights:  58%|████████████████████████▍                 | 86/148 [00:00<00:00, 172.26it/s]
Loading weights:  80%|████████████████████████████████▋        | 118/148 [00:00<00:00, 214.14it/s]
Loading weights:  97%|███████████████████████████████████████▉ | 144/148 [00:00<00:00, 220.63it/s]
Loading weights: 100%|█████████████████████████████████████████| 148/148 [00:00<00:00, 182.38it/s]

Loading weights:   0%|                                                    | 0/148 [00:00<?, ?it/s]
Loading weights: 100%|████████████████████████████████████████| 148/148 [00:00<00:00, 1218.22it/s]
Loading weights: 100%|████████████████████████████████████████| 148/148 [00:00<00:00, 1215.28it/s]
Warning: You are sending unauthenticated requests to the HF Hub. Please set a HF_TOKEN to enable higher rate limits and faster downloads.

Loading weights:   0%|                                                    | 0/389 [00:00<?, ?it/s]
Loading weights: 100%|███████████████████████████████████████| 389/389 [00:00<00:00, 36422.54it/s]
[RANK 0] Detected kernel version 5.4.0, which is below the recommended minimum of 5.5.0; this can cause the process to hang. It is recommended to upgrade the kernel to the minimum version or higher.

  0%|                                                                     | 0/540 [00:00<?, ?it/s]
  0%|                                                             | 1/540 [00:00<02:08,  4.20it/s]
  0%|▏                                                            | 2/540 [00:00<02:12,  4.06it/s]
  1%|▎                                                            | 3/540 [00:00<01:50,  4.85it/s]
  1%|▍                                                            | 4/540 [00:00<01:40,  5.31it/s]
  1%|▌                                                            | 5/540 [00:00<01:35,  5.58it/s]
  1%|▋                                                            | 6/540 [00:01<01:33,  5.74it/s]
  1%|▊                                                            | 7/540 [00:01<01:31,  5.86it/s]
  1%|▉                                                            | 8/540 [00:01<01:30,  5.89it/s]
  2%|█                                                            | 9/540 [00:01<01:29,  5.94it/s]
  2%|█                                                           | 10/540 [00:01<01:27,  6.06it/s]
  2%|█▏                                                          | 11/540 [00:01<01:26,  6.10it/s]
  2%|█▎                                                          | 12/540 [00:02<01:25,  6.17it/s]
  2%|█▍                                                          | 13/540 [00:02<01:25,  6.18it/s]
  3%|█▌                                                          | 14/540 [00:02<01:25,  6.17it/s]
  3%|█▋                                                          | 15/540 [00:02<01:24,  6.22it/s]
  3%|█▊                                                          | 16/540 [00:02<01:25,  6.16it/s]
  3%|█▉                                                          | 17/540 [00:02<01:24,  6.18it/s]
  3%|██                                                          | 18/540 [00:03<01:23,  6.23it/s]
  4%|██                                                          | 19/540 [00:03<01:23,  6.26it/s]
  4%|██▏                                                         | 20/540 [00:03<01:22,  6.28it/s]
  4%|██▎                                                         | 21/540 [00:03<01:22,  6.30it/s]
  4%|██▍                                                         | 22/540 [00:03<01:22,  6.32it/s]
  4%|██▌                                                         | 23/540 [00:03<01:21,  6.32it/s]
  4%|██▋                                                         | 24/540 [00:04<01:21,  6.32it/s]
  5%|██▊                                                         | 25/540 [00:04<01:21,  6.33it/s]
                                                                                                  

  5%|██▊                                                         | 25/540 [00:04<01:21,  6.33it/s]
  5%|██▉                                                         | 26/540 [00:04<01:21,  6.33it/s]
  5%|███                                                         | 27/540 [00:04<01:20,  6.34it/s]
  5%|███                                                         | 28/540 [00:04<01:20,  6.34it/s]
  5%|███▏                                                        | 29/540 [00:04<01:21,  6.24it/s]
  6%|███▎                                                        | 30/540 [00:04<01:13,  6.98it/s]{'loss': '2.588', 'grad_norm': '6.705', 'learning_rate': '4e-05', 'epoch': '0.8475'}


Writing model shards:   0%|                                                 | 0/1 [00:00<?, ?it/s][A

Writing model shards: 100%|█████████████████████████████████████████| 1/1 [00:01<00:00,  1.99s/it][A
Writing model shards: 100%|█████████████████████████████████████████| 1/1 [00:01<00:00,  1.99s/it]

  6%|███▍                                                        | 31/540 [00:10<15:10,  1.79s/it]
  6%|███▌                                                        | 32/540 [00:10<11:01,  1.30s/it]
  6%|███▋                                                        | 33/540 [00:10<08:06,  1.04it/s]
  6%|███▊                                                        | 34/540 [00:11<06:04,  1.39it/s]
  6%|███▉                                                        | 35/540 [00:11<04:38,  1.81it/s]
  7%|████                                                        | 36/540 [00:11<03:39,  2.30it/s]
  7%|████                                                        | 37/540 [00:11<02:57,  2.84it/s]
  7%|████▏                                                       | 38/540 [00:11<02:27,  3.40it/s]
  7%|████▎                                                       | 39/540 [00:11<02:08,  3.91it/s]
  7%|████▍                                                       | 40/540 [00:12<01:53,  4.42it/s]
  8%|████▌                                                       | 41/540 [00:12<01:42,  4.86it/s]
  8%|████▋                                                       | 42/540 [00:12<01:35,  5.22it/s]
  8%|████▊                                                       | 43/540 [00:12<01:30,  5.50it/s]
  8%|████▉                                                       | 44/540 [00:12<01:27,  5.69it/s]
  8%|█████                                                       | 45/540 [00:12<01:24,  5.88it/s]
  9%|█████                                                       | 46/540 [00:12<01:22,  5.99it/s]
  9%|█████▏                                                      | 47/540 [00:13<01:20,  6.09it/s]
  9%|█████▎                                                      | 48/540 [00:13<01:19,  6.17it/s]
  9%|█████▍                                                      | 49/540 [00:13<01:19,  6.21it/s]
  9%|█████▌                                                      | 50/540 [00:13<01:18,  6.24it/s]
                                                                                                  

  9%|█████▌                                                      | 50/540 [00:13<01:18,  6.24it/s]
  9%|█████▋                                                      | 51/540 [00:13<01:18,  6.27it/s]
 10%|█████▊                                                      | 52/540 [00:13<01:17,  6.26it/s]
 10%|█████▉                                                      | 53/540 [00:14<01:17,  6.29it/s]
 10%|██████                                                      | 54/540 [00:14<01:17,  6.30it/s]
 10%|██████                                                      | 55/540 [00:14<01:17,  6.29it/s]
 10%|██████▏                                                     | 56/540 [00:14<01:16,  6.32it/s]
 11%|██████▎                                                     | 57/540 [00:14<01:16,  6.30it/s]
 11%|██████▍                                                     | 58/540 [00:14<01:16,  6.30it/s]
 11%|██████▌                                                     | 59/540 [00:15<01:16,  6.32it/s]{'loss': '1.425', 'grad_norm': '5.504', 'learning_rate': '4.824e-05', 'epoch': '1.678'}


Writing model shards:   0%|                                                 | 0/1 [00:00<?, ?it/s][A

Writing model shards: 100%|█████████████████████████████████████████| 1/1 [00:01<00:00,  1.27s/it][A
Writing model shards: 100%|█████████████████████████████████████████| 1/1 [00:01<00:00,  1.27s/it]

 11%|██████▊                                                     | 61/540 [00:19<09:14,  1.16s/it]
 11%|██████▉                                                     | 62/540 [00:19<07:15,  1.10it/s]
 12%|███████                                                     | 63/540 [00:19<05:40,  1.40it/s]
 12%|███████                                                     | 64/540 [00:20<04:27,  1.78it/s]
 12%|███████▏                                                    | 65/540 [00:20<03:33,  2.23it/s]
 12%|███████▎                                                    | 66/540 [00:20<02:53,  2.73it/s]
 12%|███████▍                                                    | 67/540 [00:20<02:24,  3.28it/s]
 13%|███████▌                                                    | 68/540 [00:20<02:03,  3.82it/s]
 13%|███████▋                                                    | 69/540 [00:20<01:48,  4.34it/s]
 13%|███████▊                                                    | 70/540 [00:21<01:38,  4.78it/s]
 13%|███████▉                                                    | 71/540 [00:21<01:31,  5.14it/s]
 13%|████████                                                    | 72/540 [00:21<01:25,  5.44it/s]
 14%|████████                                                    | 73/540 [00:21<01:22,  5.67it/s]
 14%|████████▏                                                   | 74/540 [00:21<01:19,  5.85it/s]
 14%|████████▎                                                   | 75/540 [00:21<01:17,  5.99it/s]
                                                                                                  

 14%|████████▎                                                   | 75/540 [00:21<01:17,  5.99it/s]
 14%|████████▍                                                   | 76/540 [00:22<01:16,  6.06it/s]
 14%|████████▌                                                   | 77/540 [00:22<01:15,  6.14it/s]
 14%|████████▋                                                   | 78/540 [00:22<01:14,  6.21it/s]
 15%|████████▊                                                   | 79/540 [00:22<01:14,  6.22it/s]
 15%|████████▉                                                   | 80/540 [00:22<01:13,  6.25it/s]
 15%|█████████                                                   | 81/540 [00:22<01:13,  6.28it/s]
 15%|█████████                                                   | 82/540 [00:22<01:12,  6.27it/s]
 15%|█████████▏                                                  | 83/540 [00:23<01:12,  6.29it/s]
 16%|█████████▎                                                  | 84/540 [00:23<01:12,  6.28it/s]
 16%|█████████▍                                                  | 85/540 [00:23<01:12,  6.29it/s]
 16%|█████████▌                                                  | 86/540 [00:23<01:12,  6.30it/s]
 16%|█████████▋                                                  | 87/540 [00:23<01:12,  6.29it/s]
 16%|█████████▊                                                  | 88/540 [00:23<01:11,  6.34it/s]
 16%|█████████▉                                                  | 89/540 [00:24<01:11,  6.31it/s]{'loss': '1.09', 'grad_norm': '6.345', 'learning_rate': '4.578e-05', 'epoch': '2.508'}


Writing model shards:   0%|                                                 | 0/1 [00:00<?, ?it/s][A

Writing model shards: 100%|█████████████████████████████████████████| 1/1 [00:01<00:00,  1.30s/it][A
Writing model shards: 100%|█████████████████████████████████████████| 1/1 [00:01<00:00,  1.30s/it]

 17%|██████████                                                  | 91/540 [00:28<08:40,  1.16s/it]
 17%|██████████▏                                                 | 92/540 [00:28<06:48,  1.10it/s]
 17%|██████████▎                                                 | 93/540 [00:29<05:19,  1.40it/s]
 17%|██████████▍                                                 | 94/540 [00:29<04:11,  1.78it/s]
 18%|██████████▌                                                 | 95/540 [00:29<03:20,  2.22it/s]
 18%|██████████▋                                                 | 96/540 [00:29<02:42,  2.73it/s]
 18%|██████████▊                                                 | 97/540 [00:29<02:15,  3.26it/s]
 18%|██████████▉                                                 | 98/540 [00:29<01:56,  3.78it/s]
 18%|███████████                                                 | 99/540 [00:30<01:42,  4.29it/s]
 19%|██████████▉                                                | 100/540 [00:30<01:33,  4.72it/s]
                                                                                                  

 19%|██████████▉                                                | 100/540 [00:30<01:33,  4.72it/s]
 19%|███████████                                                | 101/540 [00:30<01:25,  5.14it/s]
 19%|███████████▏                                               | 102/540 [00:30<01:20,  5.44it/s]
 19%|███████████▎                                               | 103/540 [00:30<01:18,  5.59it/s]
 19%|███████████▎                                               | 104/540 [00:30<01:15,  5.75it/s]
 19%|███████████▍                                               | 105/540 [00:30<01:14,  5.81it/s]
 20%|███████████▌                                               | 106/540 [00:31<01:23,  5.17it/s]
 20%|███████████▋                                               | 107/540 [00:31<01:19,  5.44it/s]
 20%|███████████▊                                               | 108/540 [00:31<01:16,  5.68it/s]
 20%|███████████▉                                               | 109/540 [00:31<01:13,  5.85it/s]
 20%|████████████                                               | 110/540 [00:31<01:11,  5.98it/s]
 21%|████████████▏                                              | 111/540 [00:32<01:10,  6.05it/s]
 21%|████████████▏                                              | 112/540 [00:32<01:09,  6.12it/s]
 21%|████████████▎                                              | 113/540 [00:32<01:09,  6.18it/s]
 21%|████████████▍                                              | 114/540 [00:32<01:09,  6.17it/s]
 21%|████████████▌                                              | 115/540 [00:32<01:08,  6.22it/s]
 21%|████████████▋                                              | 116/540 [00:32<01:07,  6.24it/s]
 22%|████████████▊                                              | 117/540 [00:32<01:07,  6.23it/s]
 22%|████████████▉                                              | 118/540 [00:33<01:07,  6.27it/s]
 22%|█████████████                                              | 119/540 [00:33<01:07,  6.25it/s]{'loss': '0.692', 'grad_norm': '4.554', 'learning_rate': '4.333e-05', 'epoch': '3.339'}


Writing model shards:   0%|                                                 | 0/1 [00:00<?, ?it/s][A

Writing model shards: 100%|█████████████████████████████████████████| 1/1 [00:01<00:00,  1.34s/it][A
Writing model shards: 100%|█████████████████████████████████████████| 1/1 [00:01<00:00,  1.34s/it]

 22%|█████████████▏                                             | 121/540 [00:38<08:15,  1.18s/it]
 23%|█████████████▎                                             | 122/540 [00:38<06:28,  1.08it/s]
 23%|█████████████▍                                             | 123/540 [00:38<05:03,  1.37it/s]
 23%|█████████████▌                                             | 124/540 [00:38<03:58,  1.75it/s]
 23%|█████████████▋                                             | 125/540 [00:38<03:09,  2.19it/s]
                                                                                                  

 23%|█████████████▋                                             | 125/540 [00:38<03:09,  2.19it/s]
 23%|█████████████▊                                             | 126/540 [00:38<02:33,  2.69it/s]
 24%|█████████████▉                                             | 127/540 [00:39<02:07,  3.23it/s]
 24%|█████████████▉                                             | 128/540 [00:39<01:49,  3.76it/s]
 24%|██████████████                                             | 129/540 [00:39<01:35,  4.28it/s]
 24%|██████████████▏                                            | 130/540 [00:39<01:26,  4.72it/s]
 24%|██████████████▎                                            | 131/540 [00:39<01:20,  5.10it/s]
 24%|██████████████▍                                            | 132/540 [00:39<01:15,  5.42it/s]
 25%|██████████████▌                                            | 133/540 [00:39<01:11,  5.67it/s]
 25%|██████████████▋                                            | 134/540 [00:40<01:09,  5.82it/s]
 25%|██████████████▊                                            | 135/540 [00:40<01:07,  5.97it/s]
 25%|██████████████▊                                            | 136/540 [00:40<01:07,  6.03it/s]
 25%|██████████████▉                                            | 137/540 [00:40<01:05,  6.12it/s]
 26%|███████████████                                            | 138/540 [00:40<01:04,  6.19it/s]
 26%|███████████████▏                                           | 139/540 [00:40<01:04,  6.26it/s]
 26%|███████████████▎                                           | 140/540 [00:41<01:03,  6.32it/s]
 26%|███████████████▍                                           | 141/540 [00:41<01:02,  6.36it/s]
 26%|███████████████▌                                           | 142/540 [00:41<01:02,  6.36it/s]
 26%|███████████████▌                                           | 143/540 [00:41<01:02,  6.39it/s]
 27%|███████████████▋                                           | 144/540 [00:41<01:01,  6.39it/s]
 27%|███████████████▊                                           | 145/540 [00:41<01:01,  6.39it/s]
 27%|███████████████▉                                           | 146/540 [00:42<01:01,  6.42it/s]
 27%|████████████████                                           | 147/540 [00:42<01:01,  6.44it/s]
 27%|████████████████▏                                          | 148/540 [00:42<01:00,  6.44it/s]
 28%|████████████████▎                                          | 149/540 [00:42<01:00,  6.44it/s]
                                                                                                  

 28%|████████████████▍                                          | 150/540 [00:42<01:00,  6.44it/s]{'loss': '0.479', 'grad_norm': '3.97', 'learning_rate': '4.088e-05', 'epoch': '4.169'}
{'loss': '0.3291', 'grad_norm': '9.941', 'learning_rate': '3.843e-05', 'epoch': '5'}


Writing model shards:   0%|                                                 | 0/1 [00:00<?, ?it/s][A

Writing model shards: 100%|█████████████████████████████████████████| 1/1 [00:01<00:00,  1.31s/it][A
Writing model shards: 100%|█████████████████████████████████████████| 1/1 [00:01<00:00,  1.31s/it]

 28%|████████████████▍                                          | 151/540 [00:47<07:27,  1.15s/it]
 28%|████████████████▌                                          | 152/540 [00:47<05:50,  1.11it/s]
 28%|████████████████▋                                          | 153/540 [00:47<04:35,  1.41it/s]
 29%|████████████████▊                                          | 154/540 [00:47<03:36,  1.78it/s]
 29%|████████████████▉                                          | 155/540 [00:47<02:52,  2.23it/s]
 29%|█████████████████                                          | 156/540 [00:47<02:21,  2.72it/s]
 29%|█████████████████▏                                         | 157/540 [00:48<01:57,  3.26it/s]
 29%|█████████████████▎                                         | 158/540 [00:48<01:40,  3.79it/s]
 29%|█████████████████▎                                         | 159/540 [00:48<01:28,  4.29it/s]
 30%|█████████████████▍                                         | 160/540 [00:48<01:20,  4.74it/s]
 30%|█████████████████▌                                         | 161/540 [00:48<01:14,  5.11it/s]
 30%|█████████████████▋                                         | 162/540 [00:48<01:10,  5.39it/s]
 30%|█████████████████▊                                         | 163/540 [00:49<01:06,  5.63it/s]
 30%|█████████████████▉                                         | 164/540 [00:49<01:05,  5.77it/s]
 31%|██████████████████                                         | 165/540 [00:49<01:03,  5.94it/s]
 31%|██████████████████▏                                        | 166/540 [00:49<01:02,  5.99it/s]
 31%|██████████████████▏                                        | 167/540 [00:49<01:01,  6.07it/s]
 31%|██████████████████▎                                        | 168/540 [00:49<01:00,  6.13it/s]
 31%|██████████████████▍                                        | 169/540 [00:49<01:00,  6.15it/s]
 31%|██████████████████▌                                        | 170/540 [00:50<00:59,  6.23it/s]
 32%|██████████████████▋                                        | 171/540 [00:50<00:59,  6.22it/s]
 32%|██████████████████▊                                        | 172/540 [00:50<00:59,  6.18it/s]
 32%|██████████████████▉                                        | 173/540 [00:50<00:59,  6.20it/s]
 32%|███████████████████                                        | 174/540 [00:50<00:58,  6.22it/s]
 32%|███████████████████                                        | 175/540 [00:50<00:58,  6.26it/s]
                                                                                                  

 32%|███████████████████                                        | 175/540 [00:50<00:58,  6.26it/s]
 33%|███████████████████▏                                       | 176/540 [00:51<00:58,  6.23it/s]
 33%|███████████████████▎                                       | 177/540 [00:51<00:58,  6.24it/s]
 33%|███████████████████▍                                       | 178/540 [00:51<00:58,  6.18it/s]
 33%|███████████████████▌                                       | 179/540 [00:51<00:58,  6.18it/s]{'loss': '0.2383', 'grad_norm': '4.781', 'learning_rate': '3.598e-05', 'epoch': '5.847'}


Writing model shards:   0%|                                                 | 0/1 [00:00<?, ?it/s][A

Writing model shards: 100%|█████████████████████████████████████████| 1/1 [00:01<00:00,  1.60s/it][A
Writing model shards: 100%|█████████████████████████████████████████| 1/1 [00:01<00:00,  1.60s/it]

 34%|███████████████████▊                                       | 181/540 [00:56<07:24,  1.24s/it]
 34%|███████████████████▉                                       | 182/540 [00:56<05:47,  1.03it/s]
 34%|███████████████████▉                                       | 183/540 [00:56<04:30,  1.32it/s]
 34%|████████████████████                                       | 184/540 [00:57<03:31,  1.68it/s]
 34%|████████████████████▏                                      | 185/540 [00:57<02:47,  2.12it/s]
 34%|████████████████████▎                                      | 186/540 [00:57<02:14,  2.63it/s]
 35%|████████████████████▍                                      | 187/540 [00:57<01:51,  3.16it/s]
 35%|████████████████████▌                                      | 188/540 [00:57<01:34,  3.72it/s]
 35%|████████████████████▋                                      | 189/540 [00:57<01:22,  4.25it/s]
 35%|████████████████████▊                                      | 190/540 [00:57<01:14,  4.71it/s]
 35%|████████████████████▊                                      | 191/540 [00:58<01:07,  5.14it/s]
 36%|████████████████████▉                                      | 192/540 [00:58<01:03,  5.48it/s]
 36%|█████████████████████                                      | 193/540 [00:58<01:00,  5.73it/s]
 36%|█████████████████████▏                                     | 194/540 [00:58<00:58,  5.93it/s]
 36%|█████████████████████▎                                     | 195/540 [00:58<00:56,  6.08it/s]
 36%|█████████████████████▍                                     | 196/540 [00:58<00:55,  6.18it/s]
 36%|█████████████████████▌                                     | 197/540 [00:59<00:54,  6.25it/s]
 37%|█████████████████████▋                                     | 198/540 [00:59<00:54,  6.31it/s]
 37%|█████████████████████▋                                     | 199/540 [00:59<00:53,  6.34it/s]
 37%|█████████████████████▊                                     | 200/540 [00:59<00:53,  6.38it/s]
                                                                                                  

 37%|█████████████████████▊                                     | 200/540 [00:59<00:53,  6.38it/s]
 37%|█████████████████████▉                                     | 201/540 [00:59<00:52,  6.40it/s]
 37%|██████████████████████                                     | 202/540 [00:59<00:52,  6.41it/s]
 38%|██████████████████████▏                                    | 203/540 [00:59<00:52,  6.42it/s]
 38%|██████████████████████▎                                    | 204/540 [01:00<00:52,  6.44it/s]
 38%|██████████████████████▍                                    | 205/540 [01:00<00:51,  6.44it/s]
 38%|██████████████████████▌                                    | 206/540 [01:00<00:51,  6.45it/s]
 38%|██████████████████████▌                                    | 207/540 [01:00<00:51,  6.45it/s]
 39%|██████████████████████▋                                    | 208/540 [01:00<00:51,  6.45it/s]
 39%|██████████████████████▊                                    | 209/540 [01:00<00:51,  6.45it/s]{'loss': '0.195', 'grad_norm': '4.551', 'learning_rate': '3.353e-05', 'epoch': '6.678'}


Writing model shards:   0%|                                                 | 0/1 [00:00<?, ?it/s][A

Writing model shards: 100%|█████████████████████████████████████████| 1/1 [00:01<00:00,  1.54s/it][A
Writing model shards: 100%|█████████████████████████████████████████| 1/1 [00:01<00:00,  1.54s/it]

 39%|███████████████████████                                    | 211/540 [01:06<07:07,  1.30s/it]
 39%|███████████████████████▏                                   | 212/540 [01:06<05:32,  1.02s/it]
 39%|███████████████████████▎                                   | 213/540 [01:06<04:18,  1.26it/s]
 40%|███████████████████████▍                                   | 214/540 [01:06<03:21,  1.62it/s]
 40%|███████████████████████▍                                   | 215/540 [01:06<02:38,  2.05it/s]
 40%|███████████████████████▌                                   | 216/540 [01:06<02:07,  2.54it/s]
 40%|███████████████████████▋                                   | 217/540 [01:07<01:44,  3.09it/s]
 40%|███████████████████████▊                                   | 218/540 [01:07<01:28,  3.64it/s]
 41%|███████████████████████▉                                   | 219/540 [01:07<01:16,  4.17it/s]
 41%|████████████████████████                                   | 220/540 [01:07<01:08,  4.66it/s]
 41%|████████████████████████▏                                  | 221/540 [01:07<01:02,  5.08it/s]
 41%|████████████████████████▎                                  | 222/540 [01:07<00:58,  5.41it/s]
 41%|████████████████████████▎                                  | 223/540 [01:08<00:55,  5.68it/s]
 41%|████████████████████████▍                                  | 224/540 [01:08<00:53,  5.90it/s]
 42%|████████████████████████▌                                  | 225/540 [01:08<00:51,  6.06it/s]
                                                                                                  

 42%|████████████████████████▌                                  | 225/540 [01:08<00:51,  6.06it/s]
 42%|████████████████████████▋                                  | 226/540 [01:08<00:50,  6.17it/s]
 42%|████████████████████████▊                                  | 227/540 [01:08<00:50,  6.26it/s]
 42%|████████████████████████▉                                  | 228/540 [01:08<00:49,  6.31it/s]
 42%|█████████████████████████                                  | 229/540 [01:08<00:49,  6.33it/s]
 43%|█████████████████████████▏                                 | 230/540 [01:09<00:48,  6.38it/s]
 43%|█████████████████████████▏                                 | 231/540 [01:09<00:48,  6.38it/s]
 43%|█████████████████████████▎                                 | 232/540 [01:09<00:48,  6.38it/s]
 43%|█████████████████████████▍                                 | 233/540 [01:09<00:47,  6.41it/s]
 43%|█████████████████████████▌                                 | 234/540 [01:09<00:47,  6.42it/s]
 44%|█████████████████████████▋                                 | 235/540 [01:09<00:47,  6.43it/s]
 44%|█████████████████████████▊                                 | 236/540 [01:10<00:47,  6.44it/s]
 44%|█████████████████████████▉                                 | 237/540 [01:10<00:47,  6.41it/s]
 44%|██████████████████████████                                 | 238/540 [01:10<00:47,  6.40it/s]
 44%|██████████████████████████                                 | 239/540 [01:10<00:46,  6.42it/s]{'loss': '0.1406', 'grad_norm': '2.448', 'learning_rate': '3.108e-05', 'epoch': '7.508'}


Writing model shards:   0%|                                                 | 0/1 [00:00<?, ?it/s][A

Writing model shards: 100%|█████████████████████████████████████████| 1/1 [00:01<00:00,  1.27s/it][A
Writing model shards: 100%|█████████████████████████████████████████| 1/1 [00:01<00:00,  1.27s/it]

 45%|██████████████████████████▎                                | 241/540 [01:15<06:05,  1.22s/it]
 45%|██████████████████████████▍                                | 242/540 [01:15<04:45,  1.04it/s]
 45%|██████████████████████████▌                                | 243/540 [01:15<03:42,  1.33it/s]
 45%|██████████████████████████▋                                | 244/540 [01:15<02:54,  1.70it/s]
 45%|██████████████████████████▊                                | 245/540 [01:16<02:18,  2.14it/s]
 46%|██████████████████████████▉                                | 246/540 [01:16<01:51,  2.64it/s]
 46%|██████████████████████████▉                                | 247/540 [01:16<01:32,  3.18it/s]
 46%|███████████████████████████                                | 248/540 [01:16<01:18,  3.72it/s]
 46%|███████████████████████████▏                               | 249/540 [01:16<01:08,  4.25it/s]
 46%|███████████████████████████▎                               | 250/540 [01:16<01:01,  4.71it/s]
                                                                                                  

 46%|███████████████████████████▎                               | 250/540 [01:16<01:01,  4.71it/s]
 46%|███████████████████████████▍                               | 251/540 [01:17<00:56,  5.10it/s]
 47%|███████████████████████████▌                               | 252/540 [01:17<00:53,  5.43it/s]
 47%|███████████████████████████▋                               | 253/540 [01:17<00:50,  5.69it/s]
 47%|███████████████████████████▊                               | 254/540 [01:17<00:48,  5.88it/s]
 47%|███████████████████████████▊                               | 255/540 [01:17<00:47,  6.04it/s]
 47%|███████████████████████████▉                               | 256/540 [01:17<00:46,  6.13it/s]
 48%|████████████████████████████                               | 257/540 [01:17<00:45,  6.19it/s]
 48%|████████████████████████████▏                              | 258/540 [01:18<00:45,  6.26it/s]
 48%|████████████████████████████▎                              | 259/540 [01:18<00:44,  6.28it/s]
 48%|████████████████████████████▍                              | 260/540 [01:18<00:44,  6.32it/s]
 48%|████████████████████████████▌                              | 261/540 [01:18<00:43,  6.35it/s]
 49%|████████████████████████████▋                              | 262/540 [01:18<00:43,  6.35it/s]
 49%|████████████████████████████▋                              | 263/540 [01:18<00:43,  6.40it/s]
 49%|████████████████████████████▊                              | 264/540 [01:19<00:43,  6.40it/s]
 49%|████████████████████████████▉                              | 265/540 [01:19<00:43,  6.38it/s]
 49%|█████████████████████████████                              | 266/540 [01:19<00:42,  6.38it/s]
 49%|█████████████████████████████▏                             | 267/540 [01:19<00:42,  6.39it/s]
 50%|█████████████████████████████▎                             | 268/540 [01:19<00:42,  6.37it/s]
 50%|█████████████████████████████▍                             | 269/540 [01:19<00:42,  6.38it/s]{'loss': '0.1256', 'grad_norm': '2.18', 'learning_rate': '2.863e-05', 'epoch': '8.339'}


Writing model shards:   0%|                                                 | 0/1 [00:00<?, ?it/s][A

Writing model shards: 100%|█████████████████████████████████████████| 1/1 [00:01<00:00,  1.24s/it][A
Writing model shards: 100%|█████████████████████████████████████████| 1/1 [00:01<00:00,  1.24s/it]

 50%|█████████████████████████████▌                             | 271/540 [01:27<08:24,  1.87s/it]
 50%|█████████████████████████████▋                             | 272/540 [01:27<06:28,  1.45s/it]
 51%|█████████████████████████████▊                             | 273/540 [01:27<04:56,  1.11s/it]
 51%|█████████████████████████████▉                             | 274/540 [01:28<03:46,  1.17it/s]
 51%|██████████████████████████████                             | 275/540 [01:28<02:54,  1.52it/s]
                                                                                                  

 51%|██████████████████████████████                             | 275/540 [01:28<02:54,  1.52it/s]
 51%|██████████████████████████████▏                            | 276/540 [01:28<02:15,  1.95it/s]
 51%|██████████████████████████████▎                            | 277/540 [01:28<01:47,  2.44it/s]
 51%|██████████████████████████████▎                            | 278/540 [01:28<01:27,  2.98it/s]
 52%|██████████████████████████████▍                            | 279/540 [01:28<01:13,  3.54it/s]
 52%|██████████████████████████████▌                            | 280/540 [01:29<01:03,  4.08it/s]
 52%|██████████████████████████████▋                            | 281/540 [01:29<00:56,  4.58it/s]
 52%|██████████████████████████████▊                            | 282/540 [01:29<00:51,  5.01it/s]
 52%|██████████████████████████████▉                            | 283/540 [01:29<00:48,  5.34it/s]
 53%|███████████████████████████████                            | 284/540 [01:29<00:45,  5.62it/s]
 53%|███████████████████████████████▏                           | 285/540 [01:29<00:43,  5.85it/s]
 53%|███████████████████████████████▏                           | 286/540 [01:29<00:42,  6.00it/s]
 53%|███████████████████████████████▎                           | 287/540 [01:30<00:41,  6.14it/s]
 53%|███████████████████████████████▍                           | 288/540 [01:30<00:40,  6.24it/s]
 54%|███████████████████████████████▌                           | 289/540 [01:30<00:40,  6.13it/s]
 54%|███████████████████████████████▋                           | 290/540 [01:30<00:40,  6.21it/s]
 54%|███████████████████████████████▊                           | 291/540 [01:30<00:39,  6.28it/s]
 54%|███████████████████████████████▉                           | 292/540 [01:30<00:39,  6.32it/s]
 54%|████████████████████████████████                           | 293/540 [01:31<00:38,  6.36it/s]
 54%|████████████████████████████████                           | 294/540 [01:31<00:38,  6.37it/s]
 55%|████████████████████████████████▏                          | 295/540 [01:31<00:38,  6.37it/s]
 55%|████████████████████████████████▎                          | 296/540 [01:31<00:38,  6.39it/s]
 55%|████████████████████████████████▍                          | 297/540 [01:31<00:38,  6.38it/s]
 55%|████████████████████████████████▌                          | 298/540 [01:31<00:37,  6.39it/s]
 55%|████████████████████████████████▋                          | 299/540 [01:32<00:37,  6.40it/s]
                                                                                                  

 56%|████████████████████████████████▊                          | 300/540 [01:32<00:37,  6.40it/s]{'loss': '0.09584', 'grad_norm': '1.284', 'learning_rate': '2.618e-05', 'epoch': '9.169'}
{'loss': '0.08407', 'grad_norm': '12.43', 'learning_rate': '2.373e-05', 'epoch': '10'}


Writing model shards:   0%|                                                 | 0/1 [00:00<?, ?it/s][A

Writing model shards: 100%|█████████████████████████████████████████| 1/1 [00:01<00:00,  1.32s/it][A
Writing model shards: 100%|█████████████████████████████████████████| 1/1 [00:01<00:00,  1.32s/it]

 56%|████████████████████████████████▉                          | 301/540 [01:37<04:57,  1.25s/it]
 56%|████████████████████████████████▉                          | 302/540 [01:37<03:52,  1.02it/s]
 56%|█████████████████████████████████                          | 303/540 [01:37<03:00,  1.31it/s]
 56%|█████████████████████████████████▏                         | 304/540 [01:37<02:20,  1.67it/s]
 56%|█████████████████████████████████▎                         | 305/540 [01:37<01:51,  2.11it/s]
 57%|█████████████████████████████████▍                         | 306/540 [01:37<01:29,  2.61it/s]
 57%|█████████████████████████████████▌                         | 307/540 [01:37<01:13,  3.15it/s]
 57%|█████████████████████████████████▋                         | 308/540 [01:38<01:02,  3.70it/s]
 57%|█████████████████████████████████▊                         | 309/540 [01:38<00:54,  4.22it/s]
 57%|█████████████████████████████████▊                         | 310/540 [01:38<00:49,  4.69it/s]
 58%|█████████████████████████████████▉                         | 311/540 [01:38<00:44,  5.10it/s]
 58%|██████████████████████████████████                         | 312/540 [01:38<00:42,  5.42it/s]
 58%|██████████████████████████████████▏                        | 313/540 [01:38<00:40,  5.67it/s]
 58%|██████████████████████████████████▎                        | 314/540 [01:39<00:38,  5.86it/s]
 58%|██████████████████████████████████▍                        | 315/540 [01:39<00:37,  5.96it/s]
 59%|██████████████████████████████████▌                        | 316/540 [01:39<00:36,  6.06it/s]
 59%|██████████████████████████████████▋                        | 317/540 [01:39<00:36,  6.10it/s]
 59%|██████████████████████████████████▋                        | 318/540 [01:39<00:40,  5.52it/s]
 59%|██████████████████████████████████▊                        | 319/540 [01:39<00:38,  5.75it/s]
 59%|██████████████████████████████████▉                        | 320/540 [01:40<00:37,  5.86it/s]
 59%|███████████████████████████████████                        | 321/540 [01:40<00:36,  5.96it/s]
 60%|███████████████████████████████████▏                       | 322/540 [01:40<00:36,  6.05it/s]
 60%|███████████████████████████████████▎                       | 323/540 [01:40<00:35,  6.07it/s]
 60%|███████████████████████████████████▍                       | 324/540 [01:40<00:35,  6.14it/s]
 60%|███████████████████████████████████▌                       | 325/540 [01:40<00:34,  6.15it/s]
                                                                                                  

 60%|███████████████████████████████████▌                       | 325/540 [01:40<00:34,  6.15it/s]
 60%|███████████████████████████████████▌                       | 326/540 [01:41<00:34,  6.19it/s]
 61%|███████████████████████████████████▋                       | 327/540 [01:41<00:34,  6.21it/s]
 61%|███████████████████████████████████▊                       | 328/540 [01:41<00:34,  6.21it/s]
 61%|███████████████████████████████████▉                       | 329/540 [01:41<00:33,  6.23it/s]{'loss': '0.0627', 'grad_norm': '1.419', 'learning_rate': '2.127e-05', 'epoch': '10.85'}


Writing model shards:   0%|                                                 | 0/1 [00:00<?, ?it/s][A

Writing model shards: 100%|█████████████████████████████████████████| 1/1 [00:01<00:00,  1.33s/it][A
Writing model shards: 100%|█████████████████████████████████████████| 1/1 [00:01<00:00,  1.33s/it]

 61%|████████████████████████████████████▏                      | 331/540 [01:46<04:08,  1.19s/it]
 61%|████████████████████████████████████▎                      | 332/540 [01:46<03:14,  1.07it/s]
 62%|████████████████████████████████████▍                      | 333/540 [01:46<02:31,  1.36it/s]
 62%|████████████████████████████████████▍                      | 334/540 [01:46<01:58,  1.74it/s]
 62%|████████████████████████████████████▌                      | 335/540 [01:46<01:33,  2.18it/s]
 62%|████████████████████████████████████▋                      | 336/540 [01:47<01:15,  2.69it/s]
 62%|████████████████████████████████████▊                      | 337/540 [01:47<01:02,  3.23it/s]
 63%|████████████████████████████████████▉                      | 338/540 [01:47<00:53,  3.78it/s]
 63%|█████████████████████████████████████                      | 339/540 [01:47<00:46,  4.29it/s]
 63%|█████████████████████████████████████▏                     | 340/540 [01:47<00:42,  4.76it/s]
 63%|█████████████████████████████████████▎                     | 341/540 [01:47<00:38,  5.14it/s]
 63%|█████████████████████████████████████▎                     | 342/540 [01:48<00:36,  5.46it/s]
 64%|█████████████████████████████████████▍                     | 343/540 [01:48<00:34,  5.71it/s]
 64%|█████████████████████████████████████▌                     | 344/540 [01:48<00:33,  5.89it/s]
 64%|█████████████████████████████████████▋                     | 345/540 [01:48<00:32,  6.05it/s]
 64%|█████████████████████████████████████▊                     | 346/540 [01:48<00:32,  6.01it/s]
 64%|█████████████████████████████████████▉                     | 347/540 [01:48<00:31,  6.12it/s]
 64%|██████████████████████████████████████                     | 348/540 [01:49<00:30,  6.20it/s]
 65%|██████████████████████████████████████▏                    | 349/540 [01:49<00:30,  6.24it/s]
 65%|██████████████████████████████████████▏                    | 350/540 [01:49<00:30,  6.31it/s]
                                                                                                  

 65%|██████████████████████████████████████▏                    | 350/540 [01:49<00:30,  6.31it/s]
 65%|██████████████████████████████████████▎                    | 351/540 [01:49<00:29,  6.34it/s]
 65%|██████████████████████████████████████▍                    | 352/540 [01:49<00:29,  6.33it/s]
 65%|██████████████████████████████████████▌                    | 353/540 [01:49<00:29,  6.35it/s]
 66%|██████████████████████████████████████▋                    | 354/540 [01:49<00:29,  6.36it/s]
 66%|██████████████████████████████████████▊                    | 355/540 [01:50<00:29,  6.35it/s]
 66%|██████████████████████████████████████▉                    | 356/540 [01:50<00:28,  6.35it/s]
 66%|███████████████████████████████████████                    | 357/540 [01:50<00:28,  6.34it/s]
 66%|███████████████████████████████████████                    | 358/540 [01:50<00:28,  6.33it/s]
 66%|███████████████████████████████████████▏                   | 359/540 [01:50<00:28,  6.35it/s]{'loss': '0.0786', 'grad_norm': '1.24', 'learning_rate': '1.882e-05', 'epoch': '11.68'}


Writing model shards:   0%|                                                 | 0/1 [00:00<?, ?it/s][A

Writing model shards: 100%|█████████████████████████████████████████| 1/1 [00:01<00:00,  1.21s/it][A
Writing model shards: 100%|█████████████████████████████████████████| 1/1 [00:01<00:00,  1.21s/it]

 67%|███████████████████████████████████████▍                   | 361/540 [01:59<06:11,  2.07s/it]
 67%|███████████████████████████████████████▌                   | 362/540 [01:59<04:44,  1.60s/it]
 67%|███████████████████████████████████████▋                   | 363/540 [01:59<03:36,  1.22s/it]
 67%|███████████████████████████████████████▊                   | 364/540 [01:59<02:44,  1.07it/s]
 68%|███████████████████████████████████████▉                   | 365/540 [01:59<02:05,  1.40it/s]
 68%|███████████████████████████████████████▉                   | 366/540 [02:00<01:36,  1.80it/s]
 68%|████████████████████████████████████████                   | 367/540 [02:00<01:16,  2.26it/s]
 68%|████████████████████████████████████████▏                  | 368/540 [02:00<01:01,  2.78it/s]
 68%|████████████████████████████████████████▎                  | 369/540 [02:00<00:51,  3.32it/s]
 69%|████████████████████████████████████████▍                  | 370/540 [02:00<00:44,  3.86it/s]
 69%|████████████████████████████████████████▌                  | 371/540 [02:00<00:38,  4.36it/s]
 69%|████████████████████████████████████████▋                  | 372/540 [02:01<00:35,  4.78it/s]
 69%|████████████████████████████████████████▊                  | 373/540 [02:01<00:32,  5.16it/s]
 69%|████████████████████████████████████████▊                  | 374/540 [02:01<00:30,  5.43it/s]
 69%|████████████████████████████████████████▉                  | 375/540 [02:01<00:29,  5.63it/s]
                                                                                                  

 69%|████████████████████████████████████████▉                  | 375/540 [02:01<00:29,  5.63it/s]
 70%|█████████████████████████████████████████                  | 376/540 [02:01<00:30,  5.43it/s]
 70%|█████████████████████████████████████████▏                 | 377/540 [02:01<00:28,  5.67it/s]
 70%|█████████████████████████████████████████▎                 | 378/540 [02:02<00:27,  5.82it/s]
 70%|█████████████████████████████████████████▍                 | 379/540 [02:02<00:27,  5.93it/s]
 70%|█████████████████████████████████████████▌                 | 380/540 [02:02<00:26,  6.00it/s]
 71%|█████████████████████████████████████████▋                 | 381/540 [02:02<00:26,  6.08it/s]
 71%|█████████████████████████████████████████▋                 | 382/540 [02:02<00:25,  6.15it/s]
 71%|█████████████████████████████████████████▊                 | 383/540 [02:02<00:25,  6.19it/s]
 71%|█████████████████████████████████████████▉                 | 384/540 [02:03<00:25,  6.24it/s]
 71%|██████████████████████████████████████████                 | 385/540 [02:03<00:24,  6.24it/s]
 71%|██████████████████████████████████████████▏                | 386/540 [02:03<00:24,  6.28it/s]
 72%|██████████████████████████████████████████▎                | 387/540 [02:03<00:24,  6.32it/s]
 72%|██████████████████████████████████████████▍                | 388/540 [02:03<00:24,  6.28it/s]
 72%|██████████████████████████████████████████▌                | 389/540 [02:03<00:23,  6.30it/s]{'loss': '0.04678', 'grad_norm': '1.167', 'learning_rate': '1.637e-05', 'epoch': '12.51'}


Writing model shards:   0%|                                                 | 0/1 [00:00<?, ?it/s][A

Writing model shards: 100%|█████████████████████████████████████████| 1/1 [00:01<00:00,  1.34s/it][A
Writing model shards: 100%|█████████████████████████████████████████| 1/1 [00:01<00:00,  1.34s/it]

 72%|██████████████████████████████████████████▋                | 391/540 [02:09<03:17,  1.33s/it]
 73%|██████████████████████████████████████████▊                | 392/540 [02:09<02:33,  1.04s/it]
 73%|██████████████████████████████████████████▉                | 393/540 [02:09<01:58,  1.24it/s]
 73%|███████████████████████████████████████████                | 394/540 [02:09<01:32,  1.59it/s]
 73%|███████████████████████████████████████████▏               | 395/540 [02:09<01:12,  2.01it/s]
 73%|███████████████████████████████████████████▎               | 396/540 [02:10<00:57,  2.49it/s]
 74%|███████████████████████████████████████████▍               | 397/540 [02:10<00:47,  3.02it/s]
 74%|███████████████████████████████████████████▍               | 398/540 [02:10<00:39,  3.57it/s]
 74%|███████████████████████████████████████████▌               | 399/540 [02:10<00:34,  4.10it/s]
 74%|███████████████████████████████████████████▋               | 400/540 [02:10<00:30,  4.58it/s]
                                                                                                  

 74%|███████████████████████████████████████████▋               | 400/540 [02:10<00:30,  4.58it/s]
 74%|███████████████████████████████████████████▊               | 401/540 [02:10<00:27,  4.97it/s]
 74%|███████████████████████████████████████████▉               | 402/540 [02:10<00:25,  5.32it/s]
 75%|████████████████████████████████████████████               | 403/540 [02:11<00:24,  5.60it/s]
 75%|████████████████████████████████████████████▏              | 404/540 [02:11<00:25,  5.35it/s]
 75%|████████████████████████████████████████████▎              | 405/540 [02:11<00:24,  5.61it/s]
 75%|████████████████████████████████████████████▎              | 406/540 [02:11<00:23,  5.81it/s]
 75%|████████████████████████████████████████████▍              | 407/540 [02:11<00:22,  5.98it/s]
 76%|████████████████████████████████████████████▌              | 408/540 [02:11<00:21,  6.07it/s]
 76%|████████████████████████████████████████████▋              | 409/540 [02:12<00:21,  6.17it/s]
 76%|████████████████████████████████████████████▊              | 410/540 [02:12<00:20,  6.21it/s]
 76%|████████████████████████████████████████████▉              | 411/540 [02:12<00:20,  6.26it/s]
 76%|█████████████████████████████████████████████              | 412/540 [02:12<00:20,  6.30it/s]
 76%|█████████████████████████████████████████████              | 413/540 [02:12<00:20,  6.33it/s]
 77%|█████████████████████████████████████████████▏             | 414/540 [02:12<00:19,  6.35it/s]
 77%|█████████████████████████████████████████████▎             | 415/540 [02:13<00:19,  6.36it/s]
 77%|█████████████████████████████████████████████▍             | 416/540 [02:13<00:19,  6.34it/s]
 77%|█████████████████████████████████████████████▌             | 417/540 [02:13<00:19,  6.35it/s]
 77%|█████████████████████████████████████████████▋             | 418/540 [02:13<00:19,  6.37it/s]
 78%|█████████████████████████████████████████████▊             | 419/540 [02:13<00:19,  6.28it/s]{'loss': '0.04401', 'grad_norm': '1.793', 'learning_rate': '1.392e-05', 'epoch': '13.34'}


Writing model shards:   0%|                                                 | 0/1 [00:00<?, ?it/s][A

Writing model shards: 100%|█████████████████████████████████████████| 1/1 [00:01<00:00,  1.66s/it][A
Writing model shards: 100%|█████████████████████████████████████████| 1/1 [00:01<00:00,  1.66s/it]

 78%|█████████████████████████████████████████████▉             | 421/540 [02:21<03:55,  1.98s/it]
 78%|██████████████████████████████████████████████             | 422/540 [02:22<02:59,  1.53s/it]
 78%|██████████████████████████████████████████████▏            | 423/540 [02:22<02:16,  1.17s/it]
 79%|██████████████████████████████████████████████▎            | 424/540 [02:22<01:43,  1.12it/s]
 79%|██████████████████████████████████████████████▍            | 425/540 [02:22<01:18,  1.46it/s]
                                                                                                  

 79%|██████████████████████████████████████████████▍            | 425/540 [02:22<01:18,  1.46it/s]
 79%|██████████████████████████████████████████████▌            | 426/540 [02:22<01:01,  1.87it/s]
 79%|██████████████████████████████████████████████▋            | 427/540 [02:22<00:48,  2.35it/s]
 79%|██████████████████████████████████████████████▊            | 428/540 [02:23<00:38,  2.88it/s]
 79%|██████████████████████████████████████████████▊            | 429/540 [02:23<00:32,  3.44it/s]
 80%|██████████████████████████████████████████████▉            | 430/540 [02:23<00:27,  3.98it/s]
 80%|███████████████████████████████████████████████            | 431/540 [02:23<00:24,  4.49it/s]
 80%|███████████████████████████████████████████████▏           | 432/540 [02:23<00:22,  4.91it/s]
 80%|███████████████████████████████████████████████▎           | 433/540 [02:23<00:20,  5.27it/s]
 80%|███████████████████████████████████████████████▍           | 434/540 [02:23<00:19,  5.56it/s]
 81%|███████████████████████████████████████████████▌           | 435/540 [02:24<00:18,  5.77it/s]
 81%|███████████████████████████████████████████████▋           | 436/540 [02:24<00:17,  5.94it/s]
 81%|███████████████████████████████████████████████▋           | 437/540 [02:24<00:16,  6.07it/s]
 81%|███████████████████████████████████████████████▊           | 438/540 [02:24<00:16,  6.13it/s]
 81%|███████████████████████████████████████████████▉           | 439/540 [02:24<00:16,  6.21it/s]
 81%|████████████████████████████████████████████████           | 440/540 [02:24<00:16,  6.24it/s]
 82%|████████████████████████████████████████████████▏          | 441/540 [02:25<00:15,  6.26it/s]
 82%|████████████████████████████████████████████████▎          | 442/540 [02:25<00:15,  6.30it/s]
 82%|████████████████████████████████████████████████▍          | 443/540 [02:25<00:15,  6.33it/s]
 82%|████████████████████████████████████████████████▌          | 444/540 [02:25<00:15,  6.35it/s]
 82%|████████████████████████████████████████████████▌          | 445/540 [02:25<00:15,  6.24it/s]
 83%|████████████████████████████████████████████████▋          | 446/540 [02:25<00:14,  6.28it/s]
 83%|████████████████████████████████████████████████▊          | 447/540 [02:26<00:14,  6.32it/s]
 83%|████████████████████████████████████████████████▉          | 448/540 [02:26<00:14,  6.35it/s]
 83%|█████████████████████████████████████████████████          | 449/540 [02:26<00:14,  6.35it/s]
                                                                                                  

 83%|█████████████████████████████████████████████████▏         | 450/540 [02:26<00:14,  6.35it/s]{'loss': '0.03106', 'grad_norm': '1.761', 'learning_rate': '1.147e-05', 'epoch': '14.17'}
{'loss': '0.03197', 'grad_norm': '0.3349', 'learning_rate': '9.02e-06', 'epoch': '15'}


Writing model shards:   0%|                                                 | 0/1 [00:00<?, ?it/s][A

Writing model shards: 100%|█████████████████████████████████████████| 1/1 [00:01<00:00,  1.24s/it][A
Writing model shards: 100%|█████████████████████████████████████████| 1/1 [00:01<00:00,  1.24s/it]

 84%|█████████████████████████████████████████████████▎         | 451/540 [02:34<03:02,  2.05s/it]
 84%|█████████████████████████████████████████████████▍         | 452/540 [02:34<02:19,  1.58s/it]
 84%|█████████████████████████████████████████████████▍         | 453/540 [02:35<01:45,  1.21s/it]
 84%|█████████████████████████████████████████████████▌         | 454/540 [02:35<01:19,  1.08it/s]
 84%|█████████████████████████████████████████████████▋         | 455/540 [02:35<01:00,  1.41it/s]
 84%|█████████████████████████████████████████████████▊         | 456/540 [02:35<00:46,  1.81it/s]
 85%|█████████████████████████████████████████████████▉         | 457/540 [02:35<00:36,  2.29it/s]
 85%|██████████████████████████████████████████████████         | 458/540 [02:35<00:29,  2.82it/s]
 85%|██████████████████████████████████████████████████▏        | 459/540 [02:36<00:24,  3.37it/s]
 85%|██████████████████████████████████████████████████▎        | 460/540 [02:36<00:20,  3.92it/s]
 85%|██████████████████████████████████████████████████▎        | 461/540 [02:36<00:17,  4.44it/s]
 86%|██████████████████████████████████████████████████▍        | 462/540 [02:36<00:16,  4.87it/s]
 86%|██████████████████████████████████████████████████▌        | 463/540 [02:36<00:14,  5.25it/s]
 86%|██████████████████████████████████████████████████▋        | 464/540 [02:36<00:13,  5.55it/s]
 86%|██████████████████████████████████████████████████▊        | 465/540 [02:37<00:13,  5.76it/s]
 86%|██████████████████████████████████████████████████▉        | 466/540 [02:37<00:12,  5.93it/s]
 86%|███████████████████████████████████████████████████        | 467/540 [02:37<00:12,  6.07it/s]
 87%|███████████████████████████████████████████████████▏       | 468/540 [02:37<00:11,  6.15it/s]
 87%|███████████████████████████████████████████████████▏       | 469/540 [02:37<00:11,  6.23it/s]
 87%|███████████████████████████████████████████████████▎       | 470/540 [02:37<00:11,  6.29it/s]
 87%|███████████████████████████████████████████████████▍       | 471/540 [02:37<00:10,  6.30it/s]
 87%|███████████████████████████████████████████████████▌       | 472/540 [02:38<00:10,  6.36it/s]
 88%|███████████████████████████████████████████████████▋       | 473/540 [02:38<00:10,  6.38it/s]
 88%|███████████████████████████████████████████████████▊       | 474/540 [02:38<00:10,  6.38it/s]
 88%|███████████████████████████████████████████████████▉       | 475/540 [02:38<00:10,  6.39it/s]
                                                                                                  

 88%|███████████████████████████████████████████████████▉       | 475/540 [02:38<00:10,  6.39it/s]
 88%|████████████████████████████████████████████████████       | 476/540 [02:38<00:10,  6.40it/s]
 88%|████████████████████████████████████████████████████       | 477/540 [02:38<00:09,  6.37it/s]
 89%|████████████████████████████████████████████████████▏      | 478/540 [02:39<00:09,  6.39it/s]
 89%|████████████████████████████████████████████████████▎      | 479/540 [02:39<00:09,  6.40it/s]{'loss': '0.02611', 'grad_norm': '0.9692', 'learning_rate': '6.569e-06', 'epoch': '15.85'}


Writing model shards:   0%|                                                 | 0/1 [00:00<?, ?it/s][A

Writing model shards: 100%|█████████████████████████████████████████| 1/1 [00:01<00:00,  1.32s/it][A
Writing model shards: 100%|█████████████████████████████████████████| 1/1 [00:01<00:00,  1.32s/it]

 89%|████████████████████████████████████████████████████▌      | 481/540 [02:43<01:08,  1.16s/it]
 89%|████████████████████████████████████████████████████▋      | 482/540 [02:44<00:52,  1.10it/s]
 89%|████████████████████████████████████████████████████▊      | 483/540 [02:44<00:40,  1.40it/s]
 90%|████████████████████████████████████████████████████▉      | 484/540 [02:44<00:31,  1.78it/s]
 90%|████████████████████████████████████████████████████▉      | 485/540 [02:44<00:24,  2.23it/s]
 90%|█████████████████████████████████████████████████████      | 486/540 [02:44<00:19,  2.74it/s]
 90%|█████████████████████████████████████████████████████▏     | 487/540 [02:44<00:16,  3.28it/s]
 90%|█████████████████████████████████████████████████████▎     | 488/540 [02:44<00:13,  3.83it/s]
 91%|█████████████████████████████████████████████████████▍     | 489/540 [02:45<00:11,  4.35it/s]
 91%|█████████████████████████████████████████████████████▌     | 490/540 [02:45<00:10,  4.81it/s]
 91%|█████████████████████████████████████████████████████▋     | 491/540 [02:45<00:09,  5.18it/s]
 91%|█████████████████████████████████████████████████████▊     | 492/540 [02:45<00:08,  5.50it/s]
 91%|█████████████████████████████████████████████████████▊     | 493/540 [02:45<00:08,  5.70it/s]
 91%|█████████████████████████████████████████████████████▉     | 494/540 [02:45<00:07,  5.88it/s]
 92%|██████████████████████████████████████████████████████     | 495/540 [02:46<00:07,  6.04it/s]
 92%|██████████████████████████████████████████████████████▏    | 496/540 [02:46<00:07,  6.15it/s]
 92%|██████████████████████████████████████████████████████▎    | 497/540 [02:46<00:06,  6.22it/s]
 92%|██████████████████████████████████████████████████████▍    | 498/540 [02:46<00:06,  6.28it/s]
 92%|██████████████████████████████████████████████████████▌    | 499/540 [02:46<00:06,  6.30it/s]
 93%|██████████████████████████████████████████████████████▋    | 500/540 [02:46<00:06,  6.31it/s]
                                                                                                  

 93%|██████████████████████████████████████████████████████▋    | 500/540 [02:46<00:06,  6.31it/s]
 93%|██████████████████████████████████████████████████████▋    | 501/540 [02:47<00:06,  6.35it/s]
 93%|██████████████████████████████████████████████████████▊    | 502/540 [02:47<00:05,  6.38it/s]
 93%|██████████████████████████████████████████████████████▉    | 503/540 [02:47<00:05,  6.38it/s]
 93%|███████████████████████████████████████████████████████    | 504/540 [02:47<00:05,  6.40it/s]
 94%|███████████████████████████████████████████████████████▏   | 505/540 [02:47<00:05,  6.39it/s]
 94%|███████████████████████████████████████████████████████▎   | 506/540 [02:47<00:05,  6.39it/s]
 94%|███████████████████████████████████████████████████████▍   | 507/540 [02:47<00:05,  6.41it/s]
 94%|███████████████████████████████████████████████████████▌   | 508/540 [02:48<00:04,  6.40it/s]
 94%|███████████████████████████████████████████████████████▌   | 509/540 [02:48<00:04,  6.41it/s]{'loss': '0.0232', 'grad_norm': '1.88', 'learning_rate': '4.118e-06', 'epoch': '16.68'}


Writing model shards:   0%|                                                 | 0/1 [00:00<?, ?it/s][A

Writing model shards: 100%|█████████████████████████████████████████| 1/1 [00:01<00:00,  1.30s/it][A
Writing model shards: 100%|█████████████████████████████████████████| 1/1 [00:01<00:00,  1.30s/it]

 95%|███████████████████████████████████████████████████████▊   | 511/540 [02:53<00:34,  1.19s/it]
 95%|███████████████████████████████████████████████████████▉   | 512/540 [02:53<00:26,  1.07it/s]
 95%|████████████████████████████████████████████████████████   | 513/540 [02:53<00:19,  1.37it/s]
 95%|████████████████████████████████████████████████████████▏  | 514/540 [02:53<00:14,  1.74it/s]
 95%|████████████████████████████████████████████████████████▎  | 515/540 [02:53<00:11,  2.19it/s]
 96%|████████████████████████████████████████████████████████▍  | 516/540 [02:53<00:08,  2.68it/s]
 96%|████████████████████████████████████████████████████████▍  | 517/540 [02:53<00:07,  3.23it/s]
 96%|████████████████████████████████████████████████████████▌  | 518/540 [02:54<00:05,  3.78it/s]
 96%|████████████████████████████████████████████████████████▋  | 519/540 [02:54<00:04,  4.28it/s]
 96%|████████████████████████████████████████████████████████▊  | 520/540 [02:54<00:04,  4.75it/s]
 96%|████████████████████████████████████████████████████████▉  | 521/540 [02:54<00:03,  5.14it/s]
 97%|█████████████████████████████████████████████████████████  | 522/540 [02:54<00:03,  5.46it/s]
 97%|█████████████████████████████████████████████████████████▏ | 523/540 [02:54<00:02,  5.73it/s]
 97%|█████████████████████████████████████████████████████████▎ | 524/540 [02:55<00:02,  5.91it/s]
 97%|█████████████████████████████████████████████████████████▎ | 525/540 [02:55<00:02,  6.03it/s]
                                                                                                  

 97%|█████████████████████████████████████████████████████████▎ | 525/540 [02:55<00:02,  6.03it/s]
 97%|█████████████████████████████████████████████████████████▍ | 526/540 [02:55<00:02,  6.14it/s]
 98%|█████████████████████████████████████████████████████████▌ | 527/540 [02:55<00:02,  6.21it/s]
 98%|█████████████████████████████████████████████████████████▋ | 528/540 [02:55<00:01,  6.26it/s]
 98%|█████████████████████████████████████████████████████████▊ | 529/540 [02:55<00:01,  6.31it/s]
 98%|█████████████████████████████████████████████████████████▉ | 530/540 [02:56<00:01,  6.33it/s]
 98%|██████████████████████████████████████████████████████████ | 531/540 [02:56<00:01,  6.33it/s]
 99%|██████████████████████████████████████████████████████████▏| 532/540 [02:56<00:01,  6.37it/s]
 99%|██████████████████████████████████████████████████████████▏| 533/540 [02:56<00:01,  6.36it/s]
 99%|██████████████████████████████████████████████████████████▎| 534/540 [02:56<00:00,  6.36it/s]
 99%|██████████████████████████████████████████████████████████▍| 535/540 [02:56<00:00,  6.37it/s]
 99%|██████████████████████████████████████████████████████████▌| 536/540 [02:56<00:00,  6.39it/s]
 99%|██████████████████████████████████████████████████████████▋| 537/540 [02:57<00:00,  6.40it/s]
100%|██████████████████████████████████████████████████████████▊| 538/540 [02:57<00:00,  6.40it/s]
100%|██████████████████████████████████████████████████████████▉| 539/540 [02:57<00:00,  6.37it/s]{'loss': '0.04459', 'grad_norm': '1.228', 'learning_rate': '1.667e-06', 'epoch': '17.51'}


Writing model shards:   0%|                                                 | 0/1 [00:00<?, ?it/s][A

Writing model shards: 100%|█████████████████████████████████████████| 1/1 [00:01<00:00,  1.25s/it][A
Writing model shards: 100%|█████████████████████████████████████████| 1/1 [00:01<00:00,  1.25s/it]

                                                                                                  

100%|███████████████████████████████████████████████████████████| 540/540 [03:01<00:00,  6.37it/s]
100%|███████████████████████████████████████████████████████████| 540/540 [03:01<00:00,  2.97it/s]
{'train_runtime': '181.8', 'train_samples_per_second': '46.05', 'train_steps_per_second': '2.971', 'train_loss': '0.3647', 'epoch': '18'}

  0%|                                                                       | 0/9 [00:00<?, ?it/s]
 67%|██████████████████████████████████████████                     | 6/9 [00:00<00:00, 52.15it/s]
100%|███████████████████████████████████████████████████████████████| 9/9 [00:00<00:00, 48.72it/s]

Writing model shards:   0%|                                                 | 0/1 [00:00<?, ?it/s]
Writing model shards: 100%|█████████████████████████████████████████| 1/1 [00:01<00:00,  1.28s/it]
Writing model shards: 100%|█████████████████████████████████████████| 1/1 [00:01<00:00,  1.28s/it]

Loading weights:   0%|                                                    | 0/388 [00:00<?, ?it/s]
Loading weights:  63%|█████████████████████████▎              | 246/388 [00:00<00:00, 2441.00it/s]
Loading weights: 100%|████████████████████████████████████████| 388/388 [00:00<00:00, 2407.74it/s]

Loading weights:   0%|                                                    | 0/388 [00:00<?, ?it/s]
Loading weights:  92%|████████████████████████████████████▉   | 358/388 [00:00<00:00, 3579.30it/s]
Loading weights: 100%|████████████████████████████████████████| 388/388 [00:00<00:00, 3619.51it/s]

Loading weights:   0%|                                                    | 0/388 [00:00<?, ?it/s]
Loading weights:  24%|██████████▏                               | 94/388 [00:00<00:00, 931.46it/s]
Loading weights:  52%|████████████████████▊                   | 202/388 [00:00<00:00, 1018.47it/s]
Loading weights:  78%|████████████████████████████████         | 304/388 [00:00<00:00, 892.23it/s]
Loading weights: 100%|█████████████████████████████████████████| 388/388 [00:00<00:00, 887.63it/s]

Loading weights:   0%|                                                    | 0/388 [00:00<?, ?it/s]
Loading weights:  29%|███████████▊                            | 114/388 [00:00<00:00, 1132.20it/s]
Loading weights:  62%|████████████████████████▉               | 242/388 [00:00<00:00, 1214.61it/s]
Loading weights:  94%|█████████████████████████████████████▌  | 364/388 [00:00<00:00, 1179.33it/s]
Loading weights: 100%|████████████████████████████████████████| 388/388 [00:00<00:00, 1187.51it/s]

Loading weights:   0%|                                                    | 0/773 [00:00<?, ?it/s]
Loading weights: 100%|███████████████████████████████████████| 773/773 [00:00<00:00, 29717.66it/s]
[RANK 0] Detected kernel version 5.4.0, which is below the recommended minimum of 5.5.0; this can cause the process to hang. It is recommended to upgrade the kernel to the minimum version or higher.

  0%|                                                                     | 0/360 [00:00<?, ?it/s]
  0%|▏                                                            | 1/360 [00:00<05:42,  1.05it/s]
  1%|▎                                                            | 2/360 [00:01<05:54,  1.01it/s]
  1%|▌                                                            | 3/360 [00:02<05:34,  1.07it/s]
  1%|▋                                                            | 4/360 [00:03<05:37,  1.06it/s]
  1%|▊                                                            | 5/360 [00:04<05:38,  1.05it/s]
  2%|█                                                            | 6/360 [00:05<05:39,  1.04it/s]
  2%|█▏                                                           | 7/360 [00:06<05:38,  1.04it/s]
  2%|█▎                                                           | 8/360 [00:07<05:37,  1.04it/s]
  2%|█▌                                                           | 9/360 [00:08<05:37,  1.04it/s]
  3%|█▋                                                          | 10/360 [00:09<05:36,  1.04it/s]
  3%|█▊                                                          | 11/360 [00:10<05:34,  1.04it/s]
  3%|██                                                          | 12/360 [00:11<05:33,  1.04it/s]
  4%|██▏                                                         | 13/360 [00:12<05:32,  1.04it/s]
  4%|██▎                                                         | 14/360 [00:13<05:32,  1.04it/s]
  4%|██▌                                                         | 15/360 [00:14<05:32,  1.04it/s]
  4%|██▋                                                         | 16/360 [00:15<05:31,  1.04it/s]
  5%|██▊                                                         | 17/360 [00:16<05:29,  1.04it/s]
  5%|███                                                         | 18/360 [00:17<05:28,  1.04it/s]
  5%|███▏                                                        | 19/360 [00:18<05:27,  1.04it/s]
  6%|███▎                                                        | 20/360 [00:19<05:57,  1.05s/it]
  6%|███▌                                                        | 21/360 [00:20<05:48,  1.03s/it]
  6%|███▋                                                        | 22/360 [00:21<05:42,  1.01s/it]
  6%|███▊                                                        | 23/360 [00:22<05:38,  1.00s/it]
  7%|████                                                        | 24/360 [00:23<05:35,  1.00it/s]
  7%|████▏                                                       | 25/360 [00:24<05:31,  1.01it/s]
                                                                                                  

  7%|████▏                                                       | 25/360 [00:24<05:31,  1.01it/s]
  7%|████▎                                                       | 26/360 [00:25<05:28,  1.02it/s]
  8%|████▌                                                       | 27/360 [00:26<05:26,  1.02it/s]
  8%|████▋                                                       | 28/360 [00:27<05:24,  1.02it/s]
  8%|████▊                                                       | 29/360 [00:28<05:23,  1.02it/s]
  8%|█████                                                       | 30/360 [00:28<04:17,  1.28it/s]{'loss': '2.758', 'grad_norm': '4.101', 'learning_rate': '3.833e-05', 'epoch': '0.8547'}


Writing model shards:   0%|                                                 | 0/1 [00:00<?, ?it/s][A

Writing model shards: 100%|█████████████████████████████████████████| 1/1 [00:09<00:00,  9.54s/it][A
Writing model shards: 100%|█████████████████████████████████████████| 1/1 [00:09<00:00,  9.54s/it]

  9%|█████▏                                                      | 31/360 [00:52<41:55,  7.65s/it]
  9%|█████▎                                                      | 32/360 [00:53<30:53,  5.65s/it]
  9%|█████▌                                                      | 33/360 [00:54<23:08,  4.25s/it]
  9%|█████▋                                                      | 34/360 [00:55<17:43,  3.26s/it]
 10%|█████▊                                                      | 35/360 [00:56<13:56,  2.57s/it]
 10%|██████                                                      | 36/360 [00:57<11:18,  2.09s/it]
 10%|██████▏                                                     | 37/360 [00:58<09:27,  1.76s/it]
 11%|██████▎                                                     | 38/360 [00:59<08:11,  1.53s/it]
 11%|██████▌                                                     | 39/360 [01:00<07:16,  1.36s/it]
 11%|██████▋                                                     | 40/360 [01:01<06:39,  1.25s/it]
 11%|██████▊                                                     | 41/360 [01:02<06:39,  1.25s/it]
 12%|███████                                                     | 42/360 [01:03<06:12,  1.17s/it]
 12%|███████▏                                                    | 43/360 [01:04<05:51,  1.11s/it]
 12%|███████▎                                                    | 44/360 [01:05<05:37,  1.07s/it]
 12%|███████▌                                                    | 45/360 [01:06<05:28,  1.04s/it]
 13%|███████▋                                                    | 46/360 [01:07<05:21,  1.03s/it]
 13%|███████▊                                                    | 47/360 [01:08<05:17,  1.01s/it]
 13%|████████                                                    | 48/360 [01:09<05:13,  1.01s/it]
 14%|████████▏                                                   | 49/360 [01:10<05:11,  1.00s/it]
 14%|████████▎                                                   | 50/360 [01:11<05:07,  1.01it/s]
                                                                                                  

 14%|████████▎                                                   | 50/360 [01:11<05:07,  1.01it/s]
 14%|████████▌                                                   | 51/360 [01:12<05:06,  1.01it/s]
 14%|████████▋                                                   | 52/360 [01:13<05:08,  1.00s/it]
 15%|████████▊                                                   | 53/360 [01:14<05:05,  1.00it/s]
 15%|█████████                                                   | 54/360 [01:15<05:02,  1.01it/s]
 15%|█████████▏                                                  | 55/360 [01:16<05:03,  1.00it/s]
 16%|█████████▎                                                  | 56/360 [01:17<05:00,  1.01it/s]
 16%|█████████▌                                                  | 57/360 [01:18<05:06,  1.01s/it]
 16%|█████████▋                                                  | 58/360 [01:19<05:11,  1.03s/it]
 16%|█████████▊                                                  | 59/360 [01:20<05:16,  1.05s/it]
 17%|██████████                                                  | 60/360 [01:20<04:13,  1.18it/s]{'loss': '1.325', 'grad_norm': '3.918', 'learning_rate': '4.742e-05', 'epoch': '1.684'}


Writing model shards:   0%|                                                 | 0/1 [00:00<?, ?it/s][A

Writing model shards: 100%|█████████████████████████████████████████| 1/1 [00:09<00:00,  9.16s/it][A
Writing model shards: 100%|█████████████████████████████████████████| 1/1 [00:09<00:00,  9.16s/it]

 17%|██████████▏                                                 | 61/360 [01:44<38:44,  7.77s/it]
 17%|██████████▎                                                 | 62/360 [01:45<28:28,  5.73s/it]
 18%|██████████▌                                                 | 63/360 [01:46<21:18,  4.31s/it]
 18%|██████████▋                                                 | 64/360 [01:47<16:17,  3.30s/it]
 18%|██████████▊                                                 | 65/360 [01:48<12:47,  2.60s/it]
 18%|███████████                                                 | 66/360 [01:49<10:22,  2.12s/it]
 19%|███████████▏                                                | 67/360 [01:50<08:38,  1.77s/it]
 19%|███████████▎                                                | 68/360 [01:51<07:25,  1.53s/it]
 19%|███████████▌                                                | 69/360 [01:52<06:34,  1.36s/it]
 19%|███████████▋                                                | 70/360 [01:53<05:58,  1.24s/it]
 20%|███████████▊                                                | 71/360 [01:54<05:33,  1.15s/it]
 20%|████████████                                                | 72/360 [01:55<05:15,  1.10s/it]
 20%|████████████▏                                               | 73/360 [01:56<05:02,  1.05s/it]
 21%|████████████▎                                               | 74/360 [01:57<04:53,  1.03s/it]
 21%|████████████▌                                               | 75/360 [01:58<04:47,  1.01s/it]
                                                                                                  

 21%|████████████▌                                               | 75/360 [01:58<04:47,  1.01s/it]
 21%|████████████▋                                               | 76/360 [01:59<04:42,  1.01it/s]
 21%|████████████▊                                               | 77/360 [02:00<04:38,  1.02it/s]
 22%|█████████████                                               | 78/360 [02:01<04:36,  1.02it/s]
 22%|█████████████▏                                              | 79/360 [02:01<04:34,  1.02it/s]
 22%|█████████████▎                                              | 80/360 [02:02<04:31,  1.03it/s]
 22%|█████████████▌                                              | 81/360 [02:03<04:29,  1.03it/s]
 23%|█████████████▋                                              | 82/360 [02:05<04:53,  1.06s/it]
 23%|█████████████▊                                              | 83/360 [02:06<04:47,  1.04s/it]
 23%|██████████████                                              | 84/360 [02:07<04:41,  1.02s/it]
 24%|██████████████▏                                             | 85/360 [02:08<04:39,  1.01s/it]
 24%|██████████████▎                                             | 86/360 [02:09<04:34,  1.00s/it]
 24%|██████████████▌                                             | 87/360 [02:10<04:31,  1.01it/s]
 24%|██████████████▋                                             | 88/360 [02:11<04:28,  1.01it/s]
 25%|██████████████▊                                             | 89/360 [02:12<04:26,  1.02it/s]
 25%|███████████████                                             | 90/360 [02:12<03:33,  1.27it/s]{'loss': '0.9375', 'grad_norm': '4.385', 'learning_rate': '4.364e-05', 'epoch': '2.513'}


Writing model shards:   0%|                                                 | 0/1 [00:00<?, ?it/s][A

Writing model shards: 100%|█████████████████████████████████████████| 1/1 [00:09<00:00,  9.63s/it][A
Writing model shards: 100%|█████████████████████████████████████████| 1/1 [00:09<00:00,  9.63s/it]

 25%|███████████████▏                                            | 91/360 [02:37<36:12,  8.08s/it]
 26%|███████████████▎                                            | 92/360 [02:38<26:35,  5.95s/it]
 26%|███████████████▌                                            | 93/360 [02:39<19:50,  4.46s/it]
 26%|███████████████▋                                            | 94/360 [02:40<15:08,  3.41s/it]
 26%|███████████████▊                                            | 95/360 [02:41<11:52,  2.69s/it]
 27%|████████████████                                            | 96/360 [02:42<09:34,  2.17s/it]
 27%|████████████████▏                                           | 97/360 [02:43<07:57,  1.81s/it]
 27%|████████████████▎                                           | 98/360 [02:44<06:49,  1.56s/it]
 28%|████████████████▌                                           | 99/360 [02:45<06:02,  1.39s/it]
 28%|████████████████▍                                          | 100/360 [02:46<05:28,  1.26s/it]
                                                                                                  

 28%|████████████████▍                                          | 100/360 [02:46<05:28,  1.26s/it]
 28%|████████████████▌                                          | 101/360 [02:47<05:04,  1.18s/it]
 28%|████████████████▋                                          | 102/360 [02:48<05:10,  1.20s/it]
 29%|████████████████▉                                          | 103/360 [02:49<04:51,  1.13s/it]
 29%|█████████████████                                          | 104/360 [02:50<04:37,  1.09s/it]
 29%|█████████████████▏                                         | 105/360 [02:51<04:28,  1.05s/it]
 29%|█████████████████▎                                         | 106/360 [02:52<04:21,  1.03s/it]
 30%|█████████████████▌                                         | 107/360 [02:53<04:16,  1.01s/it]
 30%|█████████████████▋                                         | 108/360 [02:54<04:12,  1.00s/it]
 30%|█████████████████▊                                         | 109/360 [02:55<04:09,  1.01it/s]
 31%|██████████████████                                         | 110/360 [02:56<04:06,  1.01it/s]
 31%|██████████████████▏                                        | 111/360 [02:57<04:04,  1.02it/s]
 31%|██████████████████▎                                        | 112/360 [02:58<04:02,  1.02it/s]
 31%|██████████████████▌                                        | 113/360 [02:59<04:02,  1.02it/s]
 32%|██████████████████▋                                        | 114/360 [03:00<04:00,  1.02it/s]
 32%|██████████████████▊                                        | 115/360 [03:01<03:59,  1.02it/s]
 32%|███████████████████                                        | 116/360 [03:02<03:58,  1.02it/s]
 32%|███████████████████▏                                       | 117/360 [03:03<03:58,  1.02it/s]
 33%|███████████████████▎                                       | 118/360 [03:04<03:56,  1.02it/s]
 33%|███████████████████▌                                       | 119/360 [03:05<03:55,  1.03it/s]
 33%|███████████████████▋                                       | 120/360 [03:05<03:06,  1.28it/s]{'loss': '0.5584', 'grad_norm': '2.582', 'learning_rate': '3.985e-05', 'epoch': '3.342'}


Writing model shards:   0%|                                                 | 0/1 [00:00<?, ?it/s][A

Writing model shards: 100%|█████████████████████████████████████████| 1/1 [00:09<00:00,  9.76s/it][A
Writing model shards: 100%|█████████████████████████████████████████| 1/1 [00:09<00:00,  9.76s/it]

 34%|███████████████████▊                                       | 121/360 [03:31<33:50,  8.49s/it]
 34%|███████████████████▉                                       | 122/360 [03:32<24:44,  6.24s/it]
 34%|████████████████████▏                                      | 123/360 [03:34<18:42,  4.74s/it]
 34%|████████████████████▎                                      | 124/360 [03:35<14:11,  3.61s/it]
 35%|████████████████████▍                                      | 125/360 [03:36<11:02,  2.82s/it]
                                                                                                  

 35%|████████████████████▍                                      | 125/360 [03:36<11:02,  2.82s/it]
 35%|████████████████████▋                                      | 126/360 [03:37<08:50,  2.27s/it]
 35%|████████████████████▊                                      | 127/360 [03:38<07:18,  1.88s/it]
 36%|████████████████████▉                                      | 128/360 [03:38<06:13,  1.61s/it]
 36%|█████████████████████▏                                     | 129/360 [03:39<05:28,  1.42s/it]
 36%|█████████████████████▎                                     | 130/360 [03:40<04:55,  1.29s/it]
 36%|█████████████████████▍                                     | 131/360 [03:41<04:33,  1.19s/it]
 37%|█████████████████████▋                                     | 132/360 [03:42<04:17,  1.13s/it]
 37%|█████████████████████▊                                     | 133/360 [03:43<04:05,  1.08s/it]
 37%|█████████████████████▉                                     | 134/360 [03:44<03:57,  1.05s/it]
 38%|██████████████████████▏                                    | 135/360 [03:45<03:51,  1.03s/it]
 38%|██████████████████████▎                                    | 136/360 [03:46<03:46,  1.01s/it]
 38%|██████████████████████▍                                    | 137/360 [03:47<03:43,  1.00s/it]
 38%|██████████████████████▌                                    | 138/360 [03:48<03:40,  1.01it/s]
 39%|██████████████████████▊                                    | 139/360 [03:49<03:38,  1.01it/s]
 39%|██████████████████████▉                                    | 140/360 [03:50<03:36,  1.02it/s]
 39%|███████████████████████                                    | 141/360 [03:51<03:34,  1.02it/s]
 39%|███████████████████████▎                                   | 142/360 [03:52<03:50,  1.06s/it]
 40%|███████████████████████▍                                   | 143/360 [03:53<03:44,  1.03s/it]
 40%|███████████████████████▌                                   | 144/360 [03:54<03:39,  1.02s/it]
 40%|███████████████████████▊                                   | 145/360 [03:55<03:35,  1.00s/it]
 41%|███████████████████████▉                                   | 146/360 [03:56<03:33,  1.00it/s]
 41%|████████████████████████                                   | 147/360 [03:57<03:30,  1.01it/s]
 41%|████████████████████████▎                                  | 148/360 [03:58<03:28,  1.02it/s]
 41%|████████████████████████▍                                  | 149/360 [03:59<03:26,  1.02it/s]
 42%|████████████████████████▌                                  | 150/360 [04:00<02:44,  1.27it/s]
                                                                                                  

 42%|████████████████████████▌                                  | 150/360 [04:00<02:44,  1.27it/s]{'loss': '0.3593', 'grad_norm': '3.463', 'learning_rate': '3.621e-05', 'epoch': '4.171'}
{'loss': '0.2197', 'grad_norm': '9.371', 'learning_rate': '3.242e-05', 'epoch': '5'}


Writing model shards:   0%|                                                 | 0/1 [00:00<?, ?it/s][A

Writing model shards: 100%|█████████████████████████████████████████| 1/1 [00:07<00:00,  7.88s/it][A
Writing model shards: 100%|█████████████████████████████████████████| 1/1 [00:07<00:00,  7.88s/it]

 42%|████████████████████████▋                                  | 151/360 [04:24<27:48,  7.99s/it]
 42%|████████████████████████▉                                  | 152/360 [04:25<20:24,  5.88s/it]
 42%|█████████████████████████                                  | 153/360 [04:26<15:13,  4.41s/it]
 43%|█████████████████████████▏                                 | 154/360 [04:27<11:36,  3.38s/it]
 43%|█████████████████████████▍                                 | 155/360 [04:28<09:04,  2.66s/it]
 43%|█████████████████████████▌                                 | 156/360 [04:29<07:19,  2.15s/it]
 44%|█████████████████████████▋                                 | 157/360 [04:30<06:05,  1.80s/it]
 44%|█████████████████████████▉                                 | 158/360 [04:31<05:13,  1.55s/it]
 44%|██████████████████████████                                 | 159/360 [04:32<04:37,  1.38s/it]
 44%|██████████████████████████▏                                | 160/360 [04:33<04:11,  1.26s/it]
 45%|██████████████████████████▍                                | 161/360 [04:34<03:53,  1.17s/it]
 45%|██████████████████████████▌                                | 162/360 [04:35<03:40,  1.11s/it]
 45%|██████████████████████████▋                                | 163/360 [04:36<03:46,  1.15s/it]
 46%|██████████████████████████▉                                | 164/360 [04:37<03:35,  1.10s/it]
 46%|███████████████████████████                                | 165/360 [04:38<03:26,  1.06s/it]
 46%|███████████████████████████▏                               | 166/360 [04:39<03:20,  1.03s/it]
 46%|███████████████████████████▎                               | 167/360 [04:40<03:17,  1.02s/it]
 47%|███████████████████████████▌                               | 168/360 [04:41<03:13,  1.01s/it]
 47%|███████████████████████████▋                               | 169/360 [04:42<03:10,  1.00it/s]
 47%|███████████████████████████▊                               | 170/360 [04:43<03:08,  1.01it/s]
 48%|████████████████████████████                               | 171/360 [04:44<03:06,  1.01it/s]
 48%|████████████████████████████▏                              | 172/360 [04:45<03:04,  1.02it/s]
 48%|████████████████████████████▎                              | 173/360 [04:46<03:03,  1.02it/s]
 48%|████████████████████████████▌                              | 174/360 [04:47<03:01,  1.02it/s]
 49%|████████████████████████████▋                              | 175/360 [04:48<03:00,  1.02it/s]
                                                                                                  

 49%|████████████████████████████▋                              | 175/360 [04:48<03:00,  1.02it/s]
 49%|████████████████████████████▊                              | 176/360 [04:49<02:59,  1.03it/s]
 49%|█████████████████████████████                              | 177/360 [04:50<02:58,  1.03it/s]
 49%|█████████████████████████████▏                             | 178/360 [04:51<02:57,  1.03it/s]
 50%|█████████████████████████████▎                             | 179/360 [04:52<02:56,  1.03it/s]
 50%|█████████████████████████████▌                             | 180/360 [04:52<02:20,  1.28it/s]{'loss': '0.1466', 'grad_norm': '2.506', 'learning_rate': '2.864e-05', 'epoch': '5.855'}


Writing model shards:   0%|                                                 | 0/1 [00:00<?, ?it/s][A

Writing model shards: 100%|█████████████████████████████████████████| 1/1 [00:08<00:00,  8.30s/it][A
Writing model shards: 100%|█████████████████████████████████████████| 1/1 [00:08<00:00,  8.30s/it]

 50%|█████████████████████████████▋                             | 181/360 [05:16<23:19,  7.82s/it]
 51%|█████████████████████████████▊                             | 182/360 [05:17<17:06,  5.76s/it]
 51%|█████████████████████████████▉                             | 183/360 [05:18<12:46,  4.33s/it]
 51%|██████████████████████████████▏                            | 184/360 [05:20<09:58,  3.40s/it]
 51%|██████████████████████████████▎                            | 185/360 [05:21<07:47,  2.67s/it]
 52%|██████████████████████████████▍                            | 186/360 [05:22<06:16,  2.16s/it]
 52%|██████████████████████████████▋                            | 187/360 [05:23<05:12,  1.81s/it]
 52%|██████████████████████████████▊                            | 188/360 [05:24<04:27,  1.56s/it]
 52%|██████████████████████████████▉                            | 189/360 [05:25<03:56,  1.38s/it]
 53%|███████████████████████████████▏                           | 190/360 [05:25<03:34,  1.26s/it]
 53%|███████████████████████████████▎                           | 191/360 [05:26<03:18,  1.17s/it]
 53%|███████████████████████████████▍                           | 192/360 [05:27<03:06,  1.11s/it]
 54%|███████████████████████████████▋                           | 193/360 [05:28<02:58,  1.07s/it]
 54%|███████████████████████████████▊                           | 194/360 [05:29<02:52,  1.04s/it]
 54%|███████████████████████████████▉                           | 195/360 [05:30<02:48,  1.02s/it]
 54%|████████████████████████████████                           | 196/360 [05:31<02:45,  1.01s/it]
 55%|████████████████████████████████▎                          | 197/360 [05:32<02:42,  1.00it/s]
 55%|████████████████████████████████▍                          | 198/360 [05:33<02:40,  1.01it/s]
 55%|████████████████████████████████▌                          | 199/360 [05:34<02:38,  1.01it/s]
 56%|████████████████████████████████▊                          | 200/360 [05:35<02:37,  1.02it/s]
                                                                                                  

 56%|████████████████████████████████▊                          | 200/360 [05:35<02:37,  1.02it/s]
 56%|████████████████████████████████▉                          | 201/360 [05:36<02:35,  1.02it/s]
 56%|█████████████████████████████████                          | 202/360 [05:37<02:34,  1.02it/s]
 56%|█████████████████████████████████▎                         | 203/360 [05:38<02:33,  1.02it/s]
 57%|█████████████████████████████████▍                         | 204/360 [05:39<02:32,  1.02it/s]
 57%|█████████████████████████████████▌                         | 205/360 [05:40<02:42,  1.05s/it]
 57%|█████████████████████████████████▊                         | 206/360 [05:41<02:38,  1.03s/it]
 57%|█████████████████████████████████▉                         | 207/360 [05:42<02:34,  1.01s/it]
 58%|██████████████████████████████████                         | 208/360 [05:43<02:32,  1.00s/it]
 58%|██████████████████████████████████▎                        | 209/360 [05:44<02:29,  1.01it/s]
 58%|██████████████████████████████████▍                        | 210/360 [05:45<01:59,  1.26it/s]{'loss': '0.1067', 'grad_norm': '2.002', 'learning_rate': '2.485e-05', 'epoch': '6.684'}


Writing model shards:   0%|                                                 | 0/1 [00:00<?, ?it/s][A

Writing model shards: 100%|█████████████████████████████████████████| 1/1 [00:08<00:00,  8.75s/it][A
Writing model shards: 100%|█████████████████████████████████████████| 1/1 [00:08<00:00,  8.75s/it]

 59%|██████████████████████████████████▌                        | 211/360 [06:09<19:47,  7.97s/it]
 59%|██████████████████████████████████▋                        | 212/360 [06:10<14:29,  5.87s/it]
 59%|██████████████████████████████████▉                        | 213/360 [06:11<10:47,  4.40s/it]
 59%|███████████████████████████████████                        | 214/360 [06:12<08:12,  3.37s/it]
 60%|███████████████████████████████████▏                       | 215/360 [06:13<06:24,  2.65s/it]
 60%|███████████████████████████████████▍                       | 216/360 [06:14<05:09,  2.15s/it]
 60%|███████████████████████████████████▌                       | 217/360 [06:15<04:16,  1.80s/it]
 61%|███████████████████████████████████▋                       | 218/360 [06:16<03:39,  1.55s/it]
 61%|███████████████████████████████████▉                       | 219/360 [06:17<03:13,  1.37s/it]
 61%|████████████████████████████████████                       | 220/360 [06:18<02:55,  1.25s/it]
 61%|████████████████████████████████████▏                      | 221/360 [06:19<02:42,  1.17s/it]
 62%|████████████████████████████████████▍                      | 222/360 [06:20<02:33,  1.11s/it]
 62%|████████████████████████████████████▌                      | 223/360 [06:21<02:26,  1.07s/it]
 62%|████████████████████████████████████▋                      | 224/360 [06:22<02:21,  1.04s/it]
 62%|████████████████████████████████████▉                      | 225/360 [06:23<02:17,  1.02s/it]
                                                                                                  

 62%|████████████████████████████████████▉                      | 225/360 [06:23<02:17,  1.02s/it]
 63%|█████████████████████████████████████                      | 226/360 [06:24<02:24,  1.08s/it]
 63%|█████████████████████████████████████▏                     | 227/360 [06:25<02:19,  1.05s/it]
 63%|█████████████████████████████████████▎                     | 228/360 [06:26<02:15,  1.02s/it]
 64%|█████████████████████████████████████▌                     | 229/360 [06:27<02:12,  1.01s/it]
 64%|█████████████████████████████████████▋                     | 230/360 [06:28<02:09,  1.00it/s]
 64%|█████████████████████████████████████▊                     | 231/360 [06:29<02:07,  1.01it/s]
 64%|██████████████████████████████████████                     | 232/360 [06:30<02:05,  1.02it/s]
 65%|██████████████████████████████████████▏                    | 233/360 [06:31<02:04,  1.02it/s]
 65%|██████████████████████████████████████▎                    | 234/360 [06:32<02:03,  1.02it/s]
 65%|██████████████████████████████████████▌                    | 235/360 [06:33<02:02,  1.02it/s]
 66%|██████████████████████████████████████▋                    | 236/360 [06:34<02:01,  1.02it/s]
 66%|██████████████████████████████████████▊                    | 237/360 [06:35<01:59,  1.03it/s]
 66%|███████████████████████████████████████                    | 238/360 [06:36<01:58,  1.03it/s]
 66%|███████████████████████████████████████▏                   | 239/360 [06:37<01:58,  1.02it/s]
 67%|███████████████████████████████████████▎                   | 240/360 [06:37<01:34,  1.26it/s]{'loss': '0.08125', 'grad_norm': '1.517', 'learning_rate': '2.106e-05', 'epoch': '7.513'}


Writing model shards:   0%|                                                 | 0/1 [00:00<?, ?it/s][A

Writing model shards: 100%|█████████████████████████████████████████| 1/1 [00:07<00:00,  7.84s/it][A
Writing model shards: 100%|█████████████████████████████████████████| 1/1 [00:07<00:00,  7.84s/it]

 67%|███████████████████████████████████████▍                   | 241/360 [07:00<14:53,  7.51s/it]
 67%|███████████████████████████████████████▋                   | 242/360 [07:01<10:55,  5.55s/it]
 68%|███████████████████████████████████████▊                   | 243/360 [07:02<08:09,  4.18s/it]
 68%|███████████████████████████████████████▉                   | 244/360 [07:03<06:13,  3.22s/it]
 68%|████████████████████████████████████████▏                  | 245/360 [07:04<04:53,  2.55s/it]
 68%|████████████████████████████████████████▎                  | 246/360 [07:05<04:06,  2.16s/it]
 69%|████████████████████████████████████████▍                  | 247/360 [07:06<03:24,  1.81s/it]
 69%|████████████████████████████████████████▋                  | 248/360 [07:07<02:54,  1.56s/it]
 69%|████████████████████████████████████████▊                  | 249/360 [07:08<02:33,  1.38s/it]
 69%|████████████████████████████████████████▉                  | 250/360 [07:09<02:18,  1.25s/it]
                                                                                                  

 69%|████████████████████████████████████████▉                  | 250/360 [07:09<02:18,  1.25s/it]
 70%|█████████████████████████████████████████▏                 | 251/360 [07:10<02:07,  1.17s/it]
 70%|█████████████████████████████████████████▎                 | 252/360 [07:11<01:59,  1.10s/it]
 70%|█████████████████████████████████████████▍                 | 253/360 [07:12<01:53,  1.06s/it]
 71%|█████████████████████████████████████████▋                 | 254/360 [07:13<01:49,  1.03s/it]
 71%|█████████████████████████████████████████▊                 | 255/360 [07:14<01:45,  1.01s/it]
 71%|█████████████████████████████████████████▉                 | 256/360 [07:15<01:43,  1.01it/s]
 71%|██████████████████████████████████████████                 | 257/360 [07:16<01:41,  1.01it/s]
 72%|██████████████████████████████████████████▎                | 258/360 [07:17<01:39,  1.02it/s]
 72%|██████████████████████████████████████████▍                | 259/360 [07:18<01:38,  1.03it/s]
 72%|██████████████████████████████████████████▌                | 260/360 [07:19<01:36,  1.04it/s]
 72%|██████████████████████████████████████████▊                | 261/360 [07:20<01:35,  1.04it/s]
 73%|██████████████████████████████████████████▉                | 262/360 [07:21<01:34,  1.04it/s]
 73%|███████████████████████████████████████████                | 263/360 [07:22<01:33,  1.04it/s]
 73%|███████████████████████████████████████████▎               | 264/360 [07:23<01:32,  1.04it/s]
 74%|███████████████████████████████████████████▍               | 265/360 [07:24<01:31,  1.04it/s]
 74%|███████████████████████████████████████████▌               | 266/360 [07:25<01:37,  1.04s/it]
 74%|███████████████████████████████████████████▊               | 267/360 [07:26<01:34,  1.01s/it]
 74%|███████████████████████████████████████████▉               | 268/360 [07:27<01:31,  1.00it/s]
 75%|████████████████████████████████████████████               | 269/360 [07:28<01:29,  1.02it/s]
 75%|████████████████████████████████████████████▎              | 270/360 [07:28<01:10,  1.27it/s]{'loss': '0.06192', 'grad_norm': '1.774', 'learning_rate': '1.727e-05', 'epoch': '8.342'}


Writing model shards:   0%|                                                 | 0/1 [00:00<?, ?it/s][A

Writing model shards: 100%|█████████████████████████████████████████| 1/1 [00:07<00:00,  7.93s/it][A
Writing model shards: 100%|█████████████████████████████████████████| 1/1 [00:07<00:00,  7.93s/it]

 75%|████████████████████████████████████████████▍              | 271/360 [07:52<11:28,  7.73s/it]
 76%|████████████████████████████████████████████▌              | 272/360 [07:53<08:21,  5.70s/it]
 76%|████████████████████████████████████████████▋              | 273/360 [07:54<06:11,  4.28s/it]
 76%|████████████████████████████████████████████▉              | 274/360 [07:55<04:41,  3.28s/it]
 76%|█████████████████████████████████████████████              | 275/360 [07:56<03:39,  2.58s/it]
                                                                                                  

 76%|█████████████████████████████████████████████              | 275/360 [07:56<03:39,  2.58s/it]
 77%|█████████████████████████████████████████████▏             | 276/360 [07:57<02:55,  2.09s/it]
 77%|█████████████████████████████████████████████▍             | 277/360 [07:58<02:25,  1.75s/it]
 77%|█████████████████████████████████████████████▌             | 278/360 [07:59<02:04,  1.51s/it]
 78%|█████████████████████████████████████████████▋             | 279/360 [08:00<01:49,  1.35s/it]
 78%|█████████████████████████████████████████████▉             | 280/360 [08:01<01:38,  1.23s/it]
 78%|██████████████████████████████████████████████             | 281/360 [08:02<01:30,  1.15s/it]
 78%|██████████████████████████████████████████████▏            | 282/360 [08:03<01:26,  1.11s/it]
 79%|██████████████████████████████████████████████▍            | 283/360 [08:04<01:23,  1.09s/it]
 79%|██████████████████████████████████████████████▌            | 284/360 [08:05<01:20,  1.06s/it]
 79%|██████████████████████████████████████████████▋            | 285/360 [08:06<01:17,  1.04s/it]
 79%|██████████████████████████████████████████████▊            | 286/360 [08:07<01:21,  1.10s/it]
 80%|███████████████████████████████████████████████            | 287/360 [08:08<01:17,  1.07s/it]
 80%|███████████████████████████████████████████████▏           | 288/360 [08:09<01:14,  1.04s/it]
 80%|███████████████████████████████████████████████▎           | 289/360 [08:10<01:12,  1.02s/it]
 81%|███████████████████████████████████████████████▌           | 290/360 [08:11<01:10,  1.01s/it]
 81%|███████████████████████████████████████████████▋           | 291/360 [08:12<01:08,  1.00it/s]
 81%|███████████████████████████████████████████████▊           | 292/360 [08:13<01:07,  1.01it/s]
 81%|████████████████████████████████████████████████           | 293/360 [08:14<01:06,  1.01it/s]
 82%|████████████████████████████████████████████████▏          | 294/360 [08:15<01:04,  1.02it/s]
 82%|████████████████████████████████████████████████▎          | 295/360 [08:16<01:03,  1.02it/s]
 82%|████████████████████████████████████████████████▌          | 296/360 [08:17<01:02,  1.02it/s]
 82%|████████████████████████████████████████████████▋          | 297/360 [08:18<01:01,  1.02it/s]
 83%|████████████████████████████████████████████████▊          | 298/360 [08:19<01:00,  1.02it/s]
 83%|█████████████████████████████████████████████████          | 299/360 [08:20<00:59,  1.02it/s]
 83%|█████████████████████████████████████████████████▏         | 300/360 [08:20<00:46,  1.28it/s]
                                                                                                  

 83%|█████████████████████████████████████████████████▏         | 300/360 [08:20<00:46,  1.28it/s]{'loss': '0.04909', 'grad_norm': '1.091', 'learning_rate': '1.348e-05', 'epoch': '9.171'}
{'loss': '0.03867', 'grad_norm': '0.1991', 'learning_rate': '9.697e-06', 'epoch': '10'}


Writing model shards:   0%|                                                 | 0/1 [00:00<?, ?it/s][A

Writing model shards: 100%|█████████████████████████████████████████| 1/1 [00:08<00:00,  8.70s/it][A
Writing model shards: 100%|█████████████████████████████████████████| 1/1 [00:08<00:00,  8.70s/it]

 84%|█████████████████████████████████████████████████▎         | 301/360 [08:45<07:55,  8.05s/it]
 84%|█████████████████████████████████████████████████▍         | 302/360 [08:46<05:43,  5.93s/it]
 84%|█████████████████████████████████████████████████▋         | 303/360 [08:47<04:13,  4.44s/it]
 84%|█████████████████████████████████████████████████▊         | 304/360 [08:48<03:10,  3.41s/it]
 85%|█████████████████████████████████████████████████▉         | 305/360 [08:49<02:27,  2.68s/it]
 85%|██████████████████████████████████████████████████▏        | 306/360 [08:50<01:56,  2.17s/it]
 85%|██████████████████████████████████████████████████▎        | 307/360 [08:51<01:40,  1.89s/it]
 86%|██████████████████████████████████████████████████▍        | 308/360 [08:52<01:24,  1.62s/it]
 86%|██████████████████████████████████████████████████▋        | 309/360 [08:53<01:12,  1.43s/it]
 86%|██████████████████████████████████████████████████▊        | 310/360 [08:54<01:04,  1.29s/it]
 86%|██████████████████████████████████████████████████▉        | 311/360 [08:55<00:58,  1.20s/it]
 87%|███████████████████████████████████████████████████▏       | 312/360 [08:56<00:54,  1.13s/it]
 87%|███████████████████████████████████████████████████▎       | 313/360 [08:57<00:51,  1.09s/it]
 87%|███████████████████████████████████████████████████▍       | 314/360 [08:58<00:48,  1.06s/it]
 88%|███████████████████████████████████████████████████▋       | 315/360 [08:59<00:46,  1.03s/it]
 88%|███████████████████████████████████████████████████▊       | 316/360 [09:00<00:44,  1.01s/it]
 88%|███████████████████████████████████████████████████▉       | 317/360 [09:01<00:43,  1.00s/it]
 88%|████████████████████████████████████████████████████       | 318/360 [09:02<00:41,  1.01it/s]
 89%|████████████████████████████████████████████████████▎      | 319/360 [09:03<00:40,  1.01it/s]
 89%|████████████████████████████████████████████████████▍      | 320/360 [09:04<00:39,  1.02it/s]
 89%|████████████████████████████████████████████████████▌      | 321/360 [09:05<00:38,  1.02it/s]
 89%|████████████████████████████████████████████████████▊      | 322/360 [09:06<00:37,  1.02it/s]
 90%|████████████████████████████████████████████████████▉      | 323/360 [09:07<00:36,  1.03it/s]
 90%|█████████████████████████████████████████████████████      | 324/360 [09:08<00:35,  1.03it/s]
 90%|█████████████████████████████████████████████████████▎     | 325/360 [09:09<00:34,  1.03it/s]
                                                                                                  

 90%|█████████████████████████████████████████████████████▎     | 325/360 [09:09<00:34,  1.03it/s]
 91%|█████████████████████████████████████████████████████▍     | 326/360 [09:10<00:33,  1.03it/s]
 91%|█████████████████████████████████████████████████████▌     | 327/360 [09:11<00:34,  1.05s/it]
 91%|█████████████████████████████████████████████████████▊     | 328/360 [09:12<00:32,  1.03s/it]
 91%|█████████████████████████████████████████████████████▉     | 329/360 [09:13<00:31,  1.01s/it]
 92%|██████████████████████████████████████████████████████     | 330/360 [09:13<00:24,  1.24it/s]{'loss': '0.02456', 'grad_norm': '1.3', 'learning_rate': '5.909e-06', 'epoch': '10.85'}


Writing model shards:   0%|                                                 | 0/1 [00:00<?, ?it/s][A

Writing model shards: 100%|█████████████████████████████████████████| 1/1 [00:07<00:00,  7.79s/it][A
Writing model shards: 100%|█████████████████████████████████████████| 1/1 [00:07<00:00,  7.79s/it]

 92%|██████████████████████████████████████████████████████▏    | 331/360 [09:37<03:40,  7.61s/it]
 92%|██████████████████████████████████████████████████████▍    | 332/360 [09:38<02:37,  5.62s/it]
 92%|██████████████████████████████████████████████████████▌    | 333/360 [09:39<01:54,  4.23s/it]
 93%|██████████████████████████████████████████████████████▋    | 334/360 [09:40<01:24,  3.25s/it]
 93%|██████████████████████████████████████████████████████▉    | 335/360 [09:41<01:04,  2.56s/it]
 93%|███████████████████████████████████████████████████████    | 336/360 [09:42<00:50,  2.09s/it]
 94%|███████████████████████████████████████████████████████▏   | 337/360 [09:43<00:40,  1.75s/it]
 94%|███████████████████████████████████████████████████████▍   | 338/360 [09:43<00:33,  1.52s/it]
 94%|███████████████████████████████████████████████████████▌   | 339/360 [09:44<00:28,  1.36s/it]
 94%|███████████████████████████████████████████████████████▋   | 340/360 [09:45<00:24,  1.24s/it]
 95%|███████████████████████████████████████████████████████▉   | 341/360 [09:46<00:22,  1.16s/it]
 95%|████████████████████████████████████████████████████████   | 342/360 [09:47<00:19,  1.10s/it]
 95%|████████████████████████████████████████████████████████▏  | 343/360 [09:48<00:18,  1.06s/it]
 96%|████████████████████████████████████████████████████████▍  | 344/360 [09:49<00:16,  1.04s/it]
 96%|████████████████████████████████████████████████████████▌  | 345/360 [09:50<00:15,  1.02s/it]
 96%|████████████████████████████████████████████████████████▋  | 346/360 [09:51<00:14,  1.01s/it]
 96%|████████████████████████████████████████████████████████▊  | 347/360 [09:53<00:14,  1.08s/it]
 97%|█████████████████████████████████████████████████████████  | 348/360 [09:53<00:12,  1.05s/it]
 97%|█████████████████████████████████████████████████████████▏ | 349/360 [09:54<00:11,  1.03s/it]
 97%|█████████████████████████████████████████████████████████▎ | 350/360 [09:55<00:10,  1.01s/it]
                                                                                                  

 97%|█████████████████████████████████████████████████████████▎ | 350/360 [09:56<00:10,  1.01s/it]
 98%|█████████████████████████████████████████████████████████▌ | 351/360 [09:56<00:09,  1.00s/it]
 98%|█████████████████████████████████████████████████████████▋ | 352/360 [09:57<00:07,  1.01it/s]
 98%|█████████████████████████████████████████████████████████▊ | 353/360 [09:58<00:06,  1.01it/s]
 98%|██████████████████████████████████████████████████████████ | 354/360 [09:59<00:05,  1.02it/s]
 99%|██████████████████████████████████████████████████████████▏| 355/360 [10:00<00:04,  1.01it/s]
 99%|██████████████████████████████████████████████████████████▎| 356/360 [10:01<00:03,  1.01it/s]
 99%|██████████████████████████████████████████████████████████▌| 357/360 [10:02<00:02,  1.01it/s]
 99%|██████████████████████████████████████████████████████████▋| 358/360 [10:03<00:01,  1.02it/s]
100%|██████████████████████████████████████████████████████████▊| 359/360 [10:04<00:00,  1.02it/s]
100%|███████████████████████████████████████████████████████████| 360/360 [10:05<00:00,  1.28it/s]{'loss': '0.06599', 'grad_norm': '0.3188', 'learning_rate': '2.121e-06', 'epoch': '11.68'}


Writing model shards:   0%|                                                 | 0/1 [00:00<?, ?it/s][A

Writing model shards: 100%|█████████████████████████████████████████| 1/1 [00:08<00:00,  8.12s/it][A
Writing model shards: 100%|█████████████████████████████████████████| 1/1 [00:08<00:00,  8.12s/it]

                                                                                                  

100%|███████████████████████████████████████████████████████████| 360/360 [10:28<00:00,  1.28it/s]
100%|███████████████████████████████████████████████████████████| 360/360 [10:28<00:00,  1.74s/it]
{'train_runtime': '628.2', 'train_samples_per_second': '8.883', 'train_steps_per_second': '0.573', 'train_loss': '0.4679', 'epoch': '12'}

  0%|                                                                      | 0/17 [00:00<?, ?it/s]
 18%|██████████▉                                                   | 3/17 [00:00<00:00, 29.67it/s]
 35%|█████████████████████▉                                        | 6/17 [00:00<00:00, 23.00it/s]
 53%|████████████████████████████████▊                             | 9/17 [00:00<00:00, 23.20it/s]
 71%|███████████████████████████████████████████                  | 12/17 [00:00<00:00, 23.28it/s]
 88%|█████████████████████████████████████████████████████▊       | 15/17 [00:00<00:00, 23.31it/s]
100%|█████████████████████████████████████████████████████████████| 17/17 [00:00<00:00, 23.28it/s]

Writing model shards:   0%|                                                 | 0/1 [00:00<?, ?it/s]
Writing model shards: 100%|█████████████████████████████████████████| 1/1 [00:08<00:00,  8.47s/it]
Writing model shards: 100%|█████████████████████████████████████████| 1/1 [00:08<00:00,  8.47s/it]

Loading weights:   0%|                                                    | 0/772 [00:00<?, ?it/s]
Loading weights:   0%|                                            | 1/772 [00:00<01:42,  7.53it/s]
Loading weights:  10%|████▏                                     | 76/772 [00:00<00:01, 390.87it/s]
Loading weights:  20%|████████                                 | 151/772 [00:00<00:01, 535.58it/s]
Loading weights:  33%|█████████████▋                           | 258/772 [00:00<00:00, 734.11it/s]
Loading weights:  47%|███████████████████▍                     | 366/772 [00:00<00:00, 848.46it/s]
Loading weights:  61%|████████████████████████▉                | 470/772 [00:00<00:00, 894.37it/s]
Loading weights:  73%|█████████████████████████████▊           | 561/772 [00:00<00:00, 828.97it/s]
Loading weights:  84%|██████████████████████████████████▎      | 646/772 [00:00<00:00, 787.09it/s]
Loading weights:  94%|██████████████████████████████████████▌  | 727/772 [00:01<00:00, 764.38it/s]
Loading weights: 100%|█████████████████████████████████████████| 772/772 [00:01<00:00, 720.68it/s]

Loading weights:   0%|                                                    | 0/772 [00:00<?, ?it/s]
Loading weights:  19%|███████▊                                | 150/772 [00:00<00:00, 1481.45it/s]
Loading weights:  39%|███████████████▌                        | 300/772 [00:00<00:00, 1492.24it/s]
Loading weights:  58%|███████████████████████▎                | 450/772 [00:00<00:00, 1478.87it/s]
Loading weights:  77%|██████████████████████████████▉         | 598/772 [00:00<00:00, 1350.00it/s]
Loading weights:  96%|██████████████████████████████████████▌ | 744/772 [00:00<00:00, 1377.06it/s]
Loading weights: 100%|████████████████████████████████████████| 772/772 [00:00<00:00, 1418.93it/s]

Loading weights:   0%|                                                    | 0/772 [00:00<?, ?it/s]
Loading weights:   5%|██                                        | 38/772 [00:00<00:02, 358.88it/s]
Loading weights:  12%|█████                                     | 92/772 [00:00<00:01, 457.61it/s]
Loading weights:  18%|███████▎                                 | 138/772 [00:00<00:01, 455.78it/s]
Loading weights:  24%|█████████▊                               | 184/772 [00:00<00:01, 448.21it/s]
Loading weights:  30%|████████████▏                            | 230/772 [00:00<00:01, 432.56it/s]
Loading weights:  35%|██████████████▌                          | 274/772 [00:00<00:01, 413.58it/s]
Loading weights:  41%|████████████████▊                        | 316/772 [00:00<00:01, 393.00it/s]
Loading weights:  46%|███████████████████                      | 358/772 [00:00<00:01, 380.05it/s]
Loading weights:  51%|█████████████████████                    | 397/772 [00:00<00:00, 375.23it/s]
Loading weights:  57%|███████████████████████▎                 | 438/772 [00:01<00:00, 373.19it/s]
Loading weights:  62%|█████████████████████████▎               | 476/772 [00:01<00:00, 369.95it/s]
Loading weights:  67%|███████████████████████████▌             | 518/772 [00:01<00:00, 369.91it/s]
Loading weights:  72%|█████████████████████████████▌           | 556/772 [00:01<00:00, 361.09it/s]
Loading weights:  77%|███████████████████████████████▌         | 594/772 [00:01<00:00, 365.89it/s]
Loading weights:  82%|█████████████████████████████████▌       | 631/772 [00:01<00:00, 363.85it/s]
Loading weights:  87%|███████████████████████████████████▍     | 668/772 [00:01<00:00, 355.63it/s]
Loading weights:  91%|█████████████████████████████████████▍   | 706/772 [00:01<00:00, 361.15it/s]
Loading weights:  96%|███████████████████████████████████████▍ | 743/772 [00:01<00:00, 352.68it/s]
Loading weights: 100%|█████████████████████████████████████████| 772/772 [00:02<00:00, 379.93it/s]

Loading weights:   0%|                                                    | 0/772 [00:00<?, ?it/s]
Loading weights:   7%|███                                       | 56/772 [00:00<00:01, 542.44it/s]
Loading weights:  18%|███████▏                                 | 136/772 [00:00<00:00, 682.41it/s]
Loading weights:  28%|███████████▍                             | 216/772 [00:00<00:00, 715.99it/s]
Loading weights:  38%|███████████████▌                         | 294/772 [00:00<00:00, 738.25it/s]
Loading weights:  48%|███████████████████▊                     | 374/772 [00:00<00:00, 744.71it/s]
Loading weights:  58%|███████████████████████▊                 | 449/772 [00:00<00:00, 741.80it/s]
Loading weights:  68%|███████████████████████████▊             | 524/772 [00:00<00:00, 717.07it/s]
Loading weights:  77%|███████████████████████████████▊         | 598/772 [00:00<00:00, 711.26it/s]
Loading weights:  87%|███████████████████████████████████▌     | 670/772 [00:00<00:00, 705.22it/s]
Loading weights:  96%|███████████████████████████████████████▎ | 741/772 [00:01<00:00, 695.74it/s]
Loading weights: 100%|█████████████████████████████████████████| 772/772 [00:01<00:00, 702.84it/s]
