<local-root>/miniconda3/lib/python3.13/site-packages/torch/cuda/__init__.py:61: FutureWarning: The pynvml package is deprecated. Please install nvidia-ml-py instead. If you did not install pynvml directly, please report this to the maintainers of the package that installed pynvml for you.
  import pynvml  # type: ignore[import]
Skipping import of cpp extensions due to incompatible torch version. Please upgrade to torch >= 2.11.0 (found 2.7.1+cu118).

Loading weights:   0%|                                                     | 0/76 [00:00<?, ?it/s]
Loading weights: 100%|██████████████████████████████████████████| 76/76 [00:00<00:00, 7020.84it/s]
[RANK 0] Detected kernel version 5.4.0, which is below the recommended minimum of 5.5.0; this can cause the process to hang. It is recommended to upgrade the kernel to the minimum version or higher.

  0%|                                                                     | 0/600 [00:00<?, ?it/s][transformers] `loss_type=None` was set in the config but it is unrecognized. Using the default loss: `ForCausalLMLoss`.

  0%|                                                             | 1/600 [00:01<15:50,  1.59s/it]
  0%|▎                                                            | 3/600 [00:01<04:38,  2.14it/s]
  1%|▍                                                            | 4/600 [00:01<03:45,  2.64it/s]
  1%|▌                                                            | 6/600 [00:02<02:14,  4.41it/s]
  1%|▊                                                            | 8/600 [00:02<01:35,  6.22it/s]
  2%|█                                                           | 10/600 [00:02<01:14,  7.87it/s]
  2%|█▏                                                          | 12/600 [00:02<01:02,  9.39it/s]
  2%|█▍                                                          | 14/600 [00:02<00:54, 10.69it/s]
  3%|█▌                                                          | 16/600 [00:02<00:49, 11.75it/s]
  3%|█▊                                                          | 18/600 [00:02<00:46, 12.56it/s]
  3%|██                                                          | 20/600 [00:03<00:43, 13.31it/s]
  4%|██▏                                                         | 22/600 [00:03<00:41, 13.85it/s]
  4%|██▍                                                         | 24/600 [00:03<00:40, 14.17it/s]
                                                                                                  

  4%|██▌                                                         | 25/600 [00:03<00:40, 14.17it/s]
  4%|██▌                                                         | 26/600 [00:03<00:40, 14.26it/s]
  5%|██▊                                                         | 28/600 [00:03<00:39, 14.55it/s]
  5%|███                                                         | 30/600 [00:03<00:36, 15.70it/s]{'loss': '3.357', 'grad_norm': '9.263', 'learning_rate': '3.5e-05', 'epoch': '0.8475'}


Writing model shards:   0%|                                                 | 0/1 [00:00<?, ?it/s][A

Writing model shards: 100%|█████████████████████████████████████████| 1/1 [00:02<00:00,  2.20s/it][A
Writing model shards: 100%|█████████████████████████████████████████| 1/1 [00:02<00:00,  2.20s/it]

  5%|███▏                                                        | 32/600 [00:07<05:18,  1.78it/s]
  6%|███▍                                                        | 34/600 [00:07<03:52,  2.43it/s]
  6%|███▌                                                        | 36/600 [00:07<02:52,  3.26it/s]
  6%|███▊                                                        | 38/600 [00:07<02:11,  4.29it/s]
  7%|████                                                        | 40/600 [00:07<01:41,  5.50it/s]
  7%|████▏                                                       | 42/600 [00:07<01:21,  6.85it/s]
  7%|████▍                                                       | 44/600 [00:07<01:07,  8.26it/s]
  8%|████▌                                                       | 46/600 [00:07<00:57,  9.67it/s]
  8%|████▊                                                       | 48/600 [00:08<00:50, 10.98it/s]
  8%|█████                                                       | 50/600 [00:08<00:45, 12.13it/s]
                                                                                                  

  8%|█████                                                       | 50/600 [00:08<00:45, 12.13it/s]
  9%|█████▏                                                      | 52/600 [00:08<00:41, 13.07it/s]
  9%|█████▍                                                      | 54/600 [00:08<00:39, 13.84it/s]
  9%|█████▌                                                      | 56/600 [00:08<00:37, 14.43it/s]
 10%|█████▊                                                      | 58/600 [00:08<00:36, 14.87it/s]{'loss': '2.159', 'grad_norm': '11.97', 'learning_rate': '4.86e-05', 'epoch': '1.678'}


Writing model shards:   0%|                                                 | 0/1 [00:00<?, ?it/s][A

Writing model shards: 100%|█████████████████████████████████████████| 1/1 [00:00<00:00,  1.89it/s][A
Writing model shards: 100%|█████████████████████████████████████████| 1/1 [00:00<00:00,  1.89it/s]

 10%|██████                                                      | 61/600 [00:10<02:52,  3.12it/s]
 10%|██████▎                                                     | 63/600 [00:11<02:15,  3.97it/s]
 11%|██████▌                                                     | 65/600 [00:11<01:47,  5.00it/s]
 11%|██████▋                                                     | 67/600 [00:11<01:26,  6.18it/s]
 12%|██████▉                                                     | 69/600 [00:11<01:11,  7.46it/s]
 12%|███████                                                     | 71/600 [00:11<01:00,  8.76it/s]
 12%|███████▎                                                    | 73/600 [00:11<00:52, 10.01it/s]
 12%|███████▌                                                    | 75/600 [00:11<00:47, 11.13it/s]
                                                                                                  

 12%|███████▌                                                    | 75/600 [00:11<00:47, 11.13it/s]
 13%|███████▋                                                    | 77/600 [00:11<00:43, 12.09it/s]
 13%|███████▉                                                    | 79/600 [00:12<00:40, 12.88it/s]
 14%|████████                                                    | 81/600 [00:12<00:38, 13.49it/s]
 14%|████████▎                                                   | 83/600 [00:12<00:36, 13.98it/s]
 14%|████████▌                                                   | 85/600 [00:12<00:35, 14.32it/s]
 14%|████████▋                                                   | 87/600 [00:12<00:35, 14.53it/s]
 15%|████████▉                                                   | 89/600 [00:12<00:34, 14.69it/s]{'loss': '1.762', 'grad_norm': '9.071', 'learning_rate': '4.64e-05', 'epoch': '2.508'}


Writing model shards:   0%|                                                 | 0/1 [00:00<?, ?it/s][A

Writing model shards: 100%|█████████████████████████████████████████| 1/1 [00:03<00:00,  3.03s/it][A
Writing model shards: 100%|█████████████████████████████████████████| 1/1 [00:03<00:00,  3.06s/it]

 15%|█████████                                                   | 91/600 [00:19<09:03,  1.07s/it]
 16%|█████████▎                                                  | 93/600 [00:19<06:29,  1.30it/s]
 16%|█████████▌                                                  | 95/600 [00:19<04:41,  1.80it/s]
 16%|█████████▋                                                  | 97/600 [00:19<03:25,  2.45it/s]
 16%|█████████▉                                                  | 99/600 [00:20<02:32,  3.28it/s]
                                                                                                  

 17%|█████████▊                                                 | 100/600 [00:20<02:32,  3.28it/s]
 17%|█████████▉                                                 | 101/600 [00:20<01:55,  4.31it/s]
 17%|██████████▏                                                | 103/600 [00:20<01:30,  5.51it/s]
 18%|██████████▎                                                | 105/600 [00:20<01:12,  6.85it/s]
 18%|██████████▌                                                | 107/600 [00:20<00:59,  8.27it/s]
 18%|██████████▋                                                | 109/600 [00:20<00:50,  9.67it/s]
 18%|██████████▉                                                | 111/600 [00:20<00:44, 10.96it/s]
 19%|███████████                                                | 113/600 [00:20<00:41, 11.79it/s]
 19%|███████████▎                                               | 115/600 [00:21<00:37, 12.78it/s]
 20%|███████████▌                                               | 117/600 [00:21<00:35, 13.61it/s]
 20%|███████████▋                                               | 119/600 [00:21<00:33, 14.24it/s]{'loss': '1.5', 'grad_norm': '9.27', 'learning_rate': '4.43e-05', 'epoch': '3.339'}


Writing model shards:   0%|                                                 | 0/1 [00:00<?, ?it/s][A

Writing model shards: 100%|█████████████████████████████████████████| 1/1 [00:00<00:00,  1.89it/s][A
Writing model shards: 100%|█████████████████████████████████████████| 1/1 [00:00<00:00,  1.89it/s]

 20%|███████████▉                                               | 121/600 [00:23<02:53,  2.77it/s]
 20%|████████████                                               | 123/600 [00:23<02:10,  3.65it/s]
 21%|████████████▎                                              | 125/600 [00:23<01:40,  4.71it/s]
                                                                                                  

 21%|████████████▎                                              | 125/600 [00:23<01:40,  4.71it/s]
 21%|████████████▍                                              | 127/600 [00:23<01:19,  5.95it/s]
 22%|████████████▋                                              | 129/600 [00:23<01:04,  7.30it/s]
 22%|████████████▉                                              | 131/600 [00:24<00:54,  8.67it/s]
 22%|█████████████                                              | 133/600 [00:24<00:46, 10.00it/s]
 22%|█████████████▎                                             | 135/600 [00:24<00:41, 11.18it/s]
 23%|█████████████▍                                             | 137/600 [00:24<00:37, 12.19it/s]
 23%|█████████████▋                                             | 139/600 [00:24<00:35, 12.96it/s]
 24%|█████████████▊                                             | 141/600 [00:24<00:33, 13.58it/s]
 24%|██████████████                                             | 143/600 [00:24<00:32, 14.02it/s]
 24%|██████████████▎                                            | 145/600 [00:24<00:31, 14.37it/s]
 24%|██████████████▍                                            | 147/600 [00:25<00:30, 14.63it/s]
 25%|██████████████▋                                            | 149/600 [00:25<00:30, 14.78it/s]
                                                                                                  

 25%|██████████████▊                                            | 150/600 [00:25<00:30, 14.78it/s]{'loss': '1.377', 'grad_norm': '10.22', 'learning_rate': '4.219e-05', 'epoch': '4.169'}
{'loss': '1.268', 'grad_norm': '44.13', 'learning_rate': '4e-05', 'epoch': '5'}


Writing model shards:   0%|                                                 | 0/1 [00:00<?, ?it/s][A

Writing model shards: 100%|█████████████████████████████████████████| 1/1 [00:00<00:00,  1.17it/s][A
Writing model shards: 100%|█████████████████████████████████████████| 1/1 [00:00<00:00,  1.17it/s]

 25%|██████████████▊                                            | 151/600 [00:28<03:42,  2.02it/s]
 26%|███████████████                                            | 153/600 [00:28<02:48,  2.66it/s]
 26%|███████████████▏                                           | 155/600 [00:28<02:05,  3.54it/s]
 26%|███████████████▍                                           | 157/600 [00:28<01:36,  4.61it/s]
 26%|███████████████▋                                           | 159/600 [00:28<01:15,  5.86it/s]
 27%|███████████████▊                                           | 161/600 [00:28<01:00,  7.21it/s]
 27%|████████████████                                           | 163/600 [00:29<00:50,  8.61it/s]
 28%|████████████████▏                                          | 165/600 [00:29<00:43,  9.97it/s]
 28%|████████████████▍                                          | 167/600 [00:29<00:38, 11.22it/s]
 28%|████████████████▌                                          | 169/600 [00:29<00:35, 12.26it/s]
 28%|████████████████▊                                          | 171/600 [00:29<00:32, 13.10it/s]
 29%|█████████████████                                          | 173/600 [00:29<00:30, 13.80it/s]
 29%|█████████████████▏                                         | 175/600 [00:29<00:29, 14.33it/s]
                                                                                                  

 29%|█████████████████▏                                         | 175/600 [00:29<00:29, 14.33it/s]
 30%|█████████████████▍                                         | 177/600 [00:29<00:28, 14.68it/s]
 30%|█████████████████▌                                         | 179/600 [00:30<00:28, 14.93it/s]{'loss': '1.17', 'grad_norm': '11.91', 'learning_rate': '3.781e-05', 'epoch': '5.847'}


Writing model shards:   0%|                                                 | 0/1 [00:00<?, ?it/s][A

Writing model shards: 100%|█████████████████████████████████████████| 1/1 [00:00<00:00,  2.20it/s][A
Writing model shards: 100%|█████████████████████████████████████████| 1/1 [00:00<00:00,  2.20it/s]

 30%|█████████████████▊                                         | 181/600 [00:31<02:00,  3.48it/s]
 30%|█████████████████▉                                         | 183/600 [00:32<01:47,  3.87it/s]
 31%|██████████████████▏                                        | 185/600 [00:32<01:23,  4.95it/s]
 31%|██████████████████▍                                        | 187/600 [00:32<01:06,  6.20it/s]
 32%|██████████████████▌                                        | 189/600 [00:32<00:54,  7.57it/s]
 32%|██████████████████▊                                        | 191/600 [00:32<00:45,  8.97it/s]
 32%|██████████████████▉                                        | 193/600 [00:32<00:39, 10.27it/s]
 32%|███████████████████▏                                       | 195/600 [00:32<00:35, 11.42it/s]
 33%|███████████████████▎                                       | 197/600 [00:32<00:32, 12.47it/s]
 33%|███████████████████▌                                       | 199/600 [00:33<00:30, 13.26it/s]
                                                                                                  

 33%|███████████████████▋                                       | 200/600 [00:33<00:30, 13.26it/s]
 34%|███████████████████▊                                       | 201/600 [00:33<00:28, 13.92it/s]
 34%|███████████████████▉                                       | 203/600 [00:33<00:27, 14.46it/s]
 34%|████████████████████▏                                      | 205/600 [00:33<00:26, 14.82it/s]
 34%|████████████████████▎                                      | 207/600 [00:33<00:26, 15.07it/s]
 35%|████████████████████▌                                      | 209/600 [00:33<00:25, 15.27it/s]{'loss': '1.097', 'grad_norm': '11.42', 'learning_rate': '3.561e-05', 'epoch': '6.678'}


Writing model shards:   0%|                                                 | 0/1 [00:00<?, ?it/s][A

Writing model shards: 100%|█████████████████████████████████████████| 1/1 [00:01<00:00,  1.03s/it][A
Writing model shards: 100%|█████████████████████████████████████████| 1/1 [00:01<00:00,  1.07s/it]

 35%|████████████████████▋                                      | 211/600 [00:37<03:33,  1.82it/s]
 36%|████████████████████▉                                      | 213/600 [00:37<02:36,  2.47it/s]
 36%|█████████████████████▏                                     | 215/600 [00:37<01:56,  3.30it/s]
 36%|█████████████████████▎                                     | 217/600 [00:37<01:28,  4.34it/s]
 36%|█████████████████████▌                                     | 219/600 [00:37<01:08,  5.55it/s]
 37%|█████████████████████▋                                     | 221/600 [00:37<00:54,  6.90it/s]
 37%|█████████████████████▉                                     | 223/600 [00:37<00:45,  8.33it/s]
 38%|██████████████████████▏                                    | 225/600 [00:37<00:38,  9.73it/s]
                                                                                                  

 38%|██████████████████████▏                                    | 225/600 [00:37<00:38,  9.73it/s]
 38%|██████████████████████▎                                    | 227/600 [00:38<00:33, 11.03it/s]
 38%|██████████████████████▌                                    | 229/600 [00:38<00:31, 11.70it/s]
 38%|██████████████████████▋                                    | 231/600 [00:38<00:28, 12.73it/s]
 39%|██████████████████████▉                                    | 233/600 [00:38<00:27, 13.57it/s]
 39%|███████████████████████                                    | 235/600 [00:38<00:25, 14.22it/s]
 40%|███████████████████████▎                                   | 237/600 [00:38<00:24, 14.70it/s]
 40%|███████████████████████▌                                   | 239/600 [00:38<00:23, 15.06it/s]{'loss': '1.046', 'grad_norm': '10.47', 'learning_rate': '3.342e-05', 'epoch': '7.508'}


Writing model shards:   0%|                                                 | 0/1 [00:00<?, ?it/s][A

Writing model shards: 100%|█████████████████████████████████████████| 1/1 [00:00<00:00,  1.65it/s][A
Writing model shards: 100%|█████████████████████████████████████████| 1/1 [00:00<00:00,  1.65it/s]

 40%|███████████████████████▋                                   | 241/600 [00:40<01:50,  3.25it/s]
 40%|███████████████████████▉                                   | 243/600 [00:40<01:23,  4.27it/s]
 41%|████████████████████████                                   | 245/600 [00:40<01:04,  5.48it/s]
 41%|████████████████████████▎                                  | 247/600 [00:40<00:51,  6.82it/s]
 42%|████████████████████████▍                                  | 249/600 [00:41<00:42,  8.25it/s]
                                                                                                  

 42%|████████████████████████▌                                  | 250/600 [00:41<00:42,  8.25it/s]
 42%|████████████████████████▋                                  | 251/600 [00:41<00:36,  9.63it/s]
 42%|████████████████████████▉                                  | 253/600 [00:41<00:31, 10.94it/s]
 42%|█████████████████████████                                  | 255/600 [00:41<00:28, 12.09it/s]
 43%|█████████████████████████▎                                 | 257/600 [00:41<00:26, 13.04it/s]
 43%|█████████████████████████▍                                 | 259/600 [00:41<00:24, 13.82it/s]
 44%|█████████████████████████▋                                 | 261/600 [00:41<00:23, 14.40it/s]
 44%|█████████████████████████▊                                 | 263/600 [00:41<00:22, 14.84it/s]
 44%|██████████████████████████                                 | 265/600 [00:42<00:22, 15.16it/s]
 44%|██████████████████████████▎                                | 267/600 [00:42<00:21, 15.39it/s]
 45%|██████████████████████████▍                                | 269/600 [00:42<00:21, 15.58it/s]{'loss': '1.017', 'grad_norm': '10.36', 'learning_rate': '3.123e-05', 'epoch': '8.339'}


Writing model shards:   0%|                                                 | 0/1 [00:00<?, ?it/s][A

Writing model shards: 100%|█████████████████████████████████████████| 1/1 [00:00<00:00,  1.64it/s][A
Writing model shards: 100%|█████████████████████████████████████████| 1/1 [00:00<00:00,  1.64it/s]

 45%|██████████████████████████▋                                | 271/600 [00:44<01:48,  3.03it/s]
 46%|██████████████████████████▊                                | 273/600 [00:44<01:21,  4.00it/s]
 46%|███████████████████████████                                | 275/600 [00:44<01:02,  5.17it/s]
                                                                                                  

 46%|███████████████████████████                                | 275/600 [00:44<01:02,  5.17it/s]
 46%|███████████████████████████▏                               | 277/600 [00:44<00:56,  5.67it/s]
 46%|███████████████████████████▍                               | 279/600 [00:45<01:01,  5.19it/s]
 47%|███████████████████████████▌                               | 280/600 [00:45<00:58,  5.44it/s]
 47%|███████████████████████████▋                               | 282/600 [00:45<00:45,  6.99it/s]
 47%|███████████████████████████▉                               | 284/600 [00:45<00:37,  8.54it/s]
 48%|████████████████████████████                               | 286/600 [00:45<00:31, 10.02it/s]
 48%|████████████████████████████▎                              | 288/600 [00:45<00:27, 11.33it/s]
 48%|████████████████████████████▌                              | 290/600 [00:46<00:24, 12.42it/s]
 49%|████████████████████████████▋                              | 292/600 [00:46<00:23, 13.36it/s]
 49%|████████████████████████████▉                              | 294/600 [00:46<00:21, 14.06it/s]
 49%|█████████████████████████████                              | 296/600 [00:46<00:20, 14.62it/s]
 50%|█████████████████████████████▎                             | 298/600 [00:46<00:20, 15.04it/s]
                                                                                                  

 50%|█████████████████████████████▌                             | 300/600 [00:46<00:19, 15.04it/s]{'loss': '0.9348', 'grad_norm': '8.219', 'learning_rate': '2.904e-05', 'epoch': '9.169'}
{'loss': '0.8842', 'grad_norm': '26.67', 'learning_rate': '2.684e-05', 'epoch': '10'}


Writing model shards:   0%|                                                 | 0/1 [00:00<?, ?it/s][A

Writing model shards: 100%|█████████████████████████████████████████| 1/1 [00:00<00:00,  1.63it/s][A
Writing model shards: 100%|█████████████████████████████████████████| 1/1 [00:00<00:00,  1.63it/s]

 50%|█████████████████████████████▌                             | 301/600 [00:49<01:49,  2.73it/s]
 50%|█████████████████████████████▊                             | 303/600 [00:49<01:24,  3.52it/s]
 51%|█████████████████████████████▉                             | 305/600 [00:49<01:05,  4.50it/s]
 51%|██████████████████████████████▏                            | 307/600 [00:49<00:51,  5.66it/s]
 52%|██████████████████████████████▍                            | 309/600 [00:49<00:41,  6.95it/s]
 52%|██████████████████████████████▌                            | 311/600 [00:49<00:34,  8.34it/s]
 52%|██████████████████████████████▊                            | 313/600 [00:49<00:29,  9.71it/s]
 52%|██████████████████████████████▉                            | 315/600 [00:49<00:25, 11.00it/s]
 53%|███████████████████████████████▏                           | 317/600 [00:50<00:23, 12.12it/s]
 53%|███████████████████████████████▎                           | 319/600 [00:50<00:21, 13.07it/s]
 54%|███████████████████████████████▌                           | 321/600 [00:50<00:20, 13.85it/s]
 54%|███████████████████████████████▊                           | 323/600 [00:50<00:19, 14.46it/s]
 54%|███████████████████████████████▉                           | 325/600 [00:50<00:18, 14.92it/s]
                                                                                                  

 54%|███████████████████████████████▉                           | 325/600 [00:50<00:18, 14.92it/s]
 55%|████████████████████████████████▏                          | 327/600 [00:50<00:17, 15.24it/s]
 55%|████████████████████████████████▎                          | 329/600 [00:50<00:17, 15.48it/s]{'loss': '0.8139', 'grad_norm': '9.809', 'learning_rate': '2.465e-05', 'epoch': '10.85'}


Writing model shards:   0%|                                                 | 0/1 [00:00<?, ?it/s][A

Writing model shards: 100%|█████████████████████████████████████████| 1/1 [00:00<00:00,  1.87it/s][A
Writing model shards: 100%|█████████████████████████████████████████| 1/1 [00:00<00:00,  1.83it/s]

 55%|████████████████████████████████▌                          | 331/600 [00:52<01:15,  3.58it/s]
 56%|████████████████████████████████▋                          | 333/600 [00:52<00:57,  4.66it/s]
 56%|████████████████████████████████▉                          | 335/600 [00:52<00:44,  5.92it/s]
 56%|█████████████████████████████████▏                         | 337/600 [00:52<00:36,  7.30it/s]
 56%|█████████████████████████████████▎                         | 339/600 [00:52<00:29,  8.74it/s]
 57%|█████████████████████████████████▌                         | 341/600 [00:52<00:25, 10.13it/s]
 57%|█████████████████████████████████▋                         | 343/600 [00:53<00:22, 11.37it/s]
 57%|█████████████████████████████████▉                         | 345/600 [00:53<00:20, 12.48it/s]
 58%|██████████████████████████████████                         | 347/600 [00:53<00:18, 13.39it/s]
 58%|██████████████████████████████████▎                        | 349/600 [00:53<00:17, 14.06it/s]
                                                                                                  

 58%|██████████████████████████████████▍                        | 350/600 [00:53<00:17, 14.06it/s]
 58%|██████████████████████████████████▌                        | 351/600 [00:53<00:17, 14.61it/s]
 59%|██████████████████████████████████▋                        | 353/600 [00:53<00:16, 15.01it/s]
 59%|██████████████████████████████████▉                        | 355/600 [00:53<00:15, 15.34it/s]
 60%|███████████████████████████████████                        | 357/600 [00:53<00:15, 15.58it/s]
 60%|███████████████████████████████████▎                       | 359/600 [00:54<00:15, 15.71it/s]{'loss': '0.8032', 'grad_norm': '12', 'learning_rate': '2.254e-05', 'epoch': '11.68'}


Writing model shards:   0%|                                                 | 0/1 [00:00<?, ?it/s][A

Writing model shards: 100%|█████████████████████████████████████████| 1/1 [00:00<00:00,  2.51it/s][A
Writing model shards: 100%|█████████████████████████████████████████| 1/1 [00:00<00:00,  2.50it/s]

 60%|███████████████████████████████████▍                       | 361/600 [00:55<01:03,  3.74it/s]
 60%|███████████████████████████████████▋                       | 363/600 [00:55<00:49,  4.79it/s]
 61%|███████████████████████████████████▉                       | 365/600 [00:55<00:38,  6.07it/s]
 61%|████████████████████████████████████                       | 367/600 [00:55<00:31,  7.48it/s]
 62%|████████████████████████████████████▎                      | 369/600 [00:56<00:25,  8.92it/s]
 62%|████████████████████████████████████▍                      | 371/600 [00:56<00:22, 10.32it/s]
 62%|████████████████████████████████████▋                      | 373/600 [00:56<00:19, 11.60it/s]
 62%|████████████████████████████████████▉                      | 375/600 [00:56<00:18, 12.42it/s]
                                                                                                  

 62%|████████████████████████████████████▉                      | 375/600 [00:56<00:18, 12.42it/s]
 63%|█████████████████████████████████████                      | 377/600 [00:56<00:16, 13.36it/s]
 63%|█████████████████████████████████████▎                     | 379/600 [00:56<00:15, 14.12it/s]
 64%|█████████████████████████████████████▍                     | 381/600 [00:56<00:14, 14.71it/s]
 64%|█████████████████████████████████████▋                     | 383/600 [00:56<00:14, 15.14it/s]
 64%|█████████████████████████████████████▊                     | 385/600 [00:57<00:13, 15.47it/s]
 64%|██████████████████████████████████████                     | 387/600 [00:57<00:13, 15.70it/s]
 65%|██████████████████████████████████████▎                    | 389/600 [00:57<00:13, 15.87it/s]{'loss': '0.7726', 'grad_norm': '8.325', 'learning_rate': '2.035e-05', 'epoch': '12.51'}


Writing model shards:   0%|                                                 | 0/1 [00:00<?, ?it/s][A

Writing model shards: 100%|█████████████████████████████████████████| 1/1 [00:00<00:00,  2.16it/s][A
Writing model shards: 100%|█████████████████████████████████████████| 1/1 [00:00<00:00,  2.16it/s]

 65%|██████████████████████████████████████▍                    | 391/600 [00:58<01:02,  3.36it/s]
 66%|██████████████████████████████████████▋                    | 393/600 [00:59<00:46,  4.41it/s]
 66%|██████████████████████████████████████▊                    | 395/600 [00:59<00:36,  5.63it/s]
 66%|███████████████████████████████████████                    | 397/600 [00:59<00:28,  7.01it/s]
 66%|███████████████████████████████████████▏                   | 399/600 [00:59<00:23,  8.45it/s]
                                                                                                  

 67%|███████████████████████████████████████▎                   | 400/600 [00:59<00:23,  8.45it/s]
 67%|███████████████████████████████████████▍                   | 401/600 [00:59<00:20,  9.85it/s]
 67%|███████████████████████████████████████▋                   | 403/600 [00:59<00:17, 11.18it/s]
 68%|███████████████████████████████████████▊                   | 405/600 [00:59<00:15, 12.31it/s]
 68%|████████████████████████████████████████                   | 407/600 [00:59<00:14, 13.23it/s]
 68%|████████████████████████████████████████▏                  | 409/600 [01:00<00:14, 13.17it/s]
 68%|████████████████████████████████████████▍                  | 411/600 [01:00<00:13, 13.95it/s]
 69%|████████████████████████████████████████▌                  | 413/600 [01:00<00:13, 13.98it/s]
 69%|████████████████████████████████████████▊                  | 415/600 [01:00<00:12, 14.59it/s]
 70%|█████████████████████████████████████████                  | 417/600 [01:00<00:12, 15.03it/s]
 70%|█████████████████████████████████████████▏                 | 419/600 [01:00<00:11, 15.36it/s]{'loss': '0.6938', 'grad_norm': '12.87', 'learning_rate': '1.816e-05', 'epoch': '13.34'}


Writing model shards:   0%|                                                 | 0/1 [00:00<?, ?it/s][A

Writing model shards: 100%|█████████████████████████████████████████| 1/1 [00:00<00:00,  2.90it/s][A
Writing model shards: 100%|█████████████████████████████████████████| 1/1 [00:00<00:00,  2.90it/s]

 70%|█████████████████████████████████████████▍                 | 421/600 [01:02<00:41,  4.35it/s]
 70%|█████████████████████████████████████████▌                 | 423/600 [01:02<00:31,  5.56it/s]
 71%|█████████████████████████████████████████▊                 | 425/600 [01:02<00:25,  6.92it/s]
                                                                                                  

 71%|█████████████████████████████████████████▊                 | 425/600 [01:02<00:25,  6.92it/s]
 71%|█████████████████████████████████████████▉                 | 427/600 [01:02<00:20,  8.34it/s]
 72%|██████████████████████████████████████████▏                | 429/600 [01:02<00:17,  9.75it/s]
 72%|██████████████████████████████████████████▍                | 431/600 [01:02<00:15, 11.07it/s]
 72%|██████████████████████████████████████████▌                | 433/600 [01:02<00:13, 12.22it/s]
 72%|██████████████████████████████████████████▊                | 435/600 [01:02<00:12, 12.94it/s]
 73%|██████████████████████████████████████████▉                | 437/600 [01:03<00:11, 13.64it/s]
 73%|███████████████████████████████████████████▏               | 439/600 [01:03<00:11, 14.16it/s]
 74%|███████████████████████████████████████████▎               | 441/600 [01:03<00:10, 14.62it/s]
 74%|███████████████████████████████████████████▌               | 443/600 [01:03<00:10, 14.45it/s]
 74%|███████████████████████████████████████████▊               | 445/600 [01:03<00:10, 14.33it/s]
 74%|███████████████████████████████████████████▉               | 447/600 [01:03<00:10, 14.60it/s]
 75%|████████████████████████████████████████████▏              | 449/600 [01:03<00:10, 14.96it/s]
                                                                                                  

 75%|████████████████████████████████████████████▎              | 450/600 [01:03<00:10, 14.96it/s]{'loss': '0.6959', 'grad_norm': '10.73', 'learning_rate': '1.596e-05', 'epoch': '14.17'}
{'loss': '0.6425', 'grad_norm': '9.755', 'learning_rate': '1.377e-05', 'epoch': '15'}


Writing model shards:   0%|                                                 | 0/1 [00:00<?, ?it/s][A

Writing model shards: 100%|█████████████████████████████████████████| 1/1 [00:00<00:00,  1.43it/s][A
Writing model shards: 100%|█████████████████████████████████████████| 1/1 [00:00<00:00,  1.43it/s]

 75%|████████████████████████████████████████████▎              | 451/600 [01:05<00:55,  2.70it/s]
 76%|████████████████████████████████████████████▌              | 453/600 [01:06<00:41,  3.59it/s]
 76%|████████████████████████████████████████████▋              | 455/600 [01:06<00:31,  4.67it/s]
 76%|████████████████████████████████████████████▉              | 457/600 [01:06<00:24,  5.94it/s]
 76%|█████████████████████████████████████████████▏             | 459/600 [01:06<00:19,  7.32it/s]
 77%|█████████████████████████████████████████████▎             | 461/600 [01:06<00:15,  8.75it/s]
 77%|█████████████████████████████████████████████▌             | 463/600 [01:06<00:13, 10.13it/s]
 78%|█████████████████████████████████████████████▋             | 465/600 [01:06<00:11, 11.40it/s]
 78%|█████████████████████████████████████████████▉             | 467/600 [01:06<00:10, 12.48it/s]
 78%|██████████████████████████████████████████████             | 469/600 [01:07<00:09, 13.38it/s]
 78%|██████████████████████████████████████████████▎            | 471/600 [01:07<00:09, 14.09it/s]
 79%|██████████████████████████████████████████████▌            | 473/600 [01:07<00:08, 14.62it/s]
 79%|██████████████████████████████████████████████▋            | 475/600 [01:07<00:08, 15.04it/s]
                                                                                                  

 79%|██████████████████████████████████████████████▋            | 475/600 [01:07<00:08, 15.04it/s]
 80%|██████████████████████████████████████████████▉            | 477/600 [01:07<00:08, 15.32it/s]
 80%|███████████████████████████████████████████████            | 479/600 [01:07<00:07, 15.53it/s]{'loss': '0.6557', 'grad_norm': '11.38', 'learning_rate': '1.158e-05', 'epoch': '15.85'}


Writing model shards:   0%|                                                 | 0/1 [00:00<?, ?it/s][A

Writing model shards: 100%|█████████████████████████████████████████| 1/1 [00:00<00:00,  1.10it/s][A
Writing model shards: 100%|█████████████████████████████████████████| 1/1 [00:00<00:00,  1.10it/s]

 80%|███████████████████████████████████████████████▎           | 481/600 [01:09<00:39,  2.99it/s]
 80%|███████████████████████████████████████████████▍           | 483/600 [01:09<00:29,  3.95it/s]
 81%|███████████████████████████████████████████████▋           | 485/600 [01:09<00:22,  5.10it/s]
 81%|███████████████████████████████████████████████▉           | 487/600 [01:10<00:17,  6.42it/s]
 82%|████████████████████████████████████████████████           | 489/600 [01:10<00:14,  7.71it/s]
 82%|████████████████████████████████████████████████▎          | 491/600 [01:10<00:11,  9.11it/s]
 82%|████████████████████████████████████████████████▍          | 493/600 [01:10<00:10, 10.47it/s]
 82%|████████████████████████████████████████████████▋          | 495/600 [01:10<00:08, 11.71it/s]
 83%|████████████████████████████████████████████████▊          | 497/600 [01:10<00:08, 12.77it/s]
 83%|█████████████████████████████████████████████████          | 499/600 [01:10<00:07, 13.62it/s]
                                                                                                  

 83%|█████████████████████████████████████████████████▏         | 500/600 [01:10<00:07, 13.62it/s]
 84%|█████████████████████████████████████████████████▎         | 501/600 [01:10<00:06, 14.30it/s]
 84%|█████████████████████████████████████████████████▍         | 503/600 [01:11<00:06, 14.83it/s]
 84%|█████████████████████████████████████████████████▋         | 505/600 [01:11<00:06, 15.18it/s]
 84%|█████████████████████████████████████████████████▊         | 507/600 [01:11<00:06, 15.49it/s]
 85%|██████████████████████████████████████████████████         | 509/600 [01:11<00:05, 15.72it/s]{'loss': '0.6196', 'grad_norm': '8.763', 'learning_rate': '9.386e-06', 'epoch': '16.68'}


Writing model shards:   0%|                                                 | 0/1 [00:00<?, ?it/s][A

Writing model shards: 100%|█████████████████████████████████████████| 1/1 [00:00<00:00,  2.08it/s][A
Writing model shards: 100%|█████████████████████████████████████████| 1/1 [00:00<00:00,  2.08it/s]

 85%|██████████████████████████████████████████████████▏        | 511/600 [01:12<00:23,  3.71it/s]
 86%|██████████████████████████████████████████████████▍        | 513/600 [01:13<00:18,  4.83it/s]
 86%|██████████████████████████████████████████████████▋        | 515/600 [01:13<00:13,  6.12it/s]
 86%|██████████████████████████████████████████████████▊        | 517/600 [01:13<00:11,  7.52it/s]
 86%|███████████████████████████████████████████████████        | 519/600 [01:13<00:09,  8.96it/s]
 87%|███████████████████████████████████████████████████▏       | 521/600 [01:13<00:07, 10.34it/s]
 87%|███████████████████████████████████████████████████▍       | 523/600 [01:13<00:06, 11.60it/s]
 88%|███████████████████████████████████████████████████▋       | 525/600 [01:13<00:05, 12.68it/s]
                                                                                                  

 88%|███████████████████████████████████████████████████▋       | 525/600 [01:13<00:05, 12.68it/s]
 88%|███████████████████████████████████████████████████▊       | 527/600 [01:13<00:05, 13.55it/s]
 88%|████████████████████████████████████████████████████       | 529/600 [01:14<00:04, 14.25it/s]
 88%|████████████████████████████████████████████████████▏      | 531/600 [01:14<00:04, 14.78it/s]
 89%|████████████████████████████████████████████████████▍      | 533/600 [01:14<00:04, 15.17it/s]
 89%|████████████████████████████████████████████████████▌      | 535/600 [01:14<00:04, 15.47it/s]
 90%|████████████████████████████████████████████████████▊      | 537/600 [01:14<00:04, 15.67it/s]
 90%|█████████████████████████████████████████████████████      | 539/600 [01:14<00:03, 15.83it/s]{'loss': '0.6069', 'grad_norm': '10.02', 'learning_rate': '7.193e-06', 'epoch': '17.51'}


Writing model shards:   0%|                                                 | 0/1 [00:00<?, ?it/s][A

Writing model shards: 100%|█████████████████████████████████████████| 1/1 [00:00<00:00,  2.48it/s][A
Writing model shards: 100%|█████████████████████████████████████████| 1/1 [00:00<00:00,  2.48it/s]

 90%|█████████████████████████████████████████████████████▏     | 541/600 [01:16<00:16,  3.65it/s]
 90%|█████████████████████████████████████████████████████▍     | 543/600 [01:16<00:11,  4.75it/s]
 91%|█████████████████████████████████████████████████████▌     | 545/600 [01:16<00:09,  6.03it/s]
 91%|█████████████████████████████████████████████████████▊     | 547/600 [01:16<00:07,  7.43it/s]
 92%|█████████████████████████████████████████████████████▉     | 549/600 [01:16<00:05,  8.87it/s]
                                                                                                  

 92%|██████████████████████████████████████████████████████     | 550/600 [01:16<00:05,  8.87it/s]
 92%|██████████████████████████████████████████████████████▏    | 551/600 [01:16<00:04, 10.24it/s]
 92%|██████████████████████████████████████████████████████▍    | 553/600 [01:16<00:04, 11.50it/s]
 92%|██████████████████████████████████████████████████████▌    | 555/600 [01:17<00:03, 12.60it/s]
 93%|██████████████████████████████████████████████████████▊    | 557/600 [01:17<00:03, 13.35it/s]
 93%|██████████████████████████████████████████████████████▉    | 559/600 [01:17<00:02, 14.08it/s]
 94%|███████████████████████████████████████████████████████▏   | 561/600 [01:17<00:02, 14.63it/s]
 94%|███████████████████████████████████████████████████████▎   | 563/600 [01:17<00:02, 14.52it/s]
 94%|███████████████████████████████████████████████████████▌   | 565/600 [01:17<00:02, 14.93it/s]
 94%|███████████████████████████████████████████████████████▊   | 567/600 [01:17<00:02, 15.21it/s]
 95%|███████████████████████████████████████████████████████▉   | 569/600 [01:17<00:02, 15.39it/s]{'loss': '0.6292', 'grad_norm': '8.248', 'learning_rate': '5e-06', 'epoch': '18.34'}


Writing model shards:   0%|                                                 | 0/1 [00:00<?, ?it/s][A

Writing model shards: 100%|█████████████████████████████████████████| 1/1 [00:00<00:00,  1.15it/s][A
Writing model shards: 100%|█████████████████████████████████████████| 1/1 [00:00<00:00,  1.15it/s]

 95%|████████████████████████████████████████████████████████▏  | 571/600 [01:20<00:12,  2.38it/s]
 96%|████████████████████████████████████████████████████████▎  | 573/600 [01:20<00:08,  3.18it/s]
 96%|████████████████████████████████████████████████████████▌  | 575/600 [01:20<00:05,  4.18it/s]
                                                                                                  

 96%|████████████████████████████████████████████████████████▌  | 575/600 [01:20<00:05,  4.18it/s]
 96%|████████████████████████████████████████████████████████▋  | 577/600 [01:20<00:04,  5.37it/s]
 96%|████████████████████████████████████████████████████████▉  | 579/600 [01:20<00:03,  6.70it/s]
 97%|█████████████████████████████████████████████████████████▏ | 581/600 [01:21<00:02,  8.12it/s]
 97%|█████████████████████████████████████████████████████████▎ | 583/600 [01:21<00:01,  9.53it/s]
 98%|█████████████████████████████████████████████████████████▌ | 585/600 [01:21<00:01, 10.86it/s]
 98%|█████████████████████████████████████████████████████████▋ | 587/600 [01:21<00:01, 12.00it/s]
 98%|█████████████████████████████████████████████████████████▉ | 589/600 [01:21<00:00, 12.99it/s]
 98%|██████████████████████████████████████████████████████████ | 591/600 [01:21<00:00, 13.78it/s]
 99%|██████████████████████████████████████████████████████████▎| 593/600 [01:21<00:00, 14.34it/s]
 99%|██████████████████████████████████████████████████████████▌| 595/600 [01:21<00:00, 14.84it/s]
100%|██████████████████████████████████████████████████████████▋| 597/600 [01:22<00:00, 15.20it/s]
100%|██████████████████████████████████████████████████████████▉| 599/600 [01:22<00:00, 15.41it/s]
                                                                                                  

100%|███████████████████████████████████████████████████████████| 600/600 [01:22<00:00, 15.41it/s]{'loss': '0.5294', 'grad_norm': '9.651', 'learning_rate': '2.807e-06', 'epoch': '19.17'}
{'loss': '0.5505', 'grad_norm': '24.65', 'learning_rate': '6.14e-07', 'epoch': '20'}


Writing model shards:   0%|                                                 | 0/1 [00:00<?, ?it/s][A

Writing model shards: 100%|█████████████████████████████████████████| 1/1 [00:00<00:00,  1.92it/s][A
Writing model shards: 100%|█████████████████████████████████████████| 1/1 [00:00<00:00,  1.92it/s]

                                                                                                  

100%|███████████████████████████████████████████████████████████| 600/600 [01:24<00:00, 15.41it/s]
100%|███████████████████████████████████████████████████████████| 600/600 [01:24<00:00,  7.10it/s]
{'train_runtime': '84.49', 'train_samples_per_second': '110.1', 'train_steps_per_second': '7.101', 'train_loss': '1.066', 'epoch': '20'}

  0%|                                                                       | 0/9 [00:00<?, ?it/s]
100%|███████████████████████████████████████████████████████████████| 9/9 [00:00<00:00, 90.39it/s]

Writing model shards:   0%|                                                 | 0/1 [00:00<?, ?it/s]
Writing model shards: 100%|█████████████████████████████████████████| 1/1 [00:00<00:00,  1.03it/s]
Writing model shards: 100%|█████████████████████████████████████████| 1/1 [00:00<00:00,  1.03it/s]

Loading weights:   0%|                                                     | 0/76 [00:00<?, ?it/s]
Loading weights:  79%|█████████████████████████████████▉         | 60/76 [00:00<00:00, 590.26it/s]
Loading weights: 100%|███████████████████████████████████████████| 76/76 [00:00<00:00, 338.94it/s]

Loading weights:   0%|                                                     | 0/76 [00:00<?, ?it/s]
Loading weights: 100%|███████████████████████████████████████████| 76/76 [00:00<00:00, 513.11it/s]
Loading weights: 100%|███████████████████████████████████████████| 76/76 [00:00<00:00, 511.87it/s]
<local-root>/miniconda3/lib/python3.13/site-packages/torch/cuda/__init__.py:61: FutureWarning: The pynvml package is deprecated. Please install nvidia-ml-py instead. If you did not install pynvml directly, please report this to the maintainers of the package that installed pynvml for you.
  import pynvml  # type: ignore[import]

Loading weights:   0%|                                                     | 0/76 [00:00<?, ?it/s]
Loading weights:  18%|███████▉                                   | 14/76 [00:00<00:00, 114.41it/s]
Loading weights:  47%|████████████████████▎                      | 36/76 [00:00<00:00, 157.53it/s]
Loading weights:  68%|█████████████████████████████▍             | 52/76 [00:00<00:00, 136.96it/s]
Loading weights:  87%|█████████████████████████████████████▎     | 66/76 [00:00<00:00, 136.89it/s]
Loading weights: 100%|████████████████████████████████████████████| 76/76 [00:00<00:00, 90.68it/s]

Loading weights:   0%|                                                     | 0/76 [00:00<?, ?it/s]
Loading weights:  16%|██████▉                                     | 12/76 [00:00<00:00, 96.24it/s]
Loading weights:  32%|█████████████▌                             | 24/76 [00:00<00:00, 101.89it/s]
Loading weights:  47%|████████████████████▊                       | 36/76 [00:00<00:00, 96.99it/s]
Loading weights:  63%|███████████████████████████▏               | 48/76 [00:00<00:00, 104.46it/s]
Loading weights:  79%|█████████████████████████████████▉         | 60/76 [00:00<00:00, 101.52it/s]
Loading weights: 100%|████████████████████████████████████████████| 76/76 [00:01<00:00, 47.23it/s]
Loading weights: 100%|████████████████████████████████████████████| 76/76 [00:01<00:00, 63.47it/s]

Loading weights:   0%|                                                    | 0/292 [00:00<?, ?it/s]
Loading weights: 100%|████████████████████████████████████████| 292/292 [00:00<00:00, 6892.59it/s]
[RANK 0] Detected kernel version 5.4.0, which is below the recommended minimum of 5.5.0; this can cause the process to hang. It is recommended to upgrade the kernel to the minimum version or higher.

  0%|                                                                     | 0/540 [00:00<?, ?it/s]
  0%|                                                             | 1/540 [00:00<02:11,  4.09it/s]
  0%|▏                                                            | 2/540 [00:00<01:55,  4.65it/s]
  1%|▎                                                            | 3/540 [00:00<01:49,  4.92it/s]
  1%|▍                                                            | 4/540 [00:00<01:45,  5.06it/s]
  1%|▌                                                            | 5/540 [00:01<01:46,  5.01it/s]
  1%|▋                                                            | 6/540 [00:01<01:48,  4.94it/s]
  1%|▊                                                            | 7/540 [00:01<01:49,  4.86it/s]
  1%|▉                                                            | 8/540 [00:01<01:51,  4.76it/s]
  2%|█                                                            | 9/540 [00:01<01:51,  4.75it/s]
  2%|█                                                           | 10/540 [00:02<01:51,  4.74it/s]
  2%|█▏                                                          | 11/540 [00:02<01:51,  4.73it/s]
  2%|█▎                                                          | 12/540 [00:02<01:51,  4.72it/s]
  2%|█▍                                                          | 13/540 [00:02<01:51,  4.71it/s]
  3%|█▌                                                          | 14/540 [00:02<01:51,  4.71it/s]
  3%|█▋                                                          | 15/540 [00:03<01:52,  4.67it/s]
  3%|█▊                                                          | 16/540 [00:03<01:52,  4.66it/s]
  3%|█▉                                                          | 17/540 [00:03<01:53,  4.60it/s]
  3%|██                                                          | 18/540 [00:03<01:53,  4.60it/s]
  4%|██                                                          | 19/540 [00:04<01:52,  4.63it/s]
  4%|██▏                                                         | 20/540 [00:04<01:51,  4.66it/s]
  4%|██▎                                                         | 21/540 [00:04<01:51,  4.63it/s]
  4%|██▍                                                         | 22/540 [00:04<01:51,  4.64it/s]
  4%|██▌                                                         | 23/540 [00:04<01:51,  4.65it/s]
  4%|██▋                                                         | 24/540 [00:05<01:50,  4.66it/s]
  5%|██▊                                                         | 25/540 [00:05<01:56,  4.43it/s]
                                                                                                  

  5%|██▊                                                         | 25/540 [00:05<01:56,  4.43it/s]
  5%|██▉                                                         | 26/540 [00:05<01:53,  4.53it/s]
  5%|███                                                         | 27/540 [00:05<01:51,  4.58it/s]
  5%|███                                                         | 28/540 [00:05<01:50,  4.62it/s]
  5%|███▏                                                        | 29/540 [00:06<01:49,  4.65it/s]
  6%|███▎                                                        | 30/540 [00:06<01:34,  5.40it/s]{'loss': '2.748', 'grad_norm': '11.85', 'learning_rate': '3.333e-05', 'epoch': '0.8475'}


Writing model shards:   0%|                                                 | 0/1 [00:00<?, ?it/s][A

Writing model shards: 100%|█████████████████████████████████████████| 1/1 [00:06<00:00,  6.62s/it][A
Writing model shards: 100%|█████████████████████████████████████████| 1/1 [00:06<00:00,  6.62s/it]

  6%|███▍                                                        | 31/540 [00:18<33:23,  3.94s/it]
  6%|███▌                                                        | 32/540 [00:19<23:52,  2.82s/it]
  6%|███▋                                                        | 33/540 [00:19<17:12,  2.04s/it]
  6%|███▊                                                        | 34/540 [00:19<12:33,  1.49s/it]
  6%|███▉                                                        | 35/540 [00:19<09:18,  1.11s/it]
  7%|████                                                        | 36/540 [00:20<07:02,  1.19it/s]
  7%|████                                                        | 37/540 [00:20<05:26,  1.54it/s]
  7%|████▏                                                       | 38/540 [00:20<04:20,  1.93it/s]
  7%|████▎                                                       | 39/540 [00:20<03:33,  2.35it/s]
  7%|████▍                                                       | 40/540 [00:20<03:00,  2.76it/s]
  8%|████▌                                                       | 41/540 [00:21<02:38,  3.16it/s]
  8%|████▋                                                       | 42/540 [00:21<02:22,  3.50it/s]
  8%|████▊                                                       | 43/540 [00:21<02:11,  3.79it/s]
  8%|████▉                                                       | 44/540 [00:21<02:03,  4.02it/s]
  8%|█████                                                       | 45/540 [00:21<01:57,  4.21it/s]
  9%|█████                                                       | 46/540 [00:22<01:53,  4.35it/s]
  9%|█████▏                                                      | 47/540 [00:22<01:50,  4.46it/s]
  9%|█████▎                                                      | 48/540 [00:22<01:48,  4.54it/s]
  9%|█████▍                                                      | 49/540 [00:22<01:47,  4.58it/s]
  9%|█████▌                                                      | 50/540 [00:23<01:46,  4.61it/s]
                                                                                                  

  9%|█████▌                                                      | 50/540 [00:23<01:46,  4.61it/s]
  9%|█████▋                                                      | 51/540 [00:23<01:45,  4.65it/s]
 10%|█████▊                                                      | 52/540 [00:23<01:44,  4.67it/s]
 10%|█████▉                                                      | 53/540 [00:23<01:43,  4.68it/s]
 10%|██████                                                      | 54/540 [00:23<01:43,  4.70it/s]
 10%|██████                                                      | 55/540 [00:24<01:44,  4.65it/s]
 10%|██████▏                                                     | 56/540 [00:24<01:44,  4.62it/s]
 11%|██████▎                                                     | 57/540 [00:24<01:45,  4.59it/s]
 11%|██████▍                                                     | 58/540 [00:24<01:45,  4.55it/s]
 11%|██████▌                                                     | 59/540 [00:24<01:46,  4.53it/s]{'loss': '1.598', 'grad_norm': '19.35', 'learning_rate': '4.863e-05', 'epoch': '1.678'}


Writing model shards:   0%|                                                 | 0/1 [00:00<?, ?it/s][A

Writing model shards: 100%|█████████████████████████████████████████| 1/1 [00:09<00:00,  9.10s/it][A
Writing model shards: 100%|█████████████████████████████████████████| 1/1 [00:09<00:00,  9.10s/it]

 11%|██████▊                                                     | 61/540 [00:38<25:23,  3.18s/it]
 11%|██████▉                                                     | 62/540 [00:38<19:28,  2.44s/it]
 12%|███████                                                     | 63/540 [00:38<14:47,  1.86s/it]
 12%|███████                                                     | 64/540 [00:38<11:12,  1.41s/it]
 12%|███████▏                                                    | 65/540 [00:39<08:31,  1.08s/it]
 12%|███████▎                                                    | 66/540 [00:39<06:32,  1.21it/s]
 12%|███████▍                                                    | 67/540 [00:39<05:07,  1.54it/s]
 13%|███████▌                                                    | 68/540 [00:39<04:06,  1.92it/s]
 13%|███████▋                                                    | 69/540 [00:39<03:29,  2.25it/s]
 13%|███████▊                                                    | 70/540 [00:40<02:57,  2.64it/s]
 13%|███████▉                                                    | 71/540 [00:40<02:34,  3.04it/s]
 13%|████████                                                    | 72/540 [00:40<02:17,  3.41it/s]
 14%|████████                                                    | 73/540 [00:40<02:05,  3.72it/s]
 14%|████████▏                                                   | 74/540 [00:41<01:58,  3.94it/s]
 14%|████████▎                                                   | 75/540 [00:41<01:52,  4.15it/s]
                                                                                                  

 14%|████████▎                                                   | 75/540 [00:41<01:52,  4.15it/s]
 14%|████████▍                                                   | 76/540 [00:41<01:47,  4.31it/s]
 14%|████████▌                                                   | 77/540 [00:41<01:44,  4.43it/s]
 14%|████████▋                                                   | 78/540 [00:41<01:42,  4.49it/s]
 15%|████████▊                                                   | 79/540 [00:42<01:41,  4.56it/s]
 15%|████████▉                                                   | 80/540 [00:42<01:40,  4.60it/s]
 15%|█████████                                                   | 81/540 [00:42<01:38,  4.64it/s]
 15%|█████████                                                   | 82/540 [00:42<01:38,  4.66it/s]
 15%|█████████▏                                                  | 83/540 [00:42<01:38,  4.65it/s]
 16%|█████████▎                                                  | 84/540 [00:43<01:37,  4.66it/s]
 16%|█████████▍                                                  | 85/540 [00:43<01:37,  4.65it/s]
 16%|█████████▌                                                  | 86/540 [00:43<01:37,  4.64it/s]
 16%|█████████▋                                                  | 87/540 [00:43<01:37,  4.66it/s]
 16%|█████████▊                                                  | 88/540 [00:44<01:36,  4.67it/s]
 16%|█████████▉                                                  | 89/540 [00:44<01:36,  4.69it/s]{'loss': '1.263', 'grad_norm': '14.97', 'learning_rate': '4.618e-05', 'epoch': '2.508'}


Writing model shards:   0%|                                                 | 0/1 [00:00<?, ?it/s][A

Writing model shards: 100%|█████████████████████████████████████████| 1/1 [00:01<00:00,  1.92s/it][A
Writing model shards: 100%|█████████████████████████████████████████| 1/1 [00:01<00:00,  1.92s/it]

 17%|██████████                                                  | 91/540 [00:52<15:09,  2.03s/it]
 17%|██████████▏                                                 | 92/540 [00:52<11:46,  1.58s/it]
 17%|██████████▎                                                 | 93/540 [00:52<09:05,  1.22s/it]
 17%|██████████▍                                                 | 94/540 [00:53<07:02,  1.05it/s]
 18%|██████████▌                                                 | 95/540 [00:53<05:30,  1.35it/s]
 18%|██████████▋                                                 | 96/540 [00:53<04:22,  1.69it/s]
 18%|██████████▊                                                 | 97/540 [00:53<03:33,  2.07it/s]
 18%|██████████▉                                                 | 98/540 [00:54<02:58,  2.48it/s]
 18%|███████████                                                 | 99/540 [00:54<02:34,  2.86it/s]
 19%|██████████▉                                                | 100/540 [00:54<02:15,  3.24it/s]
                                                                                                  

 19%|██████████▉                                                | 100/540 [00:54<02:15,  3.24it/s]
 19%|███████████                                                | 101/540 [00:54<02:03,  3.57it/s]
 19%|███████████▏                                               | 102/540 [00:54<01:54,  3.83it/s]
 19%|███████████▎                                               | 103/540 [00:55<01:47,  4.06it/s]
 19%|███████████▎                                               | 104/540 [00:55<01:43,  4.22it/s]
 19%|███████████▍                                               | 105/540 [00:55<01:40,  4.33it/s]
 20%|███████████▌                                               | 106/540 [00:55<01:37,  4.44it/s]
 20%|███████████▋                                               | 107/540 [00:55<01:36,  4.50it/s]
 20%|███████████▊                                               | 108/540 [00:56<01:34,  4.57it/s]
 20%|███████████▉                                               | 109/540 [00:56<01:33,  4.62it/s]
 20%|████████████                                               | 110/540 [00:56<01:32,  4.63it/s]
 21%|████████████▏                                              | 111/540 [00:56<01:31,  4.66it/s]
 21%|████████████▏                                              | 112/540 [00:57<01:31,  4.67it/s]
 21%|████████████▎                                              | 113/540 [00:57<01:31,  4.69it/s]
 21%|████████████▍                                              | 114/540 [00:57<01:30,  4.70it/s]
 21%|████████████▌                                              | 115/540 [00:57<01:30,  4.69it/s]
 21%|████████████▋                                              | 116/540 [00:57<01:30,  4.71it/s]
 22%|████████████▊                                              | 117/540 [00:58<01:29,  4.70it/s]
 22%|████████████▉                                              | 118/540 [00:58<01:29,  4.71it/s]
 22%|█████████████                                              | 119/540 [00:58<01:29,  4.72it/s]{'loss': '0.9854', 'grad_norm': '12.11', 'learning_rate': '4.382e-05', 'epoch': '3.339'}


Writing model shards:   0%|                                                 | 0/1 [00:00<?, ?it/s][A

Writing model shards: 100%|█████████████████████████████████████████| 1/1 [00:02<00:00,  2.92s/it][A
Writing model shards: 100%|█████████████████████████████████████████| 1/1 [00:02<00:00,  2.92s/it]

 22%|█████████████▏                                             | 121/540 [01:07<16:01,  2.29s/it]
 23%|█████████████▎                                             | 122/540 [01:08<12:23,  1.78s/it]
 23%|█████████████▍                                             | 123/540 [01:08<09:30,  1.37s/it]
 23%|█████████████▌                                             | 124/540 [01:08<07:18,  1.05s/it]
 23%|█████████████▋                                             | 125/540 [01:08<05:39,  1.22it/s]
                                                                                                  

 23%|█████████████▋                                             | 125/540 [01:08<05:39,  1.22it/s]
 23%|█████████████▊                                             | 126/540 [01:09<04:27,  1.55it/s]
 24%|█████████████▉                                             | 127/540 [01:09<03:34,  1.92it/s]
 24%|█████████████▉                                             | 128/540 [01:09<02:57,  2.32it/s]
 24%|██████████████                                             | 129/540 [01:09<02:30,  2.73it/s]
 24%|██████████████▏                                            | 130/540 [01:09<02:11,  3.12it/s]
 24%|██████████████▎                                            | 131/540 [01:10<01:58,  3.46it/s]
 24%|██████████████▍                                            | 132/540 [01:10<01:48,  3.76it/s]
 25%|██████████████▌                                            | 133/540 [01:10<01:41,  3.99it/s]
 25%|██████████████▋                                            | 134/540 [01:10<01:37,  4.18it/s]
 25%|██████████████▊                                            | 135/540 [01:10<01:33,  4.32it/s]
 25%|██████████████▊                                            | 136/540 [01:11<01:31,  4.44it/s]
 25%|██████████████▉                                            | 137/540 [01:11<01:29,  4.52it/s]
 26%|███████████████                                            | 138/540 [01:11<01:27,  4.58it/s]
 26%|███████████████▏                                           | 139/540 [01:11<01:26,  4.63it/s]
 26%|███████████████▎                                           | 140/540 [01:12<01:26,  4.65it/s]
 26%|███████████████▍                                           | 141/540 [01:12<01:25,  4.66it/s]
 26%|███████████████▌                                           | 142/540 [01:12<01:25,  4.66it/s]
 26%|███████████████▌                                           | 143/540 [01:12<01:25,  4.65it/s]
 27%|███████████████▋                                           | 144/540 [01:12<01:25,  4.64it/s]
 27%|███████████████▊                                           | 145/540 [01:13<01:27,  4.51it/s]
 27%|███████████████▉                                           | 146/540 [01:13<01:26,  4.53it/s]
 27%|████████████████                                           | 147/540 [01:13<01:26,  4.56it/s]
 27%|████████████████▏                                          | 148/540 [01:13<01:25,  4.60it/s]
 28%|████████████████▎                                          | 149/540 [01:13<01:24,  4.61it/s]
 28%|████████████████▍                                          | 150/540 [01:14<01:11,  5.44it/s]
                                                                                                  

 28%|████████████████▍                                          | 150/540 [01:14<01:11,  5.44it/s]{'loss': '0.8153', 'grad_norm': '12.4', 'learning_rate': '4.147e-05', 'epoch': '4.169'}
{'loss': '0.7084', 'grad_norm': '21.33', 'learning_rate': '3.902e-05', 'epoch': '5'}


Writing model shards:   0%|                                                 | 0/1 [00:00<?, ?it/s][A

Writing model shards: 100%|█████████████████████████████████████████| 1/1 [00:03<00:00,  3.12s/it][A
Writing model shards: 100%|█████████████████████████████████████████| 1/1 [00:03<00:00,  3.12s/it]

 28%|████████████████▍                                          | 151/540 [01:21<14:44,  2.27s/it]
 28%|████████████████▌                                          | 152/540 [01:21<10:42,  1.66s/it]
 28%|████████████████▋                                          | 153/540 [01:21<07:53,  1.22s/it]
 29%|████████████████▊                                          | 154/540 [01:21<05:54,  1.09it/s]
 29%|████████████████▉                                          | 155/540 [01:22<04:32,  1.41it/s]
 29%|█████████████████                                          | 156/540 [01:22<03:35,  1.78it/s]
 29%|█████████████████▏                                         | 157/540 [01:22<02:54,  2.19it/s]
 29%|█████████████████▎                                         | 158/540 [01:22<02:26,  2.60it/s]
 29%|█████████████████▎                                         | 159/540 [01:22<02:07,  3.00it/s]
 30%|█████████████████▍                                         | 160/540 [01:23<01:53,  3.36it/s]
 30%|█████████████████▌                                         | 161/540 [01:23<01:43,  3.66it/s]
 30%|█████████████████▋                                         | 162/540 [01:23<01:37,  3.89it/s]
 30%|█████████████████▊                                         | 163/540 [01:23<01:31,  4.10it/s]
 30%|█████████████████▉                                         | 164/540 [01:24<01:28,  4.27it/s]
 31%|██████████████████                                         | 165/540 [01:24<01:25,  4.39it/s]
 31%|██████████████████▏                                        | 166/540 [01:24<01:23,  4.48it/s]
 31%|██████████████████▏                                        | 167/540 [01:24<01:22,  4.54it/s]
 31%|██████████████████▎                                        | 168/540 [01:24<01:21,  4.59it/s]
 31%|██████████████████▍                                        | 169/540 [01:25<01:20,  4.61it/s]
 31%|██████████████████▌                                        | 170/540 [01:25<01:21,  4.55it/s]
 32%|██████████████████▋                                        | 171/540 [01:25<01:20,  4.56it/s]
 32%|██████████████████▊                                        | 172/540 [01:25<01:20,  4.59it/s]
 32%|██████████████████▉                                        | 173/540 [01:25<01:19,  4.63it/s]
 32%|███████████████████                                        | 174/540 [01:26<01:18,  4.66it/s]
 32%|███████████████████                                        | 175/540 [01:26<01:18,  4.67it/s]
                                                                                                  

 32%|███████████████████                                        | 175/540 [01:26<01:18,  4.67it/s]
 33%|███████████████████▏                                       | 176/540 [01:26<01:17,  4.68it/s]
 33%|███████████████████▎                                       | 177/540 [01:26<01:17,  4.70it/s]
 33%|███████████████████▍                                       | 178/540 [01:27<01:16,  4.70it/s]
 33%|███████████████████▌                                       | 179/540 [01:27<01:16,  4.71it/s]{'loss': '0.5598', 'grad_norm': '12.61', 'learning_rate': '3.657e-05', 'epoch': '5.847'}


Writing model shards:   0%|                                                 | 0/1 [00:00<?, ?it/s][A

Writing model shards: 100%|█████████████████████████████████████████| 1/1 [00:01<00:00,  1.41s/it][A
Writing model shards: 100%|█████████████████████████████████████████| 1/1 [00:01<00:00,  1.41s/it]

 34%|███████████████████▊                                       | 181/540 [01:32<08:34,  1.43s/it]
 34%|███████████████████▉                                       | 182/540 [01:33<06:44,  1.13s/it]
 34%|███████████████████▉                                       | 183/540 [01:33<05:17,  1.12it/s]
 34%|████████████████████                                       | 184/540 [01:33<04:11,  1.42it/s]
 34%|████████████████████▏                                      | 185/540 [01:33<03:21,  1.76it/s]
 34%|████████████████████▎                                      | 186/540 [01:33<02:45,  2.14it/s]
 35%|████████████████████▍                                      | 187/540 [01:34<02:19,  2.54it/s]
 35%|████████████████████▌                                      | 188/540 [01:34<01:59,  2.93it/s]
 35%|████████████████████▋                                      | 189/540 [01:34<01:46,  3.30it/s]
 35%|████████████████████▊                                      | 190/540 [01:34<01:36,  3.63it/s]
 35%|████████████████████▊                                      | 191/540 [01:35<01:29,  3.89it/s]
 36%|████████████████████▉                                      | 192/540 [01:35<01:24,  4.11it/s]
 36%|█████████████████████                                      | 193/540 [01:35<01:21,  4.28it/s]
 36%|█████████████████████▏                                     | 194/540 [01:35<01:18,  4.41it/s]
 36%|█████████████████████▎                                     | 195/540 [01:35<01:16,  4.50it/s]
 36%|█████████████████████▍                                     | 196/540 [01:36<01:15,  4.57it/s]
 36%|█████████████████████▌                                     | 197/540 [01:36<01:15,  4.56it/s]
 37%|█████████████████████▋                                     | 198/540 [01:36<01:14,  4.61it/s]
 37%|█████████████████████▋                                     | 199/540 [01:36<01:13,  4.64it/s]
 37%|█████████████████████▊                                     | 200/540 [01:36<01:12,  4.67it/s]
                                                                                                  

 37%|█████████████████████▊                                     | 200/540 [01:36<01:12,  4.67it/s]
 37%|█████████████████████▉                                     | 201/540 [01:37<01:12,  4.68it/s]
 37%|██████████████████████                                     | 202/540 [01:37<01:12,  4.69it/s]
 38%|██████████████████████▏                                    | 203/540 [01:37<01:12,  4.66it/s]
 38%|██████████████████████▎                                    | 204/540 [01:37<01:11,  4.68it/s]
 38%|██████████████████████▍                                    | 205/540 [01:38<01:11,  4.69it/s]
 38%|██████████████████████▌                                    | 206/540 [01:38<01:11,  4.70it/s]
 38%|██████████████████████▌                                    | 207/540 [01:38<01:10,  4.70it/s]
 39%|██████████████████████▋                                    | 208/540 [01:38<01:10,  4.71it/s]
 39%|██████████████████████▊                                    | 209/540 [01:38<01:10,  4.71it/s]{'loss': '0.456', 'grad_norm': '13.72', 'learning_rate': '3.412e-05', 'epoch': '6.678'}


Writing model shards:   0%|                                                 | 0/1 [00:00<?, ?it/s][A

Writing model shards: 100%|█████████████████████████████████████████| 1/1 [00:01<00:00,  1.58s/it][A
Writing model shards: 100%|█████████████████████████████████████████| 1/1 [00:01<00:00,  1.58s/it]

 39%|███████████████████████                                    | 211/540 [01:44<07:43,  1.41s/it]
 39%|███████████████████████▏                                   | 212/540 [01:44<06:05,  1.11s/it]
 39%|███████████████████████▎                                   | 213/540 [01:44<04:47,  1.14it/s]
 40%|███████████████████████▍                                   | 214/540 [01:45<03:47,  1.43it/s]
 40%|███████████████████████▍                                   | 215/540 [01:45<03:02,  1.78it/s]
 40%|███████████████████████▌                                   | 216/540 [01:45<02:29,  2.16it/s]
 40%|███████████████████████▋                                   | 217/540 [01:45<02:05,  2.57it/s]
 40%|███████████████████████▊                                   | 218/540 [01:45<01:48,  2.96it/s]
 41%|███████████████████████▉                                   | 219/540 [01:46<01:36,  3.32it/s]
 41%|████████████████████████                                   | 220/540 [01:46<01:28,  3.63it/s]
 41%|████████████████████████▏                                  | 221/540 [01:46<01:21,  3.89it/s]
 41%|████████████████████████▎                                  | 222/540 [01:46<01:17,  4.11it/s]
 41%|████████████████████████▎                                  | 223/540 [01:47<01:14,  4.24it/s]
 41%|████████████████████████▍                                  | 224/540 [01:47<01:12,  4.38it/s]
 42%|████████████████████████▌                                  | 225/540 [01:47<01:10,  4.48it/s]
                                                                                                  

 42%|████████████████████████▌                                  | 225/540 [01:47<01:10,  4.48it/s]
 42%|████████████████████████▋                                  | 226/540 [01:47<01:09,  4.55it/s]
 42%|████████████████████████▊                                  | 227/540 [01:47<01:08,  4.60it/s]
 42%|████████████████████████▉                                  | 228/540 [01:48<01:07,  4.64it/s]
 42%|█████████████████████████                                  | 229/540 [01:48<01:06,  4.67it/s]
 43%|█████████████████████████▏                                 | 230/540 [01:48<01:06,  4.68it/s]
 43%|█████████████████████████▏                                 | 231/540 [01:48<01:06,  4.66it/s]
 43%|█████████████████████████▎                                 | 232/540 [01:48<01:05,  4.68it/s]
 43%|█████████████████████████▍                                 | 233/540 [01:49<01:05,  4.69it/s]
 43%|█████████████████████████▌                                 | 234/540 [01:49<01:05,  4.69it/s]
 44%|█████████████████████████▋                                 | 235/540 [01:49<01:04,  4.70it/s]
 44%|█████████████████████████▊                                 | 236/540 [01:49<01:04,  4.71it/s]
 44%|█████████████████████████▉                                 | 237/540 [01:50<01:04,  4.71it/s]
 44%|██████████████████████████                                 | 238/540 [01:50<01:04,  4.71it/s]
 44%|██████████████████████████                                 | 239/540 [01:50<01:03,  4.72it/s]{'loss': '0.3702', 'grad_norm': '7.912', 'learning_rate': '3.167e-05', 'epoch': '7.508'}


Writing model shards:   0%|                                                 | 0/1 [00:00<?, ?it/s][A

Writing model shards: 100%|█████████████████████████████████████████| 1/1 [00:01<00:00,  1.79s/it][A
Writing model shards: 100%|█████████████████████████████████████████| 1/1 [00:01<00:00,  1.79s/it]

 45%|██████████████████████████▎                                | 241/540 [01:56<07:01,  1.41s/it]
 45%|██████████████████████████▍                                | 242/540 [01:56<05:31,  1.11s/it]
 45%|██████████████████████████▌                                | 243/540 [01:56<04:20,  1.14it/s]
 45%|██████████████████████████▋                                | 244/540 [01:56<03:26,  1.44it/s]
 45%|██████████████████████████▊                                | 245/540 [01:56<02:45,  1.78it/s]
 46%|██████████████████████████▉                                | 246/540 [01:57<02:15,  2.17it/s]
 46%|██████████████████████████▉                                | 247/540 [01:57<01:54,  2.57it/s]
 46%|███████████████████████████                                | 248/540 [01:57<01:38,  2.96it/s]
 46%|███████████████████████████▏                               | 249/540 [01:57<01:27,  3.33it/s]
 46%|███████████████████████████▎                               | 250/540 [01:57<01:19,  3.65it/s]
                                                                                                  

 46%|███████████████████████████▎                               | 250/540 [01:57<01:19,  3.65it/s]
 46%|███████████████████████████▍                               | 251/540 [01:58<01:13,  3.91it/s]
 47%|███████████████████████████▌                               | 252/540 [01:58<01:10,  4.11it/s]
 47%|███████████████████████████▋                               | 253/540 [01:58<01:07,  4.27it/s]
 47%|███████████████████████████▊                               | 254/540 [01:58<01:05,  4.39it/s]
 47%|███████████████████████████▊                               | 255/540 [01:59<01:03,  4.48it/s]
 47%|███████████████████████████▉                               | 256/540 [01:59<01:02,  4.55it/s]
 48%|████████████████████████████                               | 257/540 [01:59<01:01,  4.60it/s]
 48%|████████████████████████████▏                              | 258/540 [01:59<01:00,  4.63it/s]
 48%|████████████████████████████▎                              | 259/540 [01:59<01:00,  4.65it/s]
 48%|████████████████████████████▍                              | 260/540 [02:00<00:59,  4.68it/s]
 48%|████████████████████████████▌                              | 261/540 [02:00<00:59,  4.69it/s]
 49%|████████████████████████████▋                              | 262/540 [02:00<00:59,  4.71it/s]
 49%|████████████████████████████▋                              | 263/540 [02:00<00:58,  4.71it/s]
 49%|████████████████████████████▊                              | 264/540 [02:00<00:58,  4.71it/s]
 49%|████████████████████████████▉                              | 265/540 [02:01<00:58,  4.72it/s]
 49%|█████████████████████████████                              | 266/540 [02:01<00:58,  4.72it/s]
 49%|█████████████████████████████▏                             | 267/540 [02:01<00:57,  4.72it/s]
 50%|█████████████████████████████▎                             | 268/540 [02:01<00:57,  4.72it/s]
 50%|█████████████████████████████▍                             | 269/540 [02:02<00:57,  4.73it/s]{'loss': '0.3251', 'grad_norm': '6.805', 'learning_rate': '2.922e-05', 'epoch': '8.339'}


Writing model shards:   0%|                                                 | 0/1 [00:00<?, ?it/s][A

Writing model shards: 100%|█████████████████████████████████████████| 1/1 [00:01<00:00,  1.54s/it][A
Writing model shards: 100%|█████████████████████████████████████████| 1/1 [00:01<00:00,  1.54s/it]

 50%|█████████████████████████████▌                             | 271/540 [02:07<05:52,  1.31s/it]
 50%|█████████████████████████████▋                             | 272/540 [02:07<04:38,  1.04s/it]
 51%|█████████████████████████████▊                             | 273/540 [02:07<03:39,  1.22it/s]
 51%|█████████████████████████████▉                             | 274/540 [02:07<02:54,  1.52it/s]
 51%|██████████████████████████████                             | 275/540 [02:08<02:20,  1.88it/s]
                                                                                                  

 51%|██████████████████████████████                             | 275/540 [02:08<02:20,  1.88it/s]
 51%|██████████████████████████████▏                            | 276/540 [02:08<01:56,  2.27it/s]
 51%|██████████████████████████████▎                            | 277/540 [02:08<01:38,  2.68it/s]
 51%|██████████████████████████████▎                            | 278/540 [02:08<01:25,  3.06it/s]
 52%|██████████████████████████████▍                            | 279/540 [02:08<01:16,  3.42it/s]
 52%|██████████████████████████████▌                            | 280/540 [02:09<01:09,  3.73it/s]
 52%|██████████████████████████████▋                            | 281/540 [02:09<01:05,  3.98it/s]
 52%|██████████████████████████████▊                            | 282/540 [02:09<01:01,  4.17it/s]
 52%|██████████████████████████████▉                            | 283/540 [02:09<00:59,  4.32it/s]
 53%|███████████████████████████████                            | 284/540 [02:09<00:57,  4.43it/s]
 53%|███████████████████████████████▏                           | 285/540 [02:10<00:56,  4.52it/s]
 53%|███████████████████████████████▏                           | 286/540 [02:10<00:55,  4.58it/s]
 53%|███████████████████████████████▎                           | 287/540 [02:10<00:54,  4.63it/s]
 53%|███████████████████████████████▍                           | 288/540 [02:10<00:54,  4.66it/s]
 54%|███████████████████████████████▌                           | 289/540 [02:11<00:56,  4.44it/s]
 54%|███████████████████████████████▋                           | 290/540 [02:11<00:55,  4.52it/s]
 54%|███████████████████████████████▊                           | 291/540 [02:11<00:54,  4.58it/s]
 54%|███████████████████████████████▉                           | 292/540 [02:11<00:53,  4.63it/s]
 54%|████████████████████████████████                           | 293/540 [02:11<00:53,  4.66it/s]
 54%|████████████████████████████████                           | 294/540 [02:12<00:52,  4.68it/s]
 55%|████████████████████████████████▏                          | 295/540 [02:12<00:52,  4.70it/s]
 55%|████████████████████████████████▎                          | 296/540 [02:12<00:51,  4.71it/s]
 55%|████████████████████████████████▍                          | 297/540 [02:12<00:51,  4.70it/s]
 55%|████████████████████████████████▌                          | 298/540 [02:12<00:51,  4.72it/s]
 55%|████████████████████████████████▋                          | 299/540 [02:13<00:51,  4.72it/s]
                                                                                                  

 56%|████████████████████████████████▊                          | 300/540 [02:13<00:50,  4.72it/s]{'loss': '0.2607', 'grad_norm': '4.832', 'learning_rate': '2.676e-05', 'epoch': '9.169'}
{'loss': '0.2248', 'grad_norm': '15.89', 'learning_rate': '2.431e-05', 'epoch': '10'}


Writing model shards:   0%|                                                 | 0/1 [00:00<?, ?it/s][A

Writing model shards: 100%|█████████████████████████████████████████| 1/1 [00:01<00:00,  1.36s/it][A
Writing model shards: 100%|█████████████████████████████████████████| 1/1 [00:01<00:00,  1.36s/it]

 56%|████████████████████████████████▉                          | 301/540 [02:17<04:51,  1.22s/it]
 56%|████████████████████████████████▉                          | 302/540 [02:18<03:50,  1.03it/s]
 56%|█████████████████████████████████                          | 303/540 [02:18<03:02,  1.30it/s]
 56%|█████████████████████████████████▏                         | 304/540 [02:18<02:26,  1.62it/s]
 56%|█████████████████████████████████▎                         | 305/540 [02:18<01:58,  1.98it/s]
 57%|█████████████████████████████████▍                         | 306/540 [02:18<01:38,  2.37it/s]
 57%|█████████████████████████████████▌                         | 307/540 [02:19<01:24,  2.77it/s]
 57%|█████████████████████████████████▋                         | 308/540 [02:19<01:13,  3.15it/s]
 57%|█████████████████████████████████▊                         | 309/540 [02:19<01:06,  3.49it/s]
 57%|█████████████████████████████████▊                         | 310/540 [02:19<01:00,  3.77it/s]
 58%|█████████████████████████████████▉                         | 311/540 [02:20<00:57,  4.00it/s]
 58%|██████████████████████████████████                         | 312/540 [02:20<00:54,  4.18it/s]
 58%|██████████████████████████████████▏                        | 313/540 [02:20<00:52,  4.32it/s]
 58%|██████████████████████████████████▎                        | 314/540 [02:20<00:51,  4.42it/s]
 58%|██████████████████████████████████▍                        | 315/540 [02:20<00:49,  4.50it/s]
 59%|██████████████████████████████████▌                        | 316/540 [02:21<00:49,  4.56it/s]
 59%|██████████████████████████████████▋                        | 317/540 [02:21<00:48,  4.61it/s]
 59%|██████████████████████████████████▋                        | 318/540 [02:21<00:47,  4.64it/s]
 59%|██████████████████████████████████▊                        | 319/540 [02:21<00:47,  4.67it/s]
 59%|██████████████████████████████████▉                        | 320/540 [02:21<00:46,  4.68it/s]
 59%|███████████████████████████████████                        | 321/540 [02:22<00:46,  4.70it/s]
 60%|███████████████████████████████████▏                       | 322/540 [02:22<00:46,  4.70it/s]
 60%|███████████████████████████████████▎                       | 323/540 [02:22<00:46,  4.71it/s]
 60%|███████████████████████████████████▍                       | 324/540 [02:22<00:45,  4.71it/s]
 60%|███████████████████████████████████▌                       | 325/540 [02:23<00:45,  4.71it/s]
                                                                                                  

 60%|███████████████████████████████████▌                       | 325/540 [02:23<00:45,  4.71it/s]
 60%|███████████████████████████████████▌                       | 326/540 [02:23<00:45,  4.71it/s]
 61%|███████████████████████████████████▋                       | 327/540 [02:23<00:45,  4.72it/s]
 61%|███████████████████████████████████▊                       | 328/540 [02:23<00:44,  4.72it/s]
 61%|███████████████████████████████████▉                       | 329/540 [02:23<00:44,  4.73it/s]{'loss': '0.1583', 'grad_norm': '9.647', 'learning_rate': '2.186e-05', 'epoch': '10.85'}


Writing model shards:   0%|                                                 | 0/1 [00:00<?, ?it/s][A

Writing model shards: 100%|█████████████████████████████████████████| 1/1 [00:01<00:00,  1.42s/it][A
Writing model shards: 100%|█████████████████████████████████████████| 1/1 [00:01<00:00,  1.42s/it]

 61%|████████████████████████████████████▏                      | 331/540 [02:29<04:33,  1.31s/it]
 61%|████████████████████████████████████▎                      | 332/540 [02:29<03:35,  1.04s/it]
 62%|████████████████████████████████████▍                      | 333/540 [02:29<02:50,  1.22it/s]
 62%|████████████████████████████████████▍                      | 334/540 [02:29<02:15,  1.53it/s]
 62%|████████████████████████████████████▌                      | 335/540 [02:29<01:48,  1.88it/s]
 62%|████████████████████████████████████▋                      | 336/540 [02:30<01:29,  2.27it/s]
 62%|████████████████████████████████████▊                      | 337/540 [02:30<01:15,  2.67it/s]
 63%|████████████████████████████████████▉                      | 338/540 [02:30<01:05,  3.06it/s]
 63%|█████████████████████████████████████                      | 339/540 [02:30<00:58,  3.42it/s]
 63%|█████████████████████████████████████▏                     | 340/540 [02:30<00:53,  3.72it/s]
 63%|█████████████████████████████████████▎                     | 341/540 [02:31<00:50,  3.97it/s]
 63%|█████████████████████████████████████▎                     | 342/540 [02:31<00:47,  4.17it/s]
 64%|█████████████████████████████████████▍                     | 343/540 [02:31<00:45,  4.32it/s]
 64%|█████████████████████████████████████▌                     | 344/540 [02:31<00:44,  4.43it/s]
 64%|█████████████████████████████████████▋                     | 345/540 [02:32<00:43,  4.51it/s]
 64%|█████████████████████████████████████▊                     | 346/540 [02:32<00:42,  4.57it/s]
 64%|█████████████████████████████████████▉                     | 347/540 [02:32<00:41,  4.62it/s]
 64%|██████████████████████████████████████                     | 348/540 [02:32<00:41,  4.65it/s]
 65%|██████████████████████████████████████▏                    | 349/540 [02:32<00:40,  4.68it/s]
 65%|██████████████████████████████████████▏                    | 350/540 [02:33<00:40,  4.69it/s]
                                                                                                  

 65%|██████████████████████████████████████▏                    | 350/540 [02:33<00:40,  4.69it/s]
 65%|██████████████████████████████████████▎                    | 351/540 [02:33<00:40,  4.70it/s]
 65%|██████████████████████████████████████▍                    | 352/540 [02:33<00:39,  4.71it/s]
 65%|██████████████████████████████████████▌                    | 353/540 [02:33<00:39,  4.71it/s]
 66%|██████████████████████████████████████▋                    | 354/540 [02:33<00:39,  4.71it/s]
 66%|██████████████████████████████████████▊                    | 355/540 [02:34<00:39,  4.71it/s]
 66%|██████████████████████████████████████▉                    | 356/540 [02:34<00:39,  4.71it/s]
 66%|███████████████████████████████████████                    | 357/540 [02:34<00:38,  4.72it/s]
 66%|███████████████████████████████████████                    | 358/540 [02:34<00:38,  4.72it/s]
 66%|███████████████████████████████████████▏                   | 359/540 [02:34<00:38,  4.72it/s]{'loss': '0.1648', 'grad_norm': '5.186', 'learning_rate': '1.941e-05', 'epoch': '11.68'}


Writing model shards:   0%|                                                 | 0/1 [00:00<?, ?it/s][A

Writing model shards: 100%|█████████████████████████████████████████| 1/1 [00:01<00:00,  1.68s/it][A
Writing model shards: 100%|█████████████████████████████████████████| 1/1 [00:01<00:00,  1.68s/it]

 67%|███████████████████████████████████████▍                   | 361/540 [02:40<04:17,  1.44s/it]
 67%|███████████████████████████████████████▌                   | 362/540 [02:40<03:22,  1.14s/it]
 67%|███████████████████████████████████████▋                   | 363/540 [02:41<02:38,  1.12it/s]
 67%|███████████████████████████████████████▊                   | 364/540 [02:41<02:04,  1.41it/s]
 68%|███████████████████████████████████████▉                   | 365/540 [02:41<01:39,  1.76it/s]
 68%|███████████████████████████████████████▉                   | 366/540 [02:41<01:21,  2.14it/s]
 68%|████████████████████████████████████████                   | 367/540 [02:42<01:07,  2.54it/s]
 68%|████████████████████████████████████████▏                  | 368/540 [02:42<00:58,  2.94it/s]
 68%|████████████████████████████████████████▎                  | 369/540 [02:42<00:51,  3.31it/s]
 69%|████████████████████████████████████████▍                  | 370/540 [02:42<00:46,  3.63it/s]
 69%|████████████████████████████████████████▌                  | 371/540 [02:42<00:43,  3.90it/s]
 69%|████████████████████████████████████████▋                  | 372/540 [02:43<00:40,  4.12it/s]
 69%|████████████████████████████████████████▊                  | 373/540 [02:43<00:39,  4.28it/s]
 69%|████████████████████████████████████████▊                  | 374/540 [02:43<00:37,  4.40it/s]
 69%|████████████████████████████████████████▉                  | 375/540 [02:43<00:36,  4.49it/s]
                                                                                                  

 69%|████████████████████████████████████████▉                  | 375/540 [02:43<00:36,  4.49it/s]
 70%|█████████████████████████████████████████                  | 376/540 [02:43<00:36,  4.55it/s]
 70%|█████████████████████████████████████████▏                 | 377/540 [02:44<00:35,  4.60it/s]
 70%|█████████████████████████████████████████▎                 | 378/540 [02:44<00:34,  4.64it/s]
 70%|█████████████████████████████████████████▍                 | 379/540 [02:44<00:34,  4.67it/s]
 70%|█████████████████████████████████████████▌                 | 380/540 [02:44<00:34,  4.69it/s]
 71%|█████████████████████████████████████████▋                 | 381/540 [02:44<00:33,  4.70it/s]
 71%|█████████████████████████████████████████▋                 | 382/540 [02:45<00:33,  4.71it/s]
 71%|█████████████████████████████████████████▊                 | 383/540 [02:45<00:33,  4.71it/s]
 71%|█████████████████████████████████████████▉                 | 384/540 [02:45<00:33,  4.72it/s]
 71%|██████████████████████████████████████████                 | 385/540 [02:45<00:32,  4.71it/s]
 71%|██████████████████████████████████████████▏                | 386/540 [02:46<00:32,  4.71it/s]
 72%|██████████████████████████████████████████▎                | 387/540 [02:46<00:32,  4.72it/s]
 72%|██████████████████████████████████████████▍                | 388/540 [02:46<00:32,  4.72it/s]
 72%|██████████████████████████████████████████▌                | 389/540 [02:46<00:32,  4.72it/s]{'loss': '0.1155', 'grad_norm': '4.551', 'learning_rate': '1.696e-05', 'epoch': '12.51'}


Writing model shards:   0%|                                                 | 0/1 [00:00<?, ?it/s][A

Writing model shards: 100%|█████████████████████████████████████████| 1/1 [00:02<00:00,  2.21s/it][A
Writing model shards: 100%|█████████████████████████████████████████| 1/1 [00:02<00:00,  2.21s/it]

 72%|██████████████████████████████████████████▋                | 391/540 [02:52<03:50,  1.54s/it]
 73%|██████████████████████████████████████████▊                | 392/540 [02:53<02:59,  1.21s/it]
 73%|██████████████████████████████████████████▉                | 393/540 [02:53<02:19,  1.05it/s]
 73%|███████████████████████████████████████████                | 394/540 [02:53<01:49,  1.33it/s]
 73%|███████████████████████████████████████████▏               | 395/540 [02:53<01:26,  1.67it/s]
 73%|███████████████████████████████████████████▎               | 396/540 [02:53<01:10,  2.05it/s]
 74%|███████████████████████████████████████████▍               | 397/540 [02:54<00:58,  2.45it/s]
 74%|███████████████████████████████████████████▍               | 398/540 [02:54<00:49,  2.85it/s]
 74%|███████████████████████████████████████████▌               | 399/540 [02:54<00:43,  3.23it/s]
 74%|███████████████████████████████████████████▋               | 400/540 [02:54<00:39,  3.56it/s]
                                                                                                  

 74%|███████████████████████████████████████████▋               | 400/540 [02:54<00:39,  3.56it/s]
 74%|███████████████████████████████████████████▊               | 401/540 [02:54<00:36,  3.84it/s]
 74%|███████████████████████████████████████████▉               | 402/540 [02:55<00:33,  4.07it/s]
 75%|████████████████████████████████████████████               | 403/540 [02:55<00:32,  4.25it/s]
 75%|████████████████████████████████████████████▏              | 404/540 [02:55<00:31,  4.39it/s]
 75%|████████████████████████████████████████████▎              | 405/540 [02:55<00:30,  4.48it/s]
 75%|████████████████████████████████████████████▎              | 406/540 [02:56<00:29,  4.55it/s]
 75%|████████████████████████████████████████████▍              | 407/540 [02:56<00:28,  4.61it/s]
 76%|████████████████████████████████████████████▌              | 408/540 [02:56<00:28,  4.65it/s]
 76%|████████████████████████████████████████████▋              | 409/540 [02:56<00:28,  4.67it/s]
 76%|████████████████████████████████████████████▊              | 410/540 [02:56<00:27,  4.69it/s]
 76%|████████████████████████████████████████████▉              | 411/540 [02:57<00:27,  4.70it/s]
 76%|█████████████████████████████████████████████              | 412/540 [02:57<00:27,  4.70it/s]
 76%|█████████████████████████████████████████████              | 413/540 [02:57<00:26,  4.71it/s]
 77%|█████████████████████████████████████████████▏             | 414/540 [02:57<00:26,  4.70it/s]
 77%|█████████████████████████████████████████████▎             | 415/540 [02:57<00:26,  4.71it/s]
 77%|█████████████████████████████████████████████▍             | 416/540 [02:58<00:26,  4.71it/s]
 77%|█████████████████████████████████████████████▌             | 417/540 [02:58<00:26,  4.71it/s]
 77%|█████████████████████████████████████████████▋             | 418/540 [02:58<00:25,  4.72it/s]
 78%|█████████████████████████████████████████████▊             | 419/540 [02:58<00:25,  4.72it/s]{'loss': '0.1066', 'grad_norm': '4.781', 'learning_rate': '1.451e-05', 'epoch': '13.34'}


Writing model shards:   0%|                                                 | 0/1 [00:00<?, ?it/s][A

Writing model shards: 100%|█████████████████████████████████████████| 1/1 [00:01<00:00,  1.46s/it][A
Writing model shards: 100%|█████████████████████████████████████████| 1/1 [00:01<00:00,  1.46s/it]

 78%|█████████████████████████████████████████████▉             | 421/540 [03:03<02:30,  1.27s/it]
 78%|██████████████████████████████████████████████             | 422/540 [03:03<01:58,  1.00s/it]
 78%|██████████████████████████████████████████████▏            | 423/540 [03:04<01:33,  1.25it/s]
 79%|██████████████████████████████████████████████▎            | 424/540 [03:04<01:14,  1.57it/s]
 79%|██████████████████████████████████████████████▍            | 425/540 [03:04<00:59,  1.93it/s]
                                                                                                  

 79%|██████████████████████████████████████████████▍            | 425/540 [03:04<00:59,  1.93it/s]
 79%|██████████████████████████████████████████████▌            | 426/540 [03:04<00:49,  2.32it/s]
 79%|██████████████████████████████████████████████▋            | 427/540 [03:05<00:41,  2.72it/s]
 79%|██████████████████████████████████████████████▊            | 428/540 [03:05<00:36,  3.11it/s]
 79%|██████████████████████████████████████████████▊            | 429/540 [03:05<00:32,  3.46it/s]
 80%|██████████████████████████████████████████████▉            | 430/540 [03:05<00:29,  3.76it/s]
 80%|███████████████████████████████████████████████            | 431/540 [03:05<00:27,  4.00it/s]
 80%|███████████████████████████████████████████████▏           | 432/540 [03:06<00:25,  4.20it/s]
 80%|███████████████████████████████████████████████▎           | 433/540 [03:06<00:24,  4.34it/s]
 80%|███████████████████████████████████████████████▍           | 434/540 [03:06<00:24,  4.41it/s]
 81%|███████████████████████████████████████████████▌           | 435/540 [03:06<00:23,  4.50it/s]
 81%|███████████████████████████████████████████████▋           | 436/540 [03:06<00:22,  4.56it/s]
 81%|███████████████████████████████████████████████▋           | 437/540 [03:07<00:22,  4.60it/s]
 81%|███████████████████████████████████████████████▊           | 438/540 [03:07<00:22,  4.63it/s]
 81%|███████████████████████████████████████████████▉           | 439/540 [03:07<00:21,  4.66it/s]
 81%|████████████████████████████████████████████████           | 440/540 [03:07<00:21,  4.68it/s]
 82%|████████████████████████████████████████████████▏          | 441/540 [03:08<00:21,  4.65it/s]
 82%|████████████████████████████████████████████████▎          | 442/540 [03:08<00:20,  4.68it/s]
 82%|████████████████████████████████████████████████▍          | 443/540 [03:08<00:20,  4.69it/s]
 82%|████████████████████████████████████████████████▌          | 444/540 [03:08<00:20,  4.71it/s]
 82%|████████████████████████████████████████████████▌          | 445/540 [03:08<00:20,  4.71it/s]
 83%|████████████████████████████████████████████████▋          | 446/540 [03:09<00:19,  4.70it/s]
 83%|████████████████████████████████████████████████▊          | 447/540 [03:09<00:19,  4.70it/s]
 83%|████████████████████████████████████████████████▉          | 448/540 [03:09<00:19,  4.70it/s]
 83%|█████████████████████████████████████████████████          | 449/540 [03:09<00:19,  4.63it/s]
                                                                                                  

 83%|█████████████████████████████████████████████████▏         | 450/540 [03:09<00:19,  4.63it/s]{'loss': '0.09806', 'grad_norm': '2.536', 'learning_rate': '1.206e-05', 'epoch': '14.17'}
{'loss': '0.06601', 'grad_norm': '0.6629', 'learning_rate': '9.608e-06', 'epoch': '15'}


Writing model shards:   0%|                                                 | 0/1 [00:00<?, ?it/s][A

Writing model shards: 100%|█████████████████████████████████████████| 1/1 [00:01<00:00,  1.63s/it][A
Writing model shards: 100%|█████████████████████████████████████████| 1/1 [00:01<00:00,  1.63s/it]

 84%|█████████████████████████████████████████████████▎         | 451/540 [03:14<01:57,  1.32s/it]
 84%|█████████████████████████████████████████████████▍         | 452/540 [03:15<01:31,  1.04s/it]
 84%|█████████████████████████████████████████████████▍         | 453/540 [03:15<01:11,  1.21it/s]
 84%|█████████████████████████████████████████████████▌         | 454/540 [03:15<00:56,  1.52it/s]
 84%|█████████████████████████████████████████████████▋         | 455/540 [03:15<00:45,  1.87it/s]
 84%|█████████████████████████████████████████████████▊         | 456/540 [03:16<00:37,  2.26it/s]
 85%|█████████████████████████████████████████████████▉         | 457/540 [03:16<00:31,  2.66it/s]
 85%|██████████████████████████████████████████████████         | 458/540 [03:16<00:26,  3.05it/s]
 85%|██████████████████████████████████████████████████▏        | 459/540 [03:16<00:23,  3.40it/s]
 85%|██████████████████████████████████████████████████▎        | 460/540 [03:16<00:21,  3.71it/s]
 85%|██████████████████████████████████████████████████▎        | 461/540 [03:17<00:19,  3.96it/s]
 86%|██████████████████████████████████████████████████▍        | 462/540 [03:17<00:18,  4.16it/s]
 86%|██████████████████████████████████████████████████▌        | 463/540 [03:17<00:17,  4.32it/s]
 86%|██████████████████████████████████████████████████▋        | 464/540 [03:17<00:17,  4.42it/s]
 86%|██████████████████████████████████████████████████▊        | 465/540 [03:17<00:16,  4.51it/s]
 86%|██████████████████████████████████████████████████▉        | 466/540 [03:18<00:16,  4.57it/s]
 86%|███████████████████████████████████████████████████        | 467/540 [03:18<00:15,  4.60it/s]
 87%|███████████████████████████████████████████████████▏       | 468/540 [03:18<00:15,  4.64it/s]
 87%|███████████████████████████████████████████████████▏       | 469/540 [03:18<00:15,  4.67it/s]
 87%|███████████████████████████████████████████████████▎       | 470/540 [03:18<00:14,  4.68it/s]
 87%|███████████████████████████████████████████████████▍       | 471/540 [03:19<00:14,  4.69it/s]
 87%|███████████████████████████████████████████████████▌       | 472/540 [03:19<00:14,  4.70it/s]
 88%|███████████████████████████████████████████████████▋       | 473/540 [03:19<00:14,  4.71it/s]
 88%|███████████████████████████████████████████████████▊       | 474/540 [03:19<00:13,  4.72it/s]
 88%|███████████████████████████████████████████████████▉       | 475/540 [03:20<00:13,  4.72it/s]
                                                                                                  

 88%|███████████████████████████████████████████████████▉       | 475/540 [03:20<00:13,  4.72it/s]
 88%|████████████████████████████████████████████████████       | 476/540 [03:20<00:13,  4.72it/s]
 88%|████████████████████████████████████████████████████       | 477/540 [03:20<00:13,  4.73it/s]
 89%|████████████████████████████████████████████████████▏      | 478/540 [03:20<00:13,  4.73it/s]
 89%|████████████████████████████████████████████████████▎      | 479/540 [03:20<00:12,  4.74it/s]{'loss': '0.05997', 'grad_norm': '3.037', 'learning_rate': '7.157e-06', 'epoch': '15.85'}


Writing model shards:   0%|                                                 | 0/1 [00:00<?, ?it/s][A

Writing model shards: 100%|█████████████████████████████████████████| 1/1 [00:01<00:00,  1.88s/it][A
Writing model shards: 100%|█████████████████████████████████████████| 1/1 [00:01<00:00,  1.88s/it]

 89%|████████████████████████████████████████████████████▌      | 481/540 [03:27<01:39,  1.69s/it]
 89%|████████████████████████████████████████████████████▋      | 482/540 [03:27<01:16,  1.33s/it]
 89%|████████████████████████████████████████████████████▊      | 483/540 [03:28<00:58,  1.03s/it]
 90%|████████████████████████████████████████████████████▉      | 484/540 [03:28<00:45,  1.23it/s]
 90%|████████████████████████████████████████████████████▉      | 485/540 [03:28<00:35,  1.55it/s]
 90%|█████████████████████████████████████████████████████      | 486/540 [03:28<00:28,  1.92it/s]
 90%|█████████████████████████████████████████████████████▏     | 487/540 [03:29<00:22,  2.32it/s]
 90%|█████████████████████████████████████████████████████▎     | 488/540 [03:29<00:19,  2.72it/s]
 91%|█████████████████████████████████████████████████████▍     | 489/540 [03:29<00:16,  3.11it/s]
 91%|█████████████████████████████████████████████████████▌     | 490/540 [03:29<00:14,  3.46it/s]
 91%|█████████████████████████████████████████████████████▋     | 491/540 [03:29<00:13,  3.76it/s]
 91%|█████████████████████████████████████████████████████▊     | 492/540 [03:30<00:11,  4.01it/s]
 91%|█████████████████████████████████████████████████████▊     | 493/540 [03:30<00:11,  4.21it/s]
 91%|█████████████████████████████████████████████████████▉     | 494/540 [03:30<00:10,  4.35it/s]
 92%|██████████████████████████████████████████████████████     | 495/540 [03:30<00:10,  4.46it/s]
 92%|██████████████████████████████████████████████████████▏    | 496/540 [03:30<00:09,  4.54it/s]
 92%|██████████████████████████████████████████████████████▎    | 497/540 [03:31<00:09,  4.60it/s]
 92%|██████████████████████████████████████████████████████▍    | 498/540 [03:31<00:09,  4.64it/s]
 92%|██████████████████████████████████████████████████████▌    | 499/540 [03:31<00:08,  4.67it/s]
 93%|██████████████████████████████████████████████████████▋    | 500/540 [03:31<00:08,  4.69it/s]
                                                                                                  

 93%|██████████████████████████████████████████████████████▋    | 500/540 [03:31<00:08,  4.69it/s]
 93%|██████████████████████████████████████████████████████▋    | 501/540 [03:31<00:08,  4.70it/s]
 93%|██████████████████████████████████████████████████████▊    | 502/540 [03:32<00:08,  4.72it/s]
 93%|██████████████████████████████████████████████████████▉    | 503/540 [03:32<00:07,  4.72it/s]
 93%|███████████████████████████████████████████████████████    | 504/540 [03:32<00:07,  4.73it/s]
 94%|███████████████████████████████████████████████████████▏   | 505/540 [03:32<00:07,  4.73it/s]
 94%|███████████████████████████████████████████████████████▎   | 506/540 [03:33<00:07,  4.74it/s]
 94%|███████████████████████████████████████████████████████▍   | 507/540 [03:33<00:06,  4.74it/s]
 94%|███████████████████████████████████████████████████████▌   | 508/540 [03:33<00:06,  4.74it/s]
 94%|███████████████████████████████████████████████████████▌   | 509/540 [03:33<00:06,  4.72it/s]{'loss': '0.06058', 'grad_norm': '3.263', 'learning_rate': '4.706e-06', 'epoch': '16.68'}


Writing model shards:   0%|                                                 | 0/1 [00:00<?, ?it/s][A

Writing model shards: 100%|█████████████████████████████████████████| 1/1 [00:01<00:00,  1.56s/it][A
Writing model shards: 100%|█████████████████████████████████████████| 1/1 [00:01<00:00,  1.56s/it]

 95%|███████████████████████████████████████████████████████▊   | 511/540 [03:42<00:59,  2.07s/it]
 95%|███████████████████████████████████████████████████████▉   | 512/540 [03:42<00:44,  1.61s/it]
 95%|████████████████████████████████████████████████████████   | 513/540 [03:42<00:33,  1.24s/it]
 95%|████████████████████████████████████████████████████████▏  | 514/540 [03:42<00:24,  1.04it/s]
 95%|████████████████████████████████████████████████████████▎  | 515/540 [03:42<00:18,  1.33it/s]
 96%|████████████████████████████████████████████████████████▍  | 516/540 [03:43<00:14,  1.67it/s]
 96%|████████████████████████████████████████████████████████▍  | 517/540 [03:43<00:11,  2.06it/s]
 96%|████████████████████████████████████████████████████████▌  | 518/540 [03:43<00:08,  2.47it/s]
 96%|████████████████████████████████████████████████████████▋  | 519/540 [03:43<00:07,  2.87it/s]
 96%|████████████████████████████████████████████████████████▊  | 520/540 [03:44<00:06,  3.25it/s]
 96%|████████████████████████████████████████████████████████▉  | 521/540 [03:44<00:05,  3.58it/s]
 97%|█████████████████████████████████████████████████████████  | 522/540 [03:44<00:04,  3.86it/s]
 97%|█████████████████████████████████████████████████████████▏ | 523/540 [03:44<00:04,  4.09it/s]
 97%|█████████████████████████████████████████████████████████▎ | 524/540 [03:44<00:03,  4.26it/s]
 97%|█████████████████████████████████████████████████████████▎ | 525/540 [03:45<00:03,  4.39it/s]
                                                                                                  

 97%|█████████████████████████████████████████████████████████▎ | 525/540 [03:45<00:03,  4.39it/s]
 97%|█████████████████████████████████████████████████████████▍ | 526/540 [03:45<00:03,  4.49it/s]
 98%|█████████████████████████████████████████████████████████▌ | 527/540 [03:45<00:02,  4.56it/s]
 98%|█████████████████████████████████████████████████████████▋ | 528/540 [03:45<00:02,  4.61it/s]
 98%|█████████████████████████████████████████████████████████▊ | 529/540 [03:45<00:02,  4.65it/s]
 98%|█████████████████████████████████████████████████████████▉ | 530/540 [03:46<00:02,  4.47it/s]
 98%|██████████████████████████████████████████████████████████ | 531/540 [03:46<00:01,  4.55it/s]
 99%|██████████████████████████████████████████████████████████▏| 532/540 [03:46<00:01,  4.60it/s]
 99%|██████████████████████████████████████████████████████████▏| 533/540 [03:46<00:01,  4.64it/s]
 99%|██████████████████████████████████████████████████████████▎| 534/540 [03:47<00:01,  4.66it/s]
 99%|██████████████████████████████████████████████████████████▍| 535/540 [03:47<00:01,  4.68it/s]
 99%|██████████████████████████████████████████████████████████▌| 536/540 [03:47<00:00,  4.69it/s]
 99%|██████████████████████████████████████████████████████████▋| 537/540 [03:47<00:00,  4.69it/s]
100%|██████████████████████████████████████████████████████████▊| 538/540 [03:47<00:00,  4.71it/s]
100%|██████████████████████████████████████████████████████████▉| 539/540 [03:48<00:00,  4.71it/s]{'loss': '0.06904', 'grad_norm': '1.676', 'learning_rate': '2.255e-06', 'epoch': '17.51'}


Writing model shards:   0%|                                                 | 0/1 [00:00<?, ?it/s][A

Writing model shards: 100%|█████████████████████████████████████████| 1/1 [00:01<00:00,  1.87s/it][A
Writing model shards: 100%|█████████████████████████████████████████| 1/1 [00:01<00:00,  1.87s/it]

                                                                                                  

100%|███████████████████████████████████████████████████████████| 540/540 [03:53<00:00,  4.71it/s]
100%|███████████████████████████████████████████████████████████| 540/540 [03:53<00:00,  2.31it/s]
{'train_runtime': '233.5', 'train_samples_per_second': '35.84', 'train_steps_per_second': '2.312', 'train_loss': '0.5203', 'epoch': '18'}

  0%|                                                                       | 0/9 [00:00<?, ?it/s]
 44%|████████████████████████████                                   | 4/9 [00:00<00:00, 36.36it/s]
 89%|████████████████████████████████████████████████████████       | 8/9 [00:00<00:00, 30.63it/s]
100%|███████████████████████████████████████████████████████████████| 9/9 [00:00<00:00, 31.05it/s]

Writing model shards:   0%|                                                 | 0/1 [00:00<?, ?it/s]
Writing model shards: 100%|█████████████████████████████████████████| 1/1 [00:01<00:00,  1.54s/it]
Writing model shards: 100%|█████████████████████████████████████████| 1/1 [00:01<00:00,  1.54s/it]

Loading weights:   0%|                                                    | 0/292 [00:00<?, ?it/s]
Loading weights:  65%|█████████████████████████▉              | 189/292 [00:00<00:00, 1857.62it/s]
Loading weights: 100%|████████████████████████████████████████| 292/292 [00:00<00:00, 1635.65it/s]

Loading weights:   0%|                                                    | 0/292 [00:00<?, ?it/s]
Loading weights:  97%|██████████████████████████████████████▊ | 283/292 [00:00<00:00, 2829.02it/s]
Loading weights: 100%|████████████████████████████████████████| 292/292 [00:00<00:00, 2273.99it/s]

Loading weights:   0%|                                                    | 0/292 [00:00<?, ?it/s]
Loading weights:  16%|██████▌                                   | 46/292 [00:00<00:00, 438.79it/s]
Loading weights:  32%|█████████████▌                            | 94/292 [00:00<00:00, 447.66it/s]
Loading weights:  49%|███████████████████▉                     | 142/292 [00:00<00:00, 449.18it/s]
Loading weights:  65%|██████████████████████████▋              | 190/292 [00:00<00:00, 447.93it/s]
Loading weights:  80%|████████████████████████████████▉        | 235/292 [00:00<00:00, 435.62it/s]
Loading weights:  96%|███████████████████████████████████████▏ | 279/292 [00:00<00:00, 380.78it/s]
Loading weights: 100%|█████████████████████████████████████████| 292/292 [00:00<00:00, 390.12it/s]

Loading weights:   0%|                                                    | 0/292 [00:00<?, ?it/s]
Loading weights:  53%|█████████████████████                   | 154/292 [00:00<00:00, 1520.43it/s]
Loading weights: 100%|████████████████████████████████████████| 292/292 [00:00<00:00, 1199.37it/s]

Loading weights:   0%|                                                    | 0/196 [00:00<?, ?it/s]
Loading weights:   1%|▍                                           | 2/196 [00:00<00:12, 15.45it/s]
Loading weights:  53%|█████████████████████▊                   | 104/196 [00:00<00:00, 536.06it/s]
Loading weights:  90%|████████████████████████████████████▊    | 176/196 [00:00<00:00, 613.70it/s]
Loading weights: 100%|█████████████████████████████████████████| 196/196 [00:00<00:00, 551.56it/s]
[RANK 0] Detected kernel version 5.4.0, which is below the recommended minimum of 5.5.0; this can cause the process to hang. It is recommended to upgrade the kernel to the minimum version or higher.

  0%|                                                                     | 0/360 [00:00<?, ?it/s]
  0%|▏                                                            | 1/360 [00:00<02:38,  2.26it/s]
  1%|▎                                                            | 2/360 [00:00<02:34,  2.32it/s]
  1%|▌                                                            | 3/360 [00:01<02:33,  2.33it/s]
  1%|▋                                                            | 4/360 [00:01<02:34,  2.30it/s]
  1%|▊                                                            | 5/360 [00:02<02:35,  2.29it/s]
  2%|█                                                            | 6/360 [00:02<02:34,  2.29it/s]
  2%|█▏                                                           | 7/360 [00:03<02:34,  2.28it/s]
  2%|█▎                                                           | 8/360 [00:03<02:34,  2.28it/s]
  2%|█▌                                                           | 9/360 [00:03<02:33,  2.28it/s]
  3%|█▋                                                          | 10/360 [00:04<02:33,  2.28it/s]
  3%|█▊                                                          | 11/360 [00:04<02:33,  2.28it/s]
  3%|██                                                          | 12/360 [00:05<02:33,  2.27it/s]
  4%|██▏                                                         | 13/360 [00:05<02:32,  2.27it/s]
  4%|██▎                                                         | 14/360 [00:06<02:32,  2.28it/s]
  4%|██▌                                                         | 15/360 [00:06<02:31,  2.27it/s]
  4%|██▋                                                         | 16/360 [00:07<02:31,  2.27it/s]
  5%|██▊                                                         | 17/360 [00:07<02:31,  2.27it/s]
  5%|███                                                         | 18/360 [00:07<02:31,  2.26it/s]
  5%|███▏                                                        | 19/360 [00:08<02:30,  2.26it/s]
  6%|███▎                                                        | 20/360 [00:08<02:30,  2.26it/s]
  6%|███▌                                                        | 21/360 [00:09<02:29,  2.26it/s]
  6%|███▋                                                        | 22/360 [00:09<02:29,  2.26it/s]
  6%|███▊                                                        | 23/360 [00:10<02:29,  2.26it/s]
  7%|████                                                        | 24/360 [00:10<02:30,  2.24it/s]
  7%|████▏                                                       | 25/360 [00:11<02:29,  2.23it/s]
                                                                                                  

  7%|████▏                                                       | 25/360 [00:11<02:29,  2.23it/s]
  7%|████▎                                                       | 26/360 [00:11<02:29,  2.23it/s]
  8%|████▌                                                       | 27/360 [00:11<02:29,  2.23it/s]
  8%|████▋                                                       | 28/360 [00:12<02:28,  2.23it/s]
  8%|████▊                                                       | 29/360 [00:12<02:29,  2.22it/s]
  8%|█████                                                       | 30/360 [00:12<01:59,  2.76it/s]{'loss': '1.88', 'grad_norm': '9.335', 'learning_rate': '3.833e-05', 'epoch': '0.8547'}


Writing model shards:   0%|                                                 | 0/1 [00:00<?, ?it/s][A

Writing model shards: 100%|█████████████████████████████████████████| 1/1 [00:06<00:00,  6.08s/it][A
Writing model shards: 100%|█████████████████████████████████████████| 1/1 [00:06<00:00,  6.08s/it]

  9%|█████▏                                                      | 31/360 [00:30<29:33,  5.39s/it]
  9%|█████▎                                                      | 32/360 [00:30<21:20,  3.90s/it]
  9%|█████▌                                                      | 33/360 [00:30<15:37,  2.87s/it]
  9%|█████▋                                                      | 34/360 [00:31<11:37,  2.14s/it]
 10%|█████▊                                                      | 35/360 [00:31<08:49,  1.63s/it]
 10%|██████                                                      | 36/360 [00:32<06:52,  1.27s/it]
 10%|██████▏                                                     | 37/360 [00:32<05:30,  1.02s/it]
 11%|██████▎                                                     | 38/360 [00:33<04:33,  1.18it/s]
 11%|██████▌                                                     | 39/360 [00:33<03:53,  1.38it/s]
 11%|██████▋                                                     | 40/360 [00:34<03:25,  1.56it/s]
 11%|██████▊                                                     | 41/360 [00:34<03:05,  1.72it/s]
 12%|███████                                                     | 42/360 [00:34<02:51,  1.86it/s]
 12%|███████▏                                                    | 43/360 [00:35<02:41,  1.96it/s]
 12%|███████▎                                                    | 44/360 [00:35<02:34,  2.04it/s]
 12%|███████▌                                                    | 45/360 [00:36<02:29,  2.11it/s]
 13%|███████▋                                                    | 46/360 [00:36<02:25,  2.16it/s]
 13%|███████▊                                                    | 47/360 [00:37<02:23,  2.18it/s]
 13%|████████                                                    | 48/360 [00:37<02:21,  2.21it/s]
 14%|████████▏                                                   | 49/360 [00:38<02:20,  2.22it/s]
 14%|████████▎                                                   | 50/360 [00:38<02:19,  2.23it/s]
                                                                                                  

 14%|████████▎                                                   | 50/360 [00:38<02:19,  2.23it/s]
 14%|████████▌                                                   | 51/360 [00:38<02:17,  2.24it/s]
 14%|████████▋                                                   | 52/360 [00:39<02:17,  2.24it/s]
 15%|████████▊                                                   | 53/360 [00:39<02:16,  2.25it/s]
 15%|█████████                                                   | 54/360 [00:40<02:15,  2.25it/s]
 15%|█████████▏                                                  | 55/360 [00:40<02:15,  2.25it/s]
 16%|█████████▎                                                  | 56/360 [00:41<02:14,  2.26it/s]
 16%|█████████▌                                                  | 57/360 [00:41<02:14,  2.25it/s]
 16%|█████████▋                                                  | 58/360 [00:42<02:14,  2.25it/s]
 16%|█████████▊                                                  | 59/360 [00:42<02:13,  2.25it/s]
 17%|██████████                                                  | 60/360 [00:42<01:46,  2.81it/s]{'loss': '1.054', 'grad_norm': '8.707', 'learning_rate': '4.742e-05', 'epoch': '1.684'}


Writing model shards:   0%|                                                 | 0/1 [00:00<?, ?it/s][A

Writing model shards: 100%|█████████████████████████████████████████| 1/1 [00:06<00:00,  6.10s/it][A
Writing model shards: 100%|█████████████████████████████████████████| 1/1 [00:06<00:00,  6.10s/it]

 17%|██████████▏                                                 | 61/360 [01:00<27:52,  5.59s/it]
 17%|██████████▎                                                 | 62/360 [01:00<20:06,  4.05s/it]
 18%|██████████▌                                                 | 63/360 [01:01<14:40,  2.97s/it]
 18%|██████████▋                                                 | 64/360 [01:01<10:53,  2.21s/it]
 18%|██████████▊                                                 | 65/360 [01:02<08:15,  1.68s/it]
 18%|███████████                                                 | 66/360 [01:02<06:24,  1.31s/it]
 19%|███████████▏                                                | 67/360 [01:03<05:07,  1.05s/it]
 19%|███████████▎                                                | 68/360 [01:03<04:13,  1.15it/s]
 19%|███████████▌                                                | 69/360 [01:03<03:35,  1.35it/s]
 19%|███████████▋                                                | 70/360 [01:04<03:08,  1.54it/s]
 20%|███████████▊                                                | 71/360 [01:04<02:49,  1.70it/s]
 20%|████████████                                                | 72/360 [01:05<02:36,  1.84it/s]
 20%|████████████▏                                               | 73/360 [01:05<02:27,  1.95it/s]
 21%|████████████▎                                               | 74/360 [01:06<02:20,  2.03it/s]
 21%|████████████▌                                               | 75/360 [01:06<02:16,  2.09it/s]
                                                                                                  

 21%|████████████▌                                               | 75/360 [01:06<02:16,  2.09it/s]
 21%|████████████▋                                               | 76/360 [01:07<02:12,  2.14it/s]
 21%|████████████▊                                               | 77/360 [01:07<02:10,  2.18it/s]
 22%|█████████████                                               | 78/360 [01:07<02:08,  2.20it/s]
 22%|█████████████▏                                              | 79/360 [01:08<02:06,  2.22it/s]
 22%|█████████████▎                                              | 80/360 [01:08<02:05,  2.23it/s]
 22%|█████████████▌                                              | 81/360 [01:09<02:04,  2.24it/s]
 23%|█████████████▋                                              | 82/360 [01:09<02:03,  2.25it/s]
 23%|█████████████▊                                              | 83/360 [01:10<02:02,  2.26it/s]
 23%|██████████████                                              | 84/360 [01:10<02:02,  2.26it/s]
 24%|██████████████▏                                             | 85/360 [01:11<02:01,  2.26it/s]
 24%|██████████████▎                                             | 86/360 [01:11<02:01,  2.26it/s]
 24%|██████████████▌                                             | 87/360 [01:11<02:00,  2.26it/s]
 24%|██████████████▋                                             | 88/360 [01:12<02:00,  2.26it/s]
 25%|██████████████▊                                             | 89/360 [01:12<01:59,  2.26it/s]
 25%|███████████████                                             | 90/360 [01:12<01:35,  2.82it/s]{'loss': '0.7588', 'grad_norm': '7.271', 'learning_rate': '4.364e-05', 'epoch': '2.513'}


Writing model shards:   0%|                                                 | 0/1 [00:00<?, ?it/s][A

Writing model shards: 100%|█████████████████████████████████████████| 1/1 [00:06<00:00,  6.53s/it][A
Writing model shards: 100%|█████████████████████████████████████████| 1/1 [00:06<00:00,  6.53s/it]

 25%|███████████████▏                                            | 91/360 [01:33<28:08,  6.28s/it]
 26%|███████████████▎                                            | 92/360 [01:33<20:12,  4.53s/it]
 26%|███████████████▌                                            | 93/360 [01:33<14:41,  3.30s/it]
 26%|███████████████▋                                            | 94/360 [01:34<10:49,  2.44s/it]
 26%|███████████████▊                                            | 95/360 [01:34<08:08,  1.84s/it]
 27%|████████████████                                            | 96/360 [01:35<06:15,  1.42s/it]
 27%|████████████████▏                                           | 97/360 [01:35<04:56,  1.13s/it]
 27%|████████████████▎                                           | 98/360 [01:36<04:01,  1.08it/s]
 28%|████████████████▌                                           | 99/360 [01:36<03:22,  1.29it/s]
 28%|████████████████▍                                          | 100/360 [01:37<02:55,  1.48it/s]
                                                                                                  

 28%|████████████████▍                                          | 100/360 [01:37<02:55,  1.48it/s]
 28%|████████████████▌                                          | 101/360 [01:37<02:36,  1.65it/s]
 28%|████████████████▋                                          | 102/360 [01:37<02:23,  1.80it/s]
 29%|████████████████▉                                          | 103/360 [01:38<02:14,  1.91it/s]
 29%|█████████████████                                          | 104/360 [01:38<02:08,  2.00it/s]
 29%|█████████████████▏                                         | 105/360 [01:39<02:03,  2.07it/s]
 29%|█████████████████▎                                         | 106/360 [01:39<01:59,  2.12it/s]
 30%|█████████████████▌                                         | 107/360 [01:40<01:57,  2.15it/s]
 30%|█████████████████▋                                         | 108/360 [01:40<01:55,  2.18it/s]
 30%|█████████████████▊                                         | 109/360 [01:41<01:53,  2.20it/s]
 31%|██████████████████                                         | 110/360 [01:41<01:52,  2.22it/s]
 31%|██████████████████▏                                        | 111/360 [01:41<01:51,  2.23it/s]
 31%|██████████████████▎                                        | 112/360 [01:42<01:50,  2.24it/s]
 31%|██████████████████▌                                        | 113/360 [01:42<01:49,  2.25it/s]
 32%|██████████████████▋                                        | 114/360 [01:43<01:49,  2.25it/s]
 32%|██████████████████▊                                        | 115/360 [01:43<01:48,  2.25it/s]
 32%|███████████████████                                        | 116/360 [01:44<01:48,  2.25it/s]
 32%|███████████████████▏                                       | 117/360 [01:44<01:48,  2.24it/s]
 33%|███████████████████▎                                       | 118/360 [01:45<01:47,  2.25it/s]
 33%|███████████████████▌                                       | 119/360 [01:45<01:47,  2.25it/s]
 33%|███████████████████▋                                       | 120/360 [01:45<01:25,  2.81it/s]{'loss': '0.4587', 'grad_norm': '7.174', 'learning_rate': '3.985e-05', 'epoch': '3.342'}


Writing model shards:   0%|                                                 | 0/1 [00:00<?, ?it/s][A

Writing model shards: 100%|█████████████████████████████████████████| 1/1 [00:05<00:00,  5.86s/it][A
Writing model shards: 100%|█████████████████████████████████████████| 1/1 [00:05<00:00,  5.86s/it]

 34%|███████████████████▊                                       | 121/360 [02:05<24:55,  6.26s/it]
 34%|███████████████████▉                                       | 122/360 [02:06<17:55,  4.52s/it]
 34%|████████████████████▏                                      | 123/360 [02:06<13:03,  3.31s/it]
 34%|████████████████████▎                                      | 124/360 [02:07<09:43,  2.47s/it]
 35%|████████████████████▍                                      | 125/360 [02:07<07:20,  1.88s/it]
                                                                                                  

 35%|████████████████████▍                                      | 125/360 [02:07<07:20,  1.88s/it]
 35%|████████████████████▋                                      | 126/360 [02:08<05:39,  1.45s/it]
 35%|████████████████████▊                                      | 127/360 [02:08<04:28,  1.15s/it]
 36%|████████████████████▉                                      | 128/360 [02:08<03:37,  1.06it/s]
 36%|█████████████████████▏                                     | 129/360 [02:09<03:02,  1.26it/s]
 36%|█████████████████████▎                                     | 130/360 [02:09<02:38,  1.45it/s]
 36%|█████████████████████▍                                     | 131/360 [02:10<02:21,  1.62it/s]
 37%|█████████████████████▋                                     | 132/360 [02:10<02:08,  1.77it/s]
 37%|█████████████████████▊                                     | 133/360 [02:11<02:00,  1.88it/s]
 37%|█████████████████████▉                                     | 134/360 [02:11<01:54,  1.97it/s]
 38%|██████████████████████▏                                    | 135/360 [02:12<01:50,  2.04it/s]
 38%|██████████████████████▎                                    | 136/360 [02:12<01:47,  2.09it/s]
 38%|██████████████████████▍                                    | 137/360 [02:12<01:44,  2.13it/s]
 38%|██████████████████████▌                                    | 138/360 [02:13<01:42,  2.16it/s]
 39%|██████████████████████▊                                    | 139/360 [02:13<01:41,  2.18it/s]
 39%|██████████████████████▉                                    | 140/360 [02:14<01:39,  2.20it/s]
 39%|███████████████████████                                    | 141/360 [02:14<01:38,  2.21it/s]
 39%|███████████████████████▎                                   | 142/360 [02:15<01:38,  2.22it/s]
 40%|███████████████████████▍                                   | 143/360 [02:15<01:37,  2.23it/s]
 40%|███████████████████████▌                                   | 144/360 [02:16<01:36,  2.23it/s]
 40%|███████████████████████▊                                   | 145/360 [02:16<01:36,  2.23it/s]
 41%|███████████████████████▉                                   | 146/360 [02:17<01:35,  2.24it/s]
 41%|████████████████████████                                   | 147/360 [02:17<01:35,  2.24it/s]
 41%|████████████████████████▎                                  | 148/360 [02:17<01:34,  2.24it/s]
 41%|████████████████████████▍                                  | 149/360 [02:18<01:34,  2.24it/s]
 42%|████████████████████████▌                                  | 150/360 [02:18<01:16,  2.76it/s]
                                                                                                  

 42%|████████████████████████▌                                  | 150/360 [02:18<01:16,  2.76it/s]{'loss': '0.2964', 'grad_norm': '3.808', 'learning_rate': '3.621e-05', 'epoch': '4.171'}
{'loss': '0.224', 'grad_norm': '14.39', 'learning_rate': '3.242e-05', 'epoch': '5'}


Writing model shards:   0%|                                                 | 0/1 [00:00<?, ?it/s][A

Writing model shards: 100%|█████████████████████████████████████████| 1/1 [00:07<00:00,  7.02s/it][A
Writing model shards: 100%|█████████████████████████████████████████| 1/1 [00:07<00:00,  7.02s/it]

 42%|████████████████████████▋                                  | 151/360 [02:38<22:00,  6.32s/it]
 42%|████████████████████████▉                                  | 152/360 [02:39<15:47,  4.56s/it]
 42%|█████████████████████████                                  | 153/360 [02:39<11:27,  3.32s/it]
 43%|█████████████████████████▏                                 | 154/360 [02:40<08:26,  2.46s/it]
 43%|█████████████████████████▍                                 | 155/360 [02:40<06:19,  1.85s/it]
 43%|█████████████████████████▌                                 | 156/360 [02:40<04:51,  1.43s/it]
 44%|█████████████████████████▋                                 | 157/360 [02:41<03:50,  1.13s/it]
 44%|█████████████████████████▉                                 | 158/360 [02:41<03:07,  1.08it/s]
 44%|██████████████████████████                                 | 159/360 [02:42<02:36,  1.28it/s]
 44%|██████████████████████████▏                                | 160/360 [02:42<02:15,  1.47it/s]
 45%|██████████████████████████▍                                | 161/360 [02:43<02:01,  1.64it/s]
 45%|██████████████████████████▌                                | 162/360 [02:43<01:50,  1.79it/s]
 45%|██████████████████████████▋                                | 163/360 [02:44<01:43,  1.91it/s]
 46%|██████████████████████████▉                                | 164/360 [02:44<01:37,  2.00it/s]
 46%|███████████████████████████                                | 165/360 [02:44<01:33,  2.08it/s]
 46%|███████████████████████████▏                               | 166/360 [02:45<01:31,  2.13it/s]
 46%|███████████████████████████▎                               | 167/360 [02:45<01:29,  2.17it/s]
 47%|███████████████████████████▌                               | 168/360 [02:46<01:27,  2.20it/s]
 47%|███████████████████████████▋                               | 169/360 [02:46<01:26,  2.22it/s]
 47%|███████████████████████████▊                               | 170/360 [02:47<01:25,  2.23it/s]
 48%|████████████████████████████                               | 171/360 [02:47<01:24,  2.24it/s]
 48%|████████████████████████████▏                              | 172/360 [02:48<01:23,  2.25it/s]
 48%|████████████████████████████▎                              | 173/360 [02:48<01:22,  2.25it/s]
 48%|████████████████████████████▌                              | 174/360 [02:48<01:22,  2.26it/s]
 49%|████████████████████████████▋                              | 175/360 [02:49<01:22,  2.25it/s]
                                                                                                  

 49%|████████████████████████████▋                              | 175/360 [02:49<01:22,  2.25it/s]
 49%|████████████████████████████▊                              | 176/360 [02:49<01:21,  2.26it/s]
 49%|█████████████████████████████                              | 177/360 [02:50<01:21,  2.26it/s]
 49%|█████████████████████████████▏                             | 178/360 [02:50<01:20,  2.26it/s]
 50%|█████████████████████████████▎                             | 179/360 [02:51<01:20,  2.26it/s]
 50%|█████████████████████████████▌                             | 180/360 [02:51<01:03,  2.81it/s]{'loss': '0.1401', 'grad_norm': '3.64', 'learning_rate': '2.864e-05', 'epoch': '5.855'}


Writing model shards:   0%|                                                 | 0/1 [00:00<?, ?it/s][A

Writing model shards: 100%|█████████████████████████████████████████| 1/1 [00:05<00:00,  5.72s/it][A
Writing model shards: 100%|█████████████████████████████████████████| 1/1 [00:05<00:00,  5.72s/it]

 50%|█████████████████████████████▋                             | 181/360 [03:09<17:17,  5.80s/it]
 51%|█████████████████████████████▊                             | 182/360 [03:10<12:25,  4.19s/it]
 51%|█████████████████████████████▉                             | 183/360 [03:10<09:02,  3.07s/it]
 51%|██████████████████████████████▏                            | 184/360 [03:11<06:40,  2.28s/it]
 51%|██████████████████████████████▎                            | 185/360 [03:11<05:02,  1.73s/it]
 52%|██████████████████████████████▍                            | 186/360 [03:11<03:53,  1.34s/it]
 52%|██████████████████████████████▋                            | 187/360 [03:12<03:05,  1.07s/it]
 52%|██████████████████████████████▊                            | 188/360 [03:12<02:31,  1.13it/s]
 52%|██████████████████████████████▉                            | 189/360 [03:13<02:08,  1.33it/s]
 53%|███████████████████████████████▏                           | 190/360 [03:13<01:51,  1.52it/s]
 53%|███████████████████████████████▎                           | 191/360 [03:14<01:40,  1.69it/s]
 53%|███████████████████████████████▍                           | 192/360 [03:14<01:31,  1.83it/s]
 54%|███████████████████████████████▋                           | 193/360 [03:15<01:26,  1.94it/s]
 54%|███████████████████████████████▊                           | 194/360 [03:15<01:21,  2.03it/s]
 54%|███████████████████████████████▉                           | 195/360 [03:15<01:18,  2.10it/s]
 54%|████████████████████████████████                           | 196/360 [03:16<01:16,  2.15it/s]
 55%|████████████████████████████████▎                          | 197/360 [03:16<01:14,  2.18it/s]
 55%|████████████████████████████████▍                          | 198/360 [03:17<01:13,  2.21it/s]
 55%|████████████████████████████████▌                          | 199/360 [03:17<01:12,  2.23it/s]
 56%|████████████████████████████████▊                          | 200/360 [03:18<01:11,  2.24it/s]
                                                                                                  

 56%|████████████████████████████████▊                          | 200/360 [03:18<01:11,  2.24it/s]
 56%|████████████████████████████████▉                          | 201/360 [03:18<01:10,  2.25it/s]
 56%|█████████████████████████████████                          | 202/360 [03:19<01:10,  2.26it/s]
 56%|█████████████████████████████████▎                         | 203/360 [03:19<01:09,  2.26it/s]
 57%|█████████████████████████████████▍                         | 204/360 [03:19<01:08,  2.26it/s]
 57%|█████████████████████████████████▌                         | 205/360 [03:20<01:08,  2.27it/s]
 57%|█████████████████████████████████▊                         | 206/360 [03:20<01:07,  2.27it/s]
 57%|█████████████████████████████████▉                         | 207/360 [03:21<01:07,  2.27it/s]
 58%|██████████████████████████████████                         | 208/360 [03:21<01:07,  2.26it/s]
 58%|██████████████████████████████████▎                        | 209/360 [03:22<01:06,  2.26it/s]
 58%|██████████████████████████████████▍                        | 210/360 [03:22<00:53,  2.82it/s]{'loss': '0.1151', 'grad_norm': '3.366', 'learning_rate': '2.485e-05', 'epoch': '6.684'}


Writing model shards:   0%|                                                 | 0/1 [00:00<?, ?it/s][A

Writing model shards: 100%|█████████████████████████████████████████| 1/1 [00:05<00:00,  5.81s/it][A
Writing model shards: 100%|█████████████████████████████████████████| 1/1 [00:05<00:00,  5.81s/it]

 59%|██████████████████████████████████▌                        | 211/360 [03:39<13:41,  5.52s/it]
 59%|██████████████████████████████████▋                        | 212/360 [03:40<09:51,  3.99s/it]
 59%|██████████████████████████████████▉                        | 213/360 [03:40<07:10,  2.93s/it]
 59%|███████████████████████████████████                        | 214/360 [03:41<05:18,  2.18s/it]
 60%|███████████████████████████████████▏                       | 215/360 [03:41<04:00,  1.66s/it]
 60%|███████████████████████████████████▍                       | 216/360 [03:42<03:06,  1.29s/it]
 60%|███████████████████████████████████▌                       | 217/360 [03:42<02:28,  1.04s/it]
 61%|███████████████████████████████████▋                       | 218/360 [03:42<02:01,  1.17it/s]
 61%|███████████████████████████████████▉                       | 219/360 [03:43<01:43,  1.36it/s]
 61%|████████████████████████████████████                       | 220/360 [03:43<01:30,  1.55it/s]
 61%|████████████████████████████████████▏                      | 221/360 [03:44<01:21,  1.71it/s]
 62%|████████████████████████████████████▍                      | 222/360 [03:44<01:14,  1.85it/s]
 62%|████████████████████████████████████▌                      | 223/360 [03:45<01:09,  1.96it/s]
 62%|████████████████████████████████████▋                      | 224/360 [03:45<01:06,  2.04it/s]
 62%|████████████████████████████████████▉                      | 225/360 [03:45<01:04,  2.11it/s]
                                                                                                  

 62%|████████████████████████████████████▉                      | 225/360 [03:46<01:04,  2.11it/s]
 63%|█████████████████████████████████████                      | 226/360 [03:46<01:02,  2.15it/s]
 63%|█████████████████████████████████████▏                     | 227/360 [03:46<01:00,  2.19it/s]
 63%|█████████████████████████████████████▎                     | 228/360 [03:47<00:59,  2.21it/s]
 64%|█████████████████████████████████████▌                     | 229/360 [03:47<00:58,  2.23it/s]
 64%|█████████████████████████████████████▋                     | 230/360 [03:48<00:57,  2.24it/s]
 64%|█████████████████████████████████████▊                     | 231/360 [03:48<00:57,  2.24it/s]
 64%|██████████████████████████████████████                     | 232/360 [03:49<00:56,  2.25it/s]
 65%|██████████████████████████████████████▏                    | 233/360 [03:49<00:56,  2.25it/s]
 65%|██████████████████████████████████████▎                    | 234/360 [03:49<00:55,  2.25it/s]
 65%|██████████████████████████████████████▌                    | 235/360 [03:50<00:55,  2.26it/s]
 66%|██████████████████████████████████████▋                    | 236/360 [03:50<00:54,  2.26it/s]
 66%|██████████████████████████████████████▊                    | 237/360 [03:51<00:54,  2.25it/s]
 66%|███████████████████████████████████████                    | 238/360 [03:51<00:54,  2.25it/s]
 66%|███████████████████████████████████████▏                   | 239/360 [03:52<00:53,  2.25it/s]
 67%|███████████████████████████████████████▎                   | 240/360 [03:52<00:42,  2.81it/s]{'loss': '0.06683', 'grad_norm': '1.372', 'learning_rate': '2.106e-05', 'epoch': '7.513'}


Writing model shards:   0%|                                                 | 0/1 [00:00<?, ?it/s][A

Writing model shards: 100%|█████████████████████████████████████████| 1/1 [00:06<00:00,  6.80s/it][A
Writing model shards: 100%|█████████████████████████████████████████| 1/1 [00:06<00:00,  6.80s/it]

 67%|███████████████████████████████████████▍                   | 241/360 [04:12<12:48,  6.46s/it]
 67%|███████████████████████████████████████▋                   | 242/360 [04:13<09:09,  4.65s/it]
 68%|███████████████████████████████████████▊                   | 243/360 [04:13<06:36,  3.39s/it]
 68%|███████████████████████████████████████▉                   | 244/360 [04:14<04:50,  2.51s/it]
 68%|████████████████████████████████████████▏                  | 245/360 [04:14<03:36,  1.89s/it]
 68%|████████████████████████████████████████▎                  | 246/360 [04:15<02:45,  1.45s/it]
 69%|████████████████████████████████████████▍                  | 247/360 [04:15<02:09,  1.15s/it]
 69%|████████████████████████████████████████▋                  | 248/360 [04:16<01:45,  1.07it/s]
 69%|████████████████████████████████████████▊                  | 249/360 [04:16<01:27,  1.27it/s]
 69%|████████████████████████████████████████▉                  | 250/360 [04:16<01:15,  1.46it/s]
                                                                                                  

 69%|████████████████████████████████████████▉                  | 250/360 [04:17<01:15,  1.46it/s]
 70%|█████████████████████████████████████████▏                 | 251/360 [04:17<01:06,  1.63it/s]
 70%|█████████████████████████████████████████▎                 | 252/360 [04:17<01:00,  1.78it/s]
 70%|█████████████████████████████████████████▍                 | 253/360 [04:18<00:56,  1.90it/s]
 71%|█████████████████████████████████████████▋                 | 254/360 [04:18<00:53,  1.99it/s]
 71%|█████████████████████████████████████████▊                 | 255/360 [04:19<00:50,  2.07it/s]
 71%|█████████████████████████████████████████▉                 | 256/360 [04:19<00:49,  2.12it/s]
 71%|██████████████████████████████████████████                 | 257/360 [04:20<00:47,  2.16it/s]
 72%|██████████████████████████████████████████▎                | 258/360 [04:20<00:46,  2.19it/s]
 72%|██████████████████████████████████████████▍                | 259/360 [04:20<00:45,  2.21it/s]
 72%|██████████████████████████████████████████▌                | 260/360 [04:21<00:44,  2.22it/s]
 72%|██████████████████████████████████████████▊                | 261/360 [04:21<00:44,  2.24it/s]
 73%|██████████████████████████████████████████▉                | 262/360 [04:22<00:43,  2.24it/s]
 73%|███████████████████████████████████████████                | 263/360 [04:22<00:43,  2.24it/s]
 73%|███████████████████████████████████████████▎               | 264/360 [04:23<00:42,  2.25it/s]
 74%|███████████████████████████████████████████▍               | 265/360 [04:23<00:42,  2.25it/s]
 74%|███████████████████████████████████████████▌               | 266/360 [04:24<00:41,  2.25it/s]
 74%|███████████████████████████████████████████▊               | 267/360 [04:24<00:41,  2.25it/s]
 74%|███████████████████████████████████████████▉               | 268/360 [04:24<00:40,  2.26it/s]
 75%|████████████████████████████████████████████               | 269/360 [04:25<00:40,  2.26it/s]
 75%|████████████████████████████████████████████▎              | 270/360 [04:25<00:32,  2.80it/s]{'loss': '0.0647', 'grad_norm': '0.7269', 'learning_rate': '1.727e-05', 'epoch': '8.342'}


Writing model shards:   0%|                                                 | 0/1 [00:00<?, ?it/s][A

Writing model shards: 100%|█████████████████████████████████████████| 1/1 [00:05<00:00,  5.54s/it][A
Writing model shards: 100%|█████████████████████████████████████████| 1/1 [00:05<00:00,  5.54s/it]

 75%|████████████████████████████████████████████▍              | 271/360 [04:42<07:53,  5.32s/it]
 76%|████████████████████████████████████████████▌              | 272/360 [04:42<05:39,  3.86s/it]
 76%|████████████████████████████████████████████▋              | 273/360 [04:43<04:06,  2.83s/it]
 76%|████████████████████████████████████████████▉              | 274/360 [04:43<03:01,  2.12s/it]
 76%|█████████████████████████████████████████████              | 275/360 [04:44<02:17,  1.61s/it]
                                                                                                  

 76%|█████████████████████████████████████████████              | 275/360 [04:44<02:17,  1.61s/it]
 77%|█████████████████████████████████████████████▏             | 276/360 [04:44<01:46,  1.26s/it]
 77%|█████████████████████████████████████████████▍             | 277/360 [04:45<01:24,  1.02s/it]
 77%|█████████████████████████████████████████████▌             | 278/360 [04:45<01:09,  1.18it/s]
 78%|█████████████████████████████████████████████▋             | 279/360 [04:45<00:58,  1.38it/s]
 78%|█████████████████████████████████████████████▉             | 280/360 [04:46<00:51,  1.56it/s]
 78%|██████████████████████████████████████████████             | 281/360 [04:46<00:45,  1.72it/s]
 78%|██████████████████████████████████████████████▏            | 282/360 [04:47<00:42,  1.85it/s]
 79%|██████████████████████████████████████████████▍            | 283/360 [04:48<00:45,  1.69it/s]
 79%|██████████████████████████████████████████████▌            | 284/360 [04:48<00:41,  1.83it/s]
 79%|██████████████████████████████████████████████▋            | 285/360 [04:48<00:38,  1.94it/s]
 79%|██████████████████████████████████████████████▊            | 286/360 [04:49<00:36,  2.03it/s]
 80%|███████████████████████████████████████████████            | 287/360 [04:49<00:34,  2.09it/s]
 80%|███████████████████████████████████████████████▏           | 288/360 [04:50<00:33,  2.14it/s]
 80%|███████████████████████████████████████████████▎           | 289/360 [04:50<00:32,  2.17it/s]
 81%|███████████████████████████████████████████████▌           | 290/360 [04:51<00:31,  2.19it/s]
 81%|███████████████████████████████████████████████▋           | 291/360 [04:51<00:31,  2.21it/s]
 81%|███████████████████████████████████████████████▊           | 292/360 [04:52<00:30,  2.23it/s]
 81%|████████████████████████████████████████████████           | 293/360 [04:52<00:29,  2.24it/s]
 82%|████████████████████████████████████████████████▏          | 294/360 [04:52<00:29,  2.24it/s]
 82%|████████████████████████████████████████████████▎          | 295/360 [04:53<00:28,  2.25it/s]
 82%|████████████████████████████████████████████████▌          | 296/360 [04:53<00:28,  2.25it/s]
 82%|████████████████████████████████████████████████▋          | 297/360 [04:54<00:27,  2.25it/s]
 83%|████████████████████████████████████████████████▊          | 298/360 [04:54<00:27,  2.25it/s]
 83%|█████████████████████████████████████████████████          | 299/360 [04:55<00:27,  2.26it/s]
 83%|█████████████████████████████████████████████████▏         | 300/360 [04:55<00:21,  2.81it/s]
                                                                                                  

 83%|█████████████████████████████████████████████████▏         | 300/360 [04:55<00:21,  2.81it/s]{'loss': '0.0446', 'grad_norm': '0.8523', 'learning_rate': '1.348e-05', 'epoch': '9.171'}
{'loss': '0.03662', 'grad_norm': '0.2084', 'learning_rate': '9.697e-06', 'epoch': '10'}


Writing model shards:   0%|                                                 | 0/1 [00:00<?, ?it/s][A

Writing model shards: 100%|█████████████████████████████████████████| 1/1 [00:06<00:00,  6.12s/it][A
Writing model shards: 100%|█████████████████████████████████████████| 1/1 [00:06<00:00,  6.12s/it]

 84%|█████████████████████████████████████████████████▎         | 301/360 [05:14<05:52,  5.98s/it]
 84%|█████████████████████████████████████████████████▍         | 302/360 [05:14<04:10,  4.32s/it]
 84%|█████████████████████████████████████████████████▋         | 303/360 [05:15<02:59,  3.16s/it]
 84%|█████████████████████████████████████████████████▊         | 304/360 [05:15<02:11,  2.34s/it]
 85%|█████████████████████████████████████████████████▉         | 305/360 [05:16<01:37,  1.77s/it]
 85%|██████████████████████████████████████████████████▏        | 306/360 [05:16<01:14,  1.37s/it]
 85%|██████████████████████████████████████████████████▎        | 307/360 [05:17<00:58,  1.09s/it]
 86%|██████████████████████████████████████████████████▍        | 308/360 [05:17<00:46,  1.11it/s]
 86%|██████████████████████████████████████████████████▋        | 309/360 [05:17<00:38,  1.31it/s]
 86%|██████████████████████████████████████████████████▊        | 310/360 [05:18<00:33,  1.50it/s]
 86%|██████████████████████████████████████████████████▉        | 311/360 [05:18<00:29,  1.67it/s]
 87%|███████████████████████████████████████████████████▏       | 312/360 [05:19<00:26,  1.81it/s]
 87%|███████████████████████████████████████████████████▎       | 313/360 [05:19<00:24,  1.92it/s]
 87%|███████████████████████████████████████████████████▍       | 314/360 [05:20<00:22,  2.01it/s]
 88%|███████████████████████████████████████████████████▋       | 315/360 [05:20<00:21,  2.08it/s]
 88%|███████████████████████████████████████████████████▊       | 316/360 [05:21<00:20,  2.13it/s]
 88%|███████████████████████████████████████████████████▉       | 317/360 [05:21<00:19,  2.17it/s]
 88%|████████████████████████████████████████████████████       | 318/360 [05:21<00:19,  2.19it/s]
 89%|████████████████████████████████████████████████████▎      | 319/360 [05:22<00:18,  2.21it/s]
 89%|████████████████████████████████████████████████████▍      | 320/360 [05:22<00:17,  2.23it/s]
 89%|████████████████████████████████████████████████████▌      | 321/360 [05:23<00:17,  2.23it/s]
 89%|████████████████████████████████████████████████████▊      | 322/360 [05:23<00:16,  2.24it/s]
 90%|████████████████████████████████████████████████████▉      | 323/360 [05:24<00:16,  2.25it/s]
 90%|█████████████████████████████████████████████████████      | 324/360 [05:24<00:15,  2.25it/s]
 90%|█████████████████████████████████████████████████████▎     | 325/360 [05:25<00:15,  2.25it/s]
                                                                                                  

 90%|█████████████████████████████████████████████████████▎     | 325/360 [05:25<00:15,  2.25it/s]
 91%|█████████████████████████████████████████████████████▍     | 326/360 [05:25<00:15,  2.26it/s]
 91%|█████████████████████████████████████████████████████▌     | 327/360 [05:25<00:14,  2.26it/s]
 91%|█████████████████████████████████████████████████████▊     | 328/360 [05:26<00:14,  2.26it/s]
 91%|█████████████████████████████████████████████████████▉     | 329/360 [05:26<00:13,  2.25it/s]
 92%|██████████████████████████████████████████████████████     | 330/360 [05:26<00:10,  2.80it/s]{'loss': '0.01738', 'grad_norm': '1.024', 'learning_rate': '5.909e-06', 'epoch': '10.85'}


Writing model shards:   0%|                                                 | 0/1 [00:00<?, ?it/s][A

Writing model shards: 100%|█████████████████████████████████████████| 1/1 [00:05<00:00,  5.08s/it][A
Writing model shards: 100%|█████████████████████████████████████████| 1/1 [00:05<00:00,  5.08s/it]

 92%|██████████████████████████████████████████████████████▏    | 331/360 [05:43<02:33,  5.30s/it]
 92%|██████████████████████████████████████████████████████▍    | 332/360 [05:44<01:47,  3.84s/it]
 92%|██████████████████████████████████████████████████████▌    | 333/360 [05:44<01:16,  2.82s/it]
 93%|██████████████████████████████████████████████████████▋    | 334/360 [05:45<00:54,  2.11s/it]
 93%|██████████████████████████████████████████████████████▉    | 335/360 [05:45<00:40,  1.61s/it]
 93%|███████████████████████████████████████████████████████    | 336/360 [05:46<00:30,  1.26s/it]
 94%|███████████████████████████████████████████████████████▏   | 337/360 [05:46<00:23,  1.02s/it]
 94%|███████████████████████████████████████████████████████▍   | 338/360 [05:46<00:18,  1.18it/s]
 94%|███████████████████████████████████████████████████████▌   | 339/360 [05:47<00:15,  1.38it/s]
 94%|███████████████████████████████████████████████████████▋   | 340/360 [05:47<00:12,  1.56it/s]
 95%|███████████████████████████████████████████████████████▉   | 341/360 [05:48<00:11,  1.72it/s]
 95%|████████████████████████████████████████████████████████   | 342/360 [05:48<00:09,  1.85it/s]
 95%|████████████████████████████████████████████████████████▏  | 343/360 [05:49<00:08,  1.96it/s]
 96%|████████████████████████████████████████████████████████▍  | 344/360 [05:49<00:07,  2.04it/s]
 96%|████████████████████████████████████████████████████████▌  | 345/360 [05:49<00:07,  2.10it/s]
 96%|████████████████████████████████████████████████████████▋  | 346/360 [05:50<00:06,  2.14it/s]
 96%|████████████████████████████████████████████████████████▊  | 347/360 [05:50<00:05,  2.18it/s]
 97%|█████████████████████████████████████████████████████████  | 348/360 [05:51<00:05,  2.20it/s]
 97%|█████████████████████████████████████████████████████████▏ | 349/360 [05:51<00:04,  2.21it/s]
 97%|█████████████████████████████████████████████████████████▎ | 350/360 [05:52<00:04,  2.23it/s]
                                                                                                  

 97%|█████████████████████████████████████████████████████████▎ | 350/360 [05:52<00:04,  2.23it/s]
 98%|█████████████████████████████████████████████████████████▌ | 351/360 [05:52<00:04,  2.24it/s]
 98%|█████████████████████████████████████████████████████████▋ | 352/360 [05:53<00:03,  2.24it/s]
 98%|█████████████████████████████████████████████████████████▊ | 353/360 [05:53<00:03,  2.24it/s]
 98%|██████████████████████████████████████████████████████████ | 354/360 [05:53<00:02,  2.25it/s]
 99%|██████████████████████████████████████████████████████████▏| 355/360 [05:54<00:02,  2.25it/s]
 99%|██████████████████████████████████████████████████████████▎| 356/360 [05:54<00:01,  2.25it/s]
 99%|██████████████████████████████████████████████████████████▌| 357/360 [05:55<00:01,  2.26it/s]
 99%|██████████████████████████████████████████████████████████▋| 358/360 [05:55<00:00,  2.25it/s]
100%|██████████████████████████████████████████████████████████▊| 359/360 [05:56<00:00,  2.25it/s]
100%|███████████████████████████████████████████████████████████| 360/360 [05:56<00:00,  2.81it/s]{'loss': '0.04179', 'grad_norm': '0.09241', 'learning_rate': '2.121e-06', 'epoch': '11.68'}


Writing model shards:   0%|                                                 | 0/1 [00:00<?, ?it/s][A

Writing model shards: 100%|█████████████████████████████████████████| 1/1 [00:05<00:00,  5.84s/it][A
Writing model shards: 100%|█████████████████████████████████████████| 1/1 [00:05<00:00,  5.84s/it]

                                                                                                  

100%|███████████████████████████████████████████████████████████| 360/360 [06:13<00:00,  2.81it/s]
100%|███████████████████████████████████████████████████████████| 360/360 [06:13<00:00,  1.04s/it]
{'train_runtime': '373.4', 'train_samples_per_second': '14.95', 'train_steps_per_second': '0.964', 'train_loss': '0.3613', 'epoch': '12'}

  0%|                                                                      | 0/17 [00:00<?, ?it/s]
 35%|█████████████████████▉                                        | 6/17 [00:00<00:00, 49.18it/s]
 65%|███████████████████████████████████████▍                     | 11/17 [00:00<00:00, 45.99it/s]
 94%|█████████████████████████████████████████████████████████▍   | 16/17 [00:00<00:00, 46.81it/s]
100%|█████████████████████████████████████████████████████████████| 17/17 [00:00<00:00, 46.05it/s]

Writing model shards:   0%|                                                 | 0/1 [00:00<?, ?it/s]
Writing model shards: 100%|█████████████████████████████████████████| 1/1 [00:05<00:00,  5.31s/it]
Writing model shards: 100%|█████████████████████████████████████████| 1/1 [00:05<00:00,  5.31s/it]

Loading weights:   0%|                                                    | 0/196 [00:00<?, ?it/s]
Loading weights:   1%|▏                                           | 1/196 [00:00<00:43,  4.52it/s]
Loading weights:   3%|█▎                                          | 6/196 [00:00<00:08, 22.28it/s]
Loading weights:  30%|████████████▋                             | 59/196 [00:00<00:00, 202.42it/s]
Loading weights:  58%|███████████████████████▊                 | 114/196 [00:00<00:00, 314.96it/s]
Loading weights:  86%|███████████████████████████████████▏     | 168/196 [00:00<00:00, 373.50it/s]
Loading weights: 100%|█████████████████████████████████████████| 196/196 [00:00<00:00, 284.38it/s]

Loading weights:   0%|                                                    | 0/196 [00:00<?, ?it/s]
Loading weights:  16%|██████▊                                   | 32/196 [00:00<00:00, 318.70it/s]
Loading weights:  55%|██████████████████████▌                  | 108/196 [00:00<00:00, 574.53it/s]
Loading weights:  96%|███████████████████████████████████████▌ | 189/196 [00:00<00:00, 681.51it/s]
Loading weights: 100%|█████████████████████████████████████████| 196/196 [00:00<00:00, 625.33it/s]

Loading weights:   0%|                                                    | 0/196 [00:00<?, ?it/s]
Loading weights:   1%|▍                                           | 2/196 [00:00<00:12, 15.73it/s]
Loading weights:  12%|█████▏                                    | 24/196 [00:00<00:01, 117.50it/s]
Loading weights:  19%|████████▏                                 | 38/196 [00:00<00:01, 121.21it/s]
Loading weights:  29%|████████████                              | 56/196 [00:00<00:00, 140.01it/s]
Loading weights:  37%|███████████████▍                          | 72/196 [00:00<00:00, 141.81it/s]
Loading weights:  44%|██████████████████▋                       | 87/196 [00:00<00:00, 139.31it/s]
Loading weights:  53%|█████████████████████▊                   | 104/196 [00:00<00:00, 146.37it/s]
Loading weights:  61%|█████████████████████████                | 120/196 [00:00<00:00, 143.50it/s]
Loading weights:  69%|████████████████████████████▏            | 135/196 [00:01<00:00, 140.50it/s]
Loading weights:  78%|███████████████████████████████▊         | 152/196 [00:01<00:00, 145.85it/s]
Loading weights:  86%|███████████████████████████████████▏     | 168/196 [00:01<00:00, 144.20it/s]
Loading weights:  93%|██████████████████████████████████████▎  | 183/196 [00:01<00:00, 140.85it/s]
Loading weights: 100%|█████████████████████████████████████████| 196/196 [00:01<00:00, 137.22it/s]

Loading weights:   0%|                                                    | 0/196 [00:00<?, ?it/s]
Loading weights:   1%|▍                                           | 2/196 [00:00<00:12, 15.45it/s]
Loading weights:  24%|██████████▎                               | 48/196 [00:00<00:00, 240.20it/s]
Loading weights:  43%|██████████████████                        | 84/196 [00:00<00:00, 282.21it/s]
Loading weights:  61%|█████████████████████████                | 120/196 [00:00<00:00, 299.77it/s]
Loading weights:  78%|███████████████████████████████▊         | 152/196 [00:00<00:00, 304.12it/s]
Loading weights:  93%|██████████████████████████████████████▎  | 183/196 [00:00<00:00, 304.57it/s]
Loading weights: 100%|█████████████████████████████████████████| 196/196 [00:00<00:00, 282.33it/s]
