<local-root>/miniconda3/lib/python3.13/site-packages/torch/cuda/__init__.py:61: FutureWarning: The pynvml package is deprecated. Please install nvidia-ml-py instead. If you did not install pynvml directly, please report this to the maintainers of the package that installed pynvml for you.
  import pynvml  # type: ignore[import]
Skipping import of cpp extensions due to incompatible torch version. Please upgrade to torch >= 2.11.0 (found 2.7.1+cu118).

Loading weights:   0%|                                                            | 0/148 [00:00<?, ?it/s]
Loading weights: 100%|████████████████████████████████████████████████| 148/148 [00:00<00:00, 2493.13it/s]
[RANK 0] Detected kernel version 5.4.0, which is below the recommended minimum of 5.5.0; this can cause the process to hang. It is recommended to upgrade the kernel to the minimum version or higher.

  0%|                                                                             | 0/600 [00:00<?, ?it/s][transformers] `loss_type=None` was set in the config but it is unrecognized. Using the default loss: `ForCausalLMLoss`.

  0%|                                                                     | 1/600 [00:00<03:42,  2.70it/s]
  0%|▎                                                                    | 3/600 [00:00<01:44,  5.69it/s]
  1%|▌                                                                    | 5/600 [00:00<01:18,  7.54it/s]
  1%|▊                                                                    | 7/600 [00:00<01:09,  8.59it/s]
  2%|█                                                                    | 9/600 [00:01<01:03,  9.26it/s]
  2%|█▏                                                                  | 11/600 [00:01<01:00,  9.70it/s]
  2%|█▍                                                                  | 13/600 [00:01<00:58,  9.99it/s]
  2%|█▋                                                                  | 15/600 [00:01<00:57, 10.19it/s]
  3%|█▉                                                                  | 17/600 [00:01<00:56, 10.32it/s]
  3%|██▏                                                                 | 19/600 [00:02<00:55, 10.41it/s]
  4%|██▍                                                                 | 21/600 [00:02<00:55, 10.48it/s]
  4%|██▌                                                                 | 23/600 [00:02<00:54, 10.53it/s]
  4%|██▊                                                                 | 25/600 [00:02<00:54, 10.57it/s]
                                                                                                          

  4%|██▊                                                                 | 25/600 [00:02<00:54, 10.57it/s]
  4%|███                                                                 | 27/600 [00:02<00:54, 10.57it/s]
  5%|███▎                                                                | 29/600 [00:03<00:53, 10.59it/s]{'loss': '3.765', 'grad_norm': '7.51', 'learning_rate': '3.667e-05', 'epoch': '0.8475'}


Writing model shards:   0%|                                                         | 0/1 [00:00<?, ?it/s][A

Writing model shards: 100%|█████████████████████████████████████████████████| 1/1 [00:00<00:00,  1.27it/s][A
Writing model shards: 100%|█████████████████████████████████████████████████| 1/1 [00:00<00:00,  1.27it/s]

  5%|███▌                                                                | 31/600 [00:05<03:36,  2.62it/s]
  6%|███▋                                                                | 33/600 [00:05<02:47,  3.39it/s]
  6%|███▉                                                                | 35/600 [00:05<02:12,  4.25it/s]
  6%|████▏                                                               | 37/600 [00:05<01:48,  5.18it/s]
  6%|████▍                                                               | 39/600 [00:05<01:32,  6.09it/s]
  7%|████▋                                                               | 41/600 [00:06<01:19,  7.03it/s]
  7%|████▊                                                               | 43/600 [00:06<01:11,  7.82it/s]
  8%|█████                                                               | 45/600 [00:06<01:05,  8.51it/s]
  8%|█████▎                                                              | 47/600 [00:06<01:01,  9.06it/s]
  8%|█████▌                                                              | 49/600 [00:06<00:58,  9.48it/s]
                                                                                                          

  8%|█████▋                                                              | 50/600 [00:06<00:57,  9.48it/s]
  8%|█████▊                                                              | 51/600 [00:07<00:59,  9.22it/s]
  9%|██████                                                              | 53/600 [00:07<00:56,  9.65it/s]
  9%|██████▏                                                             | 55/600 [00:07<00:54,  9.92it/s]
 10%|██████▍                                                             | 57/600 [00:07<00:54,  9.99it/s]
 10%|██████▋                                                             | 59/600 [00:07<00:53, 10.17it/s]{'loss': '2.307', 'grad_norm': '8.669', 'learning_rate': '4.86e-05', 'epoch': '1.678'}


Writing model shards:   0%|                                                         | 0/1 [00:00<?, ?it/s][A

Writing model shards: 100%|█████████████████████████████████████████████████| 1/1 [00:00<00:00,  1.34it/s][A
Writing model shards: 100%|█████████████████████████████████████████████████| 1/1 [00:00<00:00,  1.33it/s]

 10%|██████▉                                                             | 61/600 [00:09<03:31,  2.55it/s]
 10%|███████▏                                                            | 63/600 [00:10<02:42,  3.31it/s]
 11%|███████▎                                                            | 65/600 [00:10<02:08,  4.17it/s]
 11%|███████▌                                                            | 67/600 [00:10<01:44,  5.10it/s]
 12%|███████▊                                                            | 69/600 [00:10<01:27,  6.04it/s]
 12%|████████                                                            | 71/600 [00:10<01:16,  6.93it/s]
 12%|████████▎                                                           | 73/600 [00:11<01:10,  7.49it/s]
 12%|████████▌                                                           | 75/600 [00:11<01:03,  8.21it/s]
                                                                                                          

 12%|████████▌                                                           | 75/600 [00:11<01:03,  8.21it/s]
 13%|████████▋                                                           | 77/600 [00:11<00:59,  8.80it/s]
 13%|████████▉                                                           | 79/600 [00:11<00:56,  9.26it/s]
 14%|█████████▏                                                          | 81/600 [00:11<00:53,  9.62it/s]
 14%|█████████▍                                                          | 83/600 [00:12<00:52,  9.87it/s]
 14%|█████████▋                                                          | 85/600 [00:12<00:51, 10.06it/s]
 14%|█████████▊                                                          | 87/600 [00:12<00:50, 10.23it/s]
 15%|██████████                                                          | 89/600 [00:12<00:49, 10.35it/s]{'loss': '1.765', 'grad_norm': '6.785', 'learning_rate': '4.64e-05', 'epoch': '2.508'}


Writing model shards:   0%|                                                         | 0/1 [00:00<?, ?it/s][A

Writing model shards: 100%|█████████████████████████████████████████████████| 1/1 [00:00<00:00,  1.28it/s][A
Writing model shards: 100%|█████████████████████████████████████████████████| 1/1 [00:00<00:00,  1.28it/s]

 15%|██████████▎                                                         | 91/600 [00:15<03:49,  2.22it/s]
 16%|██████████▌                                                         | 93/600 [00:15<02:56,  2.88it/s]
 16%|██████████▊                                                         | 95/600 [00:15<02:17,  3.68it/s]
 16%|██████████▉                                                         | 97/600 [00:15<01:49,  4.57it/s]
 16%|███████████▏                                                        | 99/600 [00:15<01:31,  5.48it/s]
                                                                                                          

 17%|███████████▏                                                       | 100/600 [00:16<01:31,  5.48it/s]
 17%|███████████▎                                                       | 101/600 [00:16<01:17,  6.41it/s]
 17%|███████████▌                                                       | 103/600 [00:16<01:08,  7.27it/s]
 18%|███████████▋                                                       | 105/600 [00:16<01:02,  7.93it/s]
 18%|███████████▉                                                       | 107/600 [00:16<00:57,  8.59it/s]
 18%|████████████▏                                                      | 109/600 [00:16<00:53,  9.10it/s]
 18%|████████████▍                                                      | 111/600 [00:17<00:51,  9.50it/s]
 19%|████████████▌                                                      | 113/600 [00:17<00:49,  9.80it/s]
 19%|████████████▊                                                      | 115/600 [00:17<00:48, 10.03it/s]
 20%|█████████████                                                      | 117/600 [00:17<00:48,  9.91it/s]
 20%|█████████████▎                                                     | 119/600 [00:17<00:47, 10.05it/s]{'loss': '1.549', 'grad_norm': '7.362', 'learning_rate': '4.421e-05', 'epoch': '3.339'}


Writing model shards:   0%|                                                         | 0/1 [00:00<?, ?it/s][A

Writing model shards: 100%|█████████████████████████████████████████████████| 1/1 [00:00<00:00,  1.12it/s][A
Writing model shards: 100%|█████████████████████████████████████████████████| 1/1 [00:00<00:00,  1.12it/s]

 20%|█████████████▌                                                     | 121/600 [00:20<03:51,  2.07it/s]
 20%|█████████████▌                                                     | 122/600 [00:20<03:18,  2.40it/s]
 20%|█████████████▋                                                     | 123/600 [00:20<02:48,  2.84it/s]
 21%|█████████████▉                                                     | 125/600 [00:21<02:02,  3.86it/s]
                                                                                                          

 21%|█████████████▉                                                     | 125/600 [00:21<02:02,  3.86it/s]
 21%|██████████████▏                                                    | 127/600 [00:21<01:35,  4.94it/s]
 22%|██████████████▍                                                    | 129/600 [00:21<01:18,  5.99it/s]
 22%|██████████████▋                                                    | 131/600 [00:21<01:07,  6.93it/s]
 22%|██████████████▊                                                    | 133/600 [00:21<01:00,  7.78it/s]
 22%|███████████████                                                    | 135/600 [00:21<00:55,  8.45it/s]
 23%|███████████████▎                                                   | 137/600 [00:22<00:51,  8.96it/s]
 23%|███████████████▌                                                   | 139/600 [00:22<00:49,  9.40it/s]
 24%|███████████████▋                                                   | 141/600 [00:22<00:47,  9.68it/s]
 24%|███████████████▉                                                   | 143/600 [00:22<00:45,  9.94it/s]
 24%|████████████████▏                                                  | 145/600 [00:22<00:45, 10.09it/s]
 24%|████████████████▍                                                  | 147/600 [00:23<00:44, 10.25it/s]
 25%|████████████████▋                                                  | 149/600 [00:23<00:43, 10.37it/s]
                                                                                                          

 25%|████████████████▊                                                  | 150/600 [00:23<00:43, 10.37it/s]{'loss': '1.417', 'grad_norm': '7.219', 'learning_rate': '4.202e-05', 'epoch': '4.169'}
{'loss': '1.334', 'grad_norm': 'inf', 'learning_rate': '3.982e-05', 'epoch': '5'}


Writing model shards:   0%|                                                         | 0/1 [00:00<?, ?it/s][A

Writing model shards: 100%|█████████████████████████████████████████████████| 1/1 [00:00<00:00,  1.25it/s][A
Writing model shards: 100%|█████████████████████████████████████████████████| 1/1 [00:00<00:00,  1.25it/s]

 25%|████████████████▊                                                  | 151/600 [00:25<03:30,  2.13it/s]
 25%|████████████████▉                                                  | 152/600 [00:26<03:01,  2.47it/s]
 26%|█████████████████                                                  | 153/600 [00:26<02:33,  2.92it/s]
 26%|█████████████████▎                                                 | 155/600 [00:26<01:52,  3.97it/s]
 26%|█████████████████▍                                                 | 156/600 [00:26<01:40,  4.43it/s]
 26%|█████████████████▋                                                 | 158/600 [00:26<01:18,  5.66it/s]
 27%|█████████████████▊                                                 | 160/600 [00:26<01:05,  6.75it/s]
 27%|██████████████████                                                 | 162/600 [00:27<00:57,  7.63it/s]
 27%|██████████████████▎                                                | 164/600 [00:27<00:52,  8.38it/s]
 28%|██████████████████▌                                                | 166/600 [00:27<00:48,  8.97it/s]
 28%|██████████████████▊                                                | 168/600 [00:27<00:45,  9.41it/s]
 28%|██████████████████▉                                                | 170/600 [00:27<00:44,  9.74it/s]
 29%|███████████████████▏                                               | 172/600 [00:28<00:42,  9.96it/s]
 29%|███████████████████▍                                               | 174/600 [00:28<00:42, 10.14it/s]
                                                                                                          

 29%|███████████████████▌                                               | 175/600 [00:28<00:41, 10.14it/s]
 29%|███████████████████▋                                               | 176/600 [00:28<00:41, 10.28it/s]
 30%|███████████████████▉                                               | 178/600 [00:28<00:40, 10.33it/s]
 30%|████████████████████                                               | 180/600 [00:28<00:36, 11.42it/s]{'loss': '1.279', 'grad_norm': '7.641', 'learning_rate': '3.772e-05', 'epoch': '5.847'}


Writing model shards:   0%|                                                         | 0/1 [00:00<?, ?it/s][A

Writing model shards: 100%|█████████████████████████████████████████████████| 1/1 [00:00<00:00,  1.24it/s][A
Writing model shards: 100%|█████████████████████████████████████████████████| 1/1 [00:00<00:00,  1.24it/s]

 30%|████████████████████▎                                              | 182/600 [00:31<03:18,  2.11it/s]
 30%|████████████████████▍                                              | 183/600 [00:31<02:51,  2.43it/s]
 31%|████████████████████▋                                              | 185/600 [00:31<02:06,  3.27it/s]
 31%|████████████████████▉                                              | 187/600 [00:31<01:38,  4.21it/s]
 32%|█████████████████████                                              | 189/600 [00:32<01:19,  5.20it/s]
 32%|█████████████████████▎                                             | 191/600 [00:32<01:06,  6.18it/s]
 32%|█████████████████████▌                                             | 193/600 [00:32<00:57,  7.09it/s]
 32%|█████████████████████▊                                             | 195/600 [00:32<00:51,  7.89it/s]
 33%|█████████████████████▉                                             | 197/600 [00:32<00:47,  8.53it/s]
 33%|██████████████████████▏                                            | 199/600 [00:33<00:44,  9.06it/s]
                                                                                                          

 33%|██████████████████████▎                                            | 200/600 [00:33<00:44,  9.06it/s]
 34%|██████████████████████▍                                            | 201/600 [00:33<00:42,  9.47it/s]
 34%|██████████████████████▋                                            | 203/600 [00:33<00:40,  9.79it/s]
 34%|██████████████████████▉                                            | 205/600 [00:33<00:39, 10.02it/s]
 34%|███████████████████████                                            | 207/600 [00:33<00:38, 10.14it/s]
 35%|███████████████████████▎                                           | 209/600 [00:34<00:38, 10.24it/s]{'loss': '1.186', 'grad_norm': '7.277', 'learning_rate': '3.553e-05', 'epoch': '6.678'}


Writing model shards:   0%|                                                         | 0/1 [00:00<?, ?it/s][A

Writing model shards: 100%|█████████████████████████████████████████████████| 1/1 [00:00<00:00,  1.21it/s][A
Writing model shards: 100%|█████████████████████████████████████████████████| 1/1 [00:00<00:00,  1.21it/s]

 35%|███████████████████████▌                                           | 211/600 [00:36<02:45,  2.35it/s]
 35%|███████████████████████▋                                           | 212/600 [00:36<02:23,  2.71it/s]
 36%|███████████████████████▉                                           | 214/600 [00:36<01:46,  3.61it/s]
 36%|████████████████████████                                           | 216/600 [00:36<01:23,  4.59it/s]
 36%|████████████████████████▎                                          | 218/600 [00:37<01:08,  5.59it/s]
 37%|████████████████████████▌                                          | 220/600 [00:37<00:58,  6.54it/s]
 37%|████████████████████████▊                                          | 222/600 [00:37<00:50,  7.42it/s]
 37%|█████████████████████████                                          | 224/600 [00:37<00:46,  8.14it/s]
                                                                                                          

 38%|█████████████████████████▏                                         | 225/600 [00:37<00:46,  8.14it/s]
 38%|█████████████████████████▏                                         | 226/600 [00:37<00:42,  8.77it/s]
 38%|█████████████████████████▍                                         | 228/600 [00:38<00:40,  9.23it/s]
 38%|█████████████████████████▋                                         | 230/600 [00:38<00:38,  9.52it/s]
 39%|█████████████████████████▉                                         | 232/600 [00:38<00:37,  9.82it/s]
 39%|██████████████████████████▏                                        | 234/600 [00:38<00:36, 10.05it/s]
 39%|██████████████████████████▎                                        | 236/600 [00:38<00:35, 10.21it/s]
 40%|██████████████████████████▌                                        | 238/600 [00:39<00:35, 10.24it/s]
 40%|██████████████████████████▊                                        | 240/600 [00:39<00:31, 11.34it/s]{'loss': '1.19', 'grad_norm': '6.489', 'learning_rate': '3.333e-05', 'epoch': '7.508'}


Writing model shards:   0%|                                                         | 0/1 [00:00<?, ?it/s][A

Writing model shards: 100%|█████████████████████████████████████████████████| 1/1 [00:00<00:00,  1.48it/s][A
Writing model shards: 100%|█████████████████████████████████████████████████| 1/1 [00:00<00:00,  1.48it/s]

 40%|███████████████████████████                                        | 242/600 [00:41<02:41,  2.21it/s]
 41%|███████████████████████████▏                                       | 244/600 [00:41<02:02,  2.90it/s]
 41%|███████████████████████████▍                                       | 246/600 [00:42<01:35,  3.71it/s]
 41%|███████████████████████████▋                                       | 248/600 [00:42<01:16,  4.62it/s]
 42%|███████████████████████████▉                                       | 250/600 [00:42<01:02,  5.56it/s]
                                                                                                          

 42%|███████████████████████████▉                                       | 250/600 [00:42<01:02,  5.56it/s]
 42%|████████████████████████████▏                                      | 252/600 [00:42<00:53,  6.50it/s]
 42%|████████████████████████████▎                                      | 254/600 [00:42<00:46,  7.38it/s]
 43%|████████████████████████████▌                                      | 256/600 [00:43<00:42,  8.14it/s]
 43%|████████████████████████████▊                                      | 258/600 [00:43<00:39,  8.76it/s]
 43%|█████████████████████████████                                      | 260/600 [00:43<00:36,  9.28it/s]
 44%|█████████████████████████████▎                                     | 262/600 [00:43<00:34,  9.66it/s]
 44%|█████████████████████████████▍                                     | 264/600 [00:43<00:33,  9.96it/s]
 44%|█████████████████████████████▋                                     | 266/600 [00:43<00:32, 10.18it/s]
 45%|█████████████████████████████▉                                     | 268/600 [00:44<00:32, 10.24it/s]
 45%|██████████████████████████████▏                                    | 270/600 [00:44<00:28, 11.39it/s]{'loss': '1.136', 'grad_norm': '6.525', 'learning_rate': '3.114e-05', 'epoch': '8.339'}


Writing model shards:   0%|                                                         | 0/1 [00:00<?, ?it/s][A

Writing model shards: 100%|█████████████████████████████████████████████████| 1/1 [00:00<00:00,  1.78it/s][A
Writing model shards: 100%|█████████████████████████████████████████████████| 1/1 [00:00<00:00,  1.78it/s]

 45%|██████████████████████████████▎                                    | 272/600 [00:46<01:51,  2.94it/s]
 46%|██████████████████████████████▌                                    | 274/600 [00:46<01:28,  3.69it/s]
                                                                                                          

 46%|██████████████████████████████▋                                    | 275/600 [00:46<01:28,  3.69it/s]
 46%|██████████████████████████████▊                                    | 276/600 [00:46<01:10,  4.59it/s]
 46%|███████████████████████████████                                    | 278/600 [00:46<00:58,  5.53it/s]
 47%|███████████████████████████████▎                                   | 280/600 [00:46<00:49,  6.46it/s]
 47%|███████████████████████████████▍                                   | 282/600 [00:47<00:43,  7.33it/s]
 47%|███████████████████████████████▋                                   | 284/600 [00:47<00:39,  8.07it/s]
 48%|███████████████████████████████▉                                   | 286/600 [00:47<00:36,  8.70it/s]
 48%|████████████████████████████████▏                                  | 288/600 [00:47<00:33,  9.21it/s]
 48%|████████████████████████████████▍                                  | 290/600 [00:47<00:32,  9.61it/s]
 49%|████████████████████████████████▌                                  | 292/600 [00:48<00:31,  9.91it/s]
 49%|████████████████████████████████▊                                  | 294/600 [00:48<00:30, 10.10it/s]
 49%|█████████████████████████████████                                  | 296/600 [00:48<00:29, 10.23it/s]
 50%|█████████████████████████████████▎                                 | 298/600 [00:48<00:29, 10.36it/s]
 50%|█████████████████████████████████▌                                 | 300/600 [00:48<00:26, 11.48it/s]
                                                                                                          

 50%|█████████████████████████████████▌                                 | 300/600 [00:48<00:26, 11.48it/s]{'loss': '1.079', 'grad_norm': '6.404', 'learning_rate': '2.895e-05', 'epoch': '9.169'}
{'loss': '1.06', 'grad_norm': '21.99', 'learning_rate': '2.675e-05', 'epoch': '10'}


Writing model shards:   0%|                                                         | 0/1 [00:00<?, ?it/s][A

Writing model shards: 100%|█████████████████████████████████████████████████| 1/1 [00:00<00:00,  1.55it/s][A
Writing model shards: 100%|█████████████████████████████████████████████████| 1/1 [00:00<00:00,  1.55it/s]

 50%|█████████████████████████████████▋                                 | 302/600 [00:50<01:53,  2.62it/s]
 51%|█████████████████████████████████▉                                 | 304/600 [00:51<01:27,  3.39it/s]
 51%|██████████████████████████████████▏                                | 306/600 [00:51<01:09,  4.26it/s]
 51%|██████████████████████████████████▍                                | 308/600 [00:51<00:56,  5.20it/s]
 52%|██████████████████████████████████▌                                | 310/600 [00:51<00:47,  6.13it/s]
 52%|██████████████████████████████████▊                                | 312/600 [00:51<00:40,  7.03it/s]
 52%|███████████████████████████████████                                | 314/600 [00:52<00:36,  7.84it/s]
 53%|███████████████████████████████████▎                               | 316/600 [00:52<00:33,  8.50it/s]
 53%|███████████████████████████████████▌                               | 318/600 [00:52<00:31,  9.05it/s]
 53%|███████████████████████████████████▋                               | 320/600 [00:52<00:29,  9.49it/s]
 54%|███████████████████████████████████▉                               | 322/600 [00:52<00:32,  8.56it/s]
 54%|████████████████████████████████████▏                              | 324/600 [00:53<00:30,  9.08it/s]
                                                                                                          

 54%|████████████████████████████████████▎                              | 325/600 [00:53<00:30,  9.08it/s]
 54%|████████████████████████████████████▍                              | 326/600 [00:53<00:28,  9.48it/s]
 55%|████████████████████████████████████▋                              | 328/600 [00:53<00:28,  9.57it/s]
 55%|████████████████████████████████████▊                              | 330/600 [00:53<00:25, 10.75it/s]{'loss': '1.001', 'grad_norm': '6.682', 'learning_rate': '2.456e-05', 'epoch': '10.85'}


Writing model shards:   0%|                                                         | 0/1 [00:00<?, ?it/s][A

Writing model shards: 100%|█████████████████████████████████████████████████| 1/1 [00:00<00:00,  1.70it/s][A
Writing model shards: 100%|█████████████████████████████████████████████████| 1/1 [00:00<00:00,  1.70it/s]

 55%|█████████████████████████████████████                              | 332/600 [00:55<01:45,  2.55it/s]
 56%|█████████████████████████████████████▏                             | 333/600 [00:55<01:30,  2.94it/s]
 56%|█████████████████████████████████████▍                             | 335/600 [00:56<01:08,  3.88it/s]
 56%|█████████████████████████████████████▋                             | 337/600 [00:56<00:54,  4.87it/s]
 56%|█████████████████████████████████████▊                             | 339/600 [00:56<00:44,  5.88it/s]
 57%|██████████████████████████████████████                             | 341/600 [00:56<00:37,  6.85it/s]
 57%|██████████████████████████████████████▎                            | 343/600 [00:56<00:33,  7.68it/s]
 57%|██████████████████████████████████████▌                            | 345/600 [00:57<00:30,  8.41it/s]
 58%|██████████████████████████████████████▋                            | 347/600 [00:57<00:28,  8.99it/s]
 58%|██████████████████████████████████████▉                            | 349/600 [00:57<00:26,  9.44it/s]
                                                                                                          

 58%|███████████████████████████████████████                            | 350/600 [00:57<00:26,  9.44it/s]
 58%|███████████████████████████████████████▏                           | 351/600 [00:57<00:25,  9.77it/s]
 59%|███████████████████████████████████████▍                           | 353/600 [00:57<00:24, 10.01it/s]
 59%|███████████████████████████████████████▋                           | 355/600 [00:57<00:24, 10.09it/s]
 60%|███████████████████████████████████████▊                           | 357/600 [00:58<00:23, 10.15it/s]
 60%|████████████████████████████████████████                           | 359/600 [00:58<00:23, 10.23it/s]{'loss': '0.9643', 'grad_norm': '5.904', 'learning_rate': '2.237e-05', 'epoch': '11.68'}


Writing model shards:   0%|                                                         | 0/1 [00:00<?, ?it/s][A

Writing model shards: 100%|█████████████████████████████████████████████████| 1/1 [00:00<00:00,  1.82it/s][A
Writing model shards: 100%|█████████████████████████████████████████████████| 1/1 [00:00<00:00,  1.82it/s]

 60%|████████████████████████████████████████▎                          | 361/600 [01:00<01:24,  2.83it/s]
 60%|████████████████████████████████████████▌                          | 363/600 [01:00<01:05,  3.62it/s]
 61%|████████████████████████████████████████▊                          | 365/600 [01:00<00:52,  4.51it/s]
 61%|████████████████████████████████████████▉                          | 367/600 [01:00<00:43,  5.41it/s]
 62%|█████████████████████████████████████████▏                         | 369/600 [01:01<00:36,  6.35it/s]
 62%|█████████████████████████████████████████▍                         | 371/600 [01:01<00:31,  7.23it/s]
 62%|█████████████████████████████████████████▋                         | 373/600 [01:01<00:28,  8.00it/s]
 62%|█████████████████████████████████████████▉                         | 375/600 [01:01<00:26,  8.64it/s]
                                                                                                          

 62%|█████████████████████████████████████████▉                         | 375/600 [01:01<00:26,  8.64it/s]
 63%|██████████████████████████████████████████                         | 377/600 [01:01<00:24,  9.16it/s]
 63%|██████████████████████████████████████████▎                        | 379/600 [01:01<00:23,  9.56it/s]
 64%|██████████████████████████████████████████▌                        | 381/600 [01:02<00:22,  9.84it/s]
 64%|██████████████████████████████████████████▊                        | 383/600 [01:02<00:21, 10.07it/s]
 64%|██████████████████████████████████████████▉                        | 385/600 [01:02<00:21, 10.02it/s]
 64%|███████████████████████████████████████████▏                       | 387/600 [01:02<00:20, 10.21it/s]
 65%|███████████████████████████████████████████▍                       | 389/600 [01:02<00:20, 10.35it/s]{'loss': '0.9441', 'grad_norm': '5.561', 'learning_rate': '2.018e-05', 'epoch': '12.51'}


Writing model shards:   0%|                                                         | 0/1 [00:00<?, ?it/s][A

Writing model shards: 100%|█████████████████████████████████████████████████| 1/1 [00:00<00:00,  1.48it/s][A
Writing model shards: 100%|█████████████████████████████████████████████████| 1/1 [00:00<00:00,  1.48it/s]

 65%|███████████████████████████████████████████▋                       | 391/600 [01:05<01:22,  2.52it/s]
 66%|███████████████████████████████████████████▉                       | 393/600 [01:05<01:03,  3.24it/s]
 66%|████████████████████████████████████████████                       | 395/600 [01:05<00:49,  4.10it/s]
 66%|████████████████████████████████████████████▎                      | 397/600 [01:05<00:40,  5.03it/s]
 66%|████████████████████████████████████████████▌                      | 399/600 [01:05<00:33,  5.97it/s]
                                                                                                          

 67%|████████████████████████████████████████████▋                      | 400/600 [01:05<00:33,  5.97it/s]
 67%|████████████████████████████████████████████▊                      | 401/600 [01:06<00:28,  6.88it/s]
 67%|█████████████████████████████████████████████                      | 403/600 [01:06<00:25,  7.71it/s]
 68%|█████████████████████████████████████████████▏                     | 405/600 [01:06<00:23,  8.39it/s]
 68%|█████████████████████████████████████████████▍                     | 407/600 [01:06<00:21,  8.97it/s]
 68%|█████████████████████████████████████████████▋                     | 409/600 [01:06<00:20,  9.42it/s]
 68%|█████████████████████████████████████████████▉                     | 411/600 [01:06<00:19,  9.76it/s]
 69%|██████████████████████████████████████████████                     | 413/600 [01:07<00:18, 10.01it/s]
 69%|██████████████████████████████████████████████▎                    | 415/600 [01:07<00:18, 10.19it/s]
 70%|██████████████████████████████████████████████▌                    | 417/600 [01:07<00:17, 10.34it/s]
 70%|██████████████████████████████████████████████▊                    | 419/600 [01:07<00:17, 10.44it/s]{'loss': '0.9217', 'grad_norm': '5.502', 'learning_rate': '1.798e-05', 'epoch': '13.34'}


Writing model shards:   0%|                                                         | 0/1 [00:00<?, ?it/s][A

Writing model shards: 100%|█████████████████████████████████████████████████| 1/1 [00:00<00:00,  1.66it/s][A
Writing model shards: 100%|█████████████████████████████████████████████████| 1/1 [00:00<00:00,  1.66it/s]

 70%|███████████████████████████████████████████████                    | 421/600 [01:09<01:03,  2.82it/s]
 70%|███████████████████████████████████████████████                    | 422/600 [01:09<00:55,  3.22it/s]
 71%|███████████████████████████████████████████████▎                   | 424/600 [01:09<00:41,  4.20it/s]
                                                                                                          

 71%|███████████████████████████████████████████████▍                   | 425/600 [01:10<00:41,  4.20it/s]
 71%|███████████████████████████████████████████████▌                   | 426/600 [01:10<00:33,  5.22it/s]
 71%|███████████████████████████████████████████████▊                   | 428/600 [01:10<00:27,  6.23it/s]
 72%|████████████████████████████████████████████████                   | 430/600 [01:10<00:23,  7.16it/s]
 72%|████████████████████████████████████████████████▏                  | 432/600 [01:10<00:21,  7.97it/s]
 72%|████████████████████████████████████████████████▍                  | 434/600 [01:10<00:19,  8.63it/s]
 73%|████████████████████████████████████████████████▋                  | 436/600 [01:11<00:17,  9.17it/s]
 73%|████████████████████████████████████████████████▉                  | 438/600 [01:11<00:16,  9.57it/s]
 73%|█████████████████████████████████████████████████▏                 | 440/600 [01:11<00:16,  9.88it/s]
 74%|█████████████████████████████████████████████████▎                 | 442/600 [01:11<00:15, 10.11it/s]
 74%|█████████████████████████████████████████████████▌                 | 444/600 [01:11<00:15, 10.27it/s]
 74%|█████████████████████████████████████████████████▊                 | 446/600 [01:12<00:14, 10.39it/s]
 75%|██████████████████████████████████████████████████                 | 448/600 [01:12<00:14, 10.48it/s]
 75%|██████████████████████████████████████████████████▎                | 450/600 [01:12<00:13, 11.43it/s]
                                                                                                          

 75%|██████████████████████████████████████████████████▎                | 450/600 [01:12<00:13, 11.43it/s]{'loss': '0.9337', 'grad_norm': '5.915', 'learning_rate': '1.579e-05', 'epoch': '14.17'}
{'loss': '0.8513', 'grad_norm': '20.3', 'learning_rate': '1.36e-05', 'epoch': '15'}


Writing model shards:   0%|                                                         | 0/1 [00:00<?, ?it/s][A

Writing model shards: 100%|█████████████████████████████████████████████████| 1/1 [00:00<00:00,  1.91it/s][A
Writing model shards: 100%|█████████████████████████████████████████████████| 1/1 [00:00<00:00,  1.91it/s]

 75%|██████████████████████████████████████████████████▍                | 452/600 [01:14<00:51,  2.85it/s]
 76%|██████████████████████████████████████████████████▋                | 454/600 [01:14<00:39,  3.65it/s]
 76%|██████████████████████████████████████████████████▉                | 456/600 [01:14<00:31,  4.55it/s]
 76%|███████████████████████████████████████████████████▏               | 458/600 [01:14<00:25,  5.50it/s]
 77%|███████████████████████████████████████████████████▎               | 460/600 [01:15<00:21,  6.43it/s]
 77%|███████████████████████████████████████████████████▌               | 462/600 [01:15<00:18,  7.30it/s]
 77%|███████████████████████████████████████████████████▊               | 464/600 [01:15<00:16,  8.07it/s]
 78%|████████████████████████████████████████████████████               | 466/600 [01:15<00:15,  8.70it/s]
 78%|████████████████████████████████████████████████████▎              | 468/600 [01:15<00:14,  9.21it/s]
 78%|████████████████████████████████████████████████████▍              | 470/600 [01:15<00:13,  9.61it/s]
 79%|████████████████████████████████████████████████████▋              | 472/600 [01:16<00:12,  9.91it/s]
 79%|████████████████████████████████████████████████████▉              | 474/600 [01:16<00:12, 10.11it/s]
                                                                                                          

 79%|█████████████████████████████████████████████████████              | 475/600 [01:16<00:12, 10.11it/s]
 79%|█████████████████████████████████████████████████████▏             | 476/600 [01:16<00:12, 10.27it/s]
 80%|█████████████████████████████████████████████████████▍             | 478/600 [01:16<00:11, 10.39it/s]
 80%|█████████████████████████████████████████████████████▌             | 480/600 [01:16<00:10, 11.52it/s]{'loss': '0.8734', 'grad_norm': '5.656', 'learning_rate': '1.14e-05', 'epoch': '15.85'}


Writing model shards:   0%|                                                         | 0/1 [00:00<?, ?it/s][A

Writing model shards: 100%|█████████████████████████████████████████████████| 1/1 [00:00<00:00,  1.58it/s][A
Writing model shards: 100%|█████████████████████████████████████████████████| 1/1 [00:00<00:00,  1.58it/s]

 80%|█████████████████████████████████████████████████████▊             | 482/600 [01:19<00:47,  2.50it/s]
 81%|██████████████████████████████████████████████████████             | 484/600 [01:19<00:35,  3.25it/s]
 81%|██████████████████████████████████████████████████████▎            | 486/600 [01:19<00:27,  4.10it/s]
 81%|██████████████████████████████████████████████████████▍            | 488/600 [01:19<00:22,  5.03it/s]
 82%|██████████████████████████████████████████████████████▋            | 490/600 [01:19<00:18,  5.98it/s]
 82%|██████████████████████████████████████████████████████▉            | 492/600 [01:20<00:15,  6.89it/s]
 82%|███████████████████████████████████████████████████████▏           | 494/600 [01:20<00:13,  7.71it/s]
 83%|███████████████████████████████████████████████████████▍           | 496/600 [01:20<00:12,  8.41it/s]
 83%|███████████████████████████████████████████████████████▌           | 498/600 [01:20<00:11,  8.98it/s]
 83%|███████████████████████████████████████████████████████▊           | 500/600 [01:20<00:10,  9.43it/s]
                                                                                                          

 83%|███████████████████████████████████████████████████████▊           | 500/600 [01:20<00:10,  9.43it/s]
 84%|████████████████████████████████████████████████████████           | 502/600 [01:20<00:10,  9.76it/s]
 84%|████████████████████████████████████████████████████████▎          | 504/600 [01:21<00:09, 10.02it/s]
 84%|████████████████████████████████████████████████████████▌          | 506/600 [01:21<00:09, 10.21it/s]
 85%|████████████████████████████████████████████████████████▋          | 508/600 [01:21<00:08, 10.34it/s]
 85%|████████████████████████████████████████████████████████▉          | 510/600 [01:21<00:07, 11.46it/s]{'loss': '0.809', 'grad_norm': '4.497', 'learning_rate': '9.211e-06', 'epoch': '16.68'}


Writing model shards:   0%|                                                         | 0/1 [00:00<?, ?it/s][A

Writing model shards: 100%|█████████████████████████████████████████████████| 1/1 [00:00<00:00,  1.70it/s][A
Writing model shards: 100%|█████████████████████████████████████████████████| 1/1 [00:00<00:00,  1.70it/s]

 85%|█████████████████████████████████████████████████████████▏         | 512/600 [01:23<00:31,  2.82it/s]
 86%|█████████████████████████████████████████████████████████▍         | 514/600 [01:23<00:23,  3.62it/s]
 86%|█████████████████████████████████████████████████████████▌         | 516/600 [01:24<00:18,  4.50it/s]
 86%|█████████████████████████████████████████████████████████▊         | 518/600 [01:24<00:15,  5.45it/s]
 87%|██████████████████████████████████████████████████████████         | 520/600 [01:24<00:12,  6.38it/s]
 87%|██████████████████████████████████████████████████████████▎        | 522/600 [01:24<00:10,  7.21it/s]
 87%|██████████████████████████████████████████████████████████▌        | 524/600 [01:24<00:09,  7.98it/s]
                                                                                                          

 88%|██████████████████████████████████████████████████████████▋        | 525/600 [01:24<00:09,  7.98it/s]
 88%|██████████████████████████████████████████████████████████▋        | 526/600 [01:24<00:08,  8.63it/s]
 88%|██████████████████████████████████████████████████████████▉        | 528/600 [01:25<00:07,  9.15it/s]
 88%|███████████████████████████████████████████████████████████▏       | 530/600 [01:25<00:07,  9.56it/s]
 89%|███████████████████████████████████████████████████████████▍       | 532/600 [01:25<00:06,  9.87it/s]
 89%|███████████████████████████████████████████████████████████▋       | 534/600 [01:25<00:06, 10.08it/s]
 89%|███████████████████████████████████████████████████████████▊       | 536/600 [01:25<00:06, 10.25it/s]
 90%|████████████████████████████████████████████████████████████       | 538/600 [01:26<00:05, 10.37it/s]
 90%|████████████████████████████████████████████████████████████▎      | 540/600 [01:26<00:05, 11.48it/s]{'loss': '0.8134', 'grad_norm': '4.928', 'learning_rate': '7.018e-06', 'epoch': '17.51'}


Writing model shards:   0%|                                                         | 0/1 [00:00<?, ?it/s][A

Writing model shards: 100%|█████████████████████████████████████████████████| 1/1 [00:00<00:00,  1.88it/s][A
Writing model shards: 100%|█████████████████████████████████████████████████| 1/1 [00:00<00:00,  1.88it/s]

 90%|████████████████████████████████████████████████████████████▌      | 542/600 [01:28<00:20,  2.88it/s]
 91%|████████████████████████████████████████████████████████████▋      | 544/600 [01:28<00:15,  3.69it/s]
 91%|████████████████████████████████████████████████████████████▉      | 546/600 [01:28<00:11,  4.59it/s]
 91%|█████████████████████████████████████████████████████████████▏     | 548/600 [01:28<00:09,  5.53it/s]
 92%|█████████████████████████████████████████████████████████████▍     | 550/600 [01:28<00:07,  6.47it/s]
                                                                                                          

 92%|█████████████████████████████████████████████████████████████▍     | 550/600 [01:28<00:07,  6.47it/s]
 92%|█████████████████████████████████████████████████████████████▋     | 552/600 [01:29<00:06,  7.33it/s]
 92%|█████████████████████████████████████████████████████████████▊     | 554/600 [01:29<00:05,  8.10it/s]
 93%|██████████████████████████████████████████████████████████████     | 556/600 [01:29<00:05,  8.72it/s]
 93%|██████████████████████████████████████████████████████████████▎    | 558/600 [01:29<00:04,  9.23it/s]
 93%|██████████████████████████████████████████████████████████████▌    | 560/600 [01:29<00:04,  9.62it/s]
 94%|██████████████████████████████████████████████████████████████▊    | 562/600 [01:29<00:03,  9.92it/s]
 94%|██████████████████████████████████████████████████████████████▉    | 564/600 [01:30<00:03, 10.12it/s]
 94%|███████████████████████████████████████████████████████████████▏   | 566/600 [01:30<00:03, 10.29it/s]
 95%|███████████████████████████████████████████████████████████████▍   | 568/600 [01:30<00:03, 10.41it/s]
 95%|███████████████████████████████████████████████████████████████▋   | 570/600 [01:30<00:02, 11.38it/s]{'loss': '0.8636', 'grad_norm': '5.243', 'learning_rate': '4.825e-06', 'epoch': '18.34'}


Writing model shards:   0%|                                                         | 0/1 [00:00<?, ?it/s][A

Writing model shards: 100%|█████████████████████████████████████████████████| 1/1 [00:00<00:00,  1.71it/s][A
Writing model shards: 100%|█████████████████████████████████████████████████| 1/1 [00:00<00:00,  1.71it/s]

 95%|███████████████████████████████████████████████████████████████▊   | 572/600 [01:32<00:10,  2.58it/s]
 96%|████████████████████████████████████████████████████████████████   | 574/600 [01:33<00:07,  3.33it/s]
                                                                                                          

 96%|████████████████████████████████████████████████████████████████▏  | 575/600 [01:33<00:07,  3.33it/s]
 96%|████████████████████████████████████████████████████████████████▎  | 576/600 [01:33<00:05,  4.19it/s]
 96%|████████████████████████████████████████████████████████████████▌  | 578/600 [01:33<00:04,  5.12it/s]
 97%|████████████████████████████████████████████████████████████████▊  | 580/600 [01:33<00:03,  6.07it/s]
 97%|████████████████████████████████████████████████████████████████▉  | 582/600 [01:33<00:02,  6.97it/s]
 97%|█████████████████████████████████████████████████████████████████▏ | 584/600 [01:33<00:02,  7.78it/s]
 98%|█████████████████████████████████████████████████████████████████▍ | 586/600 [01:34<00:01,  8.47it/s]
 98%|█████████████████████████████████████████████████████████████████▋ | 588/600 [01:34<00:01,  9.03it/s]
 98%|█████████████████████████████████████████████████████████████████▉ | 590/600 [01:34<00:01,  9.47it/s]
 99%|██████████████████████████████████████████████████████████████████ | 592/600 [01:34<00:00,  9.80it/s]
 99%|██████████████████████████████████████████████████████████████████▎| 594/600 [01:34<00:00, 10.04it/s]
 99%|██████████████████████████████████████████████████████████████████▌| 596/600 [01:35<00:00, 10.23it/s]
100%|██████████████████████████████████████████████████████████████████▊| 598/600 [01:35<00:00, 10.36it/s]
100%|███████████████████████████████████████████████████████████████████| 600/600 [01:35<00:00, 11.47it/s]
                                                                                                          

100%|███████████████████████████████████████████████████████████████████| 600/600 [01:35<00:00, 11.47it/s]{'loss': '0.7812', 'grad_norm': '5.26', 'learning_rate': '2.632e-06', 'epoch': '19.17'}
{'loss': '0.8004', 'grad_norm': '12.9', 'learning_rate': '4.386e-07', 'epoch': '20'}


Writing model shards:   0%|                                                         | 0/1 [00:00<?, ?it/s][A

Writing model shards: 100%|█████████████████████████████████████████████████| 1/1 [00:00<00:00,  1.73it/s][A
Writing model shards: 100%|█████████████████████████████████████████████████| 1/1 [00:00<00:00,  1.73it/s]

                                                                                                          

100%|███████████████████████████████████████████████████████████████████| 600/600 [01:38<00:00, 11.47it/s]
100%|███████████████████████████████████████████████████████████████████| 600/600 [01:38<00:00,  6.08it/s]
{'train_runtime': '98.72', 'train_samples_per_second': '94.2', 'train_steps_per_second': '6.078', 'train_loss': '1.234', 'epoch': '20'}

  0%|                                                                               | 0/9 [00:00<?, ?it/s]
 78%|███████████████████████████████████████████████████████▏               | 7/9 [00:00<00:00, 69.78it/s]
100%|███████████████████████████████████████████████████████████████████████| 9/9 [00:00<00:00, 65.24it/s]

Writing model shards:   0%|                                                         | 0/1 [00:00<?, ?it/s]
Writing model shards: 100%|█████████████████████████████████████████████████| 1/1 [00:00<00:00,  1.83it/s]
Writing model shards: 100%|█████████████████████████████████████████████████| 1/1 [00:00<00:00,  1.83it/s]

Loading weights:   0%|                                                            | 0/148 [00:00<?, ?it/s]
Loading weights: 100%|████████████████████████████████████████████████| 148/148 [00:00<00:00, 2195.10it/s]

Loading weights:   0%|                                                            | 0/148 [00:00<?, ?it/s]
Loading weights: 100%|████████████████████████████████████████████████| 148/148 [00:00<00:00, 2704.76it/s]
<local-root>/miniconda3/lib/python3.13/site-packages/torch/cuda/__init__.py:61: FutureWarning: The pynvml package is deprecated. Please install nvidia-ml-py instead. If you did not install pynvml directly, please report this to the maintainers of the package that installed pynvml for you.
  import pynvml  # type: ignore[import]

Loading weights:   0%|                                                            | 0/148 [00:00<?, ?it/s]
Loading weights:  35%|█████████████████▌                                | 52/148 [00:00<00:00, 513.56it/s]
Loading weights:  73%|███████████████████████████████████▊             | 108/148 [00:00<00:00, 520.47it/s]
Loading weights: 100%|█████████████████████████████████████████████████| 148/148 [00:00<00:00, 490.45it/s]

Loading weights:   0%|                                                            | 0/148 [00:00<?, ?it/s]
Loading weights: 100%|████████████████████████████████████████████████| 148/148 [00:00<00:00, 1327.80it/s]
Loading weights: 100%|████████████████████████████████████████████████| 148/148 [00:00<00:00, 1324.47it/s]
Warning: You are sending unauthenticated requests to the HF Hub. Please set a HF_TOKEN to enable higher rate limits and faster downloads.

Loading weights:   0%|                                                            | 0/389 [00:00<?, ?it/s]
Loading weights: 100%|███████████████████████████████████████████████| 389/389 [00:00<00:00, 30904.14it/s]
[RANK 0] Detected kernel version 5.4.0, which is below the recommended minimum of 5.5.0; this can cause the process to hang. It is recommended to upgrade the kernel to the minimum version or higher.

  0%|                                                                             | 0/540 [00:00<?, ?it/s]
  0%|▏                                                                    | 1/540 [00:00<01:50,  4.86it/s]
  0%|▎                                                                    | 2/540 [00:00<01:36,  5.59it/s]
  1%|▍                                                                    | 3/540 [00:00<01:30,  5.94it/s]
  1%|▌                                                                    | 4/540 [00:00<01:28,  6.08it/s]
  1%|▋                                                                    | 5/540 [00:00<01:25,  6.22it/s]
  1%|▊                                                                    | 6/540 [00:00<01:24,  6.30it/s]
  1%|▉                                                                    | 7/540 [00:01<01:24,  6.34it/s]
  1%|█                                                                    | 8/540 [00:01<01:23,  6.37it/s]
  2%|█▏                                                                   | 9/540 [00:01<01:23,  6.39it/s]
  2%|█▎                                                                  | 10/540 [00:01<01:22,  6.40it/s]
  2%|█▍                                                                  | 11/540 [00:01<01:22,  6.41it/s]
  2%|█▌                                                                  | 12/540 [00:01<01:22,  6.41it/s]
  2%|█▋                                                                  | 13/540 [00:02<01:22,  6.41it/s]
  3%|█▊                                                                  | 14/540 [00:02<01:21,  6.42it/s]
  3%|█▉                                                                  | 15/540 [00:02<01:23,  6.30it/s]
  3%|██                                                                  | 16/540 [00:02<01:22,  6.34it/s]
  3%|██▏                                                                 | 17/540 [00:02<01:22,  6.37it/s]
  3%|██▎                                                                 | 18/540 [00:02<01:21,  6.38it/s]
  4%|██▍                                                                 | 19/540 [00:03<01:21,  6.40it/s]
  4%|██▌                                                                 | 20/540 [00:03<01:21,  6.41it/s]
  4%|██▋                                                                 | 21/540 [00:03<01:20,  6.42it/s]
  4%|██▊                                                                 | 22/540 [00:03<01:20,  6.42it/s]
  4%|██▉                                                                 | 23/540 [00:03<01:20,  6.43it/s]
  4%|███                                                                 | 24/540 [00:03<01:20,  6.42it/s]
  5%|███▏                                                                | 25/540 [00:03<01:20,  6.43it/s]
                                                                                                          

  5%|███▏                                                                | 25/540 [00:03<01:20,  6.43it/s]
  5%|███▎                                                                | 26/540 [00:04<01:19,  6.43it/s]
  5%|███▍                                                                | 27/540 [00:04<01:19,  6.42it/s]
  5%|███▌                                                                | 28/540 [00:04<01:19,  6.43it/s]
  5%|███▋                                                                | 29/540 [00:04<01:19,  6.43it/s]
  6%|███▊                                                                | 30/540 [00:04<01:11,  7.09it/s]{'loss': '2.997', 'grad_norm': '2.864', 'learning_rate': '4e-05', 'epoch': '0.8475'}


Writing model shards:   0%|                                                         | 0/1 [00:00<?, ?it/s][A

Writing model shards: 100%|█████████████████████████████████████████████████| 1/1 [00:01<00:00,  1.60s/it][A
Writing model shards: 100%|█████████████████████████████████████████████████| 1/1 [00:01<00:00,  1.60s/it]

  6%|███▉                                                                | 31/540 [00:09<13:11,  1.56s/it]
  6%|████                                                                | 32/540 [00:09<09:36,  1.14s/it]
  6%|████▏                                                               | 33/540 [00:09<07:06,  1.19it/s]
  6%|████▎                                                               | 34/540 [00:10<05:21,  1.57it/s]
  6%|████▍                                                               | 35/540 [00:10<04:08,  2.03it/s]
  7%|████▌                                                               | 36/540 [00:10<03:17,  2.56it/s]
  7%|████▋                                                               | 37/540 [00:10<02:41,  3.12it/s]
  7%|████▊                                                               | 38/540 [00:10<02:16,  3.69it/s]
  7%|████▉                                                               | 39/540 [00:10<01:58,  4.23it/s]
  7%|█████                                                               | 40/540 [00:10<01:46,  4.70it/s]
  8%|█████▏                                                              | 41/540 [00:11<01:37,  5.11it/s]
  8%|█████▎                                                              | 42/540 [00:11<01:32,  5.37it/s]
  8%|█████▍                                                              | 43/540 [00:11<01:28,  5.62it/s]
  8%|█████▌                                                              | 44/540 [00:11<01:28,  5.62it/s]
  8%|█████▋                                                              | 45/540 [00:11<01:27,  5.66it/s]
  9%|█████▊                                                              | 46/540 [00:11<01:24,  5.85it/s]
  9%|█████▉                                                              | 47/540 [00:12<01:21,  6.01it/s]
  9%|██████                                                              | 48/540 [00:12<01:20,  6.13it/s]
  9%|██████▏                                                             | 49/540 [00:12<01:18,  6.23it/s]
  9%|██████▎                                                             | 50/540 [00:12<01:17,  6.31it/s]
                                                                                                          

  9%|██████▎                                                             | 50/540 [00:12<01:17,  6.31it/s]
  9%|██████▍                                                             | 51/540 [00:12<01:16,  6.36it/s]
 10%|██████▌                                                             | 52/540 [00:12<01:17,  6.32it/s]
 10%|██████▋                                                             | 53/540 [00:13<01:16,  6.38it/s]
 10%|██████▊                                                             | 54/540 [00:13<01:15,  6.41it/s]
 10%|██████▉                                                             | 55/540 [00:13<01:15,  6.40it/s]
 10%|███████                                                             | 56/540 [00:13<01:15,  6.43it/s]
 11%|███████▏                                                            | 57/540 [00:13<01:14,  6.45it/s]
 11%|███████▎                                                            | 58/540 [00:13<01:14,  6.47it/s]
 11%|███████▍                                                            | 59/540 [00:13<01:14,  6.46it/s]{'loss': '1.585', 'grad_norm': '3.146', 'learning_rate': '4.814e-05', 'epoch': '1.678'}


Writing model shards:   0%|                                                         | 0/1 [00:00<?, ?it/s][A

Writing model shards: 100%|█████████████████████████████████████████████████| 1/1 [00:01<00:00,  1.46s/it][A
Writing model shards: 100%|█████████████████████████████████████████████████| 1/1 [00:01<00:00,  1.46s/it]

 11%|███████▋                                                            | 61/540 [00:18<09:48,  1.23s/it]
 11%|███████▊                                                            | 62/540 [00:19<07:40,  1.04it/s]
 12%|███████▉                                                            | 63/540 [00:19<05:58,  1.33it/s]
 12%|████████                                                            | 64/540 [00:19<04:40,  1.70it/s]
 12%|████████▏                                                           | 65/540 [00:19<03:42,  2.14it/s]
 12%|████████▎                                                           | 66/540 [00:19<02:59,  2.64it/s]
 12%|████████▍                                                           | 67/540 [00:19<02:28,  3.19it/s]
 13%|████████▌                                                           | 68/540 [00:19<02:05,  3.75it/s]
 13%|████████▋                                                           | 69/540 [00:20<01:52,  4.20it/s]
 13%|████████▊                                                           | 70/540 [00:20<01:40,  4.69it/s]
 13%|████████▉                                                           | 71/540 [00:20<01:31,  5.11it/s]
 13%|█████████                                                           | 72/540 [00:20<01:26,  5.44it/s]
 14%|█████████▏                                                          | 73/540 [00:20<01:21,  5.72it/s]
 14%|█████████▎                                                          | 74/540 [00:20<01:18,  5.93it/s]
 14%|█████████▍                                                          | 75/540 [00:21<01:16,  6.09it/s]
                                                                                                          

 14%|█████████▍                                                          | 75/540 [00:21<01:16,  6.09it/s]
 14%|█████████▌                                                          | 76/540 [00:21<01:14,  6.20it/s]
 14%|█████████▋                                                          | 77/540 [00:21<01:13,  6.29it/s]
 14%|█████████▊                                                          | 78/540 [00:21<01:12,  6.34it/s]
 15%|█████████▉                                                          | 79/540 [00:21<01:12,  6.38it/s]
 15%|██████████                                                          | 80/540 [00:21<01:11,  6.41it/s]
 15%|██████████▏                                                         | 81/540 [00:22<01:11,  6.44it/s]
 15%|██████████▎                                                         | 82/540 [00:22<01:11,  6.40it/s]
 15%|██████████▍                                                         | 83/540 [00:22<01:10,  6.44it/s]
 16%|██████████▌                                                         | 84/540 [00:22<01:10,  6.45it/s]
 16%|██████████▋                                                         | 85/540 [00:22<01:10,  6.45it/s]
 16%|██████████▊                                                         | 86/540 [00:22<01:10,  6.47it/s]
 16%|██████████▉                                                         | 87/540 [00:22<01:09,  6.48it/s]
 16%|███████████                                                         | 88/540 [00:23<01:09,  6.49it/s]
 16%|███████████▏                                                        | 89/540 [00:23<01:09,  6.48it/s]{'loss': '1.262', 'grad_norm': '2.798', 'learning_rate': '4.569e-05', 'epoch': '2.508'}


Writing model shards:   0%|                                                         | 0/1 [00:00<?, ?it/s][A

Writing model shards: 100%|█████████████████████████████████████████████████| 1/1 [00:01<00:00,  1.35s/it][A
Writing model shards: 100%|█████████████████████████████████████████████████| 1/1 [00:01<00:00,  1.35s/it]

 17%|███████████▍                                                        | 91/540 [00:28<08:54,  1.19s/it]
 17%|███████████▌                                                        | 92/540 [00:28<06:58,  1.07it/s]
 17%|███████████▋                                                        | 93/540 [00:28<05:27,  1.37it/s]
 17%|███████████▊                                                        | 94/540 [00:28<04:16,  1.74it/s]
 18%|███████████▉                                                        | 95/540 [00:28<03:24,  2.18it/s]
 18%|████████████                                                        | 96/540 [00:28<02:45,  2.69it/s]
 18%|████████████▏                                                       | 97/540 [00:28<02:16,  3.24it/s]
 18%|████████████▎                                                       | 98/540 [00:29<01:56,  3.78it/s]
 18%|████████████▍                                                       | 99/540 [00:29<01:41,  4.32it/s]
 19%|████████████▍                                                      | 100/540 [00:29<01:31,  4.80it/s]
                                                                                                          

 19%|████████████▍                                                      | 100/540 [00:29<01:31,  4.80it/s]
 19%|████████████▌                                                      | 101/540 [00:29<01:24,  5.19it/s]
 19%|████████████▋                                                      | 102/540 [00:29<01:19,  5.52it/s]
 19%|████████████▊                                                      | 103/540 [00:29<01:15,  5.78it/s]
 19%|████████████▉                                                      | 104/540 [00:30<01:13,  5.97it/s]
 19%|█████████████                                                      | 105/540 [00:30<01:11,  6.12it/s]
 20%|█████████████▏                                                     | 106/540 [00:30<01:09,  6.22it/s]
 20%|█████████████▎                                                     | 107/540 [00:30<01:08,  6.29it/s]
 20%|█████████████▍                                                     | 108/540 [00:30<01:08,  6.33it/s]
 20%|█████████████▌                                                     | 109/540 [00:30<01:07,  6.38it/s]
 20%|█████████████▋                                                     | 110/540 [00:31<01:07,  6.41it/s]
 21%|█████████████▊                                                     | 111/540 [00:31<01:06,  6.43it/s]
 21%|█████████████▉                                                     | 112/540 [00:31<01:06,  6.45it/s]
 21%|██████████████                                                     | 113/540 [00:31<01:06,  6.45it/s]
 21%|██████████████▏                                                    | 114/540 [00:31<01:06,  6.45it/s]
 21%|██████████████▎                                                    | 115/540 [00:31<01:05,  6.46it/s]
 21%|██████████████▍                                                    | 116/540 [00:31<01:05,  6.46it/s]
 22%|██████████████▌                                                    | 117/540 [00:32<01:05,  6.47it/s]
 22%|██████████████▋                                                    | 118/540 [00:32<01:05,  6.47it/s]
 22%|██████████████▊                                                    | 119/540 [00:32<01:04,  6.48it/s]{'loss': '0.9877', 'grad_norm': '2.897', 'learning_rate': '4.324e-05', 'epoch': '3.339'}


Writing model shards:   0%|                                                         | 0/1 [00:00<?, ?it/s][A

Writing model shards: 100%|█████████████████████████████████████████████████| 1/1 [00:01<00:00,  1.31s/it][A
Writing model shards: 100%|█████████████████████████████████████████████████| 1/1 [00:01<00:00,  1.31s/it]

 22%|███████████████                                                    | 121/540 [00:37<08:45,  1.25s/it]
 23%|███████████████▏                                                   | 122/540 [00:37<06:51,  1.02it/s]
 23%|███████████████▎                                                   | 123/540 [00:37<05:19,  1.30it/s]
 23%|███████████████▍                                                   | 124/540 [00:37<04:09,  1.67it/s]
 23%|███████████████▌                                                   | 125/540 [00:38<03:17,  2.10it/s]
                                                                                                          

 23%|███████████████▌                                                   | 125/540 [00:38<03:17,  2.10it/s]
 23%|███████████████▋                                                   | 126/540 [00:38<02:39,  2.60it/s]
 24%|███████████████▊                                                   | 127/540 [00:38<02:11,  3.14it/s]
 24%|███████████████▉                                                   | 128/540 [00:38<01:51,  3.70it/s]
 24%|████████████████                                                   | 129/540 [00:38<01:37,  4.23it/s]
 24%|████████████████▏                                                  | 130/540 [00:38<01:27,  4.71it/s]
 24%|████████████████▎                                                  | 131/540 [00:39<01:19,  5.12it/s]
 24%|████████████████▍                                                  | 132/540 [00:39<01:14,  5.44it/s]
 25%|████████████████▌                                                  | 133/540 [00:39<01:11,  5.70it/s]
 25%|████████████████▋                                                  | 134/540 [00:39<01:08,  5.90it/s]
 25%|████████████████▊                                                  | 135/540 [00:39<01:07,  6.04it/s]
 25%|████████████████▊                                                  | 136/540 [00:39<01:05,  6.15it/s]
 25%|████████████████▉                                                  | 137/540 [00:39<01:04,  6.23it/s]
 26%|█████████████████                                                  | 138/540 [00:40<01:05,  6.16it/s]
 26%|█████████████████▏                                                 | 139/540 [00:40<01:05,  6.13it/s]
 26%|█████████████████▎                                                 | 140/540 [00:40<01:04,  6.21it/s]
 26%|█████████████████▍                                                 | 141/540 [00:40<01:03,  6.27it/s]
 26%|█████████████████▌                                                 | 142/540 [00:40<01:03,  6.30it/s]
 26%|█████████████████▋                                                 | 143/540 [00:40<01:02,  6.32it/s]
 27%|█████████████████▊                                                 | 144/540 [00:41<01:02,  6.35it/s]
 27%|█████████████████▉                                                 | 145/540 [00:41<01:02,  6.37it/s]
 27%|██████████████████                                                 | 146/540 [00:41<01:01,  6.38it/s]
 27%|██████████████████▏                                                | 147/540 [00:41<01:02,  6.30it/s]
 27%|██████████████████▎                                                | 148/540 [00:41<01:01,  6.33it/s]
 28%|██████████████████▍                                                | 149/540 [00:41<01:01,  6.35it/s]
                                                                                                          

 28%|██████████████████▌                                                | 150/540 [00:41<01:01,  6.35it/s]{'loss': '0.8055', 'grad_norm': '2.566', 'learning_rate': '4.078e-05', 'epoch': '4.169'}
{'loss': '0.6904', 'grad_norm': '5.593', 'learning_rate': '3.833e-05', 'epoch': '5'}


Writing model shards:   0%|                                                         | 0/1 [00:00<?, ?it/s][A

Writing model shards: 100%|█████████████████████████████████████████████████| 1/1 [00:01<00:00,  1.49s/it][A
Writing model shards: 100%|█████████████████████████████████████████████████| 1/1 [00:01<00:00,  1.49s/it]

 28%|██████████████████▋                                                | 151/540 [00:52<17:02,  2.63s/it]
 28%|██████████████████▊                                                | 152/540 [00:53<13:01,  2.01s/it]
 28%|██████████████████▉                                                | 153/540 [00:53<09:51,  1.53s/it]
 29%|███████████████████                                                | 154/540 [00:53<07:25,  1.16s/it]
 29%|███████████████████▏                                               | 155/540 [00:53<05:37,  1.14it/s]
 29%|███████████████████▎                                               | 156/540 [00:53<04:17,  1.49it/s]
 29%|███████████████████▍                                               | 157/540 [00:53<03:19,  1.92it/s]
 29%|███████████████████▌                                               | 158/540 [00:53<02:38,  2.41it/s]
 29%|███████████████████▋                                               | 159/540 [00:54<02:08,  2.95it/s]
 30%|███████████████████▊                                               | 160/540 [00:54<01:48,  3.49it/s]
 30%|███████████████████▉                                               | 161/540 [00:54<01:33,  4.04it/s]
 30%|████████████████████                                               | 162/540 [00:54<01:23,  4.54it/s]
 30%|████████████████████▏                                              | 163/540 [00:54<01:15,  4.98it/s]
 30%|████████████████████▎                                              | 164/540 [00:54<01:10,  5.33it/s]
 31%|████████████████████▍                                              | 165/540 [00:55<01:06,  5.60it/s]
 31%|████████████████████▌                                              | 166/540 [00:55<01:04,  5.83it/s]
 31%|████████████████████▋                                              | 167/540 [00:55<01:02,  5.92it/s]
 31%|████████████████████▊                                              | 168/540 [00:55<01:01,  6.06it/s]
 31%|████████████████████▉                                              | 169/540 [00:55<01:00,  6.17it/s]
 31%|█████████████████████                                              | 170/540 [00:55<00:59,  6.24it/s]
 32%|█████████████████████▏                                             | 171/540 [00:56<00:58,  6.29it/s]
 32%|█████████████████████▎                                             | 172/540 [00:56<00:58,  6.34it/s]
 32%|█████████████████████▍                                             | 173/540 [00:56<00:57,  6.35it/s]
 32%|█████████████████████▌                                             | 174/540 [00:56<00:57,  6.37it/s]
 32%|█████████████████████▋                                             | 175/540 [00:56<00:57,  6.37it/s]
                                                                                                          

 32%|█████████████████████▋                                             | 175/540 [00:56<00:57,  6.37it/s]
 33%|█████████████████████▊                                             | 176/540 [00:56<00:57,  6.38it/s]
 33%|█████████████████████▉                                             | 177/540 [00:56<00:56,  6.41it/s]
 33%|██████████████████████                                             | 178/540 [00:57<00:56,  6.42it/s]
 33%|██████████████████████▏                                            | 179/540 [00:57<00:56,  6.40it/s]{'loss': '0.562', 'grad_norm': '2.488', 'learning_rate': '3.588e-05', 'epoch': '5.847'}


Writing model shards:   0%|                                                         | 0/1 [00:00<?, ?it/s][A

Writing model shards: 100%|█████████████████████████████████████████████████| 1/1 [00:01<00:00,  1.37s/it][A
Writing model shards: 100%|█████████████████████████████████████████████████| 1/1 [00:01<00:00,  1.37s/it]

 34%|██████████████████████▍                                            | 181/540 [01:02<07:28,  1.25s/it]
 34%|██████████████████████▌                                            | 182/540 [01:02<05:50,  1.02it/s]
 34%|██████████████████████▋                                            | 183/540 [01:02<04:32,  1.31it/s]
 34%|██████████████████████▊                                            | 184/540 [01:02<03:33,  1.67it/s]
 34%|██████████████████████▉                                            | 185/540 [01:02<02:48,  2.10it/s]
 34%|███████████████████████                                            | 186/540 [01:03<02:15,  2.61it/s]
 35%|███████████████████████▏                                           | 187/540 [01:03<01:51,  3.15it/s]
 35%|███████████████████████▎                                           | 188/540 [01:03<01:35,  3.70it/s]
 35%|███████████████████████▍                                           | 189/540 [01:03<01:22,  4.24it/s]
 35%|███████████████████████▌                                           | 190/540 [01:03<01:14,  4.72it/s]
 35%|███████████████████████▋                                           | 191/540 [01:03<01:08,  5.13it/s]
 36%|███████████████████████▊                                           | 192/540 [01:04<01:03,  5.46it/s]
 36%|███████████████████████▉                                           | 193/540 [01:04<01:00,  5.73it/s]
 36%|████████████████████████                                           | 194/540 [01:04<00:58,  5.89it/s]
 36%|████████████████████████▏                                          | 195/540 [01:04<00:56,  6.05it/s]
 36%|████████████████████████▎                                          | 196/540 [01:04<00:55,  6.17it/s]
 36%|████████████████████████▍                                          | 197/540 [01:04<00:55,  6.22it/s]
 37%|████████████████████████▌                                          | 198/540 [01:04<00:54,  6.29it/s]
 37%|████████████████████████▋                                          | 199/540 [01:05<00:53,  6.33it/s]
 37%|████████████████████████▊                                          | 200/540 [01:05<00:53,  6.35it/s]
                                                                                                          

 37%|████████████████████████▊                                          | 200/540 [01:05<00:53,  6.35it/s]
 37%|████████████████████████▉                                          | 201/540 [01:05<00:53,  6.31it/s]
 37%|█████████████████████████                                          | 202/540 [01:05<00:53,  6.35it/s]
 38%|█████████████████████████▏                                         | 203/540 [01:05<00:52,  6.38it/s]
 38%|█████████████████████████▎                                         | 204/540 [01:05<00:52,  6.40it/s]
 38%|█████████████████████████▍                                         | 205/540 [01:06<00:52,  6.40it/s]
 38%|█████████████████████████▌                                         | 206/540 [01:06<00:52,  6.34it/s]
 38%|█████████████████████████▋                                         | 207/540 [01:06<00:52,  6.37it/s]
 39%|█████████████████████████▊                                         | 208/540 [01:06<00:52,  6.37it/s]
 39%|█████████████████████████▉                                         | 209/540 [01:06<00:51,  6.39it/s]{'loss': '0.4665', 'grad_norm': '2.645', 'learning_rate': '3.343e-05', 'epoch': '6.678'}


Writing model shards:   0%|                                                         | 0/1 [00:00<?, ?it/s][A

Writing model shards: 100%|█████████████████████████████████████████████████| 1/1 [00:01<00:00,  1.42s/it][A
Writing model shards: 100%|█████████████████████████████████████████████████| 1/1 [00:01<00:00,  1.42s/it]

 39%|██████████████████████████▏                                        | 211/540 [01:11<06:43,  1.23s/it]
 39%|██████████████████████████▎                                        | 212/540 [01:11<05:16,  1.04it/s]
 39%|██████████████████████████▍                                        | 213/540 [01:11<04:05,  1.33it/s]
 40%|██████████████████████████▌                                        | 214/540 [01:12<03:12,  1.70it/s]
 40%|██████████████████████████▋                                        | 215/540 [01:12<02:32,  2.14it/s]
 40%|██████████████████████████▊                                        | 216/540 [01:12<02:02,  2.64it/s]
 40%|██████████████████████████▉                                        | 217/540 [01:12<01:41,  3.18it/s]
 40%|███████████████████████████                                        | 218/540 [01:12<01:26,  3.73it/s]
 41%|███████████████████████████▏                                       | 219/540 [01:12<01:15,  4.26it/s]
 41%|███████████████████████████▎                                       | 220/540 [01:13<01:07,  4.73it/s]
 41%|███████████████████████████▍                                       | 221/540 [01:13<01:02,  5.13it/s]
 41%|███████████████████████████▌                                       | 222/540 [01:13<00:58,  5.47it/s]
 41%|███████████████████████████▋                                       | 223/540 [01:13<00:55,  5.74it/s]
 41%|███████████████████████████▊                                       | 224/540 [01:13<00:53,  5.91it/s]
 42%|███████████████████████████▉                                       | 225/540 [01:13<00:52,  6.06it/s]
                                                                                                          

 42%|███████████████████████████▉                                       | 225/540 [01:13<00:52,  6.06it/s]
 42%|████████████████████████████                                       | 226/540 [01:13<00:50,  6.17it/s]
 42%|████████████████████████████▏                                      | 227/540 [01:14<00:50,  6.23it/s]
 42%|████████████████████████████▎                                      | 228/540 [01:14<00:49,  6.29it/s]
 42%|████████████████████████████▍                                      | 229/540 [01:14<00:49,  6.32it/s]
 43%|████████████████████████████▌                                      | 230/540 [01:14<00:48,  6.34it/s]
 43%|████████████████████████████▋                                      | 231/540 [01:14<00:48,  6.39it/s]
 43%|████████████████████████████▊                                      | 232/540 [01:14<00:48,  6.41it/s]
 43%|████████████████████████████▉                                      | 233/540 [01:15<00:48,  6.39it/s]
 43%|█████████████████████████████                                      | 234/540 [01:15<00:47,  6.41it/s]
 44%|█████████████████████████████▏                                     | 235/540 [01:15<00:47,  6.42it/s]
 44%|█████████████████████████████▎                                     | 236/540 [01:15<00:48,  6.33it/s]
 44%|█████████████████████████████▍                                     | 237/540 [01:15<00:47,  6.36it/s]
 44%|█████████████████████████████▌                                     | 238/540 [01:15<00:47,  6.37it/s]
 44%|█████████████████████████████▋                                     | 239/540 [01:16<00:47,  6.38it/s]{'loss': '0.4194', 'grad_norm': '2.4', 'learning_rate': '3.098e-05', 'epoch': '7.508'}


Writing model shards:   0%|                                                         | 0/1 [00:00<?, ?it/s][A

Writing model shards: 100%|█████████████████████████████████████████████████| 1/1 [00:01<00:00,  1.35s/it][A
Writing model shards: 100%|█████████████████████████████████████████████████| 1/1 [00:01<00:00,  1.36s/it]

 45%|█████████████████████████████▉                                     | 241/540 [01:20<05:58,  1.20s/it]
 45%|██████████████████████████████                                     | 242/540 [01:21<04:40,  1.06it/s]
 45%|██████████████████████████████▏                                    | 243/540 [01:21<03:38,  1.36it/s]
 45%|██████████████████████████████▎                                    | 244/540 [01:21<02:50,  1.73it/s]
 45%|██████████████████████████████▍                                    | 245/540 [01:21<02:15,  2.18it/s]
 46%|██████████████████████████████▌                                    | 246/540 [01:21<01:49,  2.69it/s]
 46%|██████████████████████████████▋                                    | 247/540 [01:21<01:30,  3.23it/s]
 46%|██████████████████████████████▊                                    | 248/540 [01:21<01:17,  3.79it/s]
 46%|██████████████████████████████▉                                    | 249/540 [01:22<01:07,  4.32it/s]
 46%|███████████████████████████████                                    | 250/540 [01:22<01:00,  4.79it/s]
                                                                                                          

 46%|███████████████████████████████                                    | 250/540 [01:22<01:00,  4.79it/s]
 46%|███████████████████████████████▏                                   | 251/540 [01:22<00:56,  5.11it/s]
 47%|███████████████████████████████▎                                   | 252/540 [01:22<00:53,  5.37it/s]
 47%|███████████████████████████████▍                                   | 253/540 [01:22<00:50,  5.64it/s]
 47%|███████████████████████████████▌                                   | 254/540 [01:22<00:48,  5.85it/s]
 47%|███████████████████████████████▋                                   | 255/540 [01:23<00:47,  6.02it/s]
 47%|███████████████████████████████▊                                   | 256/540 [01:23<00:46,  6.14it/s]
 48%|███████████████████████████████▉                                   | 257/540 [01:23<00:45,  6.23it/s]
 48%|████████████████████████████████                                   | 258/540 [01:23<00:44,  6.27it/s]
 48%|████████████████████████████████▏                                  | 259/540 [01:23<00:44,  6.34it/s]
 48%|████████████████████████████████▎                                  | 260/540 [01:23<00:44,  6.34it/s]
 48%|████████████████████████████████▍                                  | 261/540 [01:23<00:44,  6.31it/s]
 49%|████████████████████████████████▌                                  | 262/540 [01:24<00:44,  6.23it/s]
 49%|████████████████████████████████▋                                  | 263/540 [01:24<00:45,  6.14it/s]
 49%|████████████████████████████████▊                                  | 264/540 [01:24<00:44,  6.26it/s]
 49%|████████████████████████████████▉                                  | 265/540 [01:24<00:43,  6.32it/s]
 49%|█████████████████████████████████                                  | 266/540 [01:24<00:45,  6.05it/s]
 49%|█████████████████████████████████▏                                 | 267/540 [01:24<00:44,  6.12it/s]
 50%|█████████████████████████████████▎                                 | 268/540 [01:25<00:43,  6.22it/s]
 50%|█████████████████████████████████▍                                 | 269/540 [01:25<00:44,  6.06it/s]{'loss': '0.3575', 'grad_norm': '2.26', 'learning_rate': '2.853e-05', 'epoch': '8.339'}


Writing model shards:   0%|                                                         | 0/1 [00:00<?, ?it/s][A

Writing model shards: 100%|█████████████████████████████████████████████████| 1/1 [00:01<00:00,  1.40s/it][A
Writing model shards: 100%|█████████████████████████████████████████████████| 1/1 [00:01<00:00,  1.40s/it]

 50%|█████████████████████████████████▌                                 | 271/540 [01:31<06:24,  1.43s/it]
 50%|█████████████████████████████████▋                                 | 272/540 [01:31<04:58,  1.11s/it]
 51%|█████████████████████████████████▊                                 | 273/540 [01:31<03:50,  1.16it/s]
 51%|█████████████████████████████████▉                                 | 274/540 [01:31<02:58,  1.49it/s]
 51%|██████████████████████████████████                                 | 275/540 [01:31<02:19,  1.90it/s]
                                                                                                          

 51%|██████████████████████████████████                                 | 275/540 [01:31<02:19,  1.90it/s]
 51%|██████████████████████████████████▏                                | 276/540 [01:31<01:51,  2.37it/s]
 51%|██████████████████████████████████▎                                | 277/540 [01:32<01:30,  2.91it/s]
 51%|██████████████████████████████████▍                                | 278/540 [01:32<01:15,  3.47it/s]
 52%|██████████████████████████████████▌                                | 279/540 [01:32<01:04,  4.02it/s]
 52%|██████████████████████████████████▋                                | 280/540 [01:32<00:57,  4.53it/s]
 52%|██████████████████████████████████▊                                | 281/540 [01:32<00:52,  4.98it/s]
 52%|██████████████████████████████████▉                                | 282/540 [01:32<00:48,  5.34it/s]
 52%|███████████████████████████████████                                | 283/540 [01:32<00:45,  5.64it/s]
 53%|███████████████████████████████████▏                               | 284/540 [01:33<00:43,  5.86it/s]
 53%|███████████████████████████████████▎                               | 285/540 [01:33<00:42,  6.02it/s]
 53%|███████████████████████████████████▍                               | 286/540 [01:33<00:41,  6.13it/s]
 53%|███████████████████████████████████▌                               | 287/540 [01:33<00:40,  6.24it/s]
 53%|███████████████████████████████████▋                               | 288/540 [01:33<00:40,  6.18it/s]
 54%|███████████████████████████████████▊                               | 289/540 [01:33<00:40,  6.27it/s]
 54%|███████████████████████████████████▉                               | 290/540 [01:34<00:39,  6.32it/s]
 54%|████████████████████████████████████                               | 291/540 [01:34<00:39,  6.35it/s]
 54%|████████████████████████████████████▏                              | 292/540 [01:34<00:38,  6.40it/s]
 54%|████████████████████████████████████▎                              | 293/540 [01:34<00:38,  6.39it/s]
 54%|████████████████████████████████████▍                              | 294/540 [01:34<00:38,  6.39it/s]
 55%|████████████████████████████████████▌                              | 295/540 [01:34<00:38,  6.41it/s]
 55%|████████████████████████████████████▋                              | 296/540 [01:34<00:37,  6.44it/s]
 55%|████████████████████████████████████▊                              | 297/540 [01:35<00:37,  6.45it/s]
 55%|████████████████████████████████████▉                              | 298/540 [01:35<00:37,  6.46it/s]
 55%|█████████████████████████████████████                              | 299/540 [01:35<00:37,  6.47it/s]
                                                                                                          

 56%|█████████████████████████████████████▏                             | 300/540 [01:35<00:37,  6.47it/s]{'loss': '0.3193', 'grad_norm': '2.071', 'learning_rate': '2.608e-05', 'epoch': '9.169'}
{'loss': '0.2801', 'grad_norm': '7.824', 'learning_rate': '2.363e-05', 'epoch': '10'}


Writing model shards:   0%|                                                         | 0/1 [00:00<?, ?it/s][A

Writing model shards: 100%|█████████████████████████████████████████████████| 1/1 [00:01<00:00,  1.61s/it][A
Writing model shards: 100%|█████████████████████████████████████████████████| 1/1 [00:01<00:00,  1.61s/it]

 56%|█████████████████████████████████████▎                             | 301/540 [01:43<07:48,  1.96s/it]
 56%|█████████████████████████████████████▍                             | 302/540 [01:43<05:59,  1.51s/it]
 56%|█████████████████████████████████████▌                             | 303/540 [01:43<04:34,  1.16s/it]
 56%|█████████████████████████████████████▋                             | 304/540 [01:44<03:29,  1.13it/s]
 56%|█████████████████████████████████████▊                             | 305/540 [01:44<02:39,  1.47it/s]
 57%|█████████████████████████████████████▉                             | 306/540 [01:44<02:04,  1.89it/s]
 57%|██████████████████████████████████████                             | 307/540 [01:44<01:38,  2.38it/s]
 57%|██████████████████████████████████████▏                            | 308/540 [01:44<01:19,  2.91it/s]
 57%|██████████████████████████████████████▎                            | 309/540 [01:44<01:06,  3.48it/s]
 57%|██████████████████████████████████████▍                            | 310/540 [01:44<00:57,  4.03it/s]
 58%|██████████████████████████████████████▌                            | 311/540 [01:45<00:50,  4.53it/s]
 58%|██████████████████████████████████████▋                            | 312/540 [01:45<00:45,  4.98it/s]
 58%|██████████████████████████████████████▊                            | 313/540 [01:45<00:42,  5.35it/s]
 58%|██████████████████████████████████████▉                            | 314/540 [01:45<00:40,  5.55it/s]
 58%|███████████████████████████████████████                            | 315/540 [01:45<00:38,  5.80it/s]
 59%|███████████████████████████████████████▏                           | 316/540 [01:45<00:37,  6.00it/s]
 59%|███████████████████████████████████████▎                           | 317/540 [01:46<00:36,  6.12it/s]
 59%|███████████████████████████████████████▍                           | 318/540 [01:46<00:35,  6.22it/s]
 59%|███████████████████████████████████████▌                           | 319/540 [01:46<00:35,  6.30it/s]
 59%|███████████████████████████████████████▋                           | 320/540 [01:46<00:34,  6.34it/s]
 59%|███████████████████████████████████████▊                           | 321/540 [01:46<00:34,  6.37it/s]
 60%|███████████████████████████████████████▉                           | 322/540 [01:46<00:34,  6.41it/s]
 60%|████████████████████████████████████████                           | 323/540 [01:46<00:33,  6.43it/s]
 60%|████████████████████████████████████████▏                          | 324/540 [01:47<00:33,  6.44it/s]
 60%|████████████████████████████████████████▎                          | 325/540 [01:47<00:33,  6.45it/s]
                                                                                                          

 60%|████████████████████████████████████████▎                          | 325/540 [01:47<00:33,  6.45it/s]
 60%|████████████████████████████████████████▍                          | 326/540 [01:47<00:33,  6.43it/s]
 61%|████████████████████████████████████████▌                          | 327/540 [01:47<00:33,  6.42it/s]
 61%|████████████████████████████████████████▋                          | 328/540 [01:47<00:32,  6.45it/s]
 61%|████████████████████████████████████████▊                          | 329/540 [01:47<00:32,  6.43it/s]{'loss': '0.2407', 'grad_norm': '2.143', 'learning_rate': '2.118e-05', 'epoch': '10.85'}


Writing model shards:   0%|                                                         | 0/1 [00:00<?, ?it/s][A

Writing model shards: 100%|█████████████████████████████████████████████████| 1/1 [00:01<00:00,  1.38s/it][A
Writing model shards: 100%|█████████████████████████████████████████████████| 1/1 [00:01<00:00,  1.38s/it]

 61%|█████████████████████████████████████████                          | 331/540 [01:55<06:41,  1.92s/it]
 61%|█████████████████████████████████████████▏                         | 332/540 [01:56<05:09,  1.49s/it]
 62%|█████████████████████████████████████████▎                         | 333/540 [01:56<03:55,  1.14s/it]
 62%|█████████████████████████████████████████▍                         | 334/540 [01:56<02:59,  1.15it/s]
 62%|█████████████████████████████████████████▌                         | 335/540 [01:56<02:17,  1.49it/s]
 62%|█████████████████████████████████████████▋                         | 336/540 [01:56<01:46,  1.91it/s]
 62%|█████████████████████████████████████████▊                         | 337/540 [01:56<01:24,  2.40it/s]
 63%|█████████████████████████████████████████▉                         | 338/540 [01:56<01:08,  2.94it/s]
 63%|██████████████████████████████████████████                         | 339/540 [01:57<00:57,  3.50it/s]
 63%|██████████████████████████████████████████▏                        | 340/540 [01:57<00:49,  4.05it/s]
 63%|██████████████████████████████████████████▎                        | 341/540 [01:57<00:43,  4.56it/s]
 63%|██████████████████████████████████████████▍                        | 342/540 [01:57<00:39,  5.00it/s]
 64%|██████████████████████████████████████████▌                        | 343/540 [01:57<00:36,  5.36it/s]
 64%|██████████████████████████████████████████▋                        | 344/540 [01:57<00:34,  5.63it/s]
 64%|██████████████████████████████████████████▊                        | 345/540 [01:58<00:33,  5.85it/s]
 64%|██████████████████████████████████████████▉                        | 346/540 [01:58<00:32,  6.01it/s]
 64%|███████████████████████████████████████████                        | 347/540 [01:58<00:31,  6.16it/s]
 64%|███████████████████████████████████████████▏                       | 348/540 [01:58<00:30,  6.23it/s]
 65%|███████████████████████████████████████████▎                       | 349/540 [01:58<00:30,  6.31it/s]
 65%|███████████████████████████████████████████▍                       | 350/540 [01:58<00:29,  6.36it/s]
                                                                                                          

 65%|███████████████████████████████████████████▍                       | 350/540 [01:58<00:29,  6.36it/s]
 65%|███████████████████████████████████████████▌                       | 351/540 [01:59<00:29,  6.37it/s]
 65%|███████████████████████████████████████████▋                       | 352/540 [01:59<00:29,  6.42it/s]
 65%|███████████████████████████████████████████▊                       | 353/540 [01:59<00:29,  6.44it/s]
 66%|███████████████████████████████████████████▉                       | 354/540 [01:59<00:28,  6.43it/s]
 66%|████████████████████████████████████████████                       | 355/540 [01:59<00:28,  6.45it/s]
 66%|████████████████████████████████████████████▏                      | 356/540 [01:59<00:28,  6.47it/s]
 66%|████████████████████████████████████████████▎                      | 357/540 [01:59<00:28,  6.44it/s]
 66%|████████████████████████████████████████████▍                      | 358/540 [02:00<00:28,  6.44it/s]
 66%|████████████████████████████████████████████▌                      | 359/540 [02:00<00:28,  6.45it/s]{'loss': '0.2278', 'grad_norm': '1.847', 'learning_rate': '1.873e-05', 'epoch': '11.68'}


Writing model shards:   0%|                                                         | 0/1 [00:00<?, ?it/s][A

Writing model shards: 100%|█████████████████████████████████████████████████| 1/1 [00:01<00:00,  1.39s/it][A
Writing model shards: 100%|█████████████████████████████████████████████████| 1/1 [00:01<00:00,  1.39s/it]

 67%|████████████████████████████████████████████▊                      | 361/540 [02:08<05:45,  1.93s/it]
 67%|████████████████████████████████████████████▉                      | 362/540 [02:08<04:25,  1.49s/it]
 67%|█████████████████████████████████████████████                      | 363/540 [02:08<03:21,  1.14s/it]
 67%|█████████████████████████████████████████████▏                     | 364/540 [02:08<02:33,  1.14it/s]
 68%|█████████████████████████████████████████████▎                     | 365/540 [02:08<01:57,  1.48it/s]
 68%|█████████████████████████████████████████████▍                     | 366/540 [02:09<01:31,  1.90it/s]
 68%|█████████████████████████████████████████████▌                     | 367/540 [02:09<01:12,  2.39it/s]
 68%|█████████████████████████████████████████████▋                     | 368/540 [02:09<00:58,  2.93it/s]
 68%|█████████████████████████████████████████████▊                     | 369/540 [02:09<00:48,  3.49it/s]
 69%|█████████████████████████████████████████████▉                     | 370/540 [02:09<00:42,  4.05it/s]
 69%|██████████████████████████████████████████████                     | 371/540 [02:09<00:41,  4.11it/s]
 69%|██████████████████████████████████████████████▏                    | 372/540 [02:10<00:36,  4.61it/s]
 69%|██████████████████████████████████████████████▎                    | 373/540 [02:10<00:33,  5.05it/s]
 69%|██████████████████████████████████████████████▍                    | 374/540 [02:10<00:30,  5.41it/s]
 69%|██████████████████████████████████████████████▌                    | 375/540 [02:10<00:29,  5.68it/s]
                                                                                                          

 69%|██████████████████████████████████████████████▌                    | 375/540 [02:10<00:29,  5.68it/s]
 70%|██████████████████████████████████████████████▋                    | 376/540 [02:10<00:27,  5.90it/s]
 70%|██████████████████████████████████████████████▊                    | 377/540 [02:10<00:26,  6.05it/s]
 70%|██████████████████████████████████████████████▉                    | 378/540 [02:10<00:26,  6.17it/s]
 70%|███████████████████████████████████████████████                    | 379/540 [02:11<00:25,  6.25it/s]
 70%|███████████████████████████████████████████████▏                   | 380/540 [02:11<00:25,  6.29it/s]
 71%|███████████████████████████████████████████████▎                   | 381/540 [02:11<00:25,  6.34it/s]
 71%|███████████████████████████████████████████████▍                   | 382/540 [02:11<00:24,  6.39it/s]
 71%|███████████████████████████████████████████████▌                   | 383/540 [02:11<00:24,  6.39it/s]
 71%|███████████████████████████████████████████████▋                   | 384/540 [02:11<00:24,  6.42it/s]
 71%|███████████████████████████████████████████████▊                   | 385/540 [02:12<00:24,  6.36it/s]
 71%|███████████████████████████████████████████████▉                   | 386/540 [02:12<00:23,  6.42it/s]
 72%|████████████████████████████████████████████████                   | 387/540 [02:12<00:23,  6.47it/s]
 72%|████████████████████████████████████████████████▏                  | 388/540 [02:12<00:23,  6.47it/s]
 72%|████████████████████████████████████████████████▎                  | 389/540 [02:12<00:23,  6.43it/s]{'loss': '0.2072', 'grad_norm': '1.428', 'learning_rate': '1.627e-05', 'epoch': '12.51'}


Writing model shards:   0%|                                                         | 0/1 [00:00<?, ?it/s][A

Writing model shards: 100%|█████████████████████████████████████████████████| 1/1 [00:01<00:00,  1.42s/it][A
Writing model shards: 100%|█████████████████████████████████████████████████| 1/1 [00:01<00:00,  1.42s/it]

 72%|████████████████████████████████████████████████▌                  | 391/540 [02:20<04:52,  1.97s/it]
 73%|████████████████████████████████████████████████▋                  | 392/540 [02:20<03:44,  1.52s/it]
 73%|████████████████████████████████████████████████▊                  | 393/540 [02:21<02:50,  1.16s/it]
 73%|████████████████████████████████████████████████▉                  | 394/540 [02:21<02:09,  1.13it/s]
 73%|█████████████████████████████████████████████████                  | 395/540 [02:21<01:38,  1.47it/s]
 73%|█████████████████████████████████████████████████▏                 | 396/540 [02:21<01:16,  1.88it/s]
 74%|█████████████████████████████████████████████████▎                 | 397/540 [02:21<01:00,  2.37it/s]
 74%|█████████████████████████████████████████████████▍                 | 398/540 [02:21<00:48,  2.91it/s]
 74%|█████████████████████████████████████████████████▌                 | 399/540 [02:22<00:40,  3.47it/s]
 74%|█████████████████████████████████████████████████▋                 | 400/540 [02:22<00:34,  4.02it/s]
                                                                                                          

 74%|█████████████████████████████████████████████████▋                 | 400/540 [02:22<00:34,  4.02it/s]
 74%|█████████████████████████████████████████████████▊                 | 401/540 [02:22<00:30,  4.53it/s]
 74%|█████████████████████████████████████████████████▉                 | 402/540 [02:22<00:27,  4.96it/s]
 75%|██████████████████████████████████████████████████                 | 403/540 [02:22<00:25,  5.33it/s]
 75%|██████████████████████████████████████████████████▏                | 404/540 [02:22<00:24,  5.63it/s]
 75%|██████████████████████████████████████████████████▎                | 405/540 [02:22<00:23,  5.86it/s]
 75%|██████████████████████████████████████████████████▎                | 406/540 [02:23<00:22,  6.03it/s]
 75%|██████████████████████████████████████████████████▍                | 407/540 [02:23<00:21,  6.17it/s]
 76%|██████████████████████████████████████████████████▌                | 408/540 [02:23<00:21,  6.25it/s]
 76%|██████████████████████████████████████████████████▋                | 409/540 [02:23<00:20,  6.32it/s]
 76%|██████████████████████████████████████████████████▊                | 410/540 [02:23<00:20,  6.36it/s]
 76%|██████████████████████████████████████████████████▉                | 411/540 [02:23<00:20,  6.36it/s]
 76%|███████████████████████████████████████████████████                | 412/540 [02:24<00:20,  6.37it/s]
 76%|███████████████████████████████████████████████████▏               | 413/540 [02:24<00:20,  6.28it/s]
 77%|███████████████████████████████████████████████████▎               | 414/540 [02:24<00:19,  6.34it/s]
 77%|███████████████████████████████████████████████████▍               | 415/540 [02:24<00:19,  6.38it/s]
 77%|███████████████████████████████████████████████████▌               | 416/540 [02:24<00:19,  6.41it/s]
 77%|███████████████████████████████████████████████████▋               | 417/540 [02:24<00:19,  6.41it/s]
 77%|███████████████████████████████████████████████████▊               | 418/540 [02:25<00:18,  6.43it/s]
 78%|███████████████████████████████████████████████████▉               | 419/540 [02:25<00:18,  6.45it/s]{'loss': '0.1987', 'grad_norm': '1.612', 'learning_rate': '1.382e-05', 'epoch': '13.34'}


Writing model shards:   0%|                                                         | 0/1 [00:00<?, ?it/s][A

Writing model shards: 100%|█████████████████████████████████████████████████| 1/1 [00:01<00:00,  1.32s/it][A
Writing model shards: 100%|█████████████████████████████████████████████████| 1/1 [00:01<00:00,  1.32s/it]

 78%|████████████████████████████████████████████████████▏              | 421/540 [02:33<04:03,  2.05s/it]
 78%|████████████████████████████████████████████████████▎              | 422/540 [02:33<03:06,  1.58s/it]
 78%|████████████████████████████████████████████████████▍              | 423/540 [02:33<02:20,  1.20s/it]
 79%|████████████████████████████████████████████████████▌              | 424/540 [02:34<01:46,  1.09it/s]
 79%|████████████████████████████████████████████████████▋              | 425/540 [02:34<01:21,  1.42it/s]
                                                                                                          

 79%|████████████████████████████████████████████████████▋              | 425/540 [02:34<01:21,  1.42it/s]
 79%|████████████████████████████████████████████████████▊              | 426/540 [02:34<01:02,  1.82it/s]
 79%|████████████████████████████████████████████████████▉              | 427/540 [02:34<00:49,  2.30it/s]
 79%|█████████████████████████████████████████████████████              | 428/540 [02:34<00:39,  2.82it/s]
 79%|█████████████████████████████████████████████████████▏             | 429/540 [02:34<00:32,  3.38it/s]
 80%|█████████████████████████████████████████████████████▎             | 430/540 [02:35<00:28,  3.93it/s]
 80%|█████████████████████████████████████████████████████▍             | 431/540 [02:35<00:24,  4.45it/s]
 80%|█████████████████████████████████████████████████████▌             | 432/540 [02:35<00:22,  4.91it/s]
 80%|█████████████████████████████████████████████████████▋             | 433/540 [02:35<00:20,  5.29it/s]
 80%|█████████████████████████████████████████████████████▊             | 434/540 [02:35<00:18,  5.60it/s]
 81%|█████████████████████████████████████████████████████▉             | 435/540 [02:35<00:17,  5.84it/s]
 81%|██████████████████████████████████████████████████████             | 436/540 [02:36<00:17,  6.00it/s]
 81%|██████████████████████████████████████████████████████▏            | 437/540 [02:36<00:16,  6.16it/s]
 81%|██████████████████████████████████████████████████████▎            | 438/540 [02:36<00:16,  6.23it/s]
 81%|██████████████████████████████████████████████████████▍            | 439/540 [02:36<00:16,  6.29it/s]
 81%|██████████████████████████████████████████████████████▌            | 440/540 [02:36<00:15,  6.34it/s]
 82%|██████████████████████████████████████████████████████▋            | 441/540 [02:36<00:15,  6.38it/s]
 82%|██████████████████████████████████████████████████████▊            | 442/540 [02:36<00:15,  6.36it/s]
 82%|██████████████████████████████████████████████████████▉            | 443/540 [02:37<00:15,  6.40it/s]
 82%|███████████████████████████████████████████████████████            | 444/540 [02:37<00:14,  6.42it/s]
 82%|███████████████████████████████████████████████████████▏           | 445/540 [02:37<00:14,  6.44it/s]
 83%|███████████████████████████████████████████████████████▎           | 446/540 [02:37<00:14,  6.46it/s]
 83%|███████████████████████████████████████████████████████▍           | 447/540 [02:37<00:14,  6.47it/s]
 83%|███████████████████████████████████████████████████████▌           | 448/540 [02:37<00:14,  6.45it/s]
 83%|███████████████████████████████████████████████████████▋           | 449/540 [02:38<00:14,  6.45it/s]
                                                                                                          

 83%|███████████████████████████████████████████████████████▊           | 450/540 [02:38<00:13,  6.45it/s]{'loss': '0.1825', 'grad_norm': '1.279', 'learning_rate': '1.137e-05', 'epoch': '14.17'}
{'loss': '0.1805', 'grad_norm': '5.598', 'learning_rate': '8.922e-06', 'epoch': '15'}


Writing model shards:   0%|                                                         | 0/1 [00:00<?, ?it/s][A

Writing model shards: 100%|█████████████████████████████████████████████████| 1/1 [00:01<00:00,  1.32s/it][A
Writing model shards: 100%|█████████████████████████████████████████████████| 1/1 [00:01<00:00,  1.32s/it]

 84%|███████████████████████████████████████████████████████▉           | 451/540 [02:45<02:51,  1.92s/it]
 84%|████████████████████████████████████████████████████████           | 452/540 [02:46<02:10,  1.49s/it]
 84%|████████████████████████████████████████████████████████▏          | 453/540 [02:46<01:38,  1.14s/it]
 84%|████████████████████████████████████████████████████████▎          | 454/540 [02:46<01:14,  1.15it/s]
 84%|████████████████████████████████████████████████████████▍          | 455/540 [02:46<00:56,  1.49it/s]
 84%|████████████████████████████████████████████████████████▌          | 456/540 [02:46<00:43,  1.91it/s]
 85%|████████████████████████████████████████████████████████▋          | 457/540 [02:46<00:34,  2.40it/s]
 85%|████████████████████████████████████████████████████████▊          | 458/540 [02:47<00:27,  2.94it/s]
 85%|████████████████████████████████████████████████████████▉          | 459/540 [02:47<00:23,  3.50it/s]
 85%|█████████████████████████████████████████████████████████          | 460/540 [02:47<00:19,  4.04it/s]
 85%|█████████████████████████████████████████████████████████▏         | 461/540 [02:47<00:17,  4.54it/s]
 86%|█████████████████████████████████████████████████████████▎         | 462/540 [02:47<00:15,  4.98it/s]
 86%|█████████████████████████████████████████████████████████▍         | 463/540 [02:47<00:14,  5.32it/s]
 86%|█████████████████████████████████████████████████████████▌         | 464/540 [02:48<00:13,  5.61it/s]
 86%|█████████████████████████████████████████████████████████▋         | 465/540 [02:48<00:12,  5.84it/s]
 86%|█████████████████████████████████████████████████████████▊         | 466/540 [02:48<00:12,  5.99it/s]
 86%|█████████████████████████████████████████████████████████▉         | 467/540 [02:48<00:11,  6.11it/s]
 87%|██████████████████████████████████████████████████████████         | 468/540 [02:48<00:11,  6.21it/s]
 87%|██████████████████████████████████████████████████████████▏        | 469/540 [02:48<00:11,  6.27it/s]
 87%|██████████████████████████████████████████████████████████▎        | 470/540 [02:48<00:11,  6.20it/s]
 87%|██████████████████████████████████████████████████████████▍        | 471/540 [02:49<00:11,  6.26it/s]
 87%|██████████████████████████████████████████████████████████▌        | 472/540 [02:49<00:10,  6.31it/s]
 88%|██████████████████████████████████████████████████████████▋        | 473/540 [02:49<00:10,  6.33it/s]
 88%|██████████████████████████████████████████████████████████▊        | 474/540 [02:49<00:10,  6.37it/s]
 88%|██████████████████████████████████████████████████████████▉        | 475/540 [02:49<00:10,  6.38it/s]
                                                                                                          

 88%|██████████████████████████████████████████████████████████▉        | 475/540 [02:49<00:10,  6.38it/s]
 88%|███████████████████████████████████████████████████████████        | 476/540 [02:49<00:10,  6.39it/s]
 88%|███████████████████████████████████████████████████████████▏       | 477/540 [02:50<00:09,  6.41it/s]
 89%|███████████████████████████████████████████████████████████▎       | 478/540 [02:50<00:09,  6.42it/s]
 89%|███████████████████████████████████████████████████████████▍       | 479/540 [02:50<00:09,  6.41it/s]{'loss': '0.1626', 'grad_norm': '1.549', 'learning_rate': '6.471e-06', 'epoch': '15.85'}


Writing model shards:   0%|                                                         | 0/1 [00:00<?, ?it/s][A

Writing model shards: 100%|█████████████████████████████████████████████████| 1/1 [00:01<00:00,  1.42s/it][A
Writing model shards: 100%|█████████████████████████████████████████████████| 1/1 [00:01<00:00,  1.42s/it]

 89%|███████████████████████████████████████████████████████████▋       | 481/540 [02:58<01:52,  1.91s/it]
 89%|███████████████████████████████████████████████████████████▊       | 482/540 [02:58<01:25,  1.48s/it]
 89%|███████████████████████████████████████████████████████████▉       | 483/540 [02:58<01:04,  1.13s/it]
 90%|████████████████████████████████████████████████████████████       | 484/540 [02:58<00:48,  1.15it/s]
 90%|████████████████████████████████████████████████████████████▏      | 485/540 [02:58<00:36,  1.50it/s]
 90%|████████████████████████████████████████████████████████████▎      | 486/540 [02:59<00:28,  1.92it/s]
 90%|████████████████████████████████████████████████████████████▍      | 487/540 [02:59<00:22,  2.41it/s]
 90%|████████████████████████████████████████████████████████████▌      | 488/540 [02:59<00:17,  2.95it/s]
 91%|████████████████████████████████████████████████████████████▋      | 489/540 [02:59<00:14,  3.49it/s]
 91%|████████████████████████████████████████████████████████████▊      | 490/540 [02:59<00:12,  4.05it/s]
 91%|████████████████████████████████████████████████████████████▉      | 491/540 [02:59<00:10,  4.54it/s]
 91%|█████████████████████████████████████████████████████████████      | 492/540 [03:00<00:09,  4.98it/s]
 91%|█████████████████████████████████████████████████████████████▏     | 493/540 [03:00<00:08,  5.35it/s]
 91%|█████████████████████████████████████████████████████████████▎     | 494/540 [03:00<00:08,  5.62it/s]
 92%|█████████████████████████████████████████████████████████████▍     | 495/540 [03:00<00:07,  5.83it/s]
 92%|█████████████████████████████████████████████████████████████▌     | 496/540 [03:00<00:07,  6.01it/s]
 92%|█████████████████████████████████████████████████████████████▋     | 497/540 [03:00<00:07,  6.12it/s]
 92%|█████████████████████████████████████████████████████████████▊     | 498/540 [03:00<00:06,  6.22it/s]
 92%|█████████████████████████████████████████████████████████████▉     | 499/540 [03:01<00:06,  6.28it/s]
 93%|██████████████████████████████████████████████████████████████     | 500/540 [03:01<00:06,  6.32it/s]
                                                                                                          

 93%|██████████████████████████████████████████████████████████████     | 500/540 [03:01<00:06,  6.32it/s]
 93%|██████████████████████████████████████████████████████████████▏    | 501/540 [03:01<00:06,  6.35it/s]
 93%|██████████████████████████████████████████████████████████████▎    | 502/540 [03:01<00:05,  6.39it/s]
 93%|██████████████████████████████████████████████████████████████▍    | 503/540 [03:01<00:05,  6.40it/s]
 93%|██████████████████████████████████████████████████████████████▌    | 504/540 [03:01<00:05,  6.41it/s]
 94%|██████████████████████████████████████████████████████████████▋    | 505/540 [03:02<00:05,  6.42it/s]
 94%|██████████████████████████████████████████████████████████████▊    | 506/540 [03:02<00:05,  6.43it/s]
 94%|██████████████████████████████████████████████████████████████▉    | 507/540 [03:02<00:05,  6.42it/s]
 94%|███████████████████████████████████████████████████████████████    | 508/540 [03:02<00:04,  6.43it/s]
 94%|███████████████████████████████████████████████████████████████▏   | 509/540 [03:02<00:04,  6.44it/s]{'loss': '0.1706', 'grad_norm': '1.411', 'learning_rate': '4.02e-06', 'epoch': '16.68'}


Writing model shards:   0%|                                                         | 0/1 [00:00<?, ?it/s][A

Writing model shards: 100%|█████████████████████████████████████████████████| 1/1 [00:01<00:00,  1.32s/it][A
Writing model shards: 100%|█████████████████████████████████████████████████| 1/1 [00:01<00:00,  1.32s/it]

 95%|███████████████████████████████████████████████████████████████▍   | 511/540 [03:07<00:34,  1.20s/it]
 95%|███████████████████████████████████████████████████████████████▌   | 512/540 [03:07<00:26,  1.07it/s]
 95%|███████████████████████████████████████████████████████████████▋   | 513/540 [03:07<00:19,  1.36it/s]
 95%|███████████████████████████████████████████████████████████████▊   | 514/540 [03:07<00:14,  1.74it/s]
 95%|███████████████████████████████████████████████████████████████▉   | 515/540 [03:08<00:11,  2.18it/s]
 96%|████████████████████████████████████████████████████████████████   | 516/540 [03:08<00:08,  2.69it/s]
 96%|████████████████████████████████████████████████████████████████▏  | 517/540 [03:08<00:07,  3.23it/s]
 96%|████████████████████████████████████████████████████████████████▎  | 518/540 [03:08<00:05,  3.79it/s]
 96%|████████████████████████████████████████████████████████████████▍  | 519/540 [03:08<00:04,  4.31it/s]
 96%|████████████████████████████████████████████████████████████████▌  | 520/540 [03:08<00:04,  4.77it/s]
 96%|████████████████████████████████████████████████████████████████▋  | 521/540 [03:09<00:03,  5.17it/s]
 97%|████████████████████████████████████████████████████████████████▊  | 522/540 [03:09<00:03,  5.49it/s]
 97%|████████████████████████████████████████████████████████████████▉  | 523/540 [03:09<00:02,  5.73it/s]
 97%|█████████████████████████████████████████████████████████████████  | 524/540 [03:09<00:02,  5.93it/s]
 97%|█████████████████████████████████████████████████████████████████▏ | 525/540 [03:09<00:02,  6.02it/s]
                                                                                                          

 97%|█████████████████████████████████████████████████████████████████▏ | 525/540 [03:09<00:02,  6.02it/s]
 97%|█████████████████████████████████████████████████████████████████▎ | 526/540 [03:09<00:02,  6.11it/s]
 98%|█████████████████████████████████████████████████████████████████▍ | 527/540 [03:09<00:02,  6.21it/s]
 98%|█████████████████████████████████████████████████████████████████▌ | 528/540 [03:10<00:01,  6.20it/s]
 98%|█████████████████████████████████████████████████████████████████▋ | 529/540 [03:10<00:01,  6.27it/s]
 98%|█████████████████████████████████████████████████████████████████▊ | 530/540 [03:10<00:01,  6.32it/s]
 98%|█████████████████████████████████████████████████████████████████▉ | 531/540 [03:10<00:01,  6.35it/s]
 99%|██████████████████████████████████████████████████████████████████ | 532/540 [03:10<00:01,  6.36it/s]
 99%|██████████████████████████████████████████████████████████████████▏| 533/540 [03:10<00:01,  6.39it/s]
 99%|██████████████████████████████████████████████████████████████████▎| 534/540 [03:11<00:00,  6.40it/s]
 99%|██████████████████████████████████████████████████████████████████▍| 535/540 [03:11<00:00,  6.41it/s]
 99%|██████████████████████████████████████████████████████████████████▌| 536/540 [03:11<00:00,  6.41it/s]
 99%|██████████████████████████████████████████████████████████████████▋| 537/540 [03:11<00:00,  6.42it/s]
100%|██████████████████████████████████████████████████████████████████▊| 538/540 [03:11<00:00,  6.42it/s]
100%|██████████████████████████████████████████████████████████████████▉| 539/540 [03:11<00:00,  6.41it/s]{'loss': '0.1548', 'grad_norm': '0.9929', 'learning_rate': '1.569e-06', 'epoch': '17.51'}


Writing model shards:   0%|                                                         | 0/1 [00:00<?, ?it/s][A

Writing model shards: 100%|█████████████████████████████████████████████████| 1/1 [00:01<00:00,  1.32s/it][A
Writing model shards: 100%|█████████████████████████████████████████████████| 1/1 [00:01<00:00,  1.32s/it]

                                                                                                          

100%|███████████████████████████████████████████████████████████████████| 540/540 [03:22<00:00,  6.41it/s]
100%|███████████████████████████████████████████████████████████████████| 540/540 [03:22<00:00,  2.67it/s]
{'train_runtime': '202.1', 'train_samples_per_second': '41.41', 'train_steps_per_second': '2.672', 'train_loss': '0.5808', 'epoch': '18'}

  0%|                                                                               | 0/9 [00:00<?, ?it/s]
 67%|███████████████████████████████████████████████▎                       | 6/9 [00:00<00:00, 53.35it/s]
100%|███████████████████████████████████████████████████████████████████████| 9/9 [00:00<00:00, 50.73it/s]

Writing model shards:   0%|                                                         | 0/1 [00:00<?, ?it/s]
Writing model shards: 100%|█████████████████████████████████████████████████| 1/1 [00:01<00:00,  1.49s/it]
Writing model shards: 100%|█████████████████████████████████████████████████| 1/1 [00:01<00:00,  1.49s/it]

Loading weights:   0%|                                                            | 0/388 [00:00<?, ?it/s]
Loading weights:  64%|██████████████████████████████▋                 | 248/388 [00:00<00:00, 2460.38it/s]
Loading weights: 100%|████████████████████████████████████████████████| 388/388 [00:00<00:00, 2494.80it/s]

Loading weights:   0%|                                                            | 0/388 [00:00<?, ?it/s]
Loading weights:  80%|██████████████████████████████████████▎         | 310/388 [00:00<00:00, 3039.36it/s]
Loading weights: 100%|████████████████████████████████████████████████| 388/388 [00:00<00:00, 3072.60it/s]

Loading weights:   0%|                                                            | 0/388 [00:00<?, ?it/s]
Loading weights:  23%|███████████▎                                      | 88/388 [00:00<00:00, 853.01it/s]
Loading weights:  49%|████████████████████████▏                        | 192/388 [00:00<00:00, 957.73it/s]
Loading weights:  74%|████████████████████████████████████▎            | 288/388 [00:00<00:00, 848.42it/s]
Loading weights:  97%|███████████████████████████████████████████████▎ | 375/388 [00:00<00:00, 797.15it/s]
Loading weights: 100%|█████████████████████████████████████████████████| 388/388 [00:00<00:00, 828.01it/s]

Loading weights:   0%|                                                            | 0/388 [00:00<?, ?it/s]
Loading weights:  36%|█████████████████                               | 138/388 [00:00<00:00, 1378.49it/s]
Loading weights:  76%|████████████████████████████████████▌           | 296/388 [00:00<00:00, 1485.39it/s]
Loading weights: 100%|████████████████████████████████████████████████| 388/388 [00:00<00:00, 1456.72it/s]

Loading weights:   0%|                                                            | 0/773 [00:00<?, ?it/s]
Loading weights: 100%|███████████████████████████████████████████████| 773/773 [00:00<00:00, 24147.57it/s]
[RANK 0] Detected kernel version 5.4.0, which is below the recommended minimum of 5.5.0; this can cause the process to hang. It is recommended to upgrade the kernel to the minimum version or higher.

  0%|                                                                             | 0/360 [00:00<?, ?it/s]
  0%|▏                                                                    | 1/360 [00:01<06:37,  1.11s/it]
  1%|▍                                                                    | 2/360 [00:01<05:48,  1.03it/s]
  1%|▌                                                                    | 3/360 [00:02<05:44,  1.04it/s]
  1%|▊                                                                    | 4/360 [00:03<05:45,  1.03it/s]
  1%|▉                                                                    | 5/360 [00:04<05:42,  1.04it/s]
  2%|█▏                                                                   | 6/360 [00:05<05:41,  1.04it/s]
  2%|█▎                                                                   | 7/360 [00:06<05:39,  1.04it/s]
  2%|█▌                                                                   | 8/360 [00:07<05:37,  1.04it/s]
  2%|█▋                                                                   | 9/360 [00:08<05:37,  1.04it/s]
  3%|█▉                                                                  | 10/360 [00:09<05:36,  1.04it/s]
  3%|██                                                                  | 11/360 [00:10<05:35,  1.04it/s]
  3%|██▎                                                                 | 12/360 [00:11<05:34,  1.04it/s]
  4%|██▍                                                                 | 13/360 [00:12<05:34,  1.04it/s]
  4%|██▋                                                                 | 14/360 [00:13<05:33,  1.04it/s]
  4%|██▊                                                                 | 15/360 [00:14<05:31,  1.04it/s]
  4%|███                                                                 | 16/360 [00:15<05:29,  1.04it/s]
  5%|███▏                                                                | 17/360 [00:16<05:29,  1.04it/s]
  5%|███▍                                                                | 18/360 [00:17<05:29,  1.04it/s]
  5%|███▌                                                                | 19/360 [00:18<05:27,  1.04it/s]
  6%|███▊                                                                | 20/360 [00:19<06:02,  1.07s/it]
  6%|███▉                                                                | 21/360 [00:20<05:51,  1.04s/it]
  6%|████▏                                                               | 22/360 [00:21<05:43,  1.02s/it]
  6%|████▎                                                               | 23/360 [00:22<05:37,  1.00s/it]
  7%|████▌                                                               | 24/360 [00:23<05:37,  1.00s/it]
  7%|████▋                                                               | 25/360 [00:24<05:31,  1.01it/s]
                                                                                                          

  7%|████▋                                                               | 25/360 [00:24<05:31,  1.01it/s]
  7%|████▉                                                               | 26/360 [00:25<05:26,  1.02it/s]
  8%|█████                                                               | 27/360 [00:26<05:23,  1.03it/s]
  8%|█████▎                                                              | 28/360 [00:27<05:22,  1.03it/s]
  8%|█████▍                                                              | 29/360 [00:28<05:19,  1.04it/s]
  8%|█████▋                                                              | 30/360 [00:28<04:14,  1.30it/s]{'loss': '2.685', 'grad_norm': '1.869', 'learning_rate': '4e-05', 'epoch': '0.8547'}


Writing model shards:   0%|                                                         | 0/1 [00:00<?, ?it/s][A

Writing model shards: 100%|█████████████████████████████████████████████████| 1/1 [00:08<00:00,  8.15s/it][A
Writing model shards: 100%|█████████████████████████████████████████████████| 1/1 [00:08<00:00,  8.15s/it]

  9%|█████▊                                                              | 31/360 [00:51<40:42,  7.42s/it]
  9%|██████                                                              | 32/360 [00:52<30:05,  5.50s/it]
  9%|██████▏                                                             | 33/360 [00:53<22:36,  4.15s/it]
  9%|██████▍                                                             | 34/360 [00:54<17:20,  3.19s/it]
 10%|██████▌                                                             | 35/360 [00:55<13:38,  2.52s/it]
 10%|██████▊                                                             | 36/360 [00:56<11:07,  2.06s/it]
 10%|██████▉                                                             | 37/360 [00:57<09:18,  1.73s/it]
 11%|███████▏                                                            | 38/360 [00:58<08:04,  1.51s/it]
 11%|███████▎                                                            | 39/360 [00:59<07:12,  1.35s/it]
 11%|███████▌                                                            | 40/360 [01:00<06:33,  1.23s/it]
 11%|███████▋                                                            | 41/360 [01:01<06:45,  1.27s/it]
 12%|███████▉                                                            | 42/360 [01:02<06:20,  1.20s/it]
 12%|████████                                                            | 43/360 [01:03<06:05,  1.15s/it]
 12%|████████▎                                                           | 44/360 [01:04<05:48,  1.10s/it]
 12%|████████▌                                                           | 45/360 [01:05<05:32,  1.06s/it]
 13%|████████▋                                                           | 46/360 [01:06<05:21,  1.02s/it]
 13%|████████▉                                                           | 47/360 [01:07<05:15,  1.01s/it]
 13%|█████████                                                           | 48/360 [01:08<05:08,  1.01it/s]
 14%|█████████▎                                                          | 49/360 [01:09<05:04,  1.02it/s]
 14%|█████████▍                                                          | 50/360 [01:10<05:01,  1.03it/s]
                                                                                                          

 14%|█████████▍                                                          | 50/360 [01:10<05:01,  1.03it/s]
 14%|█████████▋                                                          | 51/360 [01:11<05:02,  1.02it/s]
 14%|█████████▊                                                          | 52/360 [01:12<04:57,  1.03it/s]
 15%|██████████                                                          | 53/360 [01:13<05:00,  1.02it/s]
 15%|██████████▏                                                         | 54/360 [01:14<04:59,  1.02it/s]
 15%|██████████▍                                                         | 55/360 [01:15<05:00,  1.02it/s]
 16%|██████████▌                                                         | 56/360 [01:16<04:57,  1.02it/s]
 16%|██████████▊                                                         | 57/360 [01:17<04:55,  1.03it/s]
 16%|██████████▉                                                         | 58/360 [01:18<04:52,  1.03it/s]
 16%|███████████▏                                                        | 59/360 [01:19<04:51,  1.03it/s]
 17%|███████████▎                                                        | 60/360 [01:19<03:55,  1.28it/s]{'loss': '1.485', 'grad_norm': '1.921', 'learning_rate': '4.727e-05', 'epoch': '1.684'}


Writing model shards:   0%|                                                         | 0/1 [00:00<?, ?it/s][A

Writing model shards: 100%|█████████████████████████████████████████████████| 1/1 [00:09<00:00,  9.23s/it][A
Writing model shards: 100%|█████████████████████████████████████████████████| 1/1 [00:09<00:00,  9.24s/it]

 17%|███████████▌                                                        | 61/360 [01:43<37:46,  7.58s/it]
 17%|███████████▋                                                        | 62/360 [01:44<27:46,  5.59s/it]
 18%|███████████▉                                                        | 63/360 [01:45<20:48,  4.20s/it]
 18%|████████████                                                        | 64/360 [01:45<15:55,  3.23s/it]
 18%|████████████▎                                                       | 65/360 [01:46<12:32,  2.55s/it]
 18%|████████████▍                                                       | 66/360 [01:47<10:09,  2.07s/it]
 19%|████████████▋                                                       | 67/360 [01:48<08:29,  1.74s/it]
 19%|████████████▊                                                       | 68/360 [01:49<07:19,  1.51s/it]
 19%|█████████████                                                       | 69/360 [01:50<06:33,  1.35s/it]
 19%|█████████████▏                                                      | 70/360 [01:51<05:58,  1.24s/it]
 20%|█████████████▍                                                      | 71/360 [01:52<05:33,  1.15s/it]
 20%|█████████████▌                                                      | 72/360 [01:53<05:16,  1.10s/it]
 20%|█████████████▊                                                      | 73/360 [01:54<05:02,  1.06s/it]
 21%|█████████████▉                                                      | 74/360 [01:55<04:53,  1.03s/it]
 21%|██████████████▏                                                     | 75/360 [01:56<04:46,  1.00s/it]
                                                                                                          

 21%|██████████████▏                                                     | 75/360 [01:56<04:46,  1.00s/it]
 21%|██████████████▎                                                     | 76/360 [01:57<04:41,  1.01it/s]
 21%|██████████████▌                                                     | 77/360 [01:58<04:37,  1.02it/s]
 22%|██████████████▋                                                     | 78/360 [01:59<04:35,  1.02it/s]
 22%|██████████████▉                                                     | 79/360 [02:00<04:35,  1.02it/s]
 22%|███████████████                                                     | 80/360 [02:01<04:33,  1.02it/s]
 22%|███████████████▎                                                    | 81/360 [02:02<04:31,  1.03it/s]
 23%|███████████████▍                                                    | 82/360 [02:03<04:50,  1.04s/it]
 23%|███████████████▋                                                    | 83/360 [02:04<04:41,  1.02s/it]
 23%|███████████████▊                                                    | 84/360 [02:05<04:36,  1.00s/it]
 24%|████████████████                                                    | 85/360 [02:06<04:32,  1.01it/s]
 24%|████████████████▏                                                   | 86/360 [02:07<04:28,  1.02it/s]
 24%|████████████████▍                                                   | 87/360 [02:08<04:25,  1.03it/s]
 24%|████████████████▌                                                   | 88/360 [02:09<04:22,  1.03it/s]
 25%|████████████████▊                                                   | 89/360 [02:10<04:20,  1.04it/s]
 25%|█████████████████                                                   | 90/360 [02:10<03:28,  1.30it/s]{'loss': '1.16', 'grad_norm': '1.745', 'learning_rate': '4.348e-05', 'epoch': '2.513'}


Writing model shards:   0%|                                                         | 0/1 [00:00<?, ?it/s][A

Writing model shards: 100%|█████████████████████████████████████████████████| 1/1 [00:08<00:00,  8.57s/it][A
Writing model shards: 100%|█████████████████████████████████████████████████| 1/1 [00:08<00:00,  8.57s/it]

 25%|█████████████████▏                                                  | 91/360 [02:36<37:55,  8.46s/it]
 26%|█████████████████▍                                                  | 92/360 [02:37<27:47,  6.22s/it]
 26%|█████████████████▌                                                  | 93/360 [02:38<20:40,  4.65s/it]
 26%|█████████████████▊                                                  | 94/360 [02:39<15:41,  3.54s/it]
 26%|█████████████████▉                                                  | 95/360 [02:40<12:11,  2.76s/it]
 27%|██████████████████▏                                                 | 96/360 [02:41<09:45,  2.22s/it]
 27%|██████████████████▎                                                 | 97/360 [02:42<08:02,  1.83s/it]
 27%|██████████████████▌                                                 | 98/360 [02:43<06:51,  1.57s/it]
 28%|██████████████████▋                                                 | 99/360 [02:44<06:00,  1.38s/it]
 28%|██████████████████▌                                                | 100/360 [02:45<05:26,  1.26s/it]
                                                                                                          

 28%|██████████████████▌                                                | 100/360 [02:45<05:26,  1.26s/it]
 28%|██████████████████▊                                                | 101/360 [02:46<05:02,  1.17s/it]
 28%|██████████████████▉                                                | 102/360 [02:47<05:05,  1.18s/it]
 29%|███████████████████▏                                               | 103/360 [02:48<04:45,  1.11s/it]
 29%|███████████████████▎                                               | 104/360 [02:49<04:31,  1.06s/it]
 29%|███████████████████▌                                               | 105/360 [02:50<04:21,  1.02s/it]
 29%|███████████████████▋                                               | 106/360 [02:51<04:13,  1.00it/s]
 30%|███████████████████▉                                               | 107/360 [02:52<04:08,  1.02it/s]
 30%|████████████████████                                               | 108/360 [02:53<04:04,  1.03it/s]
 30%|████████████████████▎                                              | 109/360 [02:54<04:02,  1.04it/s]
 31%|████████████████████▍                                              | 110/360 [02:55<03:59,  1.04it/s]
 31%|████████████████████▋                                              | 111/360 [02:56<03:56,  1.05it/s]
 31%|████████████████████▊                                              | 112/360 [02:57<03:55,  1.05it/s]
 31%|█████████████████████                                              | 113/360 [02:58<03:53,  1.06it/s]
 32%|█████████████████████▏                                             | 114/360 [02:59<03:52,  1.06it/s]
 32%|█████████████████████▍                                             | 115/360 [03:00<03:50,  1.06it/s]
 32%|█████████████████████▌                                             | 116/360 [03:00<03:50,  1.06it/s]
 32%|█████████████████████▊                                             | 117/360 [03:01<03:49,  1.06it/s]
 33%|█████████████████████▉                                             | 118/360 [03:02<03:47,  1.06it/s]
 33%|██████████████████████▏                                            | 119/360 [03:03<03:47,  1.06it/s]
 33%|██████████████████████▎                                            | 120/360 [03:04<03:02,  1.32it/s]{'loss': '0.9112', 'grad_norm': '1.912', 'learning_rate': '3.97e-05', 'epoch': '3.342'}


Writing model shards:   0%|                                                         | 0/1 [00:00<?, ?it/s][A

Writing model shards: 100%|█████████████████████████████████████████████████| 1/1 [00:07<00:00,  7.75s/it][A
Writing model shards: 100%|█████████████████████████████████████████████████| 1/1 [00:07<00:00,  7.75s/it]

 34%|██████████████████████▌                                            | 121/360 [03:28<30:47,  7.73s/it]
 34%|██████████████████████▋                                            | 122/360 [03:29<22:35,  5.70s/it]
 34%|██████████████████████▉                                            | 123/360 [03:30<17:19,  4.38s/it]
 34%|███████████████████████                                            | 124/360 [03:31<13:12,  3.36s/it]
 35%|███████████████████████▎                                           | 125/360 [03:32<10:19,  2.64s/it]
                                                                                                          

 35%|███████████████████████▎                                           | 125/360 [03:32<10:19,  2.64s/it]
 35%|███████████████████████▍                                           | 126/360 [03:33<08:19,  2.14s/it]
 35%|███████████████████████▋                                           | 127/360 [03:34<06:55,  1.78s/it]
 36%|███████████████████████▊                                           | 128/360 [03:35<05:55,  1.53s/it]
 36%|████████████████████████                                           | 129/360 [03:36<05:13,  1.36s/it]
 36%|████████████████████████▏                                          | 130/360 [03:37<04:44,  1.24s/it]
 36%|████████████████████████▍                                          | 131/360 [03:38<04:24,  1.15s/it]
 37%|████████████████████████▌                                          | 132/360 [03:39<04:09,  1.09s/it]
 37%|████████████████████████▊                                          | 133/360 [03:39<03:58,  1.05s/it]
 37%|████████████████████████▉                                          | 134/360 [03:40<03:50,  1.02s/it]
 38%|█████████████████████████▏                                         | 135/360 [03:41<03:46,  1.01s/it]
 38%|█████████████████████████▎                                         | 136/360 [03:42<03:41,  1.01it/s]
 38%|█████████████████████████▍                                         | 137/360 [03:43<03:38,  1.02it/s]
 38%|█████████████████████████▋                                         | 138/360 [03:44<03:35,  1.03it/s]
 39%|█████████████████████████▊                                         | 139/360 [03:45<03:34,  1.03it/s]
 39%|██████████████████████████                                         | 140/360 [03:46<03:32,  1.04it/s]
 39%|██████████████████████████▏                                        | 141/360 [03:47<03:30,  1.04it/s]
 39%|██████████████████████████▍                                        | 142/360 [03:48<03:44,  1.03s/it]
 40%|██████████████████████████▌                                        | 143/360 [03:49<03:38,  1.01s/it]
 40%|██████████████████████████▊                                        | 144/360 [03:50<03:33,  1.01it/s]
 40%|██████████████████████████▉                                        | 145/360 [03:51<03:30,  1.02it/s]
 41%|███████████████████████████▏                                       | 146/360 [03:52<03:28,  1.03it/s]
 41%|███████████████████████████▎                                       | 147/360 [03:53<03:25,  1.04it/s]
 41%|███████████████████████████▌                                       | 148/360 [03:54<03:23,  1.04it/s]
 41%|███████████████████████████▋                                       | 149/360 [03:55<03:22,  1.04it/s]
 42%|███████████████████████████▉                                       | 150/360 [03:55<02:41,  1.30it/s]
                                                                                                          

 42%|███████████████████████████▉                                       | 150/360 [03:55<02:41,  1.30it/s]{'loss': '0.7175', 'grad_norm': '1.741', 'learning_rate': '3.591e-05', 'epoch': '4.171'}
{'loss': '0.599', 'grad_norm': '5.533', 'learning_rate': '3.212e-05', 'epoch': '5'}


Writing model shards:   0%|                                                         | 0/1 [00:00<?, ?it/s][A

Writing model shards: 100%|█████████████████████████████████████████████████| 1/1 [00:08<00:00,  8.54s/it][A
Writing model shards: 100%|█████████████████████████████████████████████████| 1/1 [00:08<00:00,  8.54s/it]

 42%|████████████████████████████                                       | 151/360 [04:20<27:20,  7.85s/it]
 42%|████████████████████████████▎                                      | 152/360 [04:21<20:02,  5.78s/it]
 42%|████████████████████████████▍                                      | 153/360 [04:22<14:57,  4.33s/it]
 43%|████████████████████████████▋                                      | 154/360 [04:23<11:23,  3.32s/it]
 43%|████████████████████████████▊                                      | 155/360 [04:24<08:54,  2.61s/it]
 43%|█████████████████████████████                                      | 156/360 [04:24<07:11,  2.11s/it]
 44%|█████████████████████████████▏                                     | 157/360 [04:25<05:58,  1.77s/it]
 44%|█████████████████████████████▍                                     | 158/360 [04:26<05:07,  1.52s/it]
 44%|█████████████████████████████▌                                     | 159/360 [04:27<04:31,  1.35s/it]
 44%|█████████████████████████████▊                                     | 160/360 [04:28<04:06,  1.23s/it]
 45%|█████████████████████████████▉                                     | 161/360 [04:29<03:48,  1.15s/it]
 45%|██████████████████████████████▏                                    | 162/360 [04:30<03:35,  1.09s/it]
 45%|██████████████████████████████▎                                    | 163/360 [04:31<03:42,  1.13s/it]
 46%|██████████████████████████████▌                                    | 164/360 [04:32<03:31,  1.08s/it]
 46%|██████████████████████████████▋                                    | 165/360 [04:33<03:22,  1.04s/it]
 46%|██████████████████████████████▉                                    | 166/360 [04:34<03:16,  1.01s/it]
 46%|███████████████████████████████                                    | 167/360 [04:35<03:12,  1.00it/s]
 47%|███████████████████████████████▎                                   | 168/360 [04:36<03:09,  1.02it/s]
 47%|███████████████████████████████▍                                   | 169/360 [04:37<03:06,  1.02it/s]
 47%|███████████████████████████████▋                                   | 170/360 [04:38<03:04,  1.03it/s]
 48%|███████████████████████████████▊                                   | 171/360 [04:39<03:02,  1.04it/s]
 48%|████████████████████████████████                                   | 172/360 [04:40<03:00,  1.04it/s]
 48%|████████████████████████████████▏                                  | 173/360 [04:41<02:59,  1.04it/s]
 48%|████████████████████████████████▍                                  | 174/360 [04:42<02:58,  1.04it/s]
 49%|████████████████████████████████▌                                  | 175/360 [04:43<02:57,  1.04it/s]
                                                                                                          

 49%|████████████████████████████████▌                                  | 175/360 [04:43<02:57,  1.04it/s]
 49%|████████████████████████████████▊                                  | 176/360 [04:44<02:56,  1.05it/s]
 49%|████████████████████████████████▉                                  | 177/360 [04:45<02:55,  1.05it/s]
 49%|█████████████████████████████████▏                                 | 178/360 [04:46<02:53,  1.05it/s]
 50%|█████████████████████████████████▎                                 | 179/360 [04:47<02:52,  1.05it/s]
 50%|█████████████████████████████████▌                                 | 180/360 [04:47<02:18,  1.30it/s]{'loss': '0.4812', 'grad_norm': '1.893', 'learning_rate': '2.833e-05', 'epoch': '5.855'}


Writing model shards:   0%|                                                         | 0/1 [00:00<?, ?it/s][A

Writing model shards: 100%|█████████████████████████████████████████████████| 1/1 [00:09<00:00,  9.06s/it][A
Writing model shards: 100%|█████████████████████████████████████████████████| 1/1 [00:09<00:00,  9.06s/it]

 50%|█████████████████████████████████▋                                 | 181/360 [05:13<24:57,  8.37s/it]
 51%|█████████████████████████████████▊                                 | 182/360 [05:14<18:15,  6.16s/it]
 51%|██████████████████████████████████                                 | 183/360 [05:15<13:33,  4.59s/it]
 51%|██████████████████████████████████▏                                | 184/360 [05:16<10:30,  3.58s/it]
 51%|██████████████████████████████████▍                                | 185/360 [05:17<08:08,  2.79s/it]
 52%|██████████████████████████████████▌                                | 186/360 [05:18<06:29,  2.24s/it]
 52%|██████████████████████████████████▊                                | 187/360 [05:19<05:20,  1.86s/it]
 52%|██████████████████████████████████▉                                | 188/360 [05:20<04:32,  1.58s/it]
 52%|███████████████████████████████████▏                               | 189/360 [05:21<03:58,  1.39s/it]
 53%|███████████████████████████████████▎                               | 190/360 [05:22<03:34,  1.26s/it]
 53%|███████████████████████████████████▌                               | 191/360 [05:23<03:17,  1.17s/it]
 53%|███████████████████████████████████▋                               | 192/360 [05:24<03:05,  1.10s/it]
 54%|███████████████████████████████████▉                               | 193/360 [05:25<02:56,  1.06s/it]
 54%|████████████████████████████████████                               | 194/360 [05:26<02:50,  1.03s/it]
 54%|████████████████████████████████████▎                              | 195/360 [05:27<02:45,  1.00s/it]
 54%|████████████████████████████████████▍                              | 196/360 [05:28<02:42,  1.01it/s]
 55%|████████████████████████████████████▋                              | 197/360 [05:29<02:39,  1.02it/s]
 55%|████████████████████████████████████▊                              | 198/360 [05:30<02:37,  1.03it/s]
 55%|█████████████████████████████████████                              | 199/360 [05:31<02:35,  1.03it/s]
 56%|█████████████████████████████████████▏                             | 200/360 [05:32<02:34,  1.03it/s]
                                                                                                          

 56%|█████████████████████████████████████▏                             | 200/360 [05:32<02:34,  1.03it/s]
 56%|█████████████████████████████████████▍                             | 201/360 [05:32<02:33,  1.04it/s]
 56%|█████████████████████████████████████▌                             | 202/360 [05:33<02:31,  1.04it/s]
 56%|█████████████████████████████████████▊                             | 203/360 [05:34<02:30,  1.05it/s]
 57%|█████████████████████████████████████▉                             | 204/360 [05:35<02:28,  1.05it/s]
 57%|██████████████████████████████████████▏                            | 205/360 [05:37<02:38,  1.03s/it]
 57%|██████████████████████████████████████▎                            | 206/360 [05:37<02:34,  1.00s/it]
 57%|██████████████████████████████████████▌                            | 207/360 [05:38<02:31,  1.01it/s]
 58%|██████████████████████████████████████▋                            | 208/360 [05:39<02:29,  1.02it/s]
 58%|██████████████████████████████████████▉                            | 209/360 [05:40<02:27,  1.03it/s]
 58%|███████████████████████████████████████                            | 210/360 [05:41<01:57,  1.28it/s]{'loss': '0.3991', 'grad_norm': '1.745', 'learning_rate': '2.455e-05', 'epoch': '6.684'}


Writing model shards:   0%|                                                         | 0/1 [00:00<?, ?it/s][A

Writing model shards: 100%|█████████████████████████████████████████████████| 1/1 [00:07<00:00,  7.81s/it][A
Writing model shards: 100%|█████████████████████████████████████████████████| 1/1 [00:07<00:00,  7.81s/it]

 59%|███████████████████████████████████████▎                           | 211/360 [06:05<19:13,  7.74s/it]
 59%|███████████████████████████████████████▍                           | 212/360 [06:06<14:04,  5.71s/it]
 59%|███████████████████████████████████████▋                           | 213/360 [06:07<10:29,  4.28s/it]
 59%|███████████████████████████████████████▊                           | 214/360 [06:08<07:58,  3.28s/it]
 60%|████████████████████████████████████████                           | 215/360 [06:08<06:14,  2.58s/it]
 60%|████████████████████████████████████████▏                          | 216/360 [06:09<05:01,  2.09s/it]
 60%|████████████████████████████████████████▍                          | 217/360 [06:10<04:10,  1.75s/it]
 61%|████████████████████████████████████████▌                          | 218/360 [06:11<03:35,  1.51s/it]
 61%|████████████████████████████████████████▊                          | 219/360 [06:12<03:09,  1.34s/it]
 61%|████████████████████████████████████████▉                          | 220/360 [06:13<02:51,  1.23s/it]
 61%|█████████████████████████████████████████▏                         | 221/360 [06:14<02:39,  1.15s/it]
 62%|█████████████████████████████████████████▎                         | 222/360 [06:15<02:30,  1.09s/it]
 62%|█████████████████████████████████████████▌                         | 223/360 [06:16<02:23,  1.05s/it]
 62%|█████████████████████████████████████████▋                         | 224/360 [06:17<02:18,  1.02s/it]
 62%|█████████████████████████████████████████▉                         | 225/360 [06:18<02:14,  1.00it/s]
                                                                                                          

 62%|█████████████████████████████████████████▉                         | 225/360 [06:18<02:14,  1.00it/s]
 63%|██████████████████████████████████████████                         | 226/360 [06:19<02:21,  1.06s/it]
 63%|██████████████████████████████████████████▏                        | 227/360 [06:20<02:16,  1.03s/it]
 63%|██████████████████████████████████████████▍                        | 228/360 [06:21<02:12,  1.00s/it]
 64%|██████████████████████████████████████████▌                        | 229/360 [06:22<02:10,  1.01it/s]
 64%|██████████████████████████████████████████▊                        | 230/360 [06:23<02:07,  1.02it/s]
 64%|██████████████████████████████████████████▉                        | 231/360 [06:24<02:05,  1.03it/s]
 64%|███████████████████████████████████████████▏                       | 232/360 [06:25<02:03,  1.04it/s]
 65%|███████████████████████████████████████████▎                       | 233/360 [06:26<02:02,  1.04it/s]
 65%|███████████████████████████████████████████▌                       | 234/360 [06:27<02:01,  1.04it/s]
 65%|███████████████████████████████████████████▋                       | 235/360 [06:28<02:00,  1.04it/s]
 66%|███████████████████████████████████████████▉                       | 236/360 [06:29<01:58,  1.04it/s]
 66%|████████████████████████████████████████████                       | 237/360 [06:30<01:57,  1.04it/s]
 66%|████████████████████████████████████████████▎                      | 238/360 [06:31<01:56,  1.05it/s]
 66%|████████████████████████████████████████████▍                      | 239/360 [06:32<01:56,  1.04it/s]
 67%|████████████████████████████████████████████▋                      | 240/360 [06:32<01:32,  1.30it/s]{'loss': '0.3557', 'grad_norm': '1.409', 'learning_rate': '2.076e-05', 'epoch': '7.513'}


Writing model shards:   0%|                                                         | 0/1 [00:00<?, ?it/s][A

Writing model shards: 100%|█████████████████████████████████████████████████| 1/1 [00:07<00:00,  7.75s/it][A
Writing model shards: 100%|█████████████████████████████████████████████████| 1/1 [00:07<00:00,  7.75s/it]

 67%|████████████████████████████████████████████▊                      | 241/360 [06:55<14:48,  7.47s/it]
 67%|█████████████████████████████████████████████                      | 242/360 [06:56<10:50,  5.51s/it]
 68%|█████████████████████████████████████████████▏                     | 243/360 [06:57<08:04,  4.14s/it]
 68%|█████████████████████████████████████████████▍                     | 244/360 [06:58<06:09,  3.19s/it]
 68%|█████████████████████████████████████████████▌                     | 245/360 [06:59<04:49,  2.52s/it]
 68%|█████████████████████████████████████████████▊                     | 246/360 [07:00<04:02,  2.13s/it]
 69%|█████████████████████████████████████████████▉                     | 247/360 [07:01<03:20,  1.78s/it]
 69%|██████████████████████████████████████████████▏                    | 248/360 [07:02<02:51,  1.53s/it]
 69%|██████████████████████████████████████████████▎                    | 249/360 [07:03<02:30,  1.36s/it]
 69%|██████████████████████████████████████████████▌                    | 250/360 [07:04<02:15,  1.23s/it]
                                                                                                          

 69%|██████████████████████████████████████████████▌                    | 250/360 [07:04<02:15,  1.23s/it]
 70%|██████████████████████████████████████████████▋                    | 251/360 [07:05<02:05,  1.15s/it]
 70%|██████████████████████████████████████████████▉                    | 252/360 [07:06<01:58,  1.09s/it]
 70%|███████████████████████████████████████████████                    | 253/360 [07:07<01:52,  1.05s/it]
 71%|███████████████████████████████████████████████▎                   | 254/360 [07:08<01:48,  1.02s/it]
 71%|███████████████████████████████████████████████▍                   | 255/360 [07:09<01:45,  1.00s/it]
 71%|███████████████████████████████████████████████▋                   | 256/360 [07:10<01:42,  1.01it/s]
 71%|███████████████████████████████████████████████▊                   | 257/360 [07:11<01:40,  1.02it/s]
 72%|████████████████████████████████████████████████                   | 258/360 [07:12<01:38,  1.03it/s]
 72%|████████████████████████████████████████████████▏                  | 259/360 [07:12<01:37,  1.04it/s]
 72%|████████████████████████████████████████████████▍                  | 260/360 [07:13<01:35,  1.04it/s]
 72%|████████████████████████████████████████████████▌                  | 261/360 [07:14<01:34,  1.05it/s]
 73%|████████████████████████████████████████████████▊                  | 262/360 [07:15<01:33,  1.05it/s]
 73%|████████████████████████████████████████████████▉                  | 263/360 [07:16<01:32,  1.05it/s]
 73%|█████████████████████████████████████████████████▏                 | 264/360 [07:17<01:31,  1.05it/s]
 74%|█████████████████████████████████████████████████▎                 | 265/360 [07:18<01:30,  1.05it/s]
 74%|█████████████████████████████████████████████████▌                 | 266/360 [07:19<01:36,  1.03s/it]
 74%|█████████████████████████████████████████████████▋                 | 267/360 [07:20<01:33,  1.01s/it]
 74%|█████████████████████████████████████████████████▉                 | 268/360 [07:21<01:31,  1.01it/s]
 75%|██████████████████████████████████████████████████                 | 269/360 [07:22<01:29,  1.02it/s]
 75%|██████████████████████████████████████████████████▎                | 270/360 [07:23<01:10,  1.28it/s]{'loss': '0.3054', 'grad_norm': '1.392', 'learning_rate': '1.697e-05', 'epoch': '8.342'}


Writing model shards:   0%|                                                         | 0/1 [00:00<?, ?it/s][A

Writing model shards: 100%|█████████████████████████████████████████████████| 1/1 [00:07<00:00,  7.93s/it][A
Writing model shards: 100%|█████████████████████████████████████████████████| 1/1 [00:07<00:00,  7.93s/it]

 75%|██████████████████████████████████████████████████▍                | 271/360 [07:46<11:24,  7.69s/it]
 76%|██████████████████████████████████████████████████▌                | 272/360 [07:47<08:18,  5.67s/it]
 76%|██████████████████████████████████████████████████▊                | 273/360 [07:48<06:09,  4.25s/it]
 76%|██████████████████████████████████████████████████▉                | 274/360 [07:49<04:40,  3.26s/it]
 76%|███████████████████████████████████████████████████▏               | 275/360 [07:50<03:38,  2.57s/it]
                                                                                                          

 76%|███████████████████████████████████████████████████▏               | 275/360 [07:50<03:38,  2.57s/it]
 77%|███████████████████████████████████████████████████▎               | 276/360 [07:51<02:55,  2.09s/it]
 77%|███████████████████████████████████████████████████▌               | 277/360 [07:52<02:24,  1.75s/it]
 77%|███████████████████████████████████████████████████▋               | 278/360 [07:53<02:03,  1.51s/it]
 78%|███████████████████████████████████████████████████▉               | 279/360 [07:54<01:48,  1.34s/it]
 78%|████████████████████████████████████████████████████               | 280/360 [07:55<01:37,  1.22s/it]
 78%|████████████████████████████████████████████████████▎              | 281/360 [07:56<01:30,  1.14s/it]
 78%|████████████████████████████████████████████████████▍              | 282/360 [07:57<01:24,  1.08s/it]
 79%|████████████████████████████████████████████████████▋              | 283/360 [07:58<01:20,  1.05s/it]
 79%|████████████████████████████████████████████████████▊              | 284/360 [07:59<01:17,  1.03s/it]
 79%|█████████████████████████████████████████████████████              | 285/360 [08:00<01:15,  1.00s/it]
 79%|█████████████████████████████████████████████████████▏             | 286/360 [08:01<01:19,  1.07s/it]
 80%|█████████████████████████████████████████████████████▍             | 287/360 [08:02<01:15,  1.04s/it]
 80%|█████████████████████████████████████████████████████▌             | 288/360 [08:03<01:12,  1.01s/it]
 80%|█████████████████████████████████████████████████████▊             | 289/360 [08:04<01:10,  1.01it/s]
 81%|█████████████████████████████████████████████████████▉             | 290/360 [08:05<01:08,  1.02it/s]
 81%|██████████████████████████████████████████████████████▏            | 291/360 [08:06<01:07,  1.03it/s]
 81%|██████████████████████████████████████████████████████▎            | 292/360 [08:07<01:05,  1.04it/s]
 81%|██████████████████████████████████████████████████████▌            | 293/360 [08:08<01:04,  1.04it/s]
 82%|██████████████████████████████████████████████████████▋            | 294/360 [08:09<01:03,  1.04it/s]
 82%|██████████████████████████████████████████████████████▉            | 295/360 [08:10<01:02,  1.04it/s]
 82%|███████████████████████████████████████████████████████            | 296/360 [08:10<01:01,  1.05it/s]
 82%|███████████████████████████████████████████████████████▎           | 297/360 [08:11<01:00,  1.05it/s]
 83%|███████████████████████████████████████████████████████▍           | 298/360 [08:12<00:59,  1.05it/s]
 83%|███████████████████████████████████████████████████████▋           | 299/360 [08:13<00:58,  1.05it/s]
 83%|███████████████████████████████████████████████████████▊           | 300/360 [08:14<00:45,  1.31it/s]
                                                                                                          

 83%|███████████████████████████████████████████████████████▊           | 300/360 [08:14<00:45,  1.31it/s]{'loss': '0.2708', 'grad_norm': '1.127', 'learning_rate': '1.318e-05', 'epoch': '9.171'}
{'loss': '0.2456', 'grad_norm': '3.67', 'learning_rate': '9.394e-06', 'epoch': '10'}


Writing model shards:   0%|                                                         | 0/1 [00:00<?, ?it/s][A

Writing model shards: 100%|█████████████████████████████████████████████████| 1/1 [00:07<00:00,  7.71s/it][A
Writing model shards: 100%|█████████████████████████████████████████████████| 1/1 [00:07<00:00,  7.71s/it]

 84%|████████████████████████████████████████████████████████           | 301/360 [08:37<07:21,  7.48s/it]
 84%|████████████████████████████████████████████████████████▏          | 302/360 [08:38<05:20,  5.52s/it]
 84%|████████████████████████████████████████████████████████▍          | 303/360 [08:39<03:56,  4.15s/it]
 84%|████████████████████████████████████████████████████████▌          | 304/360 [08:40<02:58,  3.19s/it]
 85%|████████████████████████████████████████████████████████▊          | 305/360 [08:41<02:18,  2.52s/it]
 85%|████████████████████████████████████████████████████████▉          | 306/360 [08:42<01:50,  2.05s/it]
 85%|█████████████████████████████████████████████████████████▏         | 307/360 [08:43<01:35,  1.79s/it]
 86%|█████████████████████████████████████████████████████████▎         | 308/360 [08:44<01:20,  1.54s/it]
 86%|█████████████████████████████████████████████████████████▌         | 309/360 [08:45<01:09,  1.36s/it]
 86%|█████████████████████████████████████████████████████████▋         | 310/360 [08:46<01:01,  1.24s/it]
 86%|█████████████████████████████████████████████████████████▉         | 311/360 [08:47<00:56,  1.15s/it]
 87%|██████████████████████████████████████████████████████████         | 312/360 [08:48<00:52,  1.09s/it]
 87%|██████████████████████████████████████████████████████████▎        | 313/360 [08:48<00:49,  1.05s/it]
 87%|██████████████████████████████████████████████████████████▍        | 314/360 [08:49<00:46,  1.02s/it]
 88%|██████████████████████████████████████████████████████████▋        | 315/360 [08:50<00:44,  1.00it/s]
 88%|██████████████████████████████████████████████████████████▊        | 316/360 [08:51<00:43,  1.01it/s]
 88%|██████████████████████████████████████████████████████████▉        | 317/360 [08:52<00:41,  1.02it/s]
 88%|███████████████████████████████████████████████████████████▏       | 318/360 [08:53<00:40,  1.03it/s]
 89%|███████████████████████████████████████████████████████████▎       | 319/360 [08:54<00:39,  1.04it/s]
 89%|███████████████████████████████████████████████████████████▌       | 320/360 [08:55<00:38,  1.04it/s]
 89%|███████████████████████████████████████████████████████████▋       | 321/360 [08:56<00:37,  1.04it/s]
 89%|███████████████████████████████████████████████████████████▉       | 322/360 [08:57<00:36,  1.05it/s]
 90%|████████████████████████████████████████████████████████████       | 323/360 [08:58<00:35,  1.05it/s]
 90%|████████████████████████████████████████████████████████████▎      | 324/360 [08:59<00:34,  1.05it/s]
 90%|████████████████████████████████████████████████████████████▍      | 325/360 [09:00<00:33,  1.05it/s]
                                                                                                          

 90%|████████████████████████████████████████████████████████████▍      | 325/360 [09:00<00:33,  1.05it/s]
 91%|████████████████████████████████████████████████████████████▋      | 326/360 [09:01<00:32,  1.05it/s]
 91%|████████████████████████████████████████████████████████████▊      | 327/360 [09:02<00:33,  1.02s/it]
 91%|█████████████████████████████████████████████████████████████      | 328/360 [09:03<00:31,  1.00it/s]
 91%|█████████████████████████████████████████████████████████████▏     | 329/360 [09:04<00:30,  1.01it/s]
 92%|█████████████████████████████████████████████████████████████▍     | 330/360 [09:04<00:23,  1.26it/s]{'loss': '0.2173', 'grad_norm': '1.406', 'learning_rate': '5.606e-06', 'epoch': '10.85'}


Writing model shards:   0%|                                                         | 0/1 [00:00<?, ?it/s][A

Writing model shards: 100%|█████████████████████████████████████████████████| 1/1 [00:07<00:00,  7.72s/it][A
Writing model shards: 100%|█████████████████████████████████████████████████| 1/1 [00:07<00:00,  7.72s/it]

 92%|█████████████████████████████████████████████████████████████▌     | 331/360 [09:27<03:36,  7.48s/it]
 92%|█████████████████████████████████████████████████████████████▊     | 332/360 [09:28<02:34,  5.52s/it]
 92%|█████████████████████████████████████████████████████████████▉     | 333/360 [09:29<01:51,  4.15s/it]
 93%|██████████████████████████████████████████████████████████████▏    | 334/360 [09:30<01:22,  3.19s/it]
 93%|██████████████████████████████████████████████████████████████▎    | 335/360 [09:31<01:02,  2.52s/it]
 93%|██████████████████████████████████████████████████████████████▌    | 336/360 [09:32<00:49,  2.05s/it]
 94%|██████████████████████████████████████████████████████████████▋    | 337/360 [09:33<00:39,  1.72s/it]
 94%|██████████████████████████████████████████████████████████████▉    | 338/360 [09:34<00:32,  1.49s/it]
 94%|███████████████████████████████████████████████████████████████    | 339/360 [09:35<00:27,  1.33s/it]
 94%|███████████████████████████████████████████████████████████████▎   | 340/360 [09:36<00:24,  1.21s/it]
 95%|███████████████████████████████████████████████████████████████▍   | 341/360 [09:37<00:21,  1.14s/it]
 95%|███████████████████████████████████████████████████████████████▋   | 342/360 [09:38<00:19,  1.08s/it]
 95%|███████████████████████████████████████████████████████████████▊   | 343/360 [09:39<00:17,  1.04s/it]
 96%|████████████████████████████████████████████████████████████████   | 344/360 [09:40<00:16,  1.02s/it]
 96%|████████████████████████████████████████████████████████████████▏  | 345/360 [09:41<00:14,  1.00it/s]
 96%|████████████████████████████████████████████████████████████████▍  | 346/360 [09:42<00:13,  1.02it/s]
 96%|████████████████████████████████████████████████████████████████▌  | 347/360 [09:43<00:13,  1.05s/it]
 97%|████████████████████████████████████████████████████████████████▊  | 348/360 [09:44<00:12,  1.02s/it]
 97%|████████████████████████████████████████████████████████████████▉  | 349/360 [09:45<00:11,  1.00s/it]
 97%|█████████████████████████████████████████████████████████████████▏ | 350/360 [09:46<00:09,  1.02it/s]
                                                                                                          

 97%|█████████████████████████████████████████████████████████████████▏ | 350/360 [09:46<00:09,  1.02it/s]
 98%|█████████████████████████████████████████████████████████████████▎ | 351/360 [09:47<00:08,  1.03it/s]
 98%|█████████████████████████████████████████████████████████████████▌ | 352/360 [09:48<00:07,  1.03it/s]
 98%|█████████████████████████████████████████████████████████████████▋ | 353/360 [09:49<00:06,  1.04it/s]
 98%|█████████████████████████████████████████████████████████████████▉ | 354/360 [09:50<00:05,  1.04it/s]
 99%|██████████████████████████████████████████████████████████████████ | 355/360 [09:50<00:04,  1.05it/s]
 99%|██████████████████████████████████████████████████████████████████▎| 356/360 [09:51<00:03,  1.05it/s]
 99%|██████████████████████████████████████████████████████████████████▍| 357/360 [09:52<00:02,  1.05it/s]
 99%|██████████████████████████████████████████████████████████████████▋| 358/360 [09:53<00:01,  1.05it/s]
100%|██████████████████████████████████████████████████████████████████▊| 359/360 [09:54<00:00,  1.05it/s]
100%|███████████████████████████████████████████████████████████████████| 360/360 [09:55<00:00,  1.31it/s]{'loss': '0.212', 'grad_norm': '1.13', 'learning_rate': '1.818e-06', 'epoch': '11.68'}


Writing model shards:   0%|                                                         | 0/1 [00:00<?, ?it/s][A

Writing model shards: 100%|█████████████████████████████████████████████████| 1/1 [00:08<00:00,  8.15s/it][A
Writing model shards: 100%|█████████████████████████████████████████████████| 1/1 [00:08<00:00,  8.16s/it]

                                                                                                          

100%|███████████████████████████████████████████████████████████████████| 360/360 [10:18<00:00,  1.31it/s]
100%|███████████████████████████████████████████████████████████████████| 360/360 [10:18<00:00,  1.72s/it]
{'train_runtime': '618.3', 'train_samples_per_second': '9.024', 'train_steps_per_second': '0.582', 'train_loss': '0.703', 'epoch': '12'}

  0%|                                                                              | 0/17 [00:00<?, ?it/s]
 18%|████████████▎                                                         | 3/17 [00:00<00:00, 29.54it/s]
 35%|████████████████████████▋                                             | 6/17 [00:00<00:00, 22.56it/s]
 53%|█████████████████████████████████████                                 | 9/17 [00:00<00:00, 22.87it/s]
 71%|████████████████████████████████████████████████▋                    | 12/17 [00:00<00:00, 23.10it/s]
 88%|████████████████████████████████████████████████████████████▉        | 15/17 [00:00<00:00, 23.17it/s]
100%|█████████████████████████████████████████████████████████████████████| 17/17 [00:00<00:00, 23.11it/s]

Writing model shards:   0%|                                                         | 0/1 [00:00<?, ?it/s]
Writing model shards: 100%|█████████████████████████████████████████████████| 1/1 [00:07<00:00,  7.96s/it]
Writing model shards: 100%|█████████████████████████████████████████████████| 1/1 [00:07<00:00,  7.96s/it]

Loading weights:   0%|                                                            | 0/772 [00:00<?, ?it/s]
Loading weights:  15%|███████▎                                        | 118/772 [00:00<00:00, 1174.36it/s]
Loading weights:  31%|██████████████▋                                 | 236/772 [00:00<00:00, 1136.83it/s]
Loading weights:  46%|██████████████████████                          | 354/772 [00:00<00:00, 1153.71it/s]
Loading weights:  61%|█████████████████████████████▎                  | 472/772 [00:00<00:00, 1150.35it/s]
Loading weights:  76%|████████████████████████████████████▋           | 590/772 [00:00<00:00, 1157.29it/s]
Loading weights:  92%|████████████████████████████████████████████▏   | 710/772 [00:00<00:00, 1166.91it/s]
Loading weights: 100%|████████████████████████████████████████████████| 772/772 [00:00<00:00, 1163.17it/s]

Loading weights:   0%|                                                            | 0/772 [00:00<?, ?it/s]
Loading weights:  24%|███████████▎                                    | 182/772 [00:00<00:00, 1785.49it/s]
Loading weights:  47%|██████████████████████▍                         | 361/772 [00:00<00:00, 1679.83it/s]
Loading weights:  69%|█████████████████████████████████▏              | 534/772 [00:00<00:00, 1690.15it/s]
Loading weights:  91%|███████████████████████████████████████████▊    | 704/772 [00:00<00:00, 1601.77it/s]
Loading weights: 100%|████████████████████████████████████████████████| 772/772 [00:00<00:00, 1613.51it/s]

Loading weights:   0%|                                                            | 0/772 [00:00<?, ?it/s]
Loading weights:   5%|██▍                                               | 38/772 [00:00<00:02, 359.34it/s]
Loading weights:  13%|██████▍                                          | 102/772 [00:00<00:01, 519.66it/s]
Loading weights:  22%|██████████▋                                      | 168/772 [00:00<00:01, 565.67it/s]
Loading weights:  30%|██████████████▋                                  | 232/772 [00:00<00:00, 592.83it/s]
Loading weights:  38%|██████████████████▊                              | 296/772 [00:00<00:00, 607.24it/s]
Loading weights:  47%|██████████████████████▉                          | 361/772 [00:00<00:00, 621.16it/s]
Loading weights:  55%|███████████████████████████▏                     | 428/772 [00:00<00:00, 633.51it/s]
Loading weights:  64%|███████████████████████████████▎                 | 494/772 [00:00<00:00, 640.22it/s]
Loading weights:  73%|███████████████████████████████████▌             | 560/772 [00:00<00:00, 643.05it/s]
Loading weights:  81%|███████████████████████████████████████▋         | 626/772 [00:01<00:00, 646.33it/s]
Loading weights:  90%|████████████████████████████████████████████     | 694/772 [00:01<00:00, 642.80it/s]
Loading weights:  98%|████████████████████████████████████████████████▏| 759/772 [00:01<00:00, 643.52it/s]
Loading weights: 100%|█████████████████████████████████████████████████| 772/772 [00:01<00:00, 619.37it/s]

Loading weights:   0%|                                                            | 0/772 [00:00<?, ?it/s]
Loading weights:   8%|███▉                                              | 60/772 [00:00<00:01, 591.79it/s]
Loading weights:  21%|██████████▎                                      | 162/772 [00:00<00:00, 837.73it/s]
Loading weights:  34%|████████████████▊                                | 264/772 [00:00<00:00, 907.56it/s]
Loading weights:  48%|███████████████████████▍                         | 370/772 [00:00<00:00, 965.19it/s]
Loading weights:  60%|█████████████████████████████▋                   | 467/772 [00:00<00:00, 951.77it/s]
Loading weights:  73%|███████████████████████████████████▋             | 563/772 [00:00<00:00, 871.78it/s]
Loading weights:  84%|█████████████████████████████████████████▍       | 652/772 [00:00<00:00, 812.19it/s]
Loading weights:  95%|██████████████████████████████████████████████▋  | 735/772 [00:00<00:00, 795.67it/s]
Loading weights: 100%|█████████████████████████████████████████████████| 772/772 [00:00<00:00, 838.53it/s]
