<local-root>/miniconda3/lib/python3.13/site-packages/torch/cuda/__init__.py:61: FutureWarning: The pynvml package is deprecated. Please install nvidia-ml-py instead. If you did not install pynvml directly, please report this to the maintainers of the package that installed pynvml for you.
  import pynvml  # type: ignore[import]
Skipping import of cpp extensions due to incompatible torch version. Please upgrade to torch >= 2.11.0 (found 2.7.1+cu118).

Loading weights:   0%|                                                             | 0/76 [00:00<?, ?it/s]
Loading weights: 100%|█████████████████████████████████████████████████| 76/76 [00:00<00:00, 10412.12it/s]
[RANK 0] Detected kernel version 5.4.0, which is below the recommended minimum of 5.5.0; this can cause the process to hang. It is recommended to upgrade the kernel to the minimum version or higher.

  0%|                                                                             | 0/600 [00:00<?, ?it/s][transformers] `loss_type=None` was set in the config but it is unrecognized. Using the default loss: `ForCausalLMLoss`.

  0%|                                                                     | 1/600 [00:00<03:18,  3.02it/s]
  0%|▎                                                                    | 3/600 [00:00<01:26,  6.89it/s]
  1%|▌                                                                    | 5/600 [00:00<01:00,  9.80it/s]
  1%|▊                                                                    | 7/600 [00:00<00:50, 11.74it/s]
  2%|█                                                                    | 9/600 [00:00<00:45, 13.01it/s]
  2%|█▏                                                                  | 11/600 [00:00<00:42, 13.87it/s]
  2%|█▍                                                                  | 13/600 [00:01<00:40, 14.52it/s]
  2%|█▋                                                                  | 15/600 [00:01<00:39, 14.97it/s]
  3%|█▉                                                                  | 17/600 [00:01<00:38, 15.29it/s]
  3%|██▏                                                                 | 19/600 [00:01<00:37, 15.51it/s]
  4%|██▍                                                                 | 21/600 [00:01<00:36, 15.65it/s]
  4%|██▌                                                                 | 23/600 [00:01<00:36, 15.76it/s]
  4%|██▊                                                                 | 25/600 [00:01<00:36, 15.83it/s]
                                                                                                          

  4%|██▊                                                                 | 25/600 [00:01<00:36, 15.83it/s]
  4%|███                                                                 | 27/600 [00:01<00:36, 15.83it/s]
  5%|███▎                                                                | 29/600 [00:02<00:35, 15.90it/s]{'loss': '4.114', 'grad_norm': '5.945', 'learning_rate': '3.667e-05', 'epoch': '0.8475'}


Writing model shards:   0%|                                                         | 0/1 [00:00<?, ?it/s][A

Writing model shards: 100%|█████████████████████████████████████████████████| 1/1 [00:00<00:00,  1.60it/s][A
Writing model shards: 100%|█████████████████████████████████████████████████| 1/1 [00:00<00:00,  1.60it/s]

  5%|███▌                                                                | 31/600 [00:03<02:46,  3.42it/s]
  6%|███▋                                                                | 33/600 [00:03<02:06,  4.48it/s]
  6%|███▉                                                                | 35/600 [00:04<01:38,  5.72it/s]
  6%|████▏                                                               | 37/600 [00:04<01:19,  7.09it/s]
  6%|████▍                                                               | 39/600 [00:04<01:05,  8.52it/s]
  7%|████▋                                                               | 41/600 [00:04<00:56,  9.84it/s]
  7%|████▊                                                               | 43/600 [00:04<00:49, 11.14it/s]
  8%|█████                                                               | 45/600 [00:04<00:45, 12.27it/s]
  8%|█████▎                                                              | 47/600 [00:04<00:42, 13.12it/s]
  8%|█████▌                                                              | 49/600 [00:04<00:39, 13.86it/s]
                                                                                                          

  8%|█████▋                                                              | 50/600 [00:04<00:39, 13.86it/s]
  8%|█████▊                                                              | 51/600 [00:05<00:38, 14.36it/s]
  9%|██████                                                              | 53/600 [00:05<00:37, 14.75it/s]
  9%|██████▏                                                             | 55/600 [00:05<00:36, 15.13it/s]
 10%|██████▍                                                             | 57/600 [00:05<00:35, 15.44it/s]
 10%|██████▋                                                             | 59/600 [00:05<00:34, 15.67it/s]{'loss': '2.656', 'grad_norm': '6.878', 'learning_rate': '4.851e-05', 'epoch': '1.678'}


Writing model shards:   0%|                                                         | 0/1 [00:00<?, ?it/s][A

Writing model shards: 100%|█████████████████████████████████████████████████| 1/1 [00:00<00:00,  2.50it/s][A
Writing model shards: 100%|█████████████████████████████████████████████████| 1/1 [00:00<00:00,  2.49it/s]

 10%|██████▉                                                             | 61/600 [00:06<02:14,  4.00it/s]
 10%|███████▏                                                            | 63/600 [00:07<01:44,  5.16it/s]
 11%|███████▎                                                            | 65/600 [00:07<01:22,  6.47it/s]
 11%|███████▌                                                            | 67/600 [00:07<01:07,  7.88it/s]
 12%|███████▊                                                            | 69/600 [00:07<00:57,  9.29it/s]
 12%|████████                                                            | 71/600 [00:07<00:49, 10.59it/s]
 12%|████████▎                                                           | 73/600 [00:07<00:45, 11.67it/s]
 12%|████████▌                                                           | 75/600 [00:07<00:41, 12.65it/s]
                                                                                                          

 12%|████████▌                                                           | 75/600 [00:07<00:41, 12.65it/s]
 13%|████████▋                                                           | 77/600 [00:07<00:38, 13.48it/s]
 13%|████████▉                                                           | 79/600 [00:08<00:36, 14.13it/s]
 14%|█████████▏                                                          | 81/600 [00:08<00:35, 14.64it/s]
 14%|█████████▍                                                          | 83/600 [00:08<00:34, 15.05it/s]
 14%|█████████▋                                                          | 85/600 [00:08<00:33, 15.31it/s]
 14%|█████████▊                                                          | 87/600 [00:08<00:33, 15.54it/s]
 15%|██████████                                                          | 89/600 [00:08<00:32, 15.65it/s]{'loss': '1.984', 'grad_norm': '5.371', 'learning_rate': '4.632e-05', 'epoch': '2.508'}


Writing model shards:   0%|                                                         | 0/1 [00:00<?, ?it/s][A

Writing model shards: 100%|█████████████████████████████████████████████████| 1/1 [00:00<00:00,  2.20it/s][A
Writing model shards: 100%|█████████████████████████████████████████████████| 1/1 [00:00<00:00,  2.20it/s]

 15%|██████████▎                                                         | 91/600 [00:10<02:28,  3.42it/s]
 16%|██████████▌                                                         | 93/600 [00:10<01:53,  4.48it/s]
 16%|██████████▊                                                         | 95/600 [00:10<01:28,  5.72it/s]
 16%|██████████▉                                                         | 97/600 [00:10<01:10,  7.09it/s]
 16%|███████████▏                                                        | 99/600 [00:10<00:58,  8.53it/s]
                                                                                                          

 17%|███████████▏                                                       | 100/600 [00:10<00:58,  8.53it/s]
 17%|███████████▎                                                       | 101/600 [00:10<00:50,  9.93it/s]
 17%|███████████▌                                                       | 103/600 [00:11<00:44, 11.21it/s]
 18%|███████████▋                                                       | 105/600 [00:11<00:40, 12.35it/s]
 18%|███████████▉                                                       | 107/600 [00:11<00:37, 13.18it/s]
 18%|████████████▏                                                      | 109/600 [00:11<00:35, 13.97it/s]
 18%|████████████▍                                                      | 111/600 [00:11<00:34, 14.37it/s]
 19%|████████████▌                                                      | 113/600 [00:11<00:32, 14.86it/s]
 19%|████████████▊                                                      | 115/600 [00:11<00:32, 15.13it/s]
 20%|█████████████                                                      | 117/600 [00:11<00:31, 15.30it/s]
 20%|█████████████▎                                                     | 119/600 [00:12<00:31, 15.51it/s]{'loss': '1.746', 'grad_norm': '6.201', 'learning_rate': '4.421e-05', 'epoch': '3.339'}


Writing model shards:   0%|                                                         | 0/1 [00:00<?, ?it/s][A

Writing model shards: 100%|█████████████████████████████████████████████████| 1/1 [00:00<00:00,  2.37it/s][A
Writing model shards: 100%|█████████████████████████████████████████████████| 1/1 [00:00<00:00,  2.37it/s]

 20%|█████████████▌                                                     | 121/600 [00:13<01:55,  4.14it/s]
 20%|█████████████▋                                                     | 123/600 [00:13<01:29,  5.34it/s]
 21%|█████████████▉                                                     | 125/600 [00:13<01:11,  6.68it/s]
                                                                                                          

 21%|█████████████▉                                                     | 125/600 [00:13<01:11,  6.68it/s]
 21%|██████████████▏                                                    | 127/600 [00:13<00:58,  8.11it/s]
 22%|██████████████▍                                                    | 129/600 [00:13<00:49,  9.54it/s]
 22%|██████████████▋                                                    | 131/600 [00:13<00:43, 10.89it/s]
 22%|██████████████▊                                                    | 133/600 [00:14<00:38, 12.08it/s]
 22%|███████████████                                                    | 135/600 [00:14<00:35, 13.09it/s]
 23%|███████████████▎                                                   | 137/600 [00:14<00:33, 13.90it/s]
 23%|███████████████▌                                                   | 139/600 [00:14<00:31, 14.52it/s]
 24%|███████████████▋                                                   | 141/600 [00:14<00:30, 15.00it/s]
 24%|███████████████▉                                                   | 143/600 [00:14<00:29, 15.36it/s]
 24%|████████████████▏                                                  | 145/600 [00:14<00:29, 15.60it/s]
 24%|████████████████▍                                                  | 147/600 [00:14<00:28, 15.79it/s]
 25%|████████████████▋                                                  | 149/600 [00:15<00:28, 15.90it/s]
                                                                                                          

 25%|████████████████▊                                                  | 150/600 [00:15<00:28, 15.90it/s]{'loss': '1.605', 'grad_norm': '5.943', 'learning_rate': '4.202e-05', 'epoch': '4.169'}
{'loss': '1.504', 'grad_norm': '19.73', 'learning_rate': '3.982e-05', 'epoch': '5'}


Writing model shards:   0%|                                                         | 0/1 [00:00<?, ?it/s][A

Writing model shards: 100%|█████████████████████████████████████████████████| 1/1 [00:00<00:00,  2.38it/s][A
Writing model shards: 100%|█████████████████████████████████████████████████| 1/1 [00:00<00:00,  2.38it/s]

 25%|████████████████▊                                                  | 151/600 [00:16<01:50,  4.05it/s]
 26%|█████████████████                                                  | 153/600 [00:16<01:25,  5.23it/s]
 26%|█████████████████▎                                                 | 155/600 [00:16<01:07,  6.56it/s]
 26%|█████████████████▌                                                 | 157/600 [00:16<00:55,  7.99it/s]
 26%|█████████████████▊                                                 | 159/600 [00:16<00:46,  9.42it/s]
 27%|█████████████████▉                                                 | 161/600 [00:17<00:40, 10.78it/s]
 27%|██████████████████▏                                                | 163/600 [00:17<00:36, 11.98it/s]
 28%|██████████████████▍                                                | 165/600 [00:17<00:33, 12.98it/s]
 28%|██████████████████▋                                                | 167/600 [00:17<00:31, 13.80it/s]
 28%|██████████████████▊                                                | 169/600 [00:17<00:29, 14.44it/s]
 28%|███████████████████                                                | 171/600 [00:17<00:28, 14.92it/s]
 29%|███████████████████▎                                               | 173/600 [00:17<00:27, 15.30it/s]
 29%|███████████████████▌                                               | 175/600 [00:17<00:28, 14.80it/s]
                                                                                                          

 29%|███████████████████▌                                               | 175/600 [00:17<00:28, 14.80it/s]
 30%|███████████████████▊                                               | 177/600 [00:18<00:28, 14.95it/s]
 30%|███████████████████▉                                               | 179/600 [00:18<00:27, 15.32it/s]{'loss': '1.452', 'grad_norm': '5.987', 'learning_rate': '3.763e-05', 'epoch': '5.847'}


Writing model shards:   0%|                                                         | 0/1 [00:00<?, ?it/s][A

Writing model shards: 100%|█████████████████████████████████████████████████| 1/1 [00:00<00:00,  2.19it/s][A
Writing model shards: 100%|█████████████████████████████████████████████████| 1/1 [00:00<00:00,  2.19it/s]

 30%|████████████████████▏                                              | 181/600 [00:19<01:51,  3.77it/s]
 30%|████████████████████▍                                              | 183/600 [00:19<01:25,  4.90it/s]
 31%|████████████████████▋                                              | 185/600 [00:19<01:07,  6.19it/s]
 31%|████████████████████▉                                              | 187/600 [00:20<00:54,  7.60it/s]
 32%|█████████████████████                                              | 189/600 [00:20<00:45,  9.05it/s]
 32%|█████████████████████▎                                             | 191/600 [00:20<00:39, 10.43it/s]
 32%|█████████████████████▌                                             | 193/600 [00:20<00:34, 11.69it/s]
 32%|█████████████████████▊                                             | 195/600 [00:20<00:31, 12.76it/s]
 33%|█████████████████████▉                                             | 197/600 [00:20<00:29, 13.62it/s]
 33%|██████████████████████▏                                            | 199/600 [00:20<00:28, 14.31it/s]
                                                                                                          

 33%|██████████████████████▎                                            | 200/600 [00:20<00:27, 14.31it/s]
 34%|██████████████████████▍                                            | 201/600 [00:20<00:26, 14.81it/s]
 34%|██████████████████████▋                                            | 203/600 [00:21<00:26, 15.21it/s]
 34%|██████████████████████▉                                            | 205/600 [00:21<00:25, 15.50it/s]
 34%|███████████████████████                                            | 207/600 [00:21<00:25, 15.70it/s]
 35%|███████████████████████▎                                           | 209/600 [00:21<00:24, 15.87it/s]{'loss': '1.355', 'grad_norm': '7.191', 'learning_rate': '3.544e-05', 'epoch': '6.678'}


Writing model shards:   0%|                                                         | 0/1 [00:00<?, ?it/s][A

Writing model shards: 100%|█████████████████████████████████████████████████| 1/1 [00:00<00:00,  2.54it/s][A
Writing model shards: 100%|█████████████████████████████████████████████████| 1/1 [00:00<00:00,  2.54it/s]

 35%|███████████████████████▌                                           | 211/600 [00:22<01:29,  4.33it/s]
 36%|███████████████████████▊                                           | 213/600 [00:22<01:09,  5.55it/s]
 36%|████████████████████████                                           | 215/600 [00:22<00:55,  6.91it/s]
 36%|████████████████████████▏                                          | 217/600 [00:23<00:45,  8.35it/s]
 36%|████████████████████████▍                                          | 219/600 [00:23<00:38,  9.77it/s]
 37%|████████████████████████▋                                          | 221/600 [00:23<00:34, 11.09it/s]
 37%|████████████████████████▉                                          | 223/600 [00:23<00:30, 12.22it/s]
 38%|█████████████████████████▏                                         | 225/600 [00:23<00:28, 13.19it/s]
                                                                                                          

 38%|█████████████████████████▏                                         | 225/600 [00:23<00:28, 13.19it/s]
 38%|█████████████████████████▎                                         | 227/600 [00:23<00:26, 13.97it/s]
 38%|█████████████████████████▌                                         | 229/600 [00:23<00:25, 14.58it/s]
 38%|█████████████████████████▊                                         | 231/600 [00:23<00:24, 15.04it/s]
 39%|██████████████████████████                                         | 233/600 [00:23<00:23, 15.38it/s]
 39%|██████████████████████████▏                                        | 235/600 [00:24<00:23, 15.64it/s]
 40%|██████████████████████████▍                                        | 237/600 [00:24<00:22, 15.81it/s]
 40%|██████████████████████████▋                                        | 239/600 [00:24<00:22, 15.92it/s]{'loss': '1.36', 'grad_norm': '5.812', 'learning_rate': '3.325e-05', 'epoch': '7.508'}


Writing model shards:   0%|                                                         | 0/1 [00:00<?, ?it/s][A

Writing model shards: 100%|█████████████████████████████████████████████████| 1/1 [00:00<00:00,  2.49it/s][A
Writing model shards: 100%|█████████████████████████████████████████████████| 1/1 [00:00<00:00,  2.49it/s]

 40%|██████████████████████████▉                                        | 241/600 [00:25<01:28,  4.04it/s]
 40%|███████████████████████████▏                                       | 243/600 [00:25<01:08,  5.22it/s]
 41%|███████████████████████████▎                                       | 245/600 [00:25<00:54,  6.55it/s]
 41%|███████████████████████████▌                                       | 247/600 [00:26<00:44,  7.98it/s]
 42%|███████████████████████████▊                                       | 249/600 [00:26<00:37,  9.41it/s]
                                                                                                          

 42%|███████████████████████████▉                                       | 250/600 [00:26<00:37,  9.41it/s]
 42%|████████████████████████████                                       | 251/600 [00:26<00:32, 10.76it/s]
 42%|████████████████████████████▎                                      | 253/600 [00:26<00:29, 11.96it/s]
 42%|████████████████████████████▍                                      | 255/600 [00:26<00:26, 13.00it/s]
 43%|████████████████████████████▋                                      | 257/600 [00:26<00:24, 13.80it/s]
 43%|████████████████████████████▉                                      | 259/600 [00:26<00:23, 14.45it/s]
 44%|█████████████████████████████▏                                     | 261/600 [00:26<00:22, 14.92it/s]
 44%|█████████████████████████████▎                                     | 263/600 [00:27<00:22, 15.29it/s]
 44%|█████████████████████████████▌                                     | 265/600 [00:27<00:21, 15.56it/s]
 44%|█████████████████████████████▊                                     | 267/600 [00:27<00:21, 15.58it/s]
 45%|██████████████████████████████                                     | 269/600 [00:27<00:21, 15.69it/s]{'loss': '1.318', 'grad_norm': '7.193', 'learning_rate': '3.114e-05', 'epoch': '8.339'}


Writing model shards:   0%|                                                         | 0/1 [00:00<?, ?it/s][A

Writing model shards: 100%|█████████████████████████████████████████████████| 1/1 [00:00<00:00,  2.74it/s][A
Writing model shards: 100%|█████████████████████████████████████████████████| 1/1 [00:00<00:00,  2.74it/s]

 45%|██████████████████████████████▎                                    | 271/600 [00:28<01:16,  4.32it/s]
 46%|██████████████████████████████▍                                    | 273/600 [00:28<00:59,  5.53it/s]
 46%|██████████████████████████████▋                                    | 275/600 [00:28<00:47,  6.89it/s]
                                                                                                          

 46%|██████████████████████████████▋                                    | 275/600 [00:28<00:47,  6.89it/s]
 46%|██████████████████████████████▉                                    | 277/600 [00:29<00:38,  8.31it/s]
 46%|███████████████████████████████▏                                   | 279/600 [00:29<00:32,  9.73it/s]
 47%|███████████████████████████████▍                                   | 281/600 [00:29<00:28, 11.04it/s]
 47%|███████████████████████████████▌                                   | 283/600 [00:29<00:26, 12.17it/s]
 48%|███████████████████████████████▊                                   | 285/600 [00:29<00:23, 13.16it/s]
 48%|████████████████████████████████                                   | 287/600 [00:29<00:22, 13.91it/s]
 48%|████████████████████████████████▎                                  | 289/600 [00:29<00:21, 14.49it/s]
 48%|████████████████████████████████▍                                  | 291/600 [00:29<00:20, 14.95it/s]
 49%|████████████████████████████████▋                                  | 293/600 [00:30<00:20, 15.27it/s]
 49%|████████████████████████████████▉                                  | 295/600 [00:30<00:19, 15.52it/s]
 50%|█████████████████████████████████▏                                 | 297/600 [00:30<00:19, 15.72it/s]
 50%|█████████████████████████████████▍                                 | 299/600 [00:30<00:18, 15.87it/s]
                                                                                                          

 50%|█████████████████████████████████▌                                 | 300/600 [00:30<00:18, 15.87it/s]{'loss': '1.25', 'grad_norm': '5.812', 'learning_rate': '2.895e-05', 'epoch': '9.169'}
{'loss': '1.246', 'grad_norm': '20.44', 'learning_rate': '2.675e-05', 'epoch': '10'}


Writing model shards:   0%|                                                         | 0/1 [00:00<?, ?it/s][A

Writing model shards: 100%|█████████████████████████████████████████████████| 1/1 [00:00<00:00,  2.09it/s][A
Writing model shards: 100%|█████████████████████████████████████████████████| 1/1 [00:00<00:00,  2.09it/s]

 50%|█████████████████████████████████▌                                 | 301/600 [00:31<01:20,  3.70it/s]
 50%|█████████████████████████████████▊                                 | 303/600 [00:32<01:01,  4.81it/s]
 51%|██████████████████████████████████                                 | 305/600 [00:32<00:48,  6.09it/s]
 51%|██████████████████████████████████▎                                | 307/600 [00:32<00:39,  7.49it/s]
 52%|██████████████████████████████████▌                                | 309/600 [00:32<00:32,  8.90it/s]
 52%|██████████████████████████████████▋                                | 311/600 [00:32<00:28, 10.29it/s]
 52%|██████████████████████████████████▉                                | 313/600 [00:32<00:24, 11.51it/s]
 52%|███████████████████████████████████▏                               | 315/600 [00:32<00:22, 12.55it/s]
 53%|███████████████████████████████████▍                               | 317/600 [00:32<00:21, 13.46it/s]
 53%|███████████████████████████████████▌                               | 319/600 [00:33<00:19, 14.13it/s]
 54%|███████████████████████████████████▊                               | 321/600 [00:33<00:19, 14.67it/s]
 54%|████████████████████████████████████                               | 323/600 [00:33<00:18, 15.07it/s]
 54%|████████████████████████████████████▎                              | 325/600 [00:33<00:17, 15.34it/s]
                                                                                                          

 54%|████████████████████████████████████▎                              | 325/600 [00:33<00:17, 15.34it/s]
 55%|████████████████████████████████████▌                              | 327/600 [00:33<00:17, 15.58it/s]
 55%|████████████████████████████████████▋                              | 329/600 [00:33<00:17, 15.74it/s]{'loss': '1.199', 'grad_norm': '6.015', 'learning_rate': '2.456e-05', 'epoch': '10.85'}


Writing model shards:   0%|                                                         | 0/1 [00:00<?, ?it/s][A

Writing model shards: 100%|█████████████████████████████████████████████████| 1/1 [00:00<00:00,  2.29it/s][A
Writing model shards: 100%|█████████████████████████████████████████████████| 1/1 [00:00<00:00,  2.29it/s]

 55%|████████████████████████████████████▉                              | 331/600 [00:35<01:11,  3.78it/s]
 56%|█████████████████████████████████████▏                             | 333/600 [00:35<00:54,  4.90it/s]
 56%|█████████████████████████████████████▍                             | 335/600 [00:35<00:42,  6.20it/s]
 56%|█████████████████████████████████████▋                             | 337/600 [00:35<00:34,  7.60it/s]
 56%|█████████████████████████████████████▊                             | 339/600 [00:35<00:28,  9.04it/s]
 57%|██████████████████████████████████████                             | 341/600 [00:35<00:24, 10.42it/s]
 57%|██████████████████████████████████████▎                            | 343/600 [00:35<00:22, 11.64it/s]
 57%|██████████████████████████████████████▌                            | 345/600 [00:36<00:20, 12.71it/s]
 58%|██████████████████████████████████████▋                            | 347/600 [00:36<00:18, 13.59it/s]
 58%|██████████████████████████████████████▉                            | 349/600 [00:36<00:17, 14.22it/s]
                                                                                                          

 58%|███████████████████████████████████████                            | 350/600 [00:36<00:17, 14.22it/s]
 58%|███████████████████████████████████████▏                           | 351/600 [00:36<00:16, 14.74it/s]
 59%|███████████████████████████████████████▍                           | 353/600 [00:36<00:16, 15.14it/s]
 59%|███████████████████████████████████████▋                           | 355/600 [00:36<00:15, 15.38it/s]
 60%|███████████████████████████████████████▊                           | 357/600 [00:36<00:15, 15.60it/s]
 60%|████████████████████████████████████████                           | 359/600 [00:36<00:15, 15.76it/s]{'loss': '1.153', 'grad_norm': '6.136', 'learning_rate': '2.237e-05', 'epoch': '11.68'}


Writing model shards:   0%|                                                         | 0/1 [00:00<?, ?it/s][A

Writing model shards: 100%|█████████████████████████████████████████████████| 1/1 [00:00<00:00,  2.72it/s][A
Writing model shards: 100%|█████████████████████████████████████████████████| 1/1 [00:00<00:00,  2.72it/s]

 60%|████████████████████████████████████████▎                          | 361/600 [00:38<00:56,  4.20it/s]
 60%|████████████████████████████████████████▌                          | 363/600 [00:38<00:43,  5.40it/s]
 61%|████████████████████████████████████████▊                          | 365/600 [00:38<00:34,  6.75it/s]
 61%|████████████████████████████████████████▉                          | 367/600 [00:38<00:28,  8.17it/s]
 62%|█████████████████████████████████████████▏                         | 369/600 [00:38<00:24,  9.58it/s]
 62%|█████████████████████████████████████████▍                         | 371/600 [00:38<00:20, 10.92it/s]
 62%|█████████████████████████████████████████▋                         | 373/600 [00:38<00:18, 12.07it/s]
 62%|█████████████████████████████████████████▉                         | 375/600 [00:39<00:17, 13.06it/s]
                                                                                                          

 62%|█████████████████████████████████████████▉                         | 375/600 [00:39<00:17, 13.06it/s]
 63%|██████████████████████████████████████████                         | 377/600 [00:39<00:16, 13.84it/s]
 63%|██████████████████████████████████████████▎                        | 379/600 [00:39<00:15, 14.44it/s]
 64%|██████████████████████████████████████████▌                        | 381/600 [00:39<00:14, 14.93it/s]
 64%|██████████████████████████████████████████▊                        | 383/600 [00:39<00:14, 15.27it/s]
 64%|██████████████████████████████████████████▉                        | 385/600 [00:39<00:13, 15.46it/s]
 64%|███████████████████████████████████████████▏                       | 387/600 [00:39<00:13, 15.63it/s]
 65%|███████████████████████████████████████████▍                       | 389/600 [00:39<00:13, 15.78it/s]{'loss': '1.151', 'grad_norm': '5.519', 'learning_rate': '2.018e-05', 'epoch': '12.51'}


Writing model shards:   0%|                                                         | 0/1 [00:00<?, ?it/s][A

Writing model shards: 100%|█████████████████████████████████████████████████| 1/1 [00:00<00:00,  1.93it/s][A
Writing model shards: 100%|█████████████████████████████████████████████████| 1/1 [00:00<00:00,  1.93it/s]

 65%|███████████████████████████████████████████▋                       | 391/600 [00:41<00:57,  3.64it/s]
 66%|███████████████████████████████████████████▉                       | 393/600 [00:41<00:43,  4.74it/s]
 66%|████████████████████████████████████████████                       | 395/600 [00:41<00:34,  6.01it/s]
 66%|████████████████████████████████████████████▎                      | 397/600 [00:41<00:27,  7.40it/s]
 66%|████████████████████████████████████████████▌                      | 399/600 [00:41<00:22,  8.84it/s]
                                                                                                          

 67%|████████████████████████████████████████████▋                      | 400/600 [00:42<00:22,  8.84it/s]
 67%|████████████████████████████████████████████▊                      | 401/600 [00:42<00:19, 10.22it/s]
 67%|█████████████████████████████████████████████                      | 403/600 [00:42<00:17, 11.50it/s]
 68%|█████████████████████████████████████████████▏                     | 405/600 [00:42<00:15, 12.59it/s]
 68%|█████████████████████████████████████████████▍                     | 407/600 [00:42<00:14, 13.48it/s]
 68%|█████████████████████████████████████████████▋                     | 409/600 [00:42<00:13, 14.20it/s]
 68%|█████████████████████████████████████████████▉                     | 411/600 [00:42<00:12, 14.72it/s]
 69%|██████████████████████████████████████████████                     | 413/600 [00:42<00:12, 15.11it/s]
 69%|██████████████████████████████████████████████▎                    | 415/600 [00:42<00:12, 15.41it/s]
 70%|██████████████████████████████████████████████▌                    | 417/600 [00:43<00:11, 15.60it/s]
 70%|██████████████████████████████████████████████▊                    | 419/600 [00:43<00:11, 15.78it/s]{'loss': '1.112', 'grad_norm': '5.541', 'learning_rate': '1.798e-05', 'epoch': '13.34'}


Writing model shards:   0%|                                                         | 0/1 [00:00<?, ?it/s][A

Writing model shards: 100%|█████████████████████████████████████████████████| 1/1 [00:00<00:00,  2.30it/s][A
Writing model shards: 100%|█████████████████████████████████████████████████| 1/1 [00:00<00:00,  2.30it/s]

 70%|███████████████████████████████████████████████                    | 421/600 [00:44<00:45,  3.93it/s]
 70%|███████████████████████████████████████████████▏                   | 423/600 [00:44<00:34,  5.08it/s]
 71%|███████████████████████████████████████████████▍                   | 425/600 [00:44<00:27,  6.40it/s]
                                                                                                          

 71%|███████████████████████████████████████████████▍                   | 425/600 [00:44<00:27,  6.40it/s]
 71%|███████████████████████████████████████████████▋                   | 427/600 [00:44<00:22,  7.81it/s]
 72%|███████████████████████████████████████████████▉                   | 429/600 [00:45<00:18,  9.24it/s]
 72%|████████████████████████████████████████████████▏                  | 431/600 [00:45<00:15, 10.60it/s]
 72%|████████████████████████████████████████████████▎                  | 433/600 [00:45<00:14, 11.78it/s]
 72%|████████████████████████████████████████████████▌                  | 435/600 [00:45<00:12, 12.79it/s]
 73%|████████████████████████████████████████████████▊                  | 437/600 [00:45<00:11, 13.65it/s]
 73%|█████████████████████████████████████████████████                  | 439/600 [00:45<00:11, 14.33it/s]
 74%|█████████████████████████████████████████████████▏                 | 441/600 [00:45<00:10, 14.84it/s]
 74%|█████████████████████████████████████████████████▍                 | 443/600 [00:45<00:10, 15.21it/s]
 74%|█████████████████████████████████████████████████▋                 | 445/600 [00:46<00:10, 15.49it/s]
 74%|█████████████████████████████████████████████████▉                 | 447/600 [00:46<00:09, 15.69it/s]
 75%|██████████████████████████████████████████████████▏                | 449/600 [00:46<00:09, 15.81it/s]
                                                                                                          

 75%|██████████████████████████████████████████████████▎                | 450/600 [00:46<00:09, 15.81it/s]{'loss': '1.145', 'grad_norm': '5.577', 'learning_rate': '1.579e-05', 'epoch': '14.17'}
{'loss': '1.061', 'grad_norm': '24.64', 'learning_rate': '1.36e-05', 'epoch': '15'}


Writing model shards:   0%|                                                         | 0/1 [00:00<?, ?it/s][A

Writing model shards: 100%|█████████████████████████████████████████████████| 1/1 [00:00<00:00,  2.56it/s][A
Writing model shards: 100%|█████████████████████████████████████████████████| 1/1 [00:00<00:00,  2.56it/s]

 75%|██████████████████████████████████████████████████▎                | 451/600 [00:47<00:35,  4.14it/s]
 76%|██████████████████████████████████████████████████▌                | 453/600 [00:47<00:27,  5.33it/s]
 76%|██████████████████████████████████████████████████▊                | 455/600 [00:47<00:21,  6.68it/s]
 76%|███████████████████████████████████████████████████                | 457/600 [00:48<00:17,  8.10it/s]
 76%|███████████████████████████████████████████████████▎               | 459/600 [00:48<00:14,  9.53it/s]
 77%|███████████████████████████████████████████████████▍               | 461/600 [00:48<00:12, 10.87it/s]
 77%|███████████████████████████████████████████████████▋               | 463/600 [00:48<00:11, 12.06it/s]
 78%|███████████████████████████████████████████████████▉               | 465/600 [00:48<00:10, 13.06it/s]
 78%|████████████████████████████████████████████████████▏              | 467/600 [00:48<00:09, 13.85it/s]
 78%|████████████████████████████████████████████████████▎              | 469/600 [00:48<00:09, 14.48it/s]
 78%|████████████████████████████████████████████████████▌              | 471/600 [00:48<00:08, 14.93it/s]
 79%|████████████████████████████████████████████████████▊              | 473/600 [00:49<00:08, 15.29it/s]
 79%|█████████████████████████████████████████████████████              | 475/600 [00:49<00:08, 15.53it/s]
                                                                                                          

 79%|█████████████████████████████████████████████████████              | 475/600 [00:49<00:08, 15.53it/s]
 80%|█████████████████████████████████████████████████████▎             | 477/600 [00:49<00:07, 15.67it/s]
 80%|█████████████████████████████████████████████████████▍             | 479/600 [00:49<00:07, 15.81it/s]{'loss': '1.09', 'grad_norm': '5.834', 'learning_rate': '1.14e-05', 'epoch': '15.85'}


Writing model shards:   0%|                                                         | 0/1 [00:00<?, ?it/s][A

Writing model shards: 100%|█████████████████████████████████████████████████| 1/1 [00:00<00:00,  2.25it/s][A
Writing model shards: 100%|█████████████████████████████████████████████████| 1/1 [00:00<00:00,  2.25it/s]

 80%|█████████████████████████████████████████████████████▋             | 481/600 [00:50<00:31,  3.76it/s]
 80%|█████████████████████████████████████████████████████▉             | 483/600 [00:50<00:23,  4.88it/s]
 81%|██████████████████████████████████████████████████████▏            | 485/600 [00:51<00:18,  6.17it/s]
 81%|██████████████████████████████████████████████████████▍            | 487/600 [00:51<00:14,  7.58it/s]
 82%|██████████████████████████████████████████████████████▌            | 489/600 [00:51<00:12,  9.02it/s]
 82%|██████████████████████████████████████████████████████▊            | 491/600 [00:51<00:10, 10.40it/s]
 82%|███████████████████████████████████████████████████████            | 493/600 [00:51<00:09, 11.66it/s]
 82%|███████████████████████████████████████████████████████▎           | 495/600 [00:51<00:08, 12.72it/s]
 83%|███████████████████████████████████████████████████████▍           | 497/600 [00:51<00:07, 13.58it/s]
 83%|███████████████████████████████████████████████████████▋           | 499/600 [00:51<00:07, 14.28it/s]
                                                                                                          

 83%|███████████████████████████████████████████████████████▊           | 500/600 [00:52<00:07, 14.28it/s]
 84%|███████████████████████████████████████████████████████▉           | 501/600 [00:52<00:06, 14.79it/s]
 84%|████████████████████████████████████████████████████████▏          | 503/600 [00:52<00:06, 15.17it/s]
 84%|████████████████████████████████████████████████████████▍          | 505/600 [00:52<00:06, 15.47it/s]
 84%|████████████████████████████████████████████████████████▌          | 507/600 [00:52<00:05, 15.67it/s]
 85%|████████████████████████████████████████████████████████▊          | 509/600 [00:52<00:05, 15.81it/s]{'loss': '1.015', 'grad_norm': '4.473', 'learning_rate': '9.211e-06', 'epoch': '16.68'}


Writing model shards:   0%|                                                         | 0/1 [00:00<?, ?it/s][A

Writing model shards: 100%|█████████████████████████████████████████████████| 1/1 [00:00<00:00,  1.72it/s][A
Writing model shards: 100%|█████████████████████████████████████████████████| 1/1 [00:00<00:00,  1.72it/s]

 85%|█████████████████████████████████████████████████████████          | 511/600 [00:54<00:27,  3.18it/s]
 86%|█████████████████████████████████████████████████████████▎         | 513/600 [00:54<00:20,  4.18it/s]
 86%|█████████████████████████████████████████████████████████▌         | 515/600 [00:54<00:15,  5.38it/s]
 86%|█████████████████████████████████████████████████████████▋         | 517/600 [00:54<00:12,  6.72it/s]
 86%|█████████████████████████████████████████████████████████▉         | 519/600 [00:54<00:09,  8.15it/s]
 87%|██████████████████████████████████████████████████████████▏        | 521/600 [00:55<00:08,  9.55it/s]
 87%|██████████████████████████████████████████████████████████▍        | 523/600 [00:55<00:07, 10.89it/s]
 88%|██████████████████████████████████████████████████████████▋        | 525/600 [00:55<00:06, 12.08it/s]
                                                                                                          

 88%|██████████████████████████████████████████████████████████▋        | 525/600 [00:55<00:06, 12.08it/s]
 88%|██████████████████████████████████████████████████████████▊        | 527/600 [00:55<00:05, 13.05it/s]
 88%|███████████████████████████████████████████████████████████        | 529/600 [00:55<00:05, 13.84it/s]
 88%|███████████████████████████████████████████████████████████▎       | 531/600 [00:55<00:04, 14.46it/s]
 89%|███████████████████████████████████████████████████████████▌       | 533/600 [00:55<00:04, 14.94it/s]
 89%|███████████████████████████████████████████████████████████▋       | 535/600 [00:55<00:04, 15.28it/s]
 90%|███████████████████████████████████████████████████████████▉       | 537/600 [00:56<00:04, 15.53it/s]
 90%|████████████████████████████████████████████████████████████▏      | 539/600 [00:56<00:03, 15.70it/s]{'loss': '1.03', 'grad_norm': '5.013', 'learning_rate': '7.018e-06', 'epoch': '17.51'}


Writing model shards:   0%|                                                         | 0/1 [00:00<?, ?it/s][A

Writing model shards: 100%|█████████████████████████████████████████████████| 1/1 [00:00<00:00,  2.48it/s][A
Writing model shards: 100%|█████████████████████████████████████████████████| 1/1 [00:00<00:00,  2.48it/s]

 90%|████████████████████████████████████████████████████████████▍      | 541/600 [00:57<00:14,  4.08it/s]
 90%|████████████████████████████████████████████████████████████▋      | 543/600 [00:57<00:10,  5.26it/s]
 91%|████████████████████████████████████████████████████████████▊      | 545/600 [00:57<00:08,  6.60it/s]
 91%|█████████████████████████████████████████████████████████████      | 547/600 [00:57<00:06,  8.02it/s]
 92%|█████████████████████████████████████████████████████████████▎     | 549/600 [00:57<00:05,  9.39it/s]
                                                                                                          

 92%|█████████████████████████████████████████████████████████████▍     | 550/600 [00:58<00:05,  9.39it/s]
 92%|█████████████████████████████████████████████████████████████▌     | 551/600 [00:58<00:04, 10.60it/s]
 92%|█████████████████████████████████████████████████████████████▊     | 553/600 [00:58<00:03, 11.76it/s]
 92%|█████████████████████████████████████████████████████████████▉     | 555/600 [00:58<00:03, 12.72it/s]
 93%|██████████████████████████████████████████████████████████████▏    | 557/600 [00:58<00:03, 13.56it/s]
 93%|██████████████████████████████████████████████████████████████▍    | 559/600 [00:58<00:02, 14.28it/s]
 94%|██████████████████████████████████████████████████████████████▋    | 561/600 [00:58<00:02, 14.78it/s]
 94%|██████████████████████████████████████████████████████████████▊    | 563/600 [00:58<00:02, 15.01it/s]
 94%|███████████████████████████████████████████████████████████████    | 565/600 [00:58<00:02, 15.35it/s]
 94%|███████████████████████████████████████████████████████████████▎   | 567/600 [00:59<00:02, 15.60it/s]
 95%|███████████████████████████████████████████████████████████████▌   | 569/600 [00:59<00:01, 15.64it/s]{'loss': '1.099', 'grad_norm': '5.14', 'learning_rate': '4.825e-06', 'epoch': '18.34'}


Writing model shards:   0%|                                                         | 0/1 [00:00<?, ?it/s][A

Writing model shards: 100%|█████████████████████████████████████████████████| 1/1 [00:00<00:00,  2.27it/s][A
Writing model shards: 100%|█████████████████████████████████████████████████| 1/1 [00:00<00:00,  2.26it/s]

 95%|███████████████████████████████████████████████████████████████▊   | 571/600 [01:00<00:07,  3.89it/s]
 96%|███████████████████████████████████████████████████████████████▉   | 573/600 [01:00<00:05,  5.04it/s]
 96%|████████████████████████████████████████████████████████████████▏  | 575/600 [01:00<00:03,  6.35it/s]
                                                                                                          

 96%|████████████████████████████████████████████████████████████████▏  | 575/600 [01:00<00:03,  6.35it/s]
 96%|████████████████████████████████████████████████████████████████▍  | 577/600 [01:01<00:02,  7.77it/s]
 96%|████████████████████████████████████████████████████████████████▋  | 579/600 [01:01<00:02,  9.21it/s]
 97%|████████████████████████████████████████████████████████████████▉  | 581/600 [01:01<00:01, 10.57it/s]
 97%|█████████████████████████████████████████████████████████████████  | 583/600 [01:01<00:01, 11.80it/s]
 98%|█████████████████████████████████████████████████████████████████▎ | 585/600 [01:01<00:01, 12.83it/s]
 98%|█████████████████████████████████████████████████████████████████▌ | 587/600 [01:01<00:00, 13.68it/s]
 98%|█████████████████████████████████████████████████████████████████▊ | 589/600 [01:01<00:00, 14.36it/s]
 98%|█████████████████████████████████████████████████████████████████▉ | 591/600 [01:01<00:00, 14.85it/s]
 99%|██████████████████████████████████████████████████████████████████▏| 593/600 [01:02<00:00, 15.24it/s]
 99%|██████████████████████████████████████████████████████████████████▍| 595/600 [01:02<00:00, 15.52it/s]
100%|██████████████████████████████████████████████████████████████████▋| 597/600 [01:02<00:00, 15.70it/s]
100%|██████████████████████████████████████████████████████████████████▉| 599/600 [01:02<00:00, 15.86it/s]
                                                                                                          

100%|███████████████████████████████████████████████████████████████████| 600/600 [01:02<00:00, 15.86it/s]{'loss': '0.9976', 'grad_norm': '5.241', 'learning_rate': '2.632e-06', 'epoch': '19.17'}
{'loss': '1.021', 'grad_norm': '11.82', 'learning_rate': '4.386e-07', 'epoch': '20'}


Writing model shards:   0%|                                                         | 0/1 [00:00<?, ?it/s][A

Writing model shards: 100%|█████████████████████████████████████████████████| 1/1 [00:00<00:00,  2.35it/s][A
Writing model shards: 100%|█████████████████████████████████████████████████| 1/1 [00:00<00:00,  2.34it/s]

                                                                                                          

100%|███████████████████████████████████████████████████████████████████| 600/600 [01:03<00:00, 15.86it/s]
100%|███████████████████████████████████████████████████████████████████| 600/600 [01:03<00:00,  9.42it/s]
{'train_runtime': '63.73', 'train_samples_per_second': '145.9', 'train_steps_per_second': '9.415', 'train_loss': '1.444', 'epoch': '20'}

  0%|                                                                               | 0/9 [00:00<?, ?it/s]
100%|██████████████████████████████████████████████████████████████████████| 9/9 [00:00<00:00, 104.13it/s]

Writing model shards:   0%|                                                         | 0/1 [00:00<?, ?it/s]
Writing model shards: 100%|█████████████████████████████████████████████████| 1/1 [00:00<00:00,  2.19it/s]
Writing model shards: 100%|█████████████████████████████████████████████████| 1/1 [00:00<00:00,  2.19it/s]

Loading weights:   0%|                                                             | 0/76 [00:00<?, ?it/s]
Loading weights: 100%|██████████████████████████████████████████████████| 76/76 [00:00<00:00, 1885.02it/s]

Loading weights:   0%|                                                             | 0/76 [00:00<?, ?it/s]
Loading weights: 100%|██████████████████████████████████████████████████| 76/76 [00:00<00:00, 1624.76it/s]
<local-root>/miniconda3/lib/python3.13/site-packages/torch/cuda/__init__.py:61: FutureWarning: The pynvml package is deprecated. Please install nvidia-ml-py instead. If you did not install pynvml directly, please report this to the maintainers of the package that installed pynvml for you.
  import pynvml  # type: ignore[import]

Loading weights:   0%|                                                             | 0/76 [00:00<?, ?it/s]
Loading weights:  68%|██████████████████████████████████▉                | 52/76 [00:00<00:00, 517.95it/s]
Loading weights: 100%|███████████████████████████████████████████████████| 76/76 [00:00<00:00, 458.19it/s]

Loading weights:   0%|                                                             | 0/76 [00:00<?, ?it/s]
Loading weights: 100%|██████████████████████████████████████████████████| 76/76 [00:00<00:00, 1443.50it/s]

Loading weights:   0%|                                                            | 0/292 [00:00<?, ?it/s]
Loading weights:  48%|███████████████████████▏                        | 141/292 [00:00<00:00, 1391.21it/s]
Loading weights: 100%|████████████████████████████████████████████████| 292/292 [00:00<00:00, 1901.10it/s]
[RANK 0] Detected kernel version 5.4.0, which is below the recommended minimum of 5.5.0; this can cause the process to hang. It is recommended to upgrade the kernel to the minimum version or higher.

  0%|                                                                             | 0/540 [00:00<?, ?it/s]
  0%|▏                                                                    | 1/540 [00:00<02:14,  3.99it/s]
  0%|▎                                                                    | 2/540 [00:00<01:56,  4.62it/s]
  1%|▍                                                                    | 3/540 [00:00<01:49,  4.90it/s]
  1%|▌                                                                    | 4/540 [00:00<01:48,  4.94it/s]
  1%|▋                                                                    | 5/540 [00:01<01:49,  4.89it/s]
  1%|▊                                                                    | 6/540 [00:01<01:50,  4.83it/s]
  1%|▉                                                                    | 7/540 [00:01<01:51,  4.80it/s]
  1%|█                                                                    | 8/540 [00:01<01:51,  4.78it/s]
  2%|█▏                                                                   | 9/540 [00:01<01:51,  4.77it/s]
  2%|█▎                                                                  | 10/540 [00:02<01:51,  4.76it/s]
  2%|█▍                                                                  | 11/540 [00:02<01:51,  4.75it/s]
  2%|█▌                                                                  | 12/540 [00:02<01:51,  4.75it/s]
  2%|█▋                                                                  | 13/540 [00:02<01:51,  4.75it/s]
  3%|█▊                                                                  | 14/540 [00:02<01:50,  4.74it/s]
  3%|█▉                                                                  | 15/540 [00:03<01:50,  4.74it/s]
  3%|██                                                                  | 16/540 [00:03<01:50,  4.74it/s]
  3%|██▏                                                                 | 17/540 [00:03<01:50,  4.74it/s]
  3%|██▎                                                                 | 18/540 [00:03<01:50,  4.74it/s]
  4%|██▍                                                                 | 19/540 [00:03<01:49,  4.74it/s]
  4%|██▌                                                                 | 20/540 [00:04<01:49,  4.74it/s]
  4%|██▋                                                                 | 21/540 [00:04<01:49,  4.73it/s]
  4%|██▊                                                                 | 22/540 [00:04<01:49,  4.74it/s]
  4%|██▉                                                                 | 23/540 [00:04<01:49,  4.74it/s]
  4%|███                                                                 | 24/540 [00:05<01:49,  4.73it/s]
  5%|███▏                                                                | 25/540 [00:05<01:48,  4.74it/s]
                                                                                                          

  5%|███▏                                                                | 25/540 [00:05<01:48,  4.74it/s]
  5%|███▎                                                                | 26/540 [00:05<01:48,  4.73it/s]
  5%|███▍                                                                | 27/540 [00:05<01:48,  4.73it/s]
  5%|███▌                                                                | 28/540 [00:05<01:48,  4.74it/s]
  5%|███▋                                                                | 29/540 [00:06<01:47,  4.74it/s]{'loss': '3.187', 'grad_norm': '6.688', 'learning_rate': '3.5e-05', 'epoch': '0.8475'}


Writing model shards:   0%|                                                         | 0/1 [00:00<?, ?it/s][A

Writing model shards: 100%|█████████████████████████████████████████████████| 1/1 [00:01<00:00,  1.35s/it][A
Writing model shards: 100%|█████████████████████████████████████████████████| 1/1 [00:01<00:00,  1.35s/it]

  6%|███▉                                                                | 31/540 [00:10<09:27,  1.12s/it]
  6%|████                                                                | 32/540 [00:10<07:32,  1.12it/s]
  6%|████▏                                                               | 33/540 [00:10<06:01,  1.40it/s]
  6%|████▎                                                               | 34/540 [00:11<04:51,  1.73it/s]
  6%|████▍                                                               | 35/540 [00:11<03:59,  2.11it/s]
  7%|████▌                                                               | 36/540 [00:11<03:21,  2.50it/s]
  7%|████▋                                                               | 37/540 [00:11<02:53,  2.90it/s]
  7%|████▊                                                               | 38/540 [00:11<02:33,  3.27it/s]
  7%|████▉                                                               | 39/540 [00:12<02:19,  3.59it/s]
  7%|█████                                                               | 40/540 [00:12<02:09,  3.87it/s]
  8%|█████▏                                                              | 41/540 [00:12<02:01,  4.09it/s]
  8%|█████▎                                                              | 42/540 [00:12<01:56,  4.26it/s]
  8%|█████▍                                                              | 43/540 [00:12<01:53,  4.38it/s]
  8%|█████▌                                                              | 44/540 [00:13<01:50,  4.48it/s]
  8%|█████▋                                                              | 45/540 [00:13<01:48,  4.55it/s]
  9%|█████▊                                                              | 46/540 [00:13<01:47,  4.61it/s]
  9%|█████▉                                                              | 47/540 [00:13<01:46,  4.65it/s]
  9%|██████                                                              | 48/540 [00:14<01:45,  4.67it/s]
  9%|██████▏                                                             | 49/540 [00:14<01:44,  4.68it/s]
  9%|██████▎                                                             | 50/540 [00:14<01:44,  4.70it/s]
                                                                                                          

  9%|██████▎                                                             | 50/540 [00:14<01:44,  4.70it/s]
  9%|██████▍                                                             | 51/540 [00:14<01:44,  4.70it/s]
 10%|██████▌                                                             | 52/540 [00:14<01:43,  4.71it/s]
 10%|██████▋                                                             | 53/540 [00:15<01:43,  4.71it/s]
 10%|██████▊                                                             | 54/540 [00:15<01:43,  4.70it/s]
 10%|██████▉                                                             | 55/540 [00:15<01:42,  4.72it/s]
 10%|███████                                                             | 56/540 [00:15<01:42,  4.72it/s]
 11%|███████▏                                                            | 57/540 [00:15<01:42,  4.72it/s]
 11%|███████▎                                                            | 58/540 [00:16<01:42,  4.72it/s]
 11%|███████▍                                                            | 59/540 [00:16<01:41,  4.72it/s]{'loss': '1.833', 'grad_norm': '10.86', 'learning_rate': '4.843e-05', 'epoch': '1.678'}


Writing model shards:   0%|                                                         | 0/1 [00:00<?, ?it/s][A

Writing model shards: 100%|█████████████████████████████████████████████████| 1/1 [00:01<00:00,  1.45s/it][A
Writing model shards: 100%|█████████████████████████████████████████████████| 1/1 [00:01<00:00,  1.45s/it]

 11%|███████▋                                                            | 61/540 [00:21<09:33,  1.20s/it]
 11%|███████▊                                                            | 62/540 [00:21<07:35,  1.05it/s]
 12%|███████▉                                                            | 63/540 [00:21<06:01,  1.32it/s]
 12%|████████                                                            | 64/540 [00:21<04:50,  1.64it/s]
 12%|████████▏                                                           | 65/540 [00:21<03:56,  2.01it/s]
 12%|████████▎                                                           | 66/540 [00:22<03:17,  2.40it/s]
 12%|████████▍                                                           | 67/540 [00:22<02:48,  2.80it/s]
 13%|████████▌                                                           | 68/540 [00:22<02:28,  3.18it/s]
 13%|████████▋                                                           | 69/540 [00:22<02:13,  3.52it/s]
 13%|████████▊                                                           | 70/540 [00:22<02:03,  3.81it/s]
 13%|████████▉                                                           | 71/540 [00:23<01:55,  4.05it/s]
 13%|█████████                                                           | 72/540 [00:23<01:50,  4.23it/s]
 14%|█████████▏                                                          | 73/540 [00:23<01:46,  4.37it/s]
 14%|█████████▎                                                          | 74/540 [00:23<01:44,  4.48it/s]
 14%|█████████▍                                                          | 75/540 [00:24<01:42,  4.56it/s]
                                                                                                          

 14%|█████████▍                                                          | 75/540 [00:24<01:42,  4.56it/s]
 14%|█████████▌                                                          | 76/540 [00:24<01:40,  4.61it/s]
 14%|█████████▋                                                          | 77/540 [00:24<01:39,  4.64it/s]
 14%|█████████▊                                                          | 78/540 [00:24<01:38,  4.67it/s]
 15%|█████████▉                                                          | 79/540 [00:24<01:38,  4.69it/s]
 15%|██████████                                                          | 80/540 [00:25<01:37,  4.71it/s]
 15%|██████████▏                                                         | 81/540 [00:25<01:37,  4.72it/s]
 15%|██████████▎                                                         | 82/540 [00:25<01:36,  4.73it/s]
 15%|██████████▍                                                         | 83/540 [00:25<01:36,  4.73it/s]
 16%|██████████▌                                                         | 84/540 [00:25<01:36,  4.73it/s]
 16%|██████████▋                                                         | 85/540 [00:26<01:36,  4.73it/s]
 16%|██████████▊                                                         | 86/540 [00:26<01:35,  4.73it/s]
 16%|██████████▉                                                         | 87/540 [00:26<01:35,  4.73it/s]
 16%|███████████                                                         | 88/540 [00:26<01:35,  4.73it/s]
 16%|███████████▏                                                        | 89/540 [00:26<01:35,  4.73it/s]{'loss': '1.44', 'grad_norm': '8.753', 'learning_rate': '4.598e-05', 'epoch': '2.508'}


Writing model shards:   0%|                                                         | 0/1 [00:00<?, ?it/s][A

Writing model shards: 100%|█████████████████████████████████████████████████| 1/1 [00:01<00:00,  1.45s/it][A
Writing model shards: 100%|█████████████████████████████████████████████████| 1/1 [00:01<00:00,  1.45s/it]

 17%|███████████▍                                                        | 91/540 [00:32<10:21,  1.38s/it]
 17%|███████████▌                                                        | 92/540 [00:32<08:09,  1.09s/it]
 17%|███████████▋                                                        | 93/540 [00:32<06:25,  1.16it/s]
 17%|███████████▊                                                        | 94/540 [00:33<05:06,  1.46it/s]
 18%|███████████▉                                                        | 95/540 [00:33<04:06,  1.81it/s]
 18%|████████████                                                        | 96/540 [00:33<03:22,  2.19it/s]
 18%|████████████▏                                                       | 97/540 [00:33<02:50,  2.59it/s]
 18%|████████████▎                                                       | 98/540 [00:33<02:27,  2.99it/s]
 18%|████████████▍                                                       | 99/540 [00:34<02:11,  3.35it/s]
 19%|████████████▍                                                      | 100/540 [00:34<01:59,  3.67it/s]
                                                                                                          

 19%|████████████▍                                                      | 100/540 [00:34<01:59,  3.67it/s]
 19%|████████████▌                                                      | 101/540 [00:34<01:51,  3.93it/s]
 19%|████████████▋                                                      | 102/540 [00:34<01:45,  4.14it/s]
 19%|████████████▊                                                      | 103/540 [00:35<01:41,  4.30it/s]
 19%|████████████▉                                                      | 104/540 [00:35<01:38,  4.42it/s]
 19%|█████████████                                                      | 105/540 [00:35<01:36,  4.49it/s]
 20%|█████████████▏                                                     | 106/540 [00:35<01:35,  4.56it/s]
 20%|█████████████▎                                                     | 107/540 [00:35<01:33,  4.61it/s]
 20%|█████████████▍                                                     | 108/540 [00:36<01:32,  4.65it/s]
 20%|█████████████▌                                                     | 109/540 [00:36<01:32,  4.67it/s]
 20%|█████████████▋                                                     | 110/540 [00:36<01:31,  4.69it/s]
 21%|█████████████▊                                                     | 111/540 [00:36<01:31,  4.70it/s]
 21%|█████████████▉                                                     | 112/540 [00:36<01:30,  4.71it/s]
 21%|██████████████                                                     | 113/540 [00:37<01:30,  4.71it/s]
 21%|██████████████▏                                                    | 114/540 [00:37<01:30,  4.71it/s]
 21%|██████████████▎                                                    | 115/540 [00:37<01:30,  4.71it/s]
 21%|██████████████▍                                                    | 116/540 [00:37<01:29,  4.72it/s]
 22%|██████████████▌                                                    | 117/540 [00:37<01:29,  4.72it/s]
 22%|██████████████▋                                                    | 118/540 [00:38<01:29,  4.72it/s]
 22%|██████████████▊                                                    | 119/540 [00:38<01:29,  4.73it/s]{'loss': '1.253', 'grad_norm': '8.022', 'learning_rate': '4.353e-05', 'epoch': '3.339'}


Writing model shards:   0%|                                                         | 0/1 [00:00<?, ?it/s][A

Writing model shards: 100%|█████████████████████████████████████████████████| 1/1 [00:01<00:00,  1.37s/it][A
Writing model shards: 100%|█████████████████████████████████████████████████| 1/1 [00:01<00:00,  1.37s/it]

 22%|███████████████                                                    | 121/540 [00:43<08:37,  1.24s/it]
 23%|███████████████▏                                                   | 122/540 [00:43<06:51,  1.02it/s]
 23%|███████████████▎                                                   | 123/540 [00:43<05:25,  1.28it/s]
 23%|███████████████▍                                                   | 124/540 [00:43<04:20,  1.60it/s]
 23%|███████████████▌                                                   | 125/540 [00:44<03:31,  1.96it/s]
                                                                                                          

 23%|███████████████▌                                                   | 125/540 [00:44<03:31,  1.96it/s]
 23%|███████████████▋                                                   | 126/540 [00:44<02:56,  2.35it/s]
 24%|███████████████▊                                                   | 127/540 [00:44<02:30,  2.75it/s]
 24%|███████████████▉                                                   | 128/540 [00:44<02:11,  3.13it/s]
 24%|████████████████                                                   | 129/540 [00:44<01:58,  3.48it/s]
 24%|████████████████▏                                                  | 130/540 [00:45<01:48,  3.78it/s]
 24%|████████████████▎                                                  | 131/540 [00:45<01:41,  4.02it/s]
 24%|████████████████▍                                                  | 132/540 [00:45<01:37,  4.20it/s]
 25%|████████████████▌                                                  | 133/540 [00:45<01:33,  4.35it/s]
 25%|████████████████▋                                                  | 134/540 [00:46<01:31,  4.45it/s]
 25%|████████████████▊                                                  | 135/540 [00:46<01:29,  4.53it/s]
 25%|████████████████▊                                                  | 136/540 [00:46<01:28,  4.58it/s]
 25%|████████████████▉                                                  | 137/540 [00:46<01:27,  4.62it/s]
 26%|█████████████████                                                  | 138/540 [00:46<01:26,  4.65it/s]
 26%|█████████████████▏                                                 | 139/540 [00:47<01:25,  4.67it/s]
 26%|█████████████████▎                                                 | 140/540 [00:47<01:25,  4.69it/s]
 26%|█████████████████▍                                                 | 141/540 [00:47<01:24,  4.70it/s]
 26%|█████████████████▌                                                 | 142/540 [00:47<01:24,  4.71it/s]
 26%|█████████████████▋                                                 | 143/540 [00:47<01:24,  4.72it/s]
 27%|█████████████████▊                                                 | 144/540 [00:48<01:23,  4.72it/s]
 27%|█████████████████▉                                                 | 145/540 [00:48<01:23,  4.72it/s]
 27%|██████████████████                                                 | 146/540 [00:48<01:23,  4.71it/s]
 27%|██████████████████▏                                                | 147/540 [00:48<01:23,  4.71it/s]
 27%|██████████████████▎                                                | 148/540 [00:49<01:23,  4.72it/s]
 28%|██████████████████▍                                                | 149/540 [00:49<01:22,  4.72it/s]
                                                                                                          

 28%|██████████████████▌                                                | 150/540 [00:49<01:22,  4.72it/s]{'loss': '1.107', 'grad_norm': '7.832', 'learning_rate': '4.118e-05', 'epoch': '4.169'}
{'loss': '1.046', 'grad_norm': '20.72', 'learning_rate': '3.873e-05', 'epoch': '5'}


Writing model shards:   0%|                                                         | 0/1 [00:00<?, ?it/s][A

Writing model shards: 100%|█████████████████████████████████████████████████| 1/1 [00:01<00:00,  1.62s/it][A
Writing model shards: 100%|█████████████████████████████████████████████████| 1/1 [00:01<00:00,  1.62s/it]

 28%|██████████████████▋                                                | 151/540 [00:54<08:39,  1.34s/it]
 28%|██████████████████▊                                                | 152/540 [00:54<06:50,  1.06s/it]
 28%|██████████████████▉                                                | 153/540 [00:54<05:23,  1.20it/s]
 29%|███████████████████                                                | 154/540 [00:55<04:17,  1.50it/s]
 29%|███████████████████▏                                               | 155/540 [00:55<03:27,  1.86it/s]
 29%|███████████████████▎                                               | 156/540 [00:55<02:50,  2.25it/s]
 29%|███████████████████▍                                               | 157/540 [00:55<02:24,  2.65it/s]
 29%|███████████████████▌                                               | 158/540 [00:55<02:05,  3.04it/s]
 29%|███████████████████▋                                               | 159/540 [00:56<01:52,  3.40it/s]
 30%|███████████████████▊                                               | 160/540 [00:56<01:42,  3.71it/s]
 30%|███████████████████▉                                               | 161/540 [00:56<01:35,  3.96it/s]
 30%|████████████████████                                               | 162/540 [00:56<01:30,  4.17it/s]
 30%|████████████████████▏                                              | 163/540 [00:57<01:27,  4.33it/s]
 30%|████████████████████▎                                              | 164/540 [00:57<01:24,  4.44it/s]
 31%|████████████████████▍                                              | 165/540 [00:57<01:22,  4.52it/s]
 31%|████████████████████▌                                              | 166/540 [00:57<01:21,  4.58it/s]
 31%|████████████████████▋                                              | 167/540 [00:57<01:20,  4.63it/s]
 31%|████████████████████▊                                              | 168/540 [00:58<01:19,  4.66it/s]
 31%|████████████████████▉                                              | 169/540 [00:58<01:19,  4.68it/s]
 31%|█████████████████████                                              | 170/540 [00:58<01:18,  4.70it/s]
 32%|█████████████████████▏                                             | 171/540 [00:58<01:18,  4.71it/s]
 32%|█████████████████████▎                                             | 172/540 [00:58<01:18,  4.72it/s]
 32%|█████████████████████▍                                             | 173/540 [00:59<01:17,  4.72it/s]
 32%|█████████████████████▌                                             | 174/540 [00:59<01:17,  4.72it/s]
 32%|█████████████████████▋                                             | 175/540 [00:59<01:17,  4.73it/s]
                                                                                                          

 32%|█████████████████████▋                                             | 175/540 [00:59<01:17,  4.73it/s]
 33%|█████████████████████▊                                             | 176/540 [00:59<01:16,  4.73it/s]
 33%|█████████████████████▉                                             | 177/540 [01:00<01:16,  4.73it/s]
 33%|██████████████████████                                             | 178/540 [01:00<01:16,  4.74it/s]
 33%|██████████████████████▏                                            | 179/540 [01:00<01:16,  4.74it/s]{'loss': '0.9634', 'grad_norm': '7.897', 'learning_rate': '3.627e-05', 'epoch': '5.847'}


Writing model shards:   0%|                                                         | 0/1 [00:00<?, ?it/s][A

Writing model shards: 100%|█████████████████████████████████████████████████| 1/1 [00:01<00:00,  1.35s/it][A
Writing model shards: 100%|█████████████████████████████████████████████████| 1/1 [00:01<00:00,  1.35s/it]

 34%|██████████████████████▍                                            | 181/540 [01:05<07:22,  1.23s/it]
 34%|██████████████████████▌                                            | 182/540 [01:05<05:50,  1.02it/s]
 34%|██████████████████████▋                                            | 183/540 [01:05<04:38,  1.28it/s]
 34%|██████████████████████▊                                            | 184/540 [01:05<03:42,  1.60it/s]
 34%|██████████████████████▉                                            | 185/540 [01:06<03:00,  1.97it/s]
 34%|███████████████████████                                            | 186/540 [01:06<02:30,  2.36it/s]
 35%|███████████████████████▏                                           | 187/540 [01:06<02:07,  2.76it/s]
 35%|███████████████████████▎                                           | 188/540 [01:06<01:52,  3.14it/s]
 35%|███████████████████████▍                                           | 189/540 [01:06<01:40,  3.48it/s]
 35%|███████████████████████▌                                           | 190/540 [01:07<01:32,  3.78it/s]
 35%|███████████████████████▋                                           | 191/540 [01:07<01:26,  4.02it/s]
 36%|███████████████████████▊                                           | 192/540 [01:07<01:22,  4.21it/s]
 36%|███████████████████████▉                                           | 193/540 [01:07<01:19,  4.35it/s]
 36%|████████████████████████                                           | 194/540 [01:08<01:17,  4.46it/s]
 36%|████████████████████████▏                                          | 195/540 [01:08<01:16,  4.54it/s]
 36%|████████████████████████▎                                          | 196/540 [01:08<01:14,  4.60it/s]
 36%|████████████████████████▍                                          | 197/540 [01:08<01:13,  4.64it/s]
 37%|████████████████████████▌                                          | 198/540 [01:08<01:13,  4.67it/s]
 37%|████████████████████████▋                                          | 199/540 [01:09<01:12,  4.69it/s]
 37%|████████████████████████▊                                          | 200/540 [01:09<01:12,  4.71it/s]
                                                                                                          

 37%|████████████████████████▊                                          | 200/540 [01:09<01:12,  4.71it/s]
 37%|████████████████████████▉                                          | 201/540 [01:09<01:11,  4.71it/s]
 37%|█████████████████████████                                          | 202/540 [01:09<01:11,  4.72it/s]
 38%|█████████████████████████▏                                         | 203/540 [01:09<01:11,  4.72it/s]
 38%|█████████████████████████▎                                         | 204/540 [01:10<01:11,  4.71it/s]
 38%|█████████████████████████▍                                         | 205/540 [01:10<01:10,  4.73it/s]
 38%|█████████████████████████▌                                         | 206/540 [01:10<01:10,  4.73it/s]
 38%|█████████████████████████▋                                         | 207/540 [01:10<01:10,  4.74it/s]
 39%|█████████████████████████▊                                         | 208/540 [01:10<01:10,  4.74it/s]
 39%|█████████████████████████▉                                         | 209/540 [01:11<01:09,  4.74it/s]{'loss': '0.8702', 'grad_norm': '8.108', 'learning_rate': '3.382e-05', 'epoch': '6.678'}


Writing model shards:   0%|                                                         | 0/1 [00:00<?, ?it/s][A

Writing model shards: 100%|█████████████████████████████████████████████████| 1/1 [00:01<00:00,  1.32s/it][A
Writing model shards: 100%|█████████████████████████████████████████████████| 1/1 [00:01<00:00,  1.32s/it]

 39%|██████████████████████████▏                                        | 211/540 [01:16<07:22,  1.35s/it]
 39%|██████████████████████████▎                                        | 212/540 [01:16<05:49,  1.06s/it]
 39%|██████████████████████████▍                                        | 213/540 [01:16<04:35,  1.19it/s]
 40%|██████████████████████████▌                                        | 214/540 [01:17<03:38,  1.49it/s]
 40%|██████████████████████████▋                                        | 215/540 [01:17<02:56,  1.84it/s]
 40%|██████████████████████████▊                                        | 216/540 [01:17<02:25,  2.23it/s]
 40%|██████████████████████████▉                                        | 217/540 [01:17<02:02,  2.64it/s]
 40%|███████████████████████████                                        | 218/540 [01:18<01:46,  3.03it/s]
 41%|███████████████████████████▏                                       | 219/540 [01:18<01:34,  3.39it/s]
 41%|███████████████████████████▎                                       | 220/540 [01:18<01:26,  3.70it/s]
 41%|███████████████████████████▍                                       | 221/540 [01:18<01:20,  3.96it/s]
 41%|███████████████████████████▌                                       | 222/540 [01:18<01:16,  4.16it/s]
 41%|███████████████████████████▋                                       | 223/540 [01:19<01:13,  4.31it/s]
 41%|███████████████████████████▊                                       | 224/540 [01:19<01:11,  4.41it/s]
 42%|███████████████████████████▉                                       | 225/540 [01:19<01:10,  4.48it/s]
                                                                                                          

 42%|███████████████████████████▉                                       | 225/540 [01:19<01:10,  4.48it/s]
 42%|████████████████████████████                                       | 226/540 [01:19<01:09,  4.54it/s]
 42%|████████████████████████████▏                                      | 227/540 [01:19<01:08,  4.60it/s]
 42%|████████████████████████████▎                                      | 228/540 [01:20<01:07,  4.64it/s]
 42%|████████████████████████████▍                                      | 229/540 [01:20<01:06,  4.67it/s]
 43%|████████████████████████████▌                                      | 230/540 [01:20<01:06,  4.69it/s]
 43%|████████████████████████████▋                                      | 231/540 [01:20<01:05,  4.70it/s]
 43%|████████████████████████████▊                                      | 232/540 [01:20<01:05,  4.71it/s]
 43%|████████████████████████████▉                                      | 233/540 [01:21<01:05,  4.71it/s]
 43%|█████████████████████████████                                      | 234/540 [01:21<01:04,  4.71it/s]
 44%|█████████████████████████████▏                                     | 235/540 [01:21<01:04,  4.72it/s]
 44%|█████████████████████████████▎                                     | 236/540 [01:21<01:04,  4.71it/s]
 44%|█████████████████████████████▍                                     | 237/540 [01:22<01:04,  4.71it/s]
 44%|█████████████████████████████▌                                     | 238/540 [01:22<01:04,  4.71it/s]
 44%|█████████████████████████████▋                                     | 239/540 [01:22<01:03,  4.72it/s]{'loss': '0.8414', 'grad_norm': '6.578', 'learning_rate': '3.137e-05', 'epoch': '7.508'}


Writing model shards:   0%|                                                         | 0/1 [00:00<?, ?it/s][A

Writing model shards: 100%|█████████████████████████████████████████████████| 1/1 [00:01<00:00,  1.75s/it][A
Writing model shards: 100%|█████████████████████████████████████████████████| 1/1 [00:01<00:00,  1.75s/it]

 45%|█████████████████████████████▉                                     | 241/540 [01:29<08:58,  1.80s/it]
 45%|██████████████████████████████                                     | 242/540 [01:29<06:59,  1.41s/it]
 45%|██████████████████████████████▏                                    | 243/540 [01:30<05:25,  1.09s/it]
 45%|██████████████████████████████▎                                    | 244/540 [01:30<04:12,  1.17it/s]
 45%|██████████████████████████████▍                                    | 245/540 [01:30<03:19,  1.48it/s]
 46%|██████████████████████████████▌                                    | 246/540 [01:30<02:39,  1.84it/s]
 46%|██████████████████████████████▋                                    | 247/540 [01:31<02:10,  2.24it/s]
 46%|██████████████████████████████▊                                    | 248/540 [01:31<01:50,  2.64it/s]
 46%|██████████████████████████████▉                                    | 249/540 [01:31<01:35,  3.04it/s]
 46%|███████████████████████████████                                    | 250/540 [01:31<01:25,  3.40it/s]
                                                                                                          

 46%|███████████████████████████████                                    | 250/540 [01:31<01:25,  3.40it/s]
 46%|███████████████████████████████▏                                   | 251/540 [01:31<01:17,  3.71it/s]
 47%|███████████████████████████████▎                                   | 252/540 [01:32<01:12,  3.96it/s]
 47%|███████████████████████████████▍                                   | 253/540 [01:32<01:08,  4.16it/s]
 47%|███████████████████████████████▌                                   | 254/540 [01:32<01:06,  4.31it/s]
 47%|███████████████████████████████▋                                   | 255/540 [01:32<01:04,  4.43it/s]
 47%|███████████████████████████████▊                                   | 256/540 [01:32<01:02,  4.52it/s]
 48%|███████████████████████████████▉                                   | 257/540 [01:33<01:01,  4.58it/s]
 48%|████████████████████████████████                                   | 258/540 [01:33<01:01,  4.62it/s]
 48%|████████████████████████████████▏                                  | 259/540 [01:33<01:00,  4.65it/s]
 48%|████████████████████████████████▎                                  | 260/540 [01:33<00:59,  4.67it/s]
 48%|████████████████████████████████▍                                  | 261/540 [01:34<00:59,  4.69it/s]
 49%|████████████████████████████████▌                                  | 262/540 [01:34<00:59,  4.70it/s]
 49%|████████████████████████████████▋                                  | 263/540 [01:34<00:58,  4.71it/s]
 49%|████████████████████████████████▊                                  | 264/540 [01:34<00:58,  4.71it/s]
 49%|████████████████████████████████▉                                  | 265/540 [01:34<00:58,  4.72it/s]
 49%|█████████████████████████████████                                  | 266/540 [01:35<00:58,  4.72it/s]
 49%|█████████████████████████████████▏                                 | 267/540 [01:35<00:57,  4.72it/s]
 50%|█████████████████████████████████▎                                 | 268/540 [01:35<00:57,  4.72it/s]
 50%|█████████████████████████████████▍                                 | 269/540 [01:35<00:57,  4.72it/s]{'loss': '0.7752', 'grad_norm': '6.425', 'learning_rate': '2.892e-05', 'epoch': '8.339'}


Writing model shards:   0%|                                                         | 0/1 [00:00<?, ?it/s][A

Writing model shards: 100%|█████████████████████████████████████████████████| 1/1 [00:01<00:00,  1.56s/it][A
Writing model shards: 100%|█████████████████████████████████████████████████| 1/1 [00:01<00:00,  1.56s/it]

 50%|█████████████████████████████████▌                                 | 271/540 [01:49<14:53,  3.32s/it]
 50%|█████████████████████████████████▋                                 | 272/540 [01:49<11:23,  2.55s/it]
 51%|█████████████████████████████████▊                                 | 273/540 [01:50<08:37,  1.94s/it]
 51%|█████████████████████████████████▉                                 | 274/540 [01:50<06:30,  1.47s/it]
 51%|██████████████████████████████████                                 | 275/540 [01:50<04:55,  1.12s/it]
                                                                                                          

 51%|██████████████████████████████████                                 | 275/540 [01:50<04:55,  1.12s/it]
 51%|██████████████████████████████████▏                                | 276/540 [01:50<03:46,  1.16it/s]
 51%|██████████████████████████████████▎                                | 277/540 [01:50<02:56,  1.49it/s]
 51%|██████████████████████████████████▍                                | 278/540 [01:51<02:20,  1.86it/s]
 52%|██████████████████████████████████▌                                | 279/540 [01:51<01:55,  2.27it/s]
 52%|██████████████████████████████████▋                                | 280/540 [01:51<01:36,  2.68it/s]
 52%|██████████████████████████████████▊                                | 281/540 [01:51<01:24,  3.08it/s]
 52%|██████████████████████████████████▉                                | 282/540 [01:51<01:15,  3.43it/s]
 52%|███████████████████████████████████                                | 283/540 [01:52<01:08,  3.74it/s]
 53%|███████████████████████████████████▏                               | 284/540 [01:52<01:04,  3.99it/s]
 53%|███████████████████████████████████▎                               | 285/540 [01:52<01:01,  4.17it/s]
 53%|███████████████████████████████████▍                               | 286/540 [01:52<00:58,  4.33it/s]
 53%|███████████████████████████████████▌                               | 287/540 [01:52<00:56,  4.44it/s]
 53%|███████████████████████████████████▋                               | 288/540 [01:53<00:55,  4.52it/s]
 54%|███████████████████████████████████▊                               | 289/540 [01:53<00:54,  4.58it/s]
 54%|███████████████████████████████████▉                               | 290/540 [01:53<00:54,  4.61it/s]
 54%|████████████████████████████████████                               | 291/540 [01:53<00:53,  4.64it/s]
 54%|████████████████████████████████████▏                              | 292/540 [01:54<00:53,  4.66it/s]
 54%|████████████████████████████████████▎                              | 293/540 [01:54<00:52,  4.67it/s]
 54%|████████████████████████████████████▍                              | 294/540 [01:54<00:52,  4.69it/s]
 55%|████████████████████████████████████▌                              | 295/540 [01:54<00:52,  4.70it/s]
 55%|████████████████████████████████████▋                              | 296/540 [01:54<00:51,  4.71it/s]
 55%|████████████████████████████████████▊                              | 297/540 [01:55<00:51,  4.68it/s]
 55%|████████████████████████████████████▉                              | 298/540 [01:55<00:51,  4.70it/s]
 55%|█████████████████████████████████████                              | 299/540 [01:55<00:51,  4.71it/s]
                                                                                                          

 56%|█████████████████████████████████████▏                             | 300/540 [01:55<00:51,  4.71it/s]{'loss': '0.7125', 'grad_norm': '6.155', 'learning_rate': '2.647e-05', 'epoch': '9.169'}
{'loss': '0.6769', 'grad_norm': '22.8', 'learning_rate': '2.402e-05', 'epoch': '10'}


Writing model shards:   0%|                                                         | 0/1 [00:00<?, ?it/s][A

Writing model shards: 100%|█████████████████████████████████████████████████| 1/1 [00:01<00:00,  1.69s/it][A
Writing model shards: 100%|█████████████████████████████████████████████████| 1/1 [00:01<00:00,  1.69s/it]

 56%|█████████████████████████████████████▎                             | 301/540 [02:01<05:32,  1.39s/it]
 56%|█████████████████████████████████████▍                             | 302/540 [02:01<04:21,  1.10s/it]
 56%|█████████████████████████████████████▌                             | 303/540 [02:01<03:25,  1.16it/s]
 56%|█████████████████████████████████████▋                             | 304/540 [02:01<02:42,  1.45it/s]
 56%|█████████████████████████████████████▊                             | 305/540 [02:01<02:10,  1.80it/s]
 57%|█████████████████████████████████████▉                             | 306/540 [02:02<01:46,  2.19it/s]
 57%|██████████████████████████████████████                             | 307/540 [02:02<01:29,  2.59it/s]
 57%|██████████████████████████████████████▏                            | 308/540 [02:02<01:17,  2.99it/s]
 57%|██████████████████████████████████████▎                            | 309/540 [02:02<01:08,  3.35it/s]
 57%|██████████████████████████████████████▍                            | 310/540 [02:02<01:02,  3.66it/s]
 58%|██████████████████████████████████████▌                            | 311/540 [02:03<00:58,  3.92it/s]
 58%|██████████████████████████████████████▋                            | 312/540 [02:03<00:55,  4.13it/s]
 58%|██████████████████████████████████████▊                            | 313/540 [02:03<00:52,  4.29it/s]
 58%|██████████████████████████████████████▉                            | 314/540 [02:03<00:51,  4.41it/s]
 58%|███████████████████████████████████████                            | 315/540 [02:04<00:49,  4.50it/s]
 59%|███████████████████████████████████████▏                           | 316/540 [02:04<00:49,  4.57it/s]
 59%|███████████████████████████████████████▎                           | 317/540 [02:04<00:48,  4.61it/s]
 59%|███████████████████████████████████████▍                           | 318/540 [02:04<00:47,  4.63it/s]
 59%|███████████████████████████████████████▌                           | 319/540 [02:04<00:47,  4.67it/s]
 59%|███████████████████████████████████████▋                           | 320/540 [02:05<00:46,  4.68it/s]
 59%|███████████████████████████████████████▊                           | 321/540 [02:05<00:46,  4.70it/s]
 60%|███████████████████████████████████████▉                           | 322/540 [02:05<00:46,  4.71it/s]
 60%|████████████████████████████████████████                           | 323/540 [02:05<00:46,  4.71it/s]
 60%|████████████████████████████████████████▏                          | 324/540 [02:05<00:45,  4.72it/s]
 60%|████████████████████████████████████████▎                          | 325/540 [02:06<00:45,  4.72it/s]
                                                                                                          

 60%|████████████████████████████████████████▎                          | 325/540 [02:06<00:45,  4.72it/s]
 60%|████████████████████████████████████████▍                          | 326/540 [02:06<00:45,  4.72it/s]
 61%|████████████████████████████████████████▌                          | 327/540 [02:06<00:45,  4.71it/s]
 61%|████████████████████████████████████████▋                          | 328/540 [02:06<00:44,  4.71it/s]
 61%|████████████████████████████████████████▊                          | 329/540 [02:06<00:44,  4.72it/s]{'loss': '0.6106', 'grad_norm': '5.758', 'learning_rate': '2.157e-05', 'epoch': '10.85'}


Writing model shards:   0%|                                                         | 0/1 [00:00<?, ?it/s][A

Writing model shards: 100%|█████████████████████████████████████████████████| 1/1 [00:01<00:00,  1.72s/it][A
Writing model shards: 100%|█████████████████████████████████████████████████| 1/1 [00:01<00:00,  1.72s/it]

 61%|█████████████████████████████████████████                          | 331/540 [02:12<04:38,  1.33s/it]
 61%|█████████████████████████████████████████▏                         | 332/540 [02:12<03:39,  1.06s/it]
 62%|█████████████████████████████████████████▎                         | 333/540 [02:12<02:52,  1.20it/s]
 62%|█████████████████████████████████████████▍                         | 334/540 [02:12<02:17,  1.50it/s]
 62%|█████████████████████████████████████████▌                         | 335/540 [02:13<01:50,  1.86it/s]
 62%|█████████████████████████████████████████▋                         | 336/540 [02:13<01:30,  2.25it/s]
 62%|█████████████████████████████████████████▊                         | 337/540 [02:13<01:16,  2.65it/s]
 63%|█████████████████████████████████████████▉                         | 338/540 [02:13<01:06,  3.04it/s]
 63%|██████████████████████████████████████████                         | 339/540 [02:13<00:59,  3.40it/s]
 63%|██████████████████████████████████████████▏                        | 340/540 [02:14<00:54,  3.70it/s]
 63%|██████████████████████████████████████████▎                        | 341/540 [02:14<00:50,  3.96it/s]
 63%|██████████████████████████████████████████▍                        | 342/540 [02:14<00:47,  4.16it/s]
 64%|██████████████████████████████████████████▌                        | 343/540 [02:14<00:45,  4.31it/s]
 64%|██████████████████████████████████████████▋                        | 344/540 [02:15<00:44,  4.43it/s]
 64%|██████████████████████████████████████████▊                        | 345/540 [02:15<00:43,  4.52it/s]
 64%|██████████████████████████████████████████▉                        | 346/540 [02:15<00:42,  4.56it/s]
 64%|███████████████████████████████████████████                        | 347/540 [02:15<00:41,  4.60it/s]
 64%|███████████████████████████████████████████▏                       | 348/540 [02:15<00:41,  4.64it/s]
 65%|███████████████████████████████████████████▎                       | 349/540 [02:16<00:40,  4.67it/s]
 65%|███████████████████████████████████████████▍                       | 350/540 [02:16<00:40,  4.68it/s]
                                                                                                          

 65%|███████████████████████████████████████████▍                       | 350/540 [02:16<00:40,  4.68it/s]
 65%|███████████████████████████████████████████▌                       | 351/540 [02:16<00:40,  4.69it/s]
 65%|███████████████████████████████████████████▋                       | 352/540 [02:16<00:39,  4.70it/s]
 65%|███████████████████████████████████████████▊                       | 353/540 [02:16<00:39,  4.71it/s]
 66%|███████████████████████████████████████████▉                       | 354/540 [02:17<00:39,  4.72it/s]
 66%|████████████████████████████████████████████                       | 355/540 [02:17<00:39,  4.72it/s]
 66%|████████████████████████████████████████████▏                      | 356/540 [02:17<00:38,  4.73it/s]
 66%|████████████████████████████████████████████▎                      | 357/540 [02:17<00:38,  4.73it/s]
 66%|████████████████████████████████████████████▍                      | 358/540 [02:17<00:38,  4.73it/s]
 66%|████████████████████████████████████████████▌                      | 359/540 [02:18<00:38,  4.73it/s]{'loss': '0.5687', 'grad_norm': '4.968', 'learning_rate': '1.912e-05', 'epoch': '11.68'}


Writing model shards:   0%|                                                         | 0/1 [00:00<?, ?it/s][A

Writing model shards: 100%|█████████████████████████████████████████████████| 1/1 [00:01<00:00,  1.48s/it][A
Writing model shards: 100%|█████████████████████████████████████████████████| 1/1 [00:01<00:00,  1.48s/it]

 67%|████████████████████████████████████████████▊                      | 361/540 [02:23<03:53,  1.31s/it]
 67%|████████████████████████████████████████████▉                      | 362/540 [02:23<03:04,  1.03s/it]
 67%|█████████████████████████████████████████████                      | 363/540 [02:23<02:24,  1.22it/s]
 67%|█████████████████████████████████████████████▏                     | 364/540 [02:23<01:55,  1.53it/s]
 68%|█████████████████████████████████████████████▎                     | 365/540 [02:24<01:32,  1.89it/s]
 68%|█████████████████████████████████████████████▍                     | 366/540 [02:24<01:16,  2.28it/s]
 68%|█████████████████████████████████████████████▌                     | 367/540 [02:24<01:04,  2.68it/s]
 68%|█████████████████████████████████████████████▋                     | 368/540 [02:24<00:56,  3.07it/s]
 68%|█████████████████████████████████████████████▊                     | 369/540 [02:25<00:49,  3.42it/s]
 69%|█████████████████████████████████████████████▉                     | 370/540 [02:25<00:45,  3.71it/s]
 69%|██████████████████████████████████████████████                     | 371/540 [02:25<00:42,  3.97it/s]
 69%|██████████████████████████████████████████████▏                    | 372/540 [02:25<00:40,  4.17it/s]
 69%|██████████████████████████████████████████████▎                    | 373/540 [02:25<00:38,  4.32it/s]
 69%|██████████████████████████████████████████████▍                    | 374/540 [02:26<00:37,  4.43it/s]
 69%|██████████████████████████████████████████████▌                    | 375/540 [02:26<00:36,  4.52it/s]
                                                                                                          

 69%|██████████████████████████████████████████████▌                    | 375/540 [02:26<00:36,  4.52it/s]
 70%|██████████████████████████████████████████████▋                    | 376/540 [02:26<00:35,  4.57it/s]
 70%|██████████████████████████████████████████████▊                    | 377/540 [02:26<00:35,  4.62it/s]
 70%|██████████████████████████████████████████████▉                    | 378/540 [02:26<00:34,  4.65it/s]
 70%|███████████████████████████████████████████████                    | 379/540 [02:27<00:34,  4.67it/s]
 70%|███████████████████████████████████████████████▏                   | 380/540 [02:27<00:34,  4.69it/s]
 71%|███████████████████████████████████████████████▎                   | 381/540 [02:27<00:33,  4.69it/s]
 71%|███████████████████████████████████████████████▍                   | 382/540 [02:27<00:33,  4.70it/s]
 71%|███████████████████████████████████████████████▌                   | 383/540 [02:28<00:33,  4.71it/s]
 71%|███████████████████████████████████████████████▋                   | 384/540 [02:28<00:33,  4.71it/s]
 71%|███████████████████████████████████████████████▊                   | 385/540 [02:28<00:32,  4.71it/s]
 71%|███████████████████████████████████████████████▉                   | 386/540 [02:28<00:32,  4.72it/s]
 72%|████████████████████████████████████████████████                   | 387/540 [02:28<00:32,  4.72it/s]
 72%|████████████████████████████████████████████████▏                  | 388/540 [02:29<00:32,  4.72it/s]
 72%|████████████████████████████████████████████████▎                  | 389/540 [02:29<00:31,  4.72it/s]{'loss': '0.5311', 'grad_norm': '4.658', 'learning_rate': '1.667e-05', 'epoch': '12.51'}


Writing model shards:   0%|                                                         | 0/1 [00:00<?, ?it/s][A

Writing model shards: 100%|█████████████████████████████████████████████████| 1/1 [00:01<00:00,  1.38s/it][A
Writing model shards: 100%|█████████████████████████████████████████████████| 1/1 [00:01<00:00,  1.38s/it]

 72%|████████████████████████████████████████████████▌                  | 391/540 [02:34<03:15,  1.31s/it]
 73%|████████████████████████████████████████████████▋                  | 392/540 [02:34<02:33,  1.04s/it]
 73%|████████████████████████████████████████████████▊                  | 393/540 [02:34<02:00,  1.22it/s]
 73%|████████████████████████████████████████████████▉                  | 394/540 [02:35<01:35,  1.52it/s]
 73%|█████████████████████████████████████████████████                  | 395/540 [02:35<01:17,  1.88it/s]
 73%|█████████████████████████████████████████████████▏                 | 396/540 [02:35<01:03,  2.27it/s]
 74%|█████████████████████████████████████████████████▎                 | 397/540 [02:35<00:53,  2.67it/s]
 74%|█████████████████████████████████████████████████▍                 | 398/540 [02:35<00:46,  3.06it/s]
 74%|█████████████████████████████████████████████████▌                 | 399/540 [02:36<00:41,  3.41it/s]
 74%|█████████████████████████████████████████████████▋                 | 400/540 [02:36<00:37,  3.71it/s]
                                                                                                          

 74%|█████████████████████████████████████████████████▋                 | 400/540 [02:36<00:37,  3.71it/s]
 74%|█████████████████████████████████████████████████▊                 | 401/540 [02:36<00:35,  3.96it/s]
 74%|█████████████████████████████████████████████████▉                 | 402/540 [02:36<00:33,  4.16it/s]
 75%|██████████████████████████████████████████████████                 | 403/540 [02:37<00:31,  4.31it/s]
 75%|██████████████████████████████████████████████████▏                | 404/540 [02:37<00:30,  4.42it/s]
 75%|██████████████████████████████████████████████████▎                | 405/540 [02:37<00:30,  4.49it/s]
 75%|██████████████████████████████████████████████████▎                | 406/540 [02:37<00:29,  4.56it/s]
 75%|██████████████████████████████████████████████████▍                | 407/540 [02:37<00:28,  4.60it/s]
 76%|██████████████████████████████████████████████████▌                | 408/540 [02:38<00:28,  4.64it/s]
 76%|██████████████████████████████████████████████████▋                | 409/540 [02:38<00:28,  4.66it/s]
 76%|██████████████████████████████████████████████████▊                | 410/540 [02:38<00:27,  4.68it/s]
 76%|██████████████████████████████████████████████████▉                | 411/540 [02:38<00:27,  4.70it/s]
 76%|███████████████████████████████████████████████████                | 412/540 [02:38<00:27,  4.71it/s]
 76%|███████████████████████████████████████████████████▏               | 413/540 [02:39<00:26,  4.71it/s]
 77%|███████████████████████████████████████████████████▎               | 414/540 [02:39<00:26,  4.68it/s]
 77%|███████████████████████████████████████████████████▍               | 415/540 [02:39<00:26,  4.69it/s]
 77%|███████████████████████████████████████████████████▌               | 416/540 [02:39<00:26,  4.70it/s]
 77%|███████████████████████████████████████████████████▋               | 417/540 [02:40<00:26,  4.71it/s]
 77%|███████████████████████████████████████████████████▊               | 418/540 [02:40<00:25,  4.71it/s]
 78%|███████████████████████████████████████████████████▉               | 419/540 [02:40<00:25,  4.71it/s]{'loss': '0.5089', 'grad_norm': '4.65', 'learning_rate': '1.422e-05', 'epoch': '13.34'}


Writing model shards:   0%|                                                         | 0/1 [00:00<?, ?it/s][A

Writing model shards: 100%|█████████████████████████████████████████████████| 1/1 [00:01<00:00,  1.55s/it][A
Writing model shards: 100%|█████████████████████████████████████████████████| 1/1 [00:01<00:00,  1.55s/it]

 78%|████████████████████████████████████████████████████▏              | 421/540 [02:45<02:42,  1.37s/it]
 78%|████████████████████████████████████████████████████▎              | 422/540 [02:46<02:07,  1.08s/it]
 78%|████████████████████████████████████████████████████▍              | 423/540 [02:46<01:39,  1.17it/s]
 79%|████████████████████████████████████████████████████▌              | 424/540 [02:46<01:18,  1.47it/s]
 79%|████████████████████████████████████████████████████▋              | 425/540 [02:46<01:03,  1.82it/s]
                                                                                                          

 79%|████████████████████████████████████████████████████▋              | 425/540 [02:46<01:03,  1.82it/s]
 79%|████████████████████████████████████████████████████▊              | 426/540 [02:46<00:51,  2.21it/s]
 79%|████████████████████████████████████████████████████▉              | 427/540 [02:47<00:43,  2.61it/s]
 79%|█████████████████████████████████████████████████████              | 428/540 [02:47<00:37,  3.01it/s]
 79%|█████████████████████████████████████████████████████▏             | 429/540 [02:47<00:32,  3.37it/s]
 80%|█████████████████████████████████████████████████████▎             | 430/540 [02:47<00:29,  3.68it/s]
 80%|█████████████████████████████████████████████████████▍             | 431/540 [02:47<00:27,  3.94it/s]
 80%|█████████████████████████████████████████████████████▌             | 432/540 [02:48<00:26,  4.15it/s]
 80%|█████████████████████████████████████████████████████▋             | 433/540 [02:48<00:24,  4.30it/s]
 80%|█████████████████████████████████████████████████████▊             | 434/540 [02:48<00:23,  4.42it/s]
 81%|█████████████████████████████████████████████████████▉             | 435/540 [02:48<00:23,  4.51it/s]
 81%|██████████████████████████████████████████████████████             | 436/540 [02:49<00:22,  4.57it/s]
 81%|██████████████████████████████████████████████████████▏            | 437/540 [02:49<00:22,  4.61it/s]
 81%|██████████████████████████████████████████████████████▎            | 438/540 [02:49<00:22,  4.63it/s]
 81%|██████████████████████████████████████████████████████▍            | 439/540 [02:49<00:21,  4.66it/s]
 81%|██████████████████████████████████████████████████████▌            | 440/540 [02:49<00:21,  4.68it/s]
 82%|██████████████████████████████████████████████████████▋            | 441/540 [02:50<00:21,  4.70it/s]
 82%|██████████████████████████████████████████████████████▊            | 442/540 [02:50<00:20,  4.71it/s]
 82%|██████████████████████████████████████████████████████▉            | 443/540 [02:50<00:20,  4.71it/s]
 82%|███████████████████████████████████████████████████████            | 444/540 [02:50<00:20,  4.72it/s]
 82%|███████████████████████████████████████████████████████▏           | 445/540 [02:50<00:20,  4.72it/s]
 83%|███████████████████████████████████████████████████████▎           | 446/540 [02:51<00:19,  4.72it/s]
 83%|███████████████████████████████████████████████████████▍           | 447/540 [02:51<00:19,  4.72it/s]
 83%|███████████████████████████████████████████████████████▌           | 448/540 [02:51<00:19,  4.72it/s]
 83%|███████████████████████████████████████████████████████▋           | 449/540 [02:51<00:19,  4.72it/s]
                                                                                                          

 83%|███████████████████████████████████████████████████████▊           | 450/540 [02:51<00:19,  4.72it/s]{'loss': '0.4922', 'grad_norm': '4.599', 'learning_rate': '1.176e-05', 'epoch': '14.17'}
{'loss': '0.4412', 'grad_norm': '18.86', 'learning_rate': '9.314e-06', 'epoch': '15'}


Writing model shards:   0%|                                                         | 0/1 [00:00<?, ?it/s][A

Writing model shards: 100%|█████████████████████████████████████████████████| 1/1 [00:01<00:00,  1.52s/it][A
Writing model shards: 100%|█████████████████████████████████████████████████| 1/1 [00:01<00:00,  1.52s/it]

 84%|███████████████████████████████████████████████████████▉           | 451/540 [02:57<02:11,  1.48s/it]
 84%|████████████████████████████████████████████████████████           | 452/540 [02:57<01:42,  1.17s/it]
 84%|████████████████████████████████████████████████████████▏          | 453/540 [02:58<01:19,  1.09it/s]
 84%|████████████████████████████████████████████████████████▎          | 454/540 [02:58<01:02,  1.38it/s]
 84%|████████████████████████████████████████████████████████▍          | 455/540 [02:58<00:49,  1.72it/s]
 84%|████████████████████████████████████████████████████████▌          | 456/540 [02:58<00:39,  2.10it/s]
 85%|████████████████████████████████████████████████████████▋          | 457/540 [02:58<00:33,  2.50it/s]
 85%|████████████████████████████████████████████████████████▊          | 458/540 [02:59<00:28,  2.91it/s]
 85%|████████████████████████████████████████████████████████▉          | 459/540 [02:59<00:24,  3.28it/s]
 85%|█████████████████████████████████████████████████████████          | 460/540 [02:59<00:22,  3.60it/s]
 85%|█████████████████████████████████████████████████████████▏         | 461/540 [02:59<00:20,  3.88it/s]
 86%|█████████████████████████████████████████████████████████▎         | 462/540 [03:00<00:19,  4.10it/s]
 86%|█████████████████████████████████████████████████████████▍         | 463/540 [03:00<00:18,  4.26it/s]
 86%|█████████████████████████████████████████████████████████▌         | 464/540 [03:00<00:17,  4.37it/s]
 86%|█████████████████████████████████████████████████████████▋         | 465/540 [03:00<00:16,  4.47it/s]
 86%|█████████████████████████████████████████████████████████▊         | 466/540 [03:00<00:16,  4.54it/s]
 86%|█████████████████████████████████████████████████████████▉         | 467/540 [03:01<00:15,  4.60it/s]
 87%|██████████████████████████████████████████████████████████         | 468/540 [03:01<00:15,  4.64it/s]
 87%|██████████████████████████████████████████████████████████▏        | 469/540 [03:01<00:15,  4.66it/s]
 87%|██████████████████████████████████████████████████████████▎        | 470/540 [03:01<00:14,  4.68it/s]
 87%|██████████████████████████████████████████████████████████▍        | 471/540 [03:01<00:14,  4.70it/s]
 87%|██████████████████████████████████████████████████████████▌        | 472/540 [03:02<00:14,  4.70it/s]
 88%|██████████████████████████████████████████████████████████▋        | 473/540 [03:02<00:14,  4.71it/s]
 88%|██████████████████████████████████████████████████████████▊        | 474/540 [03:02<00:14,  4.71it/s]
 88%|██████████████████████████████████████████████████████████▉        | 475/540 [03:02<00:13,  4.72it/s]
                                                                                                          

 88%|██████████████████████████████████████████████████████████▉        | 475/540 [03:02<00:13,  4.72it/s]
 88%|███████████████████████████████████████████████████████████        | 476/540 [03:03<00:13,  4.72it/s]
 88%|███████████████████████████████████████████████████████████▏       | 477/540 [03:03<00:13,  4.72it/s]
 89%|███████████████████████████████████████████████████████████▎       | 478/540 [03:03<00:13,  4.72it/s]
 89%|███████████████████████████████████████████████████████████▍       | 479/540 [03:03<00:12,  4.73it/s]{'loss': '0.4403', 'grad_norm': '4.49', 'learning_rate': '6.863e-06', 'epoch': '15.85'}


Writing model shards:   0%|                                                         | 0/1 [00:00<?, ?it/s][A

Writing model shards: 100%|█████████████████████████████████████████████████| 1/1 [00:01<00:00,  1.37s/it][A
Writing model shards: 100%|█████████████████████████████████████████████████| 1/1 [00:01<00:00,  1.37s/it]

 89%|███████████████████████████████████████████████████████████▋       | 481/540 [03:09<01:33,  1.58s/it]
 89%|███████████████████████████████████████████████████████████▊       | 482/540 [03:10<01:12,  1.24s/it]
 89%|███████████████████████████████████████████████████████████▉       | 483/540 [03:10<00:55,  1.03it/s]
 90%|████████████████████████████████████████████████████████████       | 484/540 [03:10<00:42,  1.31it/s]
 90%|████████████████████████████████████████████████████████████▏      | 485/540 [03:10<00:33,  1.64it/s]
 90%|████████████████████████████████████████████████████████████▎      | 486/540 [03:11<00:26,  2.01it/s]
 90%|████████████████████████████████████████████████████████████▍      | 487/540 [03:11<00:21,  2.41it/s]
 90%|████████████████████████████████████████████████████████████▌      | 488/540 [03:11<00:18,  2.82it/s]
 91%|████████████████████████████████████████████████████████████▋      | 489/540 [03:11<00:15,  3.20it/s]
 91%|████████████████████████████████████████████████████████████▊      | 490/540 [03:11<00:14,  3.54it/s]
 91%|████████████████████████████████████████████████████████████▉      | 491/540 [03:12<00:12,  3.82it/s]
 91%|█████████████████████████████████████████████████████████████      | 492/540 [03:12<00:11,  4.05it/s]
 91%|█████████████████████████████████████████████████████████████▏     | 493/540 [03:12<00:11,  4.23it/s]
 91%|█████████████████████████████████████████████████████████████▎     | 494/540 [03:12<00:10,  4.37it/s]
 92%|█████████████████████████████████████████████████████████████▍     | 495/540 [03:12<00:10,  4.46it/s]
 92%|█████████████████████████████████████████████████████████████▌     | 496/540 [03:13<00:09,  4.54it/s]
 92%|█████████████████████████████████████████████████████████████▋     | 497/540 [03:13<00:09,  4.59it/s]
 92%|█████████████████████████████████████████████████████████████▊     | 498/540 [03:13<00:09,  4.63it/s]
 92%|█████████████████████████████████████████████████████████████▉     | 499/540 [03:13<00:08,  4.66it/s]
 93%|██████████████████████████████████████████████████████████████     | 500/540 [03:14<00:08,  4.68it/s]
                                                                                                          

 93%|██████████████████████████████████████████████████████████████     | 500/540 [03:14<00:08,  4.68it/s]
 93%|██████████████████████████████████████████████████████████████▏    | 501/540 [03:14<00:08,  4.69it/s]
 93%|██████████████████████████████████████████████████████████████▎    | 502/540 [03:14<00:08,  4.70it/s]
 93%|██████████████████████████████████████████████████████████████▍    | 503/540 [03:14<00:07,  4.71it/s]
 93%|██████████████████████████████████████████████████████████████▌    | 504/540 [03:14<00:07,  4.70it/s]
 94%|██████████████████████████████████████████████████████████████▋    | 505/540 [03:15<00:07,  4.72it/s]
 94%|██████████████████████████████████████████████████████████████▊    | 506/540 [03:15<00:07,  4.72it/s]
 94%|██████████████████████████████████████████████████████████████▉    | 507/540 [03:15<00:06,  4.72it/s]
 94%|███████████████████████████████████████████████████████████████    | 508/540 [03:15<00:06,  4.72it/s]
 94%|███████████████████████████████████████████████████████████████▏   | 509/540 [03:15<00:06,  4.72it/s]{'loss': '0.4154', 'grad_norm': '3.677', 'learning_rate': '4.412e-06', 'epoch': '16.68'}


Writing model shards:   0%|                                                         | 0/1 [00:00<?, ?it/s][A

Writing model shards: 100%|█████████████████████████████████████████████████| 1/1 [00:01<00:00,  1.50s/it][A
Writing model shards: 100%|█████████████████████████████████████████████████| 1/1 [00:01<00:00,  1.56s/it]

 95%|███████████████████████████████████████████████████████████████▍   | 511/540 [03:22<00:47,  1.65s/it]
 95%|███████████████████████████████████████████████████████████████▌   | 512/540 [03:22<00:36,  1.29s/it]
 95%|███████████████████████████████████████████████████████████████▋   | 513/540 [03:22<00:27,  1.01s/it]
 95%|███████████████████████████████████████████████████████████████▊   | 514/540 [03:23<00:20,  1.26it/s]
 95%|███████████████████████████████████████████████████████████████▉   | 515/540 [03:23<00:15,  1.59it/s]
 96%|████████████████████████████████████████████████████████████████   | 516/540 [03:23<00:12,  1.96it/s]
 96%|████████████████████████████████████████████████████████████████▏  | 517/540 [03:23<00:09,  2.36it/s]
 96%|████████████████████████████████████████████████████████████████▎  | 518/540 [03:24<00:07,  2.77it/s]
 96%|████████████████████████████████████████████████████████████████▍  | 519/540 [03:24<00:06,  3.15it/s]
 96%|████████████████████████████████████████████████████████████████▌  | 520/540 [03:24<00:05,  3.49it/s]
 96%|████████████████████████████████████████████████████████████████▋  | 521/540 [03:24<00:05,  3.78it/s]
 97%|████████████████████████████████████████████████████████████████▊  | 522/540 [03:24<00:04,  4.02it/s]
 97%|████████████████████████████████████████████████████████████████▉  | 523/540 [03:25<00:04,  4.21it/s]
 97%|█████████████████████████████████████████████████████████████████  | 524/540 [03:25<00:03,  4.35it/s]
 97%|█████████████████████████████████████████████████████████████████▏ | 525/540 [03:25<00:03,  4.46it/s]
                                                                                                          

 97%|█████████████████████████████████████████████████████████████████▏ | 525/540 [03:25<00:03,  4.46it/s]
 97%|█████████████████████████████████████████████████████████████████▎ | 526/540 [03:25<00:03,  4.53it/s]
 98%|█████████████████████████████████████████████████████████████████▍ | 527/540 [03:25<00:02,  4.59it/s]
 98%|█████████████████████████████████████████████████████████████████▌ | 528/540 [03:26<00:02,  4.62it/s]
 98%|█████████████████████████████████████████████████████████████████▋ | 529/540 [03:26<00:02,  4.65it/s]
 98%|█████████████████████████████████████████████████████████████████▊ | 530/540 [03:26<00:02,  4.67it/s]
 98%|█████████████████████████████████████████████████████████████████▉ | 531/540 [03:26<00:01,  4.69it/s]
 99%|██████████████████████████████████████████████████████████████████ | 532/540 [03:27<00:01,  4.68it/s]
 99%|██████████████████████████████████████████████████████████████████▏| 533/540 [03:27<00:01,  4.70it/s]
 99%|██████████████████████████████████████████████████████████████████▎| 534/540 [03:27<00:01,  4.70it/s]
 99%|██████████████████████████████████████████████████████████████████▍| 535/540 [03:27<00:01,  4.71it/s]
 99%|██████████████████████████████████████████████████████████████████▌| 536/540 [03:27<00:00,  4.70it/s]
 99%|██████████████████████████████████████████████████████████████████▋| 537/540 [03:28<00:00,  4.72it/s]
100%|██████████████████████████████████████████████████████████████████▊| 538/540 [03:28<00:00,  4.72it/s]
100%|██████████████████████████████████████████████████████████████████▉| 539/540 [03:28<00:00,  4.72it/s]{'loss': '0.4005', 'grad_norm': '3.703', 'learning_rate': '1.961e-06', 'epoch': '17.51'}


Writing model shards:   0%|                                                         | 0/1 [00:00<?, ?it/s][A

Writing model shards: 100%|█████████████████████████████████████████████████| 1/1 [00:01<00:00,  1.39s/it][A
Writing model shards: 100%|█████████████████████████████████████████████████| 1/1 [00:01<00:00,  1.39s/it]

                                                                                                          

100%|███████████████████████████████████████████████████████████████████| 540/540 [03:35<00:00,  4.72it/s]
100%|███████████████████████████████████████████████████████████████████| 540/540 [03:35<00:00,  2.51it/s]
{'train_runtime': '215', 'train_samples_per_second': '38.93', 'train_steps_per_second': '2.511', 'train_loss': '0.8967', 'epoch': '18'}

  0%|                                                                               | 0/9 [00:00<?, ?it/s]
 44%|███████████████████████████████▌                                       | 4/9 [00:00<00:00, 35.62it/s]
 89%|███████████████████████████████████████████████████████████████        | 8/9 [00:00<00:00, 31.32it/s]
100%|███████████████████████████████████████████████████████████████████████| 9/9 [00:00<00:00, 31.46it/s]

Writing model shards:   0%|                                                         | 0/1 [00:00<?, ?it/s]
Writing model shards: 100%|█████████████████████████████████████████████████| 1/1 [00:01<00:00,  1.67s/it]
Writing model shards: 100%|█████████████████████████████████████████████████| 1/1 [00:01<00:00,  1.67s/it]

Loading weights:   0%|                                                            | 0/292 [00:00<?, ?it/s]
Loading weights:  66%|███████████████████████████████▉                | 194/292 [00:00<00:00, 1927.77it/s]
Loading weights: 100%|████████████████████████████████████████████████| 292/292 [00:00<00:00, 1732.13it/s]

Loading weights:   0%|                                                            | 0/292 [00:00<?, ?it/s]
Loading weights:  86%|█████████████████████████████████████████       | 250/292 [00:00<00:00, 2492.18it/s]
Loading weights: 100%|████████████████████████████████████████████████| 292/292 [00:00<00:00, 2058.37it/s]

Loading weights:   0%|                                                            | 0/292 [00:00<?, ?it/s]
Loading weights:  16%|███████▉                                          | 46/292 [00:00<00:00, 443.26it/s]
Loading weights:  32%|████████████████                                  | 94/292 [00:00<00:00, 445.97it/s]
Loading weights:  49%|███████████████████████▊                         | 142/292 [00:00<00:00, 445.09it/s]
Loading weights:  65%|███████████████████████████████▉                 | 190/292 [00:00<00:00, 446.05it/s]
Loading weights:  82%|███████████████████████████████████████▉         | 238/292 [00:00<00:00, 445.44it/s]
Loading weights:  98%|███████████████████████████████████████████████▉ | 286/292 [00:00<00:00, 446.53it/s]
Loading weights: 100%|█████████████████████████████████████████████████| 292/292 [00:00<00:00, 433.85it/s]

Loading weights:   0%|                                                            | 0/292 [00:00<?, ?it/s]
Loading weights:  53%|█████████████████████████▋                      | 156/292 [00:00<00:00, 1545.99it/s]
Loading weights: 100%|████████████████████████████████████████████████| 292/292 [00:00<00:00, 1451.83it/s]

Loading weights:   0%|                                                            | 0/196 [00:00<?, ?it/s]
Loading weights:   1%|▎                                                   | 1/196 [00:00<00:22,  8.69it/s]
Loading weights:  35%|█████████████████▎                                | 68/196 [00:00<00:00, 354.77it/s]
Loading weights:  55%|██████████████████████████▉                      | 108/196 [00:00<00:00, 366.85it/s]
Loading weights:  78%|██████████████████████████████████████           | 152/196 [00:00<00:00, 386.77it/s]
Loading weights: 100%|█████████████████████████████████████████████████| 196/196 [00:00<00:00, 367.88it/s]
[RANK 0] Detected kernel version 5.4.0, which is below the recommended minimum of 5.5.0; this can cause the process to hang. It is recommended to upgrade the kernel to the minimum version or higher.

  0%|                                                                             | 0/360 [00:00<?, ?it/s]
  0%|▏                                                                    | 1/360 [00:00<02:48,  2.14it/s]
  1%|▍                                                                    | 2/360 [00:00<02:39,  2.25it/s]
  1%|▌                                                                    | 3/360 [00:01<02:38,  2.25it/s]
  1%|▊                                                                    | 4/360 [00:01<02:37,  2.26it/s]
  1%|▉                                                                    | 5/360 [00:02<02:37,  2.26it/s]
  2%|█▏                                                                   | 6/360 [00:02<02:36,  2.26it/s]
  2%|█▎                                                                   | 7/360 [00:03<02:36,  2.26it/s]
  2%|█▌                                                                   | 8/360 [00:03<02:35,  2.26it/s]
  2%|█▋                                                                   | 9/360 [00:03<02:35,  2.26it/s]
  3%|█▉                                                                  | 10/360 [00:04<02:34,  2.27it/s]
  3%|██                                                                  | 11/360 [00:04<02:33,  2.27it/s]
  3%|██▎                                                                 | 12/360 [00:05<02:33,  2.27it/s]
  4%|██▍                                                                 | 13/360 [00:05<02:33,  2.27it/s]
  4%|██▋                                                                 | 14/360 [00:06<02:32,  2.27it/s]
  4%|██▊                                                                 | 15/360 [00:06<02:32,  2.27it/s]
  4%|███                                                                 | 16/360 [00:07<02:31,  2.27it/s]
  5%|███▏                                                                | 17/360 [00:07<02:32,  2.26it/s]
  5%|███▍                                                                | 18/360 [00:07<02:31,  2.25it/s]
  5%|███▌                                                                | 19/360 [00:08<02:31,  2.25it/s]
  6%|███▊                                                                | 20/360 [00:08<02:30,  2.25it/s]
  6%|███▉                                                                | 21/360 [00:09<02:30,  2.25it/s]
  6%|████▏                                                               | 22/360 [00:09<02:29,  2.25it/s]
  6%|████▎                                                               | 23/360 [00:10<02:29,  2.26it/s]
  7%|████▌                                                               | 24/360 [00:10<02:28,  2.26it/s]
  7%|████▋                                                               | 25/360 [00:11<02:28,  2.26it/s]
                                                                                                          

  7%|████▋                                                               | 25/360 [00:11<02:28,  2.26it/s]
  7%|████▉                                                               | 26/360 [00:11<02:27,  2.26it/s]
  8%|█████                                                               | 27/360 [00:11<02:27,  2.26it/s]
  8%|█████▎                                                              | 28/360 [00:12<02:26,  2.26it/s]
  8%|█████▍                                                              | 29/360 [00:12<02:26,  2.27it/s]
  8%|█████▋                                                              | 30/360 [00:12<01:57,  2.82it/s]{'loss': '1.906', 'grad_norm': '4.111', 'learning_rate': '4e-05', 'epoch': '0.8547'}


Writing model shards:   0%|                                                         | 0/1 [00:00<?, ?it/s][A

Writing model shards: 100%|█████████████████████████████████████████████████| 1/1 [00:05<00:00,  5.70s/it][A
Writing model shards: 100%|█████████████████████████████████████████████████| 1/1 [00:05<00:00,  5.71s/it]

  9%|█████▊                                                              | 31/360 [00:29<28:52,  5.26s/it]
  9%|██████                                                              | 32/360 [00:30<20:52,  3.82s/it]
  9%|██████▏                                                             | 33/360 [00:30<15:17,  2.81s/it]
  9%|██████▍                                                             | 34/360 [00:31<11:23,  2.10s/it]
 10%|██████▌                                                             | 35/360 [00:31<08:40,  1.60s/it]
 10%|██████▊                                                             | 36/360 [00:31<06:45,  1.25s/it]
 10%|██████▉                                                             | 37/360 [00:32<05:25,  1.01s/it]
 11%|███████▏                                                            | 38/360 [00:32<04:30,  1.19it/s]
 11%|███████▎                                                            | 39/360 [00:33<03:50,  1.39it/s]
 11%|███████▌                                                            | 40/360 [00:33<03:23,  1.57it/s]
 11%|███████▋                                                            | 41/360 [00:34<03:04,  1.73it/s]
 12%|███████▉                                                            | 42/360 [00:34<02:50,  1.87it/s]
 12%|████████                                                            | 43/360 [00:35<02:40,  1.97it/s]
 12%|████████▎                                                           | 44/360 [00:35<02:34,  2.05it/s]
 12%|████████▌                                                           | 45/360 [00:35<02:29,  2.11it/s]
 13%|████████▋                                                           | 46/360 [00:36<02:26,  2.14it/s]
 13%|████████▉                                                           | 47/360 [00:36<02:23,  2.17it/s]
 13%|█████████                                                           | 48/360 [00:37<02:21,  2.20it/s]
 14%|█████████▎                                                          | 49/360 [00:37<02:20,  2.21it/s]
 14%|█████████▍                                                          | 50/360 [00:38<02:19,  2.22it/s]
                                                                                                          

 14%|█████████▍                                                          | 50/360 [00:38<02:19,  2.22it/s]
 14%|█████████▋                                                          | 51/360 [00:38<02:18,  2.23it/s]
 14%|█████████▊                                                          | 52/360 [00:39<02:18,  2.23it/s]
 15%|██████████                                                          | 53/360 [00:39<02:17,  2.23it/s]
 15%|██████████▏                                                         | 54/360 [00:39<02:16,  2.23it/s]
 15%|██████████▍                                                         | 55/360 [00:40<02:16,  2.24it/s]
 16%|██████████▌                                                         | 56/360 [00:40<02:15,  2.24it/s]
 16%|██████████▊                                                         | 57/360 [00:41<02:15,  2.24it/s]
 16%|██████████▉                                                         | 58/360 [00:41<02:14,  2.24it/s]
 16%|███████████▏                                                        | 59/360 [00:42<02:13,  2.25it/s]
 17%|███████████▎                                                        | 60/360 [00:42<01:47,  2.80it/s]{'loss': '1.133', 'grad_norm': '4.958', 'learning_rate': '4.712e-05', 'epoch': '1.684'}


Writing model shards:   0%|                                                         | 0/1 [00:00<?, ?it/s][A

Writing model shards: 100%|█████████████████████████████████████████████████| 1/1 [00:06<00:00,  6.58s/it][A
Writing model shards: 100%|█████████████████████████████████████████████████| 1/1 [00:06<00:00,  6.58s/it]

 17%|███████████▌                                                        | 61/360 [00:59<27:42,  5.56s/it]
 17%|███████████▋                                                        | 62/360 [01:00<19:59,  4.02s/it]
 18%|███████████▉                                                        | 63/360 [01:00<14:37,  2.95s/it]
 18%|████████████                                                        | 64/360 [01:01<10:53,  2.21s/it]
 18%|████████████▎                                                       | 65/360 [01:01<08:16,  1.68s/it]
 18%|████████████▍                                                       | 66/360 [01:02<06:25,  1.31s/it]
 19%|████████████▋                                                       | 67/360 [01:02<05:08,  1.05s/it]
 19%|████████████▊                                                       | 68/360 [01:03<04:15,  1.14it/s]
 19%|█████████████                                                       | 69/360 [01:03<03:36,  1.34it/s]
 19%|█████████████▏                                                      | 70/360 [01:04<03:09,  1.53it/s]
 20%|█████████████▍                                                      | 71/360 [01:04<02:50,  1.69it/s]
 20%|█████████████▌                                                      | 72/360 [01:04<02:36,  1.83it/s]
 20%|█████████████▊                                                      | 73/360 [01:05<02:27,  1.95it/s]
 21%|█████████████▉                                                      | 74/360 [01:05<02:20,  2.03it/s]
 21%|██████████████▏                                                     | 75/360 [01:06<02:16,  2.09it/s]
                                                                                                          

 21%|██████████████▏                                                     | 75/360 [01:06<02:16,  2.09it/s]
 21%|██████████████▎                                                     | 76/360 [01:06<02:12,  2.14it/s]
 21%|██████████████▌                                                     | 77/360 [01:07<02:09,  2.18it/s]
 22%|██████████████▋                                                     | 78/360 [01:07<02:07,  2.20it/s]
 22%|██████████████▉                                                     | 79/360 [01:08<02:06,  2.22it/s]
 22%|███████████████                                                     | 80/360 [01:08<02:05,  2.23it/s]
 22%|███████████████▎                                                    | 81/360 [01:08<02:06,  2.21it/s]
 23%|███████████████▍                                                    | 82/360 [01:09<02:05,  2.22it/s]
 23%|███████████████▋                                                    | 83/360 [01:09<02:04,  2.23it/s]
 23%|███████████████▊                                                    | 84/360 [01:10<02:04,  2.21it/s]
 24%|████████████████                                                    | 85/360 [01:10<02:04,  2.21it/s]
 24%|████████████████▏                                                   | 86/360 [01:11<02:03,  2.22it/s]
 24%|████████████████▍                                                   | 87/360 [01:11<02:02,  2.23it/s]
 24%|████████████████▌                                                   | 88/360 [01:12<02:02,  2.22it/s]
 25%|████████████████▊                                                   | 89/360 [01:12<02:01,  2.23it/s]
 25%|█████████████████                                                   | 90/360 [01:12<01:37,  2.78it/s]{'loss': '0.8342', 'grad_norm': '3.796', 'learning_rate': '4.333e-05', 'epoch': '2.513'}


Writing model shards:   0%|                                                         | 0/1 [00:00<?, ?it/s][A

Writing model shards: 100%|█████████████████████████████████████████████████| 1/1 [00:05<00:00,  5.80s/it][A
Writing model shards: 100%|█████████████████████████████████████████████████| 1/1 [00:05<00:00,  5.80s/it]

 25%|█████████████████▏                                                  | 91/360 [01:31<26:51,  5.99s/it]
 26%|█████████████████▍                                                  | 92/360 [01:32<19:19,  4.33s/it]
 26%|█████████████████▌                                                  | 93/360 [01:32<14:04,  3.16s/it]
 26%|█████████████████▊                                                  | 94/360 [01:33<10:24,  2.35s/it]
 26%|█████████████████▉                                                  | 95/360 [01:33<07:50,  1.78s/it]
 27%|██████████████████▏                                                 | 96/360 [01:34<06:03,  1.38s/it]
 27%|██████████████████▎                                                 | 97/360 [01:34<04:48,  1.10s/it]
 27%|██████████████████▌                                                 | 98/360 [01:34<03:55,  1.11it/s]
 28%|██████████████████▋                                                 | 99/360 [01:35<03:19,  1.31it/s]
 28%|██████████████████▌                                                | 100/360 [01:35<02:53,  1.50it/s]
                                                                                                          

 28%|██████████████████▌                                                | 100/360 [01:35<02:53,  1.50it/s]
 28%|██████████████████▊                                                | 101/360 [01:36<02:35,  1.67it/s]
 28%|██████████████████▉                                                | 102/360 [01:36<02:22,  1.81it/s]
 29%|███████████████████▏                                               | 103/360 [01:37<02:13,  1.92it/s]
 29%|███████████████████▎                                               | 104/360 [01:37<02:07,  2.01it/s]
 29%|███████████████████▌                                               | 105/360 [01:38<02:02,  2.08it/s]
 29%|███████████████████▋                                               | 106/360 [01:38<01:59,  2.13it/s]
 30%|███████████████████▉                                               | 107/360 [01:38<01:57,  2.16it/s]
 30%|████████████████████                                               | 108/360 [01:39<01:55,  2.19it/s]
 30%|████████████████████▎                                              | 109/360 [01:39<01:53,  2.21it/s]
 31%|████████████████████▍                                              | 110/360 [01:40<01:52,  2.21it/s]
 31%|████████████████████▋                                              | 111/360 [01:40<01:52,  2.22it/s]
 31%|████████████████████▊                                              | 112/360 [01:41<01:51,  2.23it/s]
 31%|█████████████████████                                              | 113/360 [01:41<01:50,  2.23it/s]
 32%|█████████████████████▏                                             | 114/360 [01:42<01:49,  2.24it/s]
 32%|█████████████████████▍                                             | 115/360 [01:42<01:49,  2.25it/s]
 32%|█████████████████████▌                                             | 116/360 [01:42<01:48,  2.25it/s]
 32%|█████████████████████▊                                             | 117/360 [01:43<01:48,  2.25it/s]
 33%|█████████████████████▉                                             | 118/360 [01:43<01:47,  2.24it/s]
 33%|██████████████████████▏                                            | 119/360 [01:44<01:47,  2.25it/s]
 33%|██████████████████████▎                                            | 120/360 [01:44<01:25,  2.81it/s]{'loss': '0.5555', 'grad_norm': '4.247', 'learning_rate': '3.955e-05', 'epoch': '3.342'}


Writing model shards:   0%|                                                         | 0/1 [00:00<?, ?it/s][A

Writing model shards: 100%|█████████████████████████████████████████████████| 1/1 [00:05<00:00,  5.90s/it][A
Writing model shards: 100%|█████████████████████████████████████████████████| 1/1 [00:05<00:00,  5.90s/it]

 34%|██████████████████████▌                                            | 121/360 [02:02<23:14,  5.83s/it]
 34%|██████████████████████▋                                            | 122/360 [02:03<16:43,  4.22s/it]
 34%|██████████████████████▉                                            | 123/360 [02:03<12:11,  3.09s/it]
 34%|███████████████████████                                            | 124/360 [02:04<09:01,  2.29s/it]
 35%|███████████████████████▎                                           | 125/360 [02:04<06:48,  1.74s/it]
                                                                                                          

 35%|███████████████████████▎                                           | 125/360 [02:04<06:48,  1.74s/it]
 35%|███████████████████████▍                                           | 126/360 [02:05<05:16,  1.35s/it]
 35%|███████████████████████▋                                           | 127/360 [02:05<04:11,  1.08s/it]
 36%|███████████████████████▊                                           | 128/360 [02:06<03:26,  1.12it/s]
 36%|████████████████████████                                           | 129/360 [02:06<02:54,  1.32it/s]
 36%|████████████████████████▏                                          | 130/360 [02:07<02:32,  1.51it/s]
 36%|████████████████████████▍                                          | 131/360 [02:07<02:16,  1.68it/s]
 37%|████████████████████████▌                                          | 132/360 [02:07<02:05,  1.81it/s]
 37%|████████████████████████▊                                          | 133/360 [02:08<01:57,  1.93it/s]
 37%|████████████████████████▉                                          | 134/360 [02:08<01:52,  2.01it/s]
 38%|█████████████████████████▏                                         | 135/360 [02:09<01:48,  2.08it/s]
 38%|█████████████████████████▎                                         | 136/360 [02:09<01:45,  2.13it/s]
 38%|█████████████████████████▍                                         | 137/360 [02:10<01:43,  2.16it/s]
 38%|█████████████████████████▋                                         | 138/360 [02:10<01:41,  2.19it/s]
 39%|█████████████████████████▊                                         | 139/360 [02:10<01:40,  2.21it/s]
 39%|██████████████████████████                                         | 140/360 [02:11<01:39,  2.22it/s]
 39%|██████████████████████████▏                                        | 141/360 [02:11<01:38,  2.23it/s]
 39%|██████████████████████████▍                                        | 142/360 [02:12<01:37,  2.23it/s]
 40%|██████████████████████████▌                                        | 143/360 [02:12<01:36,  2.24it/s]
 40%|██████████████████████████▊                                        | 144/360 [02:13<01:36,  2.24it/s]
 40%|██████████████████████████▉                                        | 145/360 [02:13<01:36,  2.24it/s]
 41%|███████████████████████████▏                                       | 146/360 [02:14<01:35,  2.24it/s]
 41%|███████████████████████████▎                                       | 147/360 [02:14<01:34,  2.25it/s]
 41%|███████████████████████████▌                                       | 148/360 [02:15<01:34,  2.25it/s]
 41%|███████████████████████████▋                                       | 149/360 [02:15<01:33,  2.25it/s]
 42%|███████████████████████████▉                                       | 150/360 [02:15<01:14,  2.80it/s]
                                                                                                          

 42%|███████████████████████████▉                                       | 150/360 [02:15<01:14,  2.80it/s]{'loss': '0.3932', 'grad_norm': '3.49', 'learning_rate': '3.591e-05', 'epoch': '4.171'}
{'loss': '0.3009', 'grad_norm': '8.243', 'learning_rate': '3.212e-05', 'epoch': '5'}


Writing model shards:   0%|                                                         | 0/1 [00:00<?, ?it/s][A

Writing model shards: 100%|█████████████████████████████████████████████████| 1/1 [00:06<00:00,  6.75s/it][A
Writing model shards: 100%|█████████████████████████████████████████████████| 1/1 [00:06<00:00,  6.75s/it]

 42%|████████████████████████████                                       | 151/360 [02:36<22:22,  6.42s/it]
 42%|████████████████████████████▎                                      | 152/360 [02:36<16:02,  4.63s/it]
 42%|████████████████████████████▍                                      | 153/360 [02:37<11:39,  3.38s/it]
 43%|████████████████████████████▋                                      | 154/360 [02:37<08:34,  2.50s/it]
 43%|████████████████████████████▊                                      | 155/360 [02:37<06:26,  1.88s/it]
 43%|█████████████████████████████                                      | 156/360 [02:38<04:56,  1.45s/it]
 44%|█████████████████████████████▏                                     | 157/360 [02:38<03:53,  1.15s/it]
 44%|█████████████████████████████▍                                     | 158/360 [02:39<03:09,  1.07it/s]
 44%|█████████████████████████████▌                                     | 159/360 [02:39<02:38,  1.27it/s]
 44%|█████████████████████████████▊                                     | 160/360 [02:40<02:17,  1.46it/s]
 45%|█████████████████████████████▉                                     | 161/360 [02:40<02:02,  1.63it/s]
 45%|██████████████████████████████▏                                    | 162/360 [02:41<01:51,  1.78it/s]
 45%|██████████████████████████████▎                                    | 163/360 [02:41<01:43,  1.90it/s]
 46%|██████████████████████████████▌                                    | 164/360 [02:41<01:38,  1.99it/s]
 46%|██████████████████████████████▋                                    | 165/360 [02:42<01:34,  2.07it/s]
 46%|██████████████████████████████▉                                    | 166/360 [02:42<01:31,  2.12it/s]
 46%|███████████████████████████████                                    | 167/360 [02:43<01:29,  2.16it/s]
 47%|███████████████████████████████▎                                   | 168/360 [02:43<01:27,  2.19it/s]
 47%|███████████████████████████████▍                                   | 169/360 [02:44<01:26,  2.20it/s]
 47%|███████████████████████████████▋                                   | 170/360 [02:44<01:25,  2.22it/s]
 48%|███████████████████████████████▊                                   | 171/360 [02:45<01:24,  2.23it/s]
 48%|████████████████████████████████                                   | 172/360 [02:45<01:24,  2.23it/s]
 48%|████████████████████████████████▏                                  | 173/360 [02:45<01:23,  2.23it/s]
 48%|████████████████████████████████▍                                  | 174/360 [02:46<01:23,  2.24it/s]
 49%|████████████████████████████████▌                                  | 175/360 [02:46<01:22,  2.25it/s]
                                                                                                          

 49%|████████████████████████████████▌                                  | 175/360 [02:46<01:22,  2.25it/s]
 49%|████████████████████████████████▊                                  | 176/360 [02:47<01:21,  2.25it/s]
 49%|████████████████████████████████▉                                  | 177/360 [02:47<01:21,  2.25it/s]
 49%|█████████████████████████████████▏                                 | 178/360 [02:48<01:20,  2.26it/s]
 50%|█████████████████████████████████▎                                 | 179/360 [02:48<01:20,  2.25it/s]
 50%|█████████████████████████████████▌                                 | 180/360 [02:48<01:04,  2.80it/s]{'loss': '0.2233', 'grad_norm': '2.255', 'learning_rate': '2.833e-05', 'epoch': '5.855'}


Writing model shards:   0%|                                                         | 0/1 [00:00<?, ?it/s][A

Writing model shards: 100%|█████████████████████████████████████████████████| 1/1 [00:05<00:00,  5.35s/it][A
Writing model shards: 100%|█████████████████████████████████████████████████| 1/1 [00:05<00:00,  5.35s/it]

 50%|█████████████████████████████████▋                                 | 181/360 [03:05<15:43,  5.27s/it]
 51%|█████████████████████████████████▊                                 | 182/360 [03:05<11:20,  3.82s/it]
 51%|██████████████████████████████████                                 | 183/360 [03:06<08:17,  2.81s/it]
 51%|██████████████████████████████████▏                                | 184/360 [03:06<06:09,  2.10s/it]
 51%|██████████████████████████████████▍                                | 185/360 [03:07<04:40,  1.60s/it]
 52%|██████████████████████████████████▌                                | 186/360 [03:07<03:38,  1.25s/it]
 52%|██████████████████████████████████▊                                | 187/360 [03:08<02:54,  1.01s/it]
 52%|██████████████████████████████████▉                                | 188/360 [03:08<02:24,  1.19it/s]
 52%|███████████████████████████████████▏                               | 189/360 [03:09<02:03,  1.39it/s]
 53%|███████████████████████████████████▎                               | 190/360 [03:09<01:48,  1.57it/s]
 53%|███████████████████████████████████▌                               | 191/360 [03:09<01:38,  1.72it/s]
 53%|███████████████████████████████████▋                               | 192/360 [03:10<01:30,  1.86it/s]
 54%|███████████████████████████████████▉                               | 193/360 [03:10<01:25,  1.96it/s]
 54%|████████████████████████████████████                               | 194/360 [03:11<01:21,  2.04it/s]
 54%|████████████████████████████████████▎                              | 195/360 [03:11<01:18,  2.10it/s]
 54%|████████████████████████████████████▍                              | 196/360 [03:12<01:16,  2.15it/s]
 55%|████████████████████████████████████▋                              | 197/360 [03:12<01:14,  2.18it/s]
 55%|████████████████████████████████████▊                              | 198/360 [03:13<01:13,  2.20it/s]
 55%|█████████████████████████████████████                              | 199/360 [03:13<01:12,  2.22it/s]
 56%|█████████████████████████████████████▏                             | 200/360 [03:13<01:11,  2.23it/s]
                                                                                                          

 56%|█████████████████████████████████████▏                             | 200/360 [03:13<01:11,  2.23it/s]
 56%|█████████████████████████████████████▍                             | 201/360 [03:14<01:11,  2.24it/s]
 56%|█████████████████████████████████████▌                             | 202/360 [03:14<01:10,  2.24it/s]
 56%|█████████████████████████████████████▊                             | 203/360 [03:15<01:09,  2.25it/s]
 57%|█████████████████████████████████████▉                             | 204/360 [03:15<01:09,  2.25it/s]
 57%|██████████████████████████████████████▏                            | 205/360 [03:16<01:08,  2.25it/s]
 57%|██████████████████████████████████████▎                            | 206/360 [03:16<01:08,  2.25it/s]
 57%|██████████████████████████████████████▌                            | 207/360 [03:17<01:07,  2.25it/s]
 58%|██████████████████████████████████████▋                            | 208/360 [03:17<01:07,  2.25it/s]
 58%|██████████████████████████████████████▉                            | 209/360 [03:17<01:06,  2.26it/s]
 58%|███████████████████████████████████████                            | 210/360 [03:18<00:53,  2.81it/s]{'loss': '0.193', 'grad_norm': '1.73', 'learning_rate': '2.455e-05', 'epoch': '6.684'}


Writing model shards:   0%|                                                         | 0/1 [00:00<?, ?it/s][A

Writing model shards: 100%|█████████████████████████████████████████████████| 1/1 [00:06<00:00,  6.74s/it][A
Writing model shards: 100%|█████████████████████████████████████████████████| 1/1 [00:06<00:00,  6.74s/it]

 59%|███████████████████████████████████████▎                           | 211/360 [03:36<14:18,  5.76s/it]
 59%|███████████████████████████████████████▍                           | 212/360 [03:36<10:16,  4.17s/it]
 59%|███████████████████████████████████████▋                           | 213/360 [03:37<07:28,  3.05s/it]
 59%|███████████████████████████████████████▊                           | 214/360 [03:37<05:31,  2.27s/it]
 60%|████████████████████████████████████████                           | 215/360 [03:38<04:09,  1.72s/it]
 60%|████████████████████████████████████████▏                          | 216/360 [03:38<03:12,  1.34s/it]
 60%|████████████████████████████████████████▍                          | 217/360 [03:39<02:32,  1.07s/it]
 61%|████████████████████████████████████████▌                          | 218/360 [03:39<02:05,  1.14it/s]
 61%|████████████████████████████████████████▊                          | 219/360 [03:39<01:45,  1.34it/s]
 61%|████████████████████████████████████████▉                          | 220/360 [03:40<01:31,  1.52it/s]
 61%|█████████████████████████████████████████▏                         | 221/360 [03:40<01:22,  1.69it/s]
 62%|█████████████████████████████████████████▎                         | 222/360 [03:41<01:15,  1.83it/s]
 62%|█████████████████████████████████████████▌                         | 223/360 [03:41<01:10,  1.94it/s]
 62%|█████████████████████████████████████████▋                         | 224/360 [03:42<01:07,  2.02it/s]
 62%|█████████████████████████████████████████▉                         | 225/360 [03:42<01:04,  2.09it/s]
                                                                                                          

 62%|█████████████████████████████████████████▉                         | 225/360 [03:42<01:04,  2.09it/s]
 63%|██████████████████████████████████████████                         | 226/360 [03:43<01:02,  2.14it/s]
 63%|██████████████████████████████████████████▏                        | 227/360 [03:43<01:01,  2.17it/s]
 63%|██████████████████████████████████████████▍                        | 228/360 [03:43<01:00,  2.20it/s]
 64%|██████████████████████████████████████████▌                        | 229/360 [03:44<00:59,  2.22it/s]
 64%|██████████████████████████████████████████▊                        | 230/360 [03:44<00:58,  2.23it/s]
 64%|██████████████████████████████████████████▉                        | 231/360 [03:45<00:57,  2.24it/s]
 64%|███████████████████████████████████████████▏                       | 232/360 [03:45<00:57,  2.24it/s]
 65%|███████████████████████████████████████████▎                       | 233/360 [03:46<00:56,  2.25it/s]
 65%|███████████████████████████████████████████▌                       | 234/360 [03:46<00:55,  2.25it/s]
 65%|███████████████████████████████████████████▋                       | 235/360 [03:47<00:55,  2.25it/s]
 66%|███████████████████████████████████████████▉                       | 236/360 [03:47<00:54,  2.26it/s]
 66%|████████████████████████████████████████████                       | 237/360 [03:47<00:54,  2.26it/s]
 66%|████████████████████████████████████████████▎                      | 238/360 [03:48<00:54,  2.26it/s]
 66%|████████████████████████████████████████████▍                      | 239/360 [03:48<00:53,  2.26it/s]
 67%|████████████████████████████████████████████▋                      | 240/360 [03:48<00:42,  2.81it/s]{'loss': '0.1636', 'grad_norm': '1.371', 'learning_rate': '2.076e-05', 'epoch': '7.513'}


Writing model shards:   0%|                                                         | 0/1 [00:00<?, ?it/s][A

Writing model shards: 100%|█████████████████████████████████████████████████| 1/1 [00:05<00:00,  5.44s/it][A
Writing model shards: 100%|█████████████████████████████████████████████████| 1/1 [00:05<00:00,  5.44s/it]

 67%|████████████████████████████████████████████▊                      | 241/360 [04:07<11:27,  5.78s/it]
 67%|█████████████████████████████████████████████                      | 242/360 [04:07<08:12,  4.18s/it]
 68%|█████████████████████████████████████████████▏                     | 243/360 [04:08<05:57,  3.06s/it]
 68%|█████████████████████████████████████████████▍                     | 244/360 [04:08<04:23,  2.27s/it]
 68%|█████████████████████████████████████████████▌                     | 245/360 [04:09<03:18,  1.72s/it]
 68%|█████████████████████████████████████████████▊                     | 246/360 [04:09<02:32,  1.34s/it]
 69%|█████████████████████████████████████████████▉                     | 247/360 [04:10<02:00,  1.07s/it]
 69%|██████████████████████████████████████████████▏                    | 248/360 [04:10<01:38,  1.14it/s]
 69%|██████████████████████████████████████████████▎                    | 249/360 [04:10<01:23,  1.34it/s]
 69%|██████████████████████████████████████████████▌                    | 250/360 [04:11<01:12,  1.52it/s]
                                                                                                          

 69%|██████████████████████████████████████████████▌                    | 250/360 [04:11<01:12,  1.52it/s]
 70%|██████████████████████████████████████████████▋                    | 251/360 [04:11<01:04,  1.69it/s]
 70%|██████████████████████████████████████████████▉                    | 252/360 [04:12<00:59,  1.83it/s]
 70%|███████████████████████████████████████████████                    | 253/360 [04:12<00:55,  1.94it/s]
 71%|███████████████████████████████████████████████▎                   | 254/360 [04:13<00:52,  2.03it/s]
 71%|███████████████████████████████████████████████▍                   | 255/360 [04:13<00:50,  2.10it/s]
 71%|███████████████████████████████████████████████▋                   | 256/360 [04:14<00:48,  2.15it/s]
 71%|███████████████████████████████████████████████▊                   | 257/360 [04:14<00:47,  2.18it/s]
 72%|████████████████████████████████████████████████                   | 258/360 [04:14<00:46,  2.21it/s]
 72%|████████████████████████████████████████████████▏                  | 259/360 [04:15<00:45,  2.22it/s]
 72%|████████████████████████████████████████████████▍                  | 260/360 [04:15<00:44,  2.24it/s]
 72%|████████████████████████████████████████████████▌                  | 261/360 [04:16<00:44,  2.25it/s]
 73%|████████████████████████████████████████████████▊                  | 262/360 [04:16<00:43,  2.25it/s]
 73%|████████████████████████████████████████████████▉                  | 263/360 [04:17<00:42,  2.26it/s]
 73%|█████████████████████████████████████████████████▏                 | 264/360 [04:17<00:42,  2.26it/s]
 74%|█████████████████████████████████████████████████▎                 | 265/360 [04:18<00:41,  2.27it/s]
 74%|█████████████████████████████████████████████████▌                 | 266/360 [04:18<00:41,  2.27it/s]
 74%|█████████████████████████████████████████████████▋                 | 267/360 [04:18<00:41,  2.27it/s]
 74%|█████████████████████████████████████████████████▉                 | 268/360 [04:19<00:40,  2.27it/s]
 75%|██████████████████████████████████████████████████                 | 269/360 [04:19<00:40,  2.27it/s]
 75%|██████████████████████████████████████████████████▎                | 270/360 [04:19<00:31,  2.83it/s]{'loss': '0.1384', 'grad_norm': '1.156', 'learning_rate': '1.697e-05', 'epoch': '8.342'}


Writing model shards:   0%|                                                         | 0/1 [00:00<?, ?it/s][A

Writing model shards: 100%|█████████████████████████████████████████████████| 1/1 [00:05<00:00,  5.07s/it][A
Writing model shards: 100%|█████████████████████████████████████████████████| 1/1 [00:05<00:00,  5.08s/it]

 75%|██████████████████████████████████████████████████▍                | 271/360 [04:36<07:47,  5.25s/it]
 76%|██████████████████████████████████████████████████▌                | 272/360 [04:37<05:35,  3.81s/it]
 76%|██████████████████████████████████████████████████▊                | 273/360 [04:37<04:03,  2.80s/it]
 76%|██████████████████████████████████████████████████▉                | 274/360 [04:37<02:59,  2.09s/it]
 76%|███████████████████████████████████████████████████▏               | 275/360 [04:38<02:15,  1.60s/it]
                                                                                                          

 76%|███████████████████████████████████████████████████▏               | 275/360 [04:38<02:15,  1.60s/it]
 77%|███████████████████████████████████████████████████▎               | 276/360 [04:38<01:45,  1.25s/it]
 77%|███████████████████████████████████████████████████▌               | 277/360 [04:39<01:23,  1.01s/it]
 77%|███████████████████████████████████████████████████▋               | 278/360 [04:39<01:08,  1.19it/s]
 78%|███████████████████████████████████████████████████▉               | 279/360 [04:40<00:58,  1.39it/s]
 78%|████████████████████████████████████████████████████               | 280/360 [04:40<00:50,  1.57it/s]
 78%|████████████████████████████████████████████████████▎              | 281/360 [04:41<00:45,  1.73it/s]
 78%|████████████████████████████████████████████████████▍              | 282/360 [04:41<00:41,  1.86it/s]
 79%|████████████████████████████████████████████████████▋              | 283/360 [04:42<00:45,  1.71it/s]
 79%|████████████████████████████████████████████████████▊              | 284/360 [04:42<00:41,  1.84it/s]
 79%|█████████████████████████████████████████████████████              | 285/360 [04:43<00:38,  1.94it/s]
 79%|█████████████████████████████████████████████████████▏             | 286/360 [04:43<00:36,  2.03it/s]
 80%|█████████████████████████████████████████████████████▍             | 287/360 [04:43<00:34,  2.09it/s]
 80%|█████████████████████████████████████████████████████▌             | 288/360 [04:44<00:33,  2.14it/s]
 80%|█████████████████████████████████████████████████████▊             | 289/360 [04:44<00:32,  2.18it/s]
 81%|█████████████████████████████████████████████████████▉             | 290/360 [04:45<00:31,  2.21it/s]
 81%|██████████████████████████████████████████████████████▏            | 291/360 [04:45<00:30,  2.23it/s]
 81%|██████████████████████████████████████████████████████▎            | 292/360 [04:46<00:30,  2.24it/s]
 81%|██████████████████████████████████████████████████████▌            | 293/360 [04:46<00:29,  2.25it/s]
 82%|██████████████████████████████████████████████████████▋            | 294/360 [04:47<00:29,  2.25it/s]
 82%|██████████████████████████████████████████████████████▉            | 295/360 [04:47<00:28,  2.26it/s]
 82%|███████████████████████████████████████████████████████            | 296/360 [04:47<00:28,  2.26it/s]
 82%|███████████████████████████████████████████████████████▎           | 297/360 [04:48<00:27,  2.26it/s]
 83%|███████████████████████████████████████████████████████▍           | 298/360 [04:48<00:27,  2.27it/s]
 83%|███████████████████████████████████████████████████████▋           | 299/360 [04:49<00:26,  2.27it/s]
 83%|███████████████████████████████████████████████████████▊           | 300/360 [04:49<00:21,  2.82it/s]
                                                                                                          

 83%|███████████████████████████████████████████████████████▊           | 300/360 [04:49<00:21,  2.82it/s]{'loss': '0.1311', 'grad_norm': '1.147', 'learning_rate': '1.318e-05', 'epoch': '9.171'}
{'loss': '0.1178', 'grad_norm': '1.969', 'learning_rate': '9.394e-06', 'epoch': '10'}


Writing model shards:   0%|                                                         | 0/1 [00:00<?, ?it/s][A

Writing model shards: 100%|█████████████████████████████████████████████████| 1/1 [00:06<00:00,  6.57s/it][A
Writing model shards: 100%|█████████████████████████████████████████████████| 1/1 [00:06<00:00,  6.57s/it]

 84%|████████████████████████████████████████████████████████           | 301/360 [05:09<06:17,  6.40s/it]
 84%|████████████████████████████████████████████████████████▏          | 302/360 [05:10<04:27,  4.61s/it]
 84%|████████████████████████████████████████████████████████▍          | 303/360 [05:10<03:11,  3.36s/it]
 84%|████████████████████████████████████████████████████████▌          | 304/360 [05:11<02:19,  2.48s/it]
 85%|████████████████████████████████████████████████████████▊          | 305/360 [05:11<01:42,  1.87s/it]
 85%|████████████████████████████████████████████████████████▉          | 306/360 [05:12<01:17,  1.44s/it]
 85%|█████████████████████████████████████████████████████████▏         | 307/360 [05:12<01:00,  1.14s/it]
 86%|█████████████████████████████████████████████████████████▎         | 308/360 [05:13<00:48,  1.07it/s]
 86%|█████████████████████████████████████████████████████████▌         | 309/360 [05:13<00:40,  1.27it/s]
 86%|█████████████████████████████████████████████████████████▋         | 310/360 [05:13<00:34,  1.46it/s]
 86%|█████████████████████████████████████████████████████████▉         | 311/360 [05:14<00:30,  1.63it/s]
 87%|██████████████████████████████████████████████████████████         | 312/360 [05:14<00:26,  1.78it/s]
 87%|██████████████████████████████████████████████████████████▎        | 313/360 [05:15<00:24,  1.90it/s]
 87%|██████████████████████████████████████████████████████████▍        | 314/360 [05:15<00:23,  2.00it/s]
 88%|██████████████████████████████████████████████████████████▋        | 315/360 [05:16<00:21,  2.07it/s]
 88%|██████████████████████████████████████████████████████████▊        | 316/360 [05:16<00:20,  2.12it/s]
 88%|██████████████████████████████████████████████████████████▉        | 317/360 [05:16<00:19,  2.16it/s]
 88%|███████████████████████████████████████████████████████████▏       | 318/360 [05:17<00:19,  2.19it/s]
 89%|███████████████████████████████████████████████████████████▎       | 319/360 [05:17<00:18,  2.21it/s]
 89%|███████████████████████████████████████████████████████████▌       | 320/360 [05:18<00:18,  2.21it/s]
 89%|███████████████████████████████████████████████████████████▋       | 321/360 [05:18<00:17,  2.23it/s]
 89%|███████████████████████████████████████████████████████████▉       | 322/360 [05:19<00:16,  2.24it/s]
 90%|████████████████████████████████████████████████████████████       | 323/360 [05:19<00:16,  2.25it/s]
 90%|████████████████████████████████████████████████████████████▎      | 324/360 [05:20<00:16,  2.25it/s]
 90%|████████████████████████████████████████████████████████████▍      | 325/360 [05:20<00:15,  2.25it/s]
                                                                                                          

 90%|████████████████████████████████████████████████████████████▍      | 325/360 [05:20<00:15,  2.25it/s]
 91%|████████████████████████████████████████████████████████████▋      | 326/360 [05:20<00:15,  2.25it/s]
 91%|████████████████████████████████████████████████████████████▊      | 327/360 [05:21<00:14,  2.26it/s]
 91%|█████████████████████████████████████████████████████████████      | 328/360 [05:21<00:14,  2.26it/s]
 91%|█████████████████████████████████████████████████████████████▏     | 329/360 [05:22<00:13,  2.26it/s]
 92%|█████████████████████████████████████████████████████████████▍     | 330/360 [05:22<00:10,  2.81it/s]{'loss': '0.103', 'grad_norm': '1.029', 'learning_rate': '5.606e-06', 'epoch': '10.85'}


Writing model shards:   0%|                                                         | 0/1 [00:00<?, ?it/s][A

Writing model shards: 100%|█████████████████████████████████████████████████| 1/1 [00:05<00:00,  5.58s/it][A
Writing model shards: 100%|█████████████████████████████████████████████████| 1/1 [00:05<00:00,  5.58s/it]

 92%|█████████████████████████████████████████████████████████████▌     | 331/360 [05:40<02:40,  5.52s/it]
 92%|█████████████████████████████████████████████████████████████▊     | 332/360 [05:40<01:51,  4.00s/it]
 92%|█████████████████████████████████████████████████████████████▉     | 333/360 [05:40<01:19,  2.93s/it]
 93%|██████████████████████████████████████████████████████████████▏    | 334/360 [05:41<00:56,  2.19s/it]
 93%|██████████████████████████████████████████████████████████████▎    | 335/360 [05:41<00:41,  1.66s/it]
 93%|██████████████████████████████████████████████████████████████▌    | 336/360 [05:42<00:31,  1.30s/it]
 94%|██████████████████████████████████████████████████████████████▋    | 337/360 [05:42<00:23,  1.04s/it]
 94%|██████████████████████████████████████████████████████████████▉    | 338/360 [05:43<00:19,  1.15it/s]
 94%|███████████████████████████████████████████████████████████████    | 339/360 [05:43<00:15,  1.35it/s]
 94%|███████████████████████████████████████████████████████████████▎   | 340/360 [05:44<00:13,  1.53it/s]
 95%|███████████████████████████████████████████████████████████████▍   | 341/360 [05:44<00:11,  1.70it/s]
 95%|███████████████████████████████████████████████████████████████▋   | 342/360 [05:44<00:09,  1.84it/s]
 95%|███████████████████████████████████████████████████████████████▊   | 343/360 [05:45<00:08,  1.95it/s]
 96%|████████████████████████████████████████████████████████████████   | 344/360 [05:45<00:07,  2.03it/s]
 96%|████████████████████████████████████████████████████████████████▏  | 345/360 [05:46<00:07,  2.10it/s]
 96%|████████████████████████████████████████████████████████████████▍  | 346/360 [05:46<00:06,  2.14it/s]
 96%|████████████████████████████████████████████████████████████████▌  | 347/360 [05:47<00:05,  2.18it/s]
 97%|████████████████████████████████████████████████████████████████▊  | 348/360 [05:47<00:05,  2.21it/s]
 97%|████████████████████████████████████████████████████████████████▉  | 349/360 [05:48<00:04,  2.23it/s]
 97%|█████████████████████████████████████████████████████████████████▏ | 350/360 [05:48<00:04,  2.24it/s]
                                                                                                          

 97%|█████████████████████████████████████████████████████████████████▏ | 350/360 [05:48<00:04,  2.24it/s]
 98%|█████████████████████████████████████████████████████████████████▎ | 351/360 [05:48<00:04,  2.24it/s]
 98%|█████████████████████████████████████████████████████████████████▌ | 352/360 [05:49<00:03,  2.25it/s]
 98%|█████████████████████████████████████████████████████████████████▋ | 353/360 [05:49<00:03,  2.26it/s]
 98%|█████████████████████████████████████████████████████████████████▉ | 354/360 [05:50<00:02,  2.26it/s]
 99%|██████████████████████████████████████████████████████████████████ | 355/360 [05:50<00:02,  2.26it/s]
 99%|██████████████████████████████████████████████████████████████████▎| 356/360 [05:51<00:01,  2.26it/s]
 99%|██████████████████████████████████████████████████████████████████▍| 357/360 [05:51<00:01,  2.26it/s]
 99%|██████████████████████████████████████████████████████████████████▋| 358/360 [05:51<00:00,  2.26it/s]
100%|██████████████████████████████████████████████████████████████████▊| 359/360 [05:52<00:00,  2.26it/s]
100%|███████████████████████████████████████████████████████████████████| 360/360 [05:52<00:00,  2.82it/s]{'loss': '0.1044', 'grad_norm': '0.7885', 'learning_rate': '1.818e-06', 'epoch': '11.68'}


Writing model shards:   0%|                                                         | 0/1 [00:00<?, ?it/s][A

Writing model shards: 100%|█████████████████████████████████████████████████| 1/1 [00:05<00:00,  5.68s/it][A
Writing model shards: 100%|█████████████████████████████████████████████████| 1/1 [00:05<00:00,  5.68s/it]

                                                                                                          

100%|███████████████████████████████████████████████████████████████████| 360/360 [06:13<00:00,  2.82it/s]
100%|███████████████████████████████████████████████████████████████████| 360/360 [06:13<00:00,  1.04s/it]
{'train_runtime': '373.1', 'train_samples_per_second': '14.95', 'train_steps_per_second': '0.965', 'train_loss': '0.44', 'epoch': '12'}

  0%|                                                                              | 0/17 [00:00<?, ?it/s]
 35%|████████████████████████▋                                             | 6/17 [00:00<00:00, 51.04it/s]
 71%|████████████████████████████████████████████████▋                    | 12/17 [00:00<00:00, 48.61it/s]
100%|█████████████████████████████████████████████████████████████████████| 17/17 [00:00<00:00, 48.06it/s]
100%|█████████████████████████████████████████████████████████████████████| 17/17 [00:00<00:00, 47.48it/s]

Writing model shards:   0%|                                                         | 0/1 [00:00<?, ?it/s]
Writing model shards: 100%|█████████████████████████████████████████████████| 1/1 [00:05<00:00,  5.35s/it]
Writing model shards: 100%|█████████████████████████████████████████████████| 1/1 [00:05<00:00,  5.35s/it]

Loading weights:   0%|                                                            | 0/196 [00:00<?, ?it/s]
Loading weights:   1%|▎                                                   | 1/196 [00:00<00:43,  4.46it/s]
Loading weights:   1%|▌                                                   | 2/196 [00:00<00:30,  6.35it/s]
Loading weights:  29%|██████████████▎                                   | 56/196 [00:00<00:00, 190.68it/s]
Loading weights:  56%|███████████████████████████▍                     | 110/196 [00:00<00:00, 302.33it/s]
Loading weights:  86%|██████████████████████████████████████████       | 168/196 [00:00<00:00, 386.99it/s]
Loading weights: 100%|█████████████████████████████████████████████████| 196/196 [00:00<00:00, 280.02it/s]

Loading weights:   0%|                                                            | 0/196 [00:00<?, ?it/s]
Loading weights:  10%|█████                                             | 20/196 [00:00<00:00, 194.82it/s]
Loading weights:  44%|█████████████████████▉                            | 86/196 [00:00<00:00, 462.71it/s]
Loading weights:  80%|███████████████████████████████████████          | 156/196 [00:00<00:00, 567.32it/s]
Loading weights: 100%|█████████████████████████████████████████████████| 196/196 [00:00<00:00, 529.69it/s]

Loading weights:   0%|                                                            | 0/196 [00:00<?, ?it/s]
Loading weights:   1%|▌                                                   | 2/196 [00:00<00:11, 16.22it/s]
Loading weights:  18%|█████████▏                                        | 36/196 [00:00<00:00, 179.76it/s]
Loading weights:  35%|█████████████████▎                                | 68/196 [00:00<00:00, 229.77it/s]
Loading weights:  50%|█████████████████████████                         | 98/196 [00:00<00:00, 246.04it/s]
Loading weights:  67%|█████████████████████████████████                | 132/196 [00:00<00:00, 273.34it/s]
Loading weights:  84%|█████████████████████████████████████████        | 164/196 [00:00<00:00, 281.89it/s]
Loading weights:  98%|████████████████████████████████████████████████▎| 193/196 [00:00<00:00, 282.10it/s]
Loading weights: 100%|█████████████████████████████████████████████████| 196/196 [00:00<00:00, 245.99it/s]

Loading weights:   0%|                                                            | 0/196 [00:00<?, ?it/s]
Loading weights:   1%|▌                                                   | 2/196 [00:00<00:12, 15.02it/s]
Loading weights:  19%|█████████▋                                        | 38/196 [00:00<00:00, 188.17it/s]
Loading weights:  38%|██████████████████▉                               | 74/196 [00:00<00:00, 251.30it/s]
Loading weights:  56%|███████████████████████████▍                     | 110/196 [00:00<00:00, 280.70it/s]
Loading weights:  74%|████████████████████████████████████▌            | 146/196 [00:00<00:00, 297.58it/s]
Loading weights:  93%|█████████████████████████████████████████████▌   | 182/196 [00:00<00:00, 307.16it/s]
Loading weights: 100%|█████████████████████████████████████████████████| 196/196 [00:00<00:00, 274.22it/s]
